{
  "type": "FeatureCollection",
  "features": [
    {
      "type": "Feature",
      "geometry": {
        "type": "LineString",
        "coordinates": [
          [
            7.680226,
            46.129952
          ],
          [
            7.680259,
            46.129952
          ],
          [
            7.680278,
            46.129952
          ],
          [
            7.680315,
            46.129954
          ],
          [
            7.680328,
            46.129954
          ],
          [
            7.680376,
            46.129961
          ],
          [
            7.680408,
            46.129959
          ],
          [
            7.680434,
            46.129957
          ],
          [
            7.680448,
            46.129952
          ],
          [
            7.680458,
            46.129942
          ],
          [
            7.680467,
            46.129936
          ],
          [
            7.680554,
            46.129918
          ],
          [
            7.680665,
            46.129892
          ],
          [
            7.680686,
            46.129887
          ],
          [
            7.680686,
            46.129887
          ],
          [
            7.680686,
            46.129887
          ],
          [
            7.680686,
            46.129887
          ],
          [
            7.680686,
            46.129887
          ],
          [
            7.680686,
            46.129887
          ],
          [
            7.680686,
            46.129887
          ],
          [
            7.680686,
            46.129887
          ],
          [
            7.680686,
            46.129887
          ],
          [
            7.680686,
            46.129887
          ],
          [
            7.680686,
            46.129887
          ],
          [
            7.680686,
            46.129887
          ],
          [
            7.680686,
            46.129887
          ],
          [
            7.680686,
            46.129883
          ],
          [
            7.680704,
            46.129881
          ],
          [
            7.680724,
            46.129869
          ],
          [
            7.680747,
            46.129855
          ],
          [
            7.680767,
            46.129846
          ],
          [
            7.680849,
            46.129799
          ],
          [
            7.680875,
            46.129788
          ],
          [
            7.680983,
            46.129721
          ],
          [
            7.681032,
            46.129695
          ],
          [
            7.68108,
            46.129667
          ],
          [
            7.68116,
            46.129621
          ],
          [
            7.681176,
            46.129612
          ],
          [
            7.681253,
            46.129564
          ],
          [
            7.681272,
            46.129554
          ],
          [
            7.681315,
            46.129534
          ],
          [
            7.681378,
            46.129507
          ],
          [
            7.6814,
            46.129497
          ],
          [
            7.681491,
            46.129472
          ],
          [
            7.681526,
            46.129465
          ],
          [
            7.681594,
            46.129456
          ],
          [
            7.681636,
            46.129458
          ],
          [
            7.681643,
            46.12946
          ],
          [
            7.681657,
            46.129464
          ],
          [
            7.681707,
            46.129471
          ],
          [
            7.681738,
            46.129486
          ],
          [
            7.681788,
            46.129507
          ],
          [
            7.681809,
            46.129516
          ],
          [
            7.681889,
            46.12955
          ],
          [
            7.681933,
            46.129563
          ],
          [
            7.68195,
            46.129571
          ],
          [
            7.681973,
            46.129581
          ],
          [
            7.682019,
            46.1296
          ],
          [
            7.68204,
            46.129611
          ],
          [
            7.682053,
            46.129614
          ],
          [
            7.682086,
            46.129626
          ],
          [
            7.682113,
            46.129636
          ],
          [
            7.682134,
            46.129643
          ],
          [
            7.682167,
            46.129656
          ],
          [
            7.682212,
            46.129662
          ],
          [
            7.682235,
            46.129662
          ],
          [
            7.68224,
            46.129662
          ],
          [
            7.682311,
            46.129678
          ],
          [
            7.682379,
            46.129699
          ],
          [
            7.682385,
            46.129699
          ],
          [
            7.682405,
            46.129704
          ],
          [
            7.682438,
            46.129712
          ],
          [
            7.682466,
            46.129719
          ],
          [
            7.682489,
            46.129723
          ],
          [
            7.682519,
            46.12973
          ],
          [
            7.682521,
            46.129732
          ],
          [
            7.682532,
            46.129733
          ],
          [
            7.68254,
            46.129735
          ],
          [
            7.682544,
            46.129736
          ],
          [
            7.682549,
            46.129739
          ],
          [
            7.682569,
            46.129743
          ],
          [
            7.682576,
            46.129747
          ],
          [
            7.682615,
            46.129758
          ],
          [
            7.682617,
            46.129759
          ],
          [
            7.682642,
            46.129763
          ],
          [
            7.682668,
            46.129767
          ],
          [
            7.682673,
            46.129771
          ],
          [
            7.682683,
            46.129772
          ],
          [
            7.682697,
            46.129775
          ],
          [
            7.68272,
            46.129779
          ],
          [
            7.682785,
            46.12979
          ],
          [
            7.682795,
            46.12979
          ],
          [
            7.682808,
            46.129793
          ],
          [
            7.682808,
            46.129793
          ],
          [
            7.682823,
            46.129795
          ],
          [
            7.682841,
            46.129797
          ],
          [
            7.682854,
            46.1298
          ],
          [
            7.682921,
            46.129811
          ],
          [
            7.682932,
            46.129811
          ],
          [
            7.68299,
            46.12982
          ],
          [
            7.683015,
            46.129824
          ],
          [
            7.683061,
            46.129823
          ],
          [
            7.683091,
            46.129826
          ],
          [
            7.683116,
            46.129832
          ],
          [
            7.683122,
            46.129831
          ],
          [
            7.683134,
            46.129831
          ],
          [
            7.683181,
            46.129833
          ],
          [
            7.683188,
            46.129833
          ],
          [
            7.683252,
            46.129841
          ],
          [
            7.683263,
            46.129842
          ],
          [
            7.683308,
            46.129844
          ],
          [
            7.683343,
            46.129845
          ],
          [
            7.683375,
            46.129843
          ],
          [
            7.683392,
            46.129841
          ],
          [
            7.683428,
            46.129837
          ],
          [
            7.683436,
            46.129834
          ],
          [
            7.683452,
            46.129831
          ],
          [
            7.683489,
            46.129822
          ],
          [
            7.683498,
            46.129821
          ],
          [
            7.683512,
            46.129821
          ],
          [
            7.683571,
            46.1298
          ],
          [
            7.683583,
            46.129797
          ],
          [
            7.683601,
            46.129793
          ],
          [
            7.683634,
            46.129785
          ],
          [
            7.683682,
            46.12977
          ],
          [
            7.683725,
            46.129758
          ],
          [
            7.68374,
            46.129753
          ],
          [
            7.683754,
            46.12975
          ],
          [
            7.683764,
            46.12975
          ],
          [
            7.683773,
            46.129749
          ],
          [
            7.683783,
            46.129745
          ],
          [
            7.683793,
            46.129743
          ],
          [
            7.6838,
            46.12974
          ],
          [
            7.683801,
            46.129739
          ],
          [
            7.683829,
            46.129732
          ],
          [
            7.68386,
            46.12972
          ],
          [
            7.683872,
            46.129716
          ],
          [
            7.683922,
            46.129703
          ],
          [
            7.683959,
            46.129676
          ],
          [
            7.683972,
            46.129666
          ],
          [
            7.683976,
            46.129665
          ],
          [
            7.683976,
            46.129665
          ],
          [
            7.683976,
            46.129665
          ],
          [
            7.683976,
            46.129665
          ],
          [
            7.683976,
            46.129665
          ],
          [
            7.683976,
            46.129665
          ],
          [
            7.683976,
            46.129665
          ],
          [
            7.683976,
            46.129665
          ],
          [
            7.683976,
            46.129665
          ],
          [
            7.683976,
            46.129665
          ],
          [
            7.683976,
            46.129665
          ],
          [
            7.683976,
            46.129665
          ],
          [
            7.683976,
            46.129665
          ],
          [
            7.683976,
            46.129665
          ],
          [
            7.683976,
            46.129665
          ],
          [
            7.683976,
            46.129665
          ],
          [
            7.683976,
            46.129665
          ],
          [
            7.683976,
            46.129665
          ],
          [
            7.683973,
            46.129664
          ],
          [
            7.68397,
            46.129666
          ],
          [
            7.683976,
            46.129666
          ],
          [
            7.683976,
            46.129666
          ],
          [
            7.683977,
            46.129664
          ],
          [
            7.683976,
            46.129665
          ],
          [
            7.683976,
            46.129665
          ],
          [
            7.683976,
            46.129665
          ],
          [
            7.683976,
            46.129665
          ],
          [
            7.683976,
            46.129665
          ],
          [
            7.683976,
            46.129665
          ],
          [
            7.683976,
            46.129665
          ],
          [
            7.683976,
            46.129665
          ],
          [
            7.683976,
            46.129665
          ],
          [
            7.683976,
            46.129665
          ],
          [
            7.683978,
            46.129663
          ],
          [
            7.683976,
            46.129665
          ],
          [
            7.683976,
            46.129665
          ],
          [
            7.683976,
            46.129665
          ],
          [
            7.683976,
            46.129665
          ],
          [
            7.683976,
            46.129665
          ],
          [
            7.683978,
            46.129666
          ],
          [
            7.683992,
            46.129664
          ],
          [
            7.683976,
            46.129665
          ],
          [
            7.683976,
            46.129665
          ],
          [
            7.683976,
            46.129665
          ],
          [
            7.683976,
            46.129665
          ],
          [
            7.683981,
            46.129668
          ],
          [
            7.68398,
            46.129668
          ],
          [
            7.684001,
            46.12967
          ],
          [
            7.684016,
            46.129661
          ],
          [
            7.68401,
            46.129667
          ],
          [
            7.684005,
            46.129665
          ],
          [
            7.684005,
            46.129665
          ],
          [
            7.684005,
            46.129665
          ],
          [
            7.684024,
            46.129664
          ],
          [
            7.683981,
            46.129676
          ],
          [
            7.683976,
            46.129677
          ],
          [
            7.683978,
            46.129683
          ],
          [
            7.683973,
            46.129678
          ],
          [
            7.683975,
            46.129682
          ],
          [
            7.683981,
            46.129683
          ],
          [
            7.68399,
            46.129671
          ],
          [
            7.683971,
            46.129674
          ],
          [
            7.683976,
            46.129677
          ],
          [
            7.683976,
            46.129677
          ],
          [
            7.683976,
            46.129677
          ],
          [
            7.683976,
            46.129677
          ],
          [
            7.683976,
            46.129677
          ],
          [
            7.683976,
            46.129677
          ],
          [
            7.683976,
            46.129677
          ],
          [
            7.683976,
            46.129677
          ],
          [
            7.683976,
            46.129677
          ],
          [
            7.683976,
            46.129677
          ],
          [
            7.683974,
            46.129675
          ],
          [
            7.68396,
            46.129688
          ],
          [
            7.683976,
            46.129677
          ],
          [
            7.683976,
            46.129677
          ],
          [
            7.683976,
            46.129677
          ],
          [
            7.683976,
            46.129677
          ],
          [
            7.683976,
            46.129677
          ],
          [
            7.683976,
            46.129677
          ],
          [
            7.683976,
            46.129677
          ],
          [
            7.683976,
            46.129677
          ],
          [
            7.683976,
            46.129677
          ],
          [
            7.683976,
            46.129677
          ],
          [
            7.683976,
            46.129677
          ],
          [
            7.683976,
            46.129677
          ],
          [
            7.683976,
            46.129677
          ],
          [
            7.683976,
            46.129677
          ],
          [
            7.683976,
            46.129677
          ],
          [
            7.683976,
            46.129677
          ],
          [
            7.683976,
            46.129677
          ],
          [
            7.683938,
            46.129691
          ],
          [
            7.683938,
            46.129691
          ],
          [
            7.683938,
            46.129691
          ],
          [
            7.683938,
            46.129691
          ],
          [
            7.683938,
            46.129691
          ],
          [
            7.683938,
            46.129691
          ],
          [
            7.683928,
            46.129692
          ],
          [
            7.683974,
            46.129681
          ],
          [
            7.683975,
            46.129679
          ],
          [
            7.683989,
            46.129672
          ],
          [
            7.683996,
            46.129672
          ],
          [
            7.683999,
            46.12967
          ],
          [
            7.683999,
            46.12967
          ],
          [
            7.683999,
            46.12967
          ],
          [
            7.683999,
            46.12967
          ],
          [
            7.683999,
            46.12967
          ],
          [
            7.683999,
            46.12967
          ],
          [
            7.683999,
            46.12967
          ],
          [
            7.683999,
            46.12967
          ],
          [
            7.683999,
            46.12967
          ],
          [
            7.683999,
            46.12967
          ],
          [
            7.683999,
            46.12967
          ],
          [
            7.683999,
            46.12967
          ],
          [
            7.684009,
            46.129665
          ],
          [
            7.68402,
            46.12966
          ],
          [
            7.684011,
            46.129659
          ],
          [
            7.683999,
            46.12967
          ],
          [
            7.683999,
            46.12967
          ],
          [
            7.684005,
            46.129666
          ],
          [
            7.683999,
            46.12967
          ],
          [
            7.684008,
            46.129663
          ],
          [
            7.68402,
            46.129657
          ],
          [
            7.68402,
            46.129657
          ],
          [
            7.68402,
            46.129657
          ],
          [
            7.68402,
            46.129657
          ],
          [
            7.68402,
            46.129657
          ],
          [
            7.68402,
            46.129657
          ],
          [
            7.68402,
            46.129657
          ],
          [
            7.68402,
            46.129657
          ],
          [
            7.68402,
            46.129657
          ],
          [
            7.68402,
            46.129657
          ],
          [
            7.68402,
            46.129657
          ],
          [
            7.68402,
            46.129657
          ],
          [
            7.68402,
            46.129657
          ],
          [
            7.68402,
            46.129657
          ],
          [
            7.684006,
            46.129664
          ],
          [
            7.683999,
            46.129667
          ],
          [
            7.683992,
            46.129666
          ],
          [
            7.683953,
            46.129681
          ],
          [
            7.683942,
            46.129683
          ],
          [
            7.683942,
            46.129683
          ],
          [
            7.683942,
            46.129683
          ],
          [
            7.683942,
            46.129683
          ],
          [
            7.683942,
            46.129683
          ],
          [
            7.683942,
            46.129683
          ],
          [
            7.683942,
            46.129683
          ],
          [
            7.683942,
            46.129683
          ],
          [
            7.683942,
            46.129683
          ],
          [
            7.68394,
            46.129685
          ],
          [
            7.683945,
            46.129684
          ],
          [
            7.683942,
            46.129683
          ],
          [
            7.683942,
            46.129683
          ],
          [
            7.683934,
            46.129685
          ],
          [
            7.683944,
            46.129682
          ],
          [
            7.683941,
            46.129689
          ],
          [
            7.683946,
            46.129687
          ],
          [
            7.683944,
            46.129686
          ],
          [
            7.683942,
            46.129683
          ],
          [
            7.683942,
            46.129683
          ],
          [
            7.683942,
            46.129683
          ],
          [
            7.683942,
            46.129683
          ],
          [
            7.683942,
            46.129683
          ],
          [
            7.683942,
            46.129683
          ],
          [
            7.683942,
            46.129683
          ],
          [
            7.683942,
            46.129683
          ],
          [
            7.683942,
            46.129683
          ],
          [
            7.683942,
            46.129683
          ],
          [
            7.683942,
            46.129683
          ],
          [
            7.683942,
            46.129683
          ],
          [
            7.683942,
            46.129683
          ],
          [
            7.683942,
            46.129683
          ],
          [
            7.683942,
            46.129683
          ],
          [
            7.683942,
            46.129683
          ],
          [
            7.683942,
            46.129683
          ],
          [
            7.683942,
            46.129683
          ],
          [
            7.683947,
            46.129684
          ],
          [
            7.683957,
            46.129682
          ],
          [
            7.683983,
            46.129669
          ],
          [
            7.683989,
            46.129665
          ],
          [
            7.683998,
            46.129662
          ],
          [
            7.684013,
            46.129658
          ],
          [
            7.684022,
            46.12965
          ],
          [
            7.684027,
            46.129644
          ],
          [
            7.684026,
            46.129644
          ],
          [
            7.684026,
            46.129644
          ],
          [
            7.684026,
            46.129644
          ],
          [
            7.684026,
            46.129644
          ],
          [
            7.684024,
            46.129642
          ],
          [
            7.684033,
            46.129638
          ],
          [
            7.684026,
            46.129644
          ],
          [
            7.684026,
            46.129644
          ],
          [
            7.684026,
            46.129644
          ],
          [
            7.684026,
            46.129644
          ],
          [
            7.684026,
            46.129644
          ],
          [
            7.684026,
            46.129644
          ],
          [
            7.684026,
            46.129644
          ],
          [
            7.684026,
            46.129644
          ],
          [
            7.684026,
            46.129644
          ],
          [
            7.684026,
            46.129644
          ],
          [
            7.684026,
            46.129644
          ],
          [
            7.684026,
            46.129644
          ],
          [
            7.684026,
            46.129644
          ],
          [
            7.684026,
            46.129644
          ],
          [
            7.684026,
            46.129644
          ],
          [
            7.684026,
            46.129644
          ],
          [
            7.684026,
            46.129644
          ],
          [
            7.684026,
            46.129644
          ],
          [
            7.684026,
            46.129644
          ],
          [
            7.684026,
            46.129644
          ],
          [
            7.684026,
            46.129644
          ],
          [
            7.684026,
            46.129644
          ],
          [
            7.68401,
            46.129658
          ],
          [
            7.684015,
            46.129659
          ],
          [
            7.684015,
            46.129659
          ],
          [
            7.684015,
            46.129659
          ],
          [
            7.684029,
            46.129633
          ],
          [
            7.684043,
            46.129634
          ],
          [
            7.684052,
            46.129632
          ],
          [
            7.684055,
            46.129653
          ],
          [
            7.68412,
            46.129655
          ],
          [
            7.684137,
            46.129647
          ],
          [
            7.684144,
            46.129636
          ],
          [
            7.68416,
            46.129623
          ],
          [
            7.684144,
            46.129598
          ],
          [
            7.684139,
            46.129598
          ],
          [
            7.684128,
            46.129602
          ],
          [
            7.684133,
            46.129598
          ],
          [
            7.684135,
            46.129598
          ],
          [
            7.684135,
            46.129598
          ],
          [
            7.684135,
            46.129598
          ],
          [
            7.684135,
            46.129598
          ],
          [
            7.684135,
            46.129598
          ],
          [
            7.684135,
            46.129598
          ],
          [
            7.684135,
            46.129598
          ],
          [
            7.684135,
            46.129598
          ],
          [
            7.684133,
            46.129612
          ],
          [
            7.684129,
            46.129623
          ],
          [
            7.684145,
            46.129632
          ],
          [
            7.684142,
            46.129637
          ],
          [
            7.684145,
            46.129644
          ],
          [
            7.684179,
            46.129645
          ],
          [
            7.684213,
            46.129641
          ],
          [
            7.684236,
            46.129639
          ],
          [
            7.684289,
            46.129634
          ],
          [
            7.684345,
            46.129624
          ],
          [
            7.684341,
            46.129622
          ],
          [
            7.684341,
            46.129622
          ],
          [
            7.684341,
            46.129622
          ],
          [
            7.684371,
            46.12962
          ],
          [
            7.684443,
            46.129608
          ],
          [
            7.684459,
            46.129605
          ],
          [
            7.684478,
            46.129601
          ],
          [
            7.684521,
            46.129592
          ],
          [
            7.684583,
            46.129588
          ],
          [
            7.684679,
            46.129578
          ],
          [
            7.684803,
            46.129572
          ],
          [
            7.684911,
            46.129563
          ],
          [
            7.684978,
            46.129556
          ],
          [
            7.685023,
            46.129557
          ],
          [
            7.685099,
            46.129553
          ],
          [
            7.685125,
            46.129554
          ],
          [
            7.685237,
            46.129545
          ],
          [
            7.685299,
            46.129543
          ],
          [
            7.685332,
            46.129541
          ],
          [
            7.685398,
            46.129537
          ],
          [
            7.68542,
            46.129534
          ],
          [
            7.685492,
            46.129527
          ],
          [
            7.685526,
            46.129527
          ],
          [
            7.685613,
            46.129523
          ],
          [
            7.685679,
            46.12952
          ],
          [
            7.685689,
            46.12952
          ],
          [
            7.685701,
            46.129519
          ],
          [
            7.685743,
            46.129518
          ],
          [
            7.685803,
            46.129514
          ],
          [
            7.685905,
            46.129509
          ],
          [
            7.685913,
            46.129508
          ],
          [
            7.685949,
            46.129506
          ],
          [
            7.686013,
            46.129503
          ],
          [
            7.686059,
            46.1295
          ],
          [
            7.686108,
            46.129493
          ],
          [
            7.686171,
            46.129485
          ],
          [
            7.686219,
            46.129479
          ],
          [
            7.686252,
            46.129476
          ],
          [
            7.686291,
            46.129473
          ],
          [
            7.686291,
            46.129473
          ],
          [
            7.686303,
            46.129471
          ],
          [
            7.686313,
            46.129468
          ],
          [
            7.686336,
            46.129467
          ],
          [
            7.686425,
            46.129455
          ],
          [
            7.686436,
            46.129453
          ],
          [
            7.686479,
            46.129445
          ],
          [
            7.686489,
            46.129444
          ],
          [
            7.686545,
            46.129435
          ],
          [
            7.686593,
            46.129425
          ],
          [
            7.68663,
            46.12942
          ],
          [
            7.68667,
            46.129412
          ],
          [
            7.686697,
            46.129407
          ],
          [
            7.686766,
            46.129394
          ],
          [
            7.686789,
            46.129389
          ],
          [
            7.686808,
            46.129385
          ],
          [
            7.686906,
            46.129365
          ],
          [
            7.687002,
            46.129349
          ],
          [
            7.687083,
            46.129329
          ],
          [
            7.687105,
            46.129325
          ],
          [
            7.687174,
            46.129308
          ],
          [
            7.687235,
            46.129294
          ],
          [
            7.687268,
            46.129286
          ],
          [
            7.687365,
            46.129265
          ],
          [
            7.687403,
            46.129257
          ],
          [
            7.687454,
            46.129244
          ],
          [
            7.687524,
            46.129229
          ],
          [
            7.687574,
            46.12922
          ],
          [
            7.687621,
            46.129207
          ],
          [
            7.687686,
            46.12919
          ],
          [
            7.687728,
            46.12918
          ],
          [
            7.687794,
            46.129166
          ],
          [
            7.687847,
            46.129156
          ],
          [
            7.687889,
            46.129149
          ],
          [
            7.687959,
            46.129128
          ],
          [
            7.688015,
            46.129111
          ],
          [
            7.688028,
            46.129108
          ],
          [
            7.688135,
            46.129081
          ],
          [
            7.688227,
            46.129053
          ],
          [
            7.68826,
            46.129045
          ],
          [
            7.688284,
            46.12904
          ],
          [
            7.688314,
            46.129032
          ],
          [
            7.688355,
            46.129022
          ],
          [
            7.688403,
            46.129014
          ],
          [
            7.688496,
            46.128996
          ],
          [
            7.688559,
            46.128987
          ],
          [
            7.688602,
            46.128978
          ],
          [
            7.688667,
            46.128969
          ],
          [
            7.688704,
            46.128965
          ],
          [
            7.688802,
            46.128955
          ],
          [
            7.688866,
            46.128951
          ],
          [
            7.688904,
            46.128947
          ],
          [
            7.688941,
            46.128944
          ],
          [
            7.689042,
            46.128931
          ],
          [
            7.68912,
            46.128932
          ],
          [
            7.689133,
            46.12893
          ],
          [
            7.689149,
            46.128928
          ],
          [
            7.689163,
            46.128927
          ],
          [
            7.689226,
            46.12892
          ],
          [
            7.689298,
            46.128912
          ],
          [
            7.689391,
            46.128906
          ],
          [
            7.689529,
            46.128901
          ],
          [
            7.689587,
            46.128897
          ],
          [
            7.68963,
            46.128891
          ],
          [
            7.689737,
            46.12888
          ],
          [
            7.689791,
            46.128874
          ],
          [
            7.689821,
            46.128868
          ],
          [
            7.689938,
            46.128847
          ],
          [
            7.690001,
            46.128842
          ],
          [
            7.690039,
            46.128837
          ],
          [
            7.690083,
            46.128832
          ],
          [
            7.690158,
            46.128821
          ],
          [
            7.690251,
            46.12881
          ],
          [
            7.690308,
            46.1288
          ],
          [
            7.690343,
            46.128797
          ],
          [
            7.690365,
            46.128794
          ],
          [
            7.690378,
            46.128793
          ],
          [
            7.690476,
            46.128787
          ],
          [
            7.690524,
            46.128785
          ],
          [
            7.69054,
            46.128784
          ],
          [
            7.69063,
            46.128777
          ],
          [
            7.690641,
            46.128777
          ],
          [
            7.690661,
            46.128775
          ],
          [
            7.690678,
            46.128775
          ],
          [
            7.690688,
            46.128773
          ],
          [
            7.690756,
            46.128768
          ],
          [
            7.690791,
            46.128766
          ],
          [
            7.690838,
            46.128766
          ],
          [
            7.690867,
            46.128765
          ],
          [
            7.690911,
            46.128764
          ],
          [
            7.690924,
            46.128762
          ],
          [
            7.691005,
            46.128761
          ],
          [
            7.691047,
            46.128763
          ],
          [
            7.691064,
            46.128761
          ],
          [
            7.691107,
            46.128762
          ],
          [
            7.691188,
            46.128765
          ],
          [
            7.691197,
            46.128764
          ],
          [
            7.691289,
            46.128764
          ],
          [
            7.691302,
            46.128764
          ],
          [
            7.691323,
            46.128763
          ],
          [
            7.691441,
            46.128754
          ],
          [
            7.691474,
            46.128752
          ],
          [
            7.691488,
            46.128752
          ],
          [
            7.691501,
            46.128752
          ],
          [
            7.691517,
            46.12875
          ],
          [
            7.691564,
            46.128748
          ],
          [
            7.691592,
            46.128745
          ],
          [
            7.691644,
            46.128742
          ],
          [
            7.691672,
            46.128738
          ],
          [
            7.691791,
            46.128726
          ],
          [
            7.691889,
            46.128719
          ],
          [
            7.691951,
            46.128712
          ],
          [
            7.691998,
            46.128704
          ],
          [
            7.692019,
            46.128702
          ],
          [
            7.692131,
            46.128688
          ],
          [
            7.692179,
            46.128682
          ],
          [
            7.692224,
            46.128678
          ],
          [
            7.692296,
            46.128664
          ],
          [
            7.69231,
            46.128662
          ],
          [
            7.69242,
            46.128645
          ],
          [
            7.692469,
            46.12864
          ],
          [
            7.692548,
            46.128628
          ],
          [
            7.692621,
            46.128614
          ],
          [
            7.692639,
            46.128612
          ],
          [
            7.69267,
            46.128606
          ],
          [
            7.692742,
            46.128591
          ],
          [
            7.692835,
            46.128581
          ],
          [
            7.692855,
            46.128578
          ],
          [
            7.692972,
            46.12856
          ],
          [
            7.692972,
            46.12856
          ],
          [
            7.693016,
            46.128552
          ],
          [
            7.693069,
            46.128544
          ],
          [
            7.693159,
            46.128529
          ],
          [
            7.69324,
            46.128512
          ],
          [
            7.693266,
            46.128509
          ],
          [
            7.693297,
            46.128504
          ],
          [
            7.693358,
            46.128496
          ],
          [
            7.693458,
            46.128475
          ],
          [
            7.693484,
            46.128473
          ],
          [
            7.693502,
            46.128472
          ],
          [
            7.693523,
            46.128468
          ],
          [
            7.693562,
            46.128462
          ],
          [
            7.693655,
            46.128445
          ],
          [
            7.693693,
            46.128438
          ],
          [
            7.693744,
            46.128428
          ],
          [
            7.693776,
            46.128423
          ],
          [
            7.693847,
            46.128411
          ],
          [
            7.693896,
            46.128403
          ],
          [
            7.693969,
            46.128396
          ],
          [
            7.693989,
            46.128395
          ],
          [
            7.694024,
            46.12839
          ],
          [
            7.694067,
            46.128382
          ],
          [
            7.694113,
            46.128375
          ],
          [
            7.694141,
            46.128373
          ],
          [
            7.694166,
            46.128369
          ],
          [
            7.694181,
            46.128368
          ],
          [
            7.694269,
            46.128358
          ],
          [
            7.694377,
            46.128346
          ],
          [
            7.694395,
            46.128344
          ],
          [
            7.69449,
            46.128338
          ],
          [
            7.694518,
            46.128332
          ],
          [
            7.694534,
            46.128325
          ],
          [
            7.694534,
            46.128325
          ],
          [
            7.694534,
            46.128325
          ],
          [
            7.694534,
            46.128325
          ],
          [
            7.694539,
            46.128325
          ],
          [
            7.694539,
            46.128325
          ],
          [
            7.694534,
            46.128325
          ],
          [
            7.694534,
            46.128325
          ],
          [
            7.694534,
            46.128325
          ],
          [
            7.694534,
            46.128325
          ],
          [
            7.694534,
            46.128325
          ],
          [
            7.694534,
            46.128325
          ],
          [
            7.694534,
            46.128325
          ],
          [
            7.694534,
            46.128325
          ],
          [
            7.694534,
            46.128325
          ],
          [
            7.694534,
            46.128325
          ],
          [
            7.694534,
            46.128325
          ],
          [
            7.694534,
            46.128325
          ],
          [
            7.694534,
            46.128325
          ],
          [
            7.694534,
            46.128325
          ],
          [
            7.694534,
            46.128325
          ],
          [
            7.694534,
            46.128325
          ],
          [
            7.694534,
            46.128325
          ],
          [
            7.694534,
            46.128325
          ],
          [
            7.694534,
            46.128325
          ],
          [
            7.694534,
            46.128325
          ],
          [
            7.694534,
            46.128325
          ],
          [
            7.694534,
            46.128325
          ],
          [
            7.694534,
            46.128325
          ],
          [
            7.694534,
            46.128325
          ],
          [
            7.694534,
            46.128325
          ],
          [
            7.694534,
            46.128325
          ],
          [
            7.694534,
            46.128325
          ],
          [
            7.694534,
            46.128325
          ],
          [
            7.694534,
            46.128325
          ],
          [
            7.694534,
            46.128325
          ],
          [
            7.694534,
            46.128325
          ],
          [
            7.694534,
            46.128325
          ],
          [
            7.694534,
            46.128325
          ],
          [
            7.694534,
            46.128325
          ],
          [
            7.694534,
            46.128325
          ],
          [
            7.694534,
            46.128325
          ],
          [
            7.694534,
            46.128325
          ],
          [
            7.694534,
            46.128325
          ],
          [
            7.694534,
            46.128325
          ],
          [
            7.694534,
            46.128325
          ],
          [
            7.694534,
            46.128325
          ],
          [
            7.694534,
            46.128325
          ],
          [
            7.694534,
            46.128325
          ],
          [
            7.694534,
            46.128325
          ],
          [
            7.694572,
            46.128325
          ],
          [
            7.694597,
            46.128325
          ],
          [
            7.694657,
            46.128319
          ],
          [
            7.69468,
            46.128317
          ],
          [
            7.69471,
            46.128312
          ],
          [
            7.69479,
            46.128308
          ],
          [
            7.694799,
            46.128312
          ],
          [
            7.694803,
            46.128311
          ],
          [
            7.694866,
            46.128305
          ],
          [
            7.694914,
            46.128298
          ],
          [
            7.694936,
            46.128297
          ],
          [
            7.695029,
            46.128289
          ],
          [
            7.695128,
            46.128285
          ],
          [
            7.695154,
            46.128282
          ],
          [
            7.695265,
            46.128285
          ],
          [
            7.695385,
            46.128276
          ],
          [
            7.695393,
            46.128277
          ],
          [
            7.69544,
            46.128275
          ],
          [
            7.695477,
            46.128272
          ],
          [
            7.695487,
            46.128274
          ],
          [
            7.695499,
            46.128273
          ],
          [
            7.695607,
            46.128268
          ],
          [
            7.695672,
            46.128266
          ],
          [
            7.695672,
            46.128266
          ],
          [
            7.69571,
            46.128263
          ],
          [
            7.695825,
            46.128255
          ],
          [
            7.695841,
            46.128253
          ],
          [
            7.695907,
            46.128252
          ],
          [
            7.695929,
            46.12825
          ],
          [
            7.695968,
            46.128244
          ],
          [
            7.695981,
            46.128241
          ],
          [
            7.695996,
            46.12824
          ],
          [
            7.696052,
            46.128233
          ],
          [
            7.696064,
            46.128232
          ],
          [
            7.696091,
            46.128226
          ],
          [
            7.696111,
            46.128225
          ],
          [
            7.696126,
            46.128223
          ],
          [
            7.696146,
            46.128222
          ],
          [
            7.696164,
            46.12822
          ],
          [
            7.696213,
            46.12821
          ],
          [
            7.69625,
            46.128206
          ],
          [
            7.69626,
            46.128205
          ],
          [
            7.696299,
            46.1282
          ],
          [
            7.696358,
            46.128195
          ],
          [
            7.696432,
            46.12819
          ],
          [
            7.696432,
            46.12819
          ],
          [
            7.696446,
            46.128188
          ],
          [
            7.696525,
            46.128181
          ],
          [
            7.69654,
            46.128178
          ],
          [
            7.696577,
            46.128175
          ],
          [
            7.696592,
            46.128173
          ],
          [
            7.696687,
            46.128166
          ],
          [
            7.6967,
            46.128167
          ],
          [
            7.696711,
            46.128166
          ],
          [
            7.696754,
            46.128161
          ],
          [
            7.696782,
            46.128163
          ],
          [
            7.696796,
            46.128161
          ],
          [
            7.696818,
            46.128157
          ],
          [
            7.696871,
            46.128151
          ],
          [
            7.696889,
            46.128149
          ],
          [
            7.696889,
            46.128149
          ],
          [
            7.696957,
            46.128143
          ],
          [
            7.696978,
            46.128141
          ],
          [
            7.697051,
            46.128135
          ],
          [
            7.697069,
            46.128135
          ],
          [
            7.697127,
            46.128126
          ],
          [
            7.697161,
            46.128125
          ],
          [
            7.697207,
            46.128126
          ],
          [
            7.697273,
            46.128124
          ],
          [
            7.697288,
            46.128125
          ],
          [
            7.697346,
            46.128131
          ],
          [
            7.697383,
            46.128129
          ],
          [
            7.697428,
            46.128133
          ],
          [
            7.697517,
            46.128131
          ],
          [
            7.697584,
            46.128132
          ],
          [
            7.697616,
            46.128132
          ],
          [
            7.697644,
            46.128132
          ],
          [
            7.697653,
            46.128133
          ],
          [
            7.697675,
            46.128131
          ],
          [
            7.697767,
            46.128135
          ],
          [
            7.697783,
            46.128138
          ],
          [
            7.697794,
            46.128137
          ],
          [
            7.697858,
            46.128141
          ],
          [
            7.697894,
            46.128142
          ],
          [
            7.697922,
            46.128145
          ],
          [
            7.697922,
            46.128145
          ],
          [
            7.697934,
            46.128147
          ],
          [
            7.698022,
            46.128155
          ],
          [
            7.698046,
            46.128153
          ],
          [
            7.698056,
            46.128153
          ],
          [
            7.698065,
            46.128155
          ],
          [
            7.698099,
            46.128159
          ],
          [
            7.698157,
            46.128167
          ],
          [
            7.698189,
            46.128171
          ],
          [
            7.6983,
            46.128181
          ],
          [
            7.698387,
            46.128187
          ],
          [
            7.698403,
            46.128187
          ],
          [
            7.698403,
            46.128187
          ],
          [
            7.698407,
            46.128188
          ],
          [
            7.698422,
            46.128191
          ],
          [
            7.698492,
            46.128205
          ],
          [
            7.698512,
            46.128206
          ],
          [
            7.698546,
            46.12821
          ],
          [
            7.698602,
            46.128216
          ],
          [
            7.698621,
            46.12822
          ],
          [
            7.698661,
            46.128224
          ],
          [
            7.698675,
            46.128226
          ],
          [
            7.698681,
            46.128228
          ],
          [
            7.698714,
            46.128234
          ],
          [
            7.698736,
            46.128235
          ],
          [
            7.698757,
            46.128238
          ],
          [
            7.698785,
            46.128245
          ],
          [
            7.698806,
            46.128258
          ],
          [
            7.698843,
            46.12826
          ],
          [
            7.698848,
            46.128263
          ],
          [
            7.69886,
            46.128268
          ],
          [
            7.698879,
            46.128273
          ],
          [
            7.698921,
            46.128283
          ],
          [
            7.69893,
            46.128284
          ],
          [
            7.698984,
            46.128294
          ],
          [
            7.698984,
            46.128294
          ],
          [
            7.699002,
            46.128296
          ],
          [
            7.699023,
            46.128302
          ],
          [
            7.699041,
            46.128306
          ],
          [
            7.699058,
            46.128307
          ],
          [
            7.699103,
            46.128322
          ],
          [
            7.699115,
            46.128324
          ],
          [
            7.699124,
            46.128325
          ],
          [
            7.699162,
            46.128333
          ],
          [
            7.699162,
            46.128333
          ],
          [
            7.699198,
            46.128339
          ],
          [
            7.699224,
            46.128348
          ],
          [
            7.699232,
            46.128351
          ],
          [
            7.699262,
            46.12836
          ],
          [
            7.699311,
            46.12837
          ],
          [
            7.699344,
            46.12838
          ],
          [
            7.699372,
            46.128388
          ],
          [
            7.699389,
            46.128399
          ],
          [
            7.699396,
            46.1284
          ],
          [
            7.69942,
            46.128406
          ],
          [
            7.699475,
            46.128419
          ],
          [
            7.699508,
            46.128427
          ],
          [
            7.699539,
            46.128435
          ],
          [
            7.699558,
            46.128443
          ],
          [
            7.699578,
            46.128449
          ],
          [
            7.699625,
            46.128463
          ],
          [
            7.699642,
            46.128467
          ],
          [
            7.699661,
            46.128471
          ],
          [
            7.699725,
            46.128487
          ],
          [
            7.699733,
            46.128487
          ],
          [
            7.699747,
            46.12849
          ],
          [
            7.699767,
            46.128496
          ],
          [
            7.699793,
            46.128502
          ],
          [
            7.699827,
            46.128511
          ],
          [
            7.699879,
            46.128523
          ],
          [
            7.699887,
            46.128525
          ],
          [
            7.699916,
            46.128529
          ],
          [
            7.699966,
            46.12854
          ],
          [
            7.700018,
            46.128551
          ],
          [
            7.700065,
            46.128562
          ],
          [
            7.70011,
            46.128571
          ],
          [
            7.700159,
            46.128578
          ],
          [
            7.700209,
            46.128589
          ],
          [
            7.700209,
            46.128589
          ],
          [
            7.700247,
            46.128597
          ],
          [
            7.70033,
            46.128607
          ],
          [
            7.700344,
            46.12861
          ],
          [
            7.700388,
            46.128621
          ],
          [
            7.700404,
            46.128625
          ],
          [
            7.700415,
            46.128625
          ],
          [
            7.70043,
            46.128628
          ],
          [
            7.700441,
            46.128632
          ],
          [
            7.700538,
            46.128649
          ],
          [
            7.700617,
            46.128667
          ],
          [
            7.700647,
            46.128671
          ],
          [
            7.700688,
            46.128679
          ],
          [
            7.700713,
            46.12868
          ],
          [
            7.700726,
            46.128682
          ],
          [
            7.700801,
            46.128697
          ],
          [
            7.700825,
            46.128699
          ],
          [
            7.700854,
            46.128703
          ],
          [
            7.700854,
            46.128703
          ],
          [
            7.70094,
            46.128715
          ],
          [
            7.701011,
            46.128722
          ],
          [
            7.701045,
            46.128727
          ],
          [
            7.70108,
            46.128731
          ],
          [
            7.701163,
            46.128734
          ],
          [
            7.701184,
            46.128733
          ],
          [
            7.701184,
            46.128733
          ],
          [
            7.701202,
            46.128733
          ],
          [
            7.70122,
            46.128734
          ],
          [
            7.701232,
            46.128733
          ],
          [
            7.701242,
            46.128733
          ],
          [
            7.701262,
            46.128733
          ],
          [
            7.701315,
            46.128728
          ],
          [
            7.701334,
            46.128728
          ],
          [
            7.701362,
            46.128724
          ],
          [
            7.701397,
            46.128723
          ],
          [
            7.701405,
            46.128723
          ],
          [
            7.701432,
            46.128723
          ],
          [
            7.701454,
            46.12872
          ],
          [
            7.701488,
            46.12872
          ],
          [
            7.70152,
            46.128718
          ],
          [
            7.70155,
            46.128718
          ],
          [
            7.701566,
            46.128717
          ],
          [
            7.701582,
            46.128717
          ],
          [
            7.701623,
            46.128712
          ],
          [
            7.701627,
            46.128711
          ],
          [
            7.701673,
            46.128707
          ],
          [
            7.701693,
            46.128705
          ],
          [
            7.701698,
            46.128704
          ],
          [
            7.701748,
            46.128701
          ],
          [
            7.701766,
            46.128699
          ],
          [
            7.701794,
            46.1287
          ],
          [
            7.701807,
            46.128699
          ],
          [
            7.701817,
            46.128699
          ],
          [
            7.701862,
            46.128695
          ],
          [
            7.701878,
            46.128693
          ],
          [
            7.701875,
            46.12869
          ],
          [
            7.701874,
            46.12869
          ],
          [
            7.701874,
            46.12869
          ],
          [
            7.701874,
            46.12869
          ],
          [
            7.701874,
            46.12869
          ],
          [
            7.701874,
            46.12869
          ],
          [
            7.701874,
            46.12869
          ],
          [
            7.701874,
            46.12869
          ],
          [
            7.701874,
            46.12869
          ],
          [
            7.701874,
            46.12869
          ],
          [
            7.701874,
            46.12869
          ],
          [
            7.701874,
            46.12869
          ],
          [
            7.701874,
            46.12869
          ],
          [
            7.701874,
            46.12869
          ],
          [
            7.701874,
            46.12869
          ],
          [
            7.701926,
            46.128687
          ],
          [
            7.701955,
            46.128689
          ],
          [
            7.701967,
            46.128687
          ],
          [
            7.70198,
            46.128685
          ],
          [
            7.702036,
            46.128677
          ],
          [
            7.702049,
            46.128675
          ],
          [
            7.702075,
            46.128672
          ],
          [
            7.702124,
            46.128666
          ],
          [
            7.702174,
            46.128661
          ],
          [
            7.702212,
            46.128656
          ],
          [
            7.702244,
            46.128654
          ],
          [
            7.702278,
            46.128649
          ],
          [
            7.702361,
            46.128638
          ],
          [
            7.702418,
            46.128628
          ],
          [
            7.702442,
            46.128627
          ],
          [
            7.702513,
            46.128618
          ],
          [
            7.702521,
            46.128618
          ],
          [
            7.702555,
            46.128612
          ],
          [
            7.702601,
            46.128606
          ],
          [
            7.702627,
            46.128603
          ],
          [
            7.702648,
            46.1286
          ],
          [
            7.702652,
            46.128601
          ],
          [
            7.702665,
            46.128599
          ],
          [
            7.702678,
            46.128597
          ],
          [
            7.702686,
            46.128596
          ],
          [
            7.7027,
            46.128593
          ],
          [
            7.702734,
            46.128589
          ],
          [
            7.70276,
            46.128587
          ],
          [
            7.702762,
            46.128585
          ],
          [
            7.702784,
            46.128583
          ],
          [
            7.702812,
            46.128579
          ],
          [
            7.702833,
            46.128573
          ],
          [
            7.702848,
            46.128571
          ],
          [
            7.7029,
            46.128563
          ],
          [
            7.702911,
            46.128562
          ],
          [
            7.702928,
            46.128558
          ],
          [
            7.702963,
            46.128552
          ],
          [
            7.702987,
            46.12855
          ],
          [
            7.703032,
            46.128544
          ],
          [
            7.703066,
            46.12854
          ],
          [
            7.703103,
            46.128533
          ],
          [
            7.703132,
            46.128526
          ],
          [
            7.703157,
            46.128524
          ],
          [
            7.703204,
            46.128519
          ],
          [
            7.703219,
            46.128517
          ],
          [
            7.703243,
            46.128512
          ],
          [
            7.703282,
            46.128504
          ],
          [
            7.703289,
            46.128503
          ],
          [
            7.703345,
            46.128496
          ],
          [
            7.7034,
            46.128486
          ],
          [
            7.703408,
            46.128481
          ],
          [
            7.703414,
            46.12848
          ],
          [
            7.703441,
            46.128461
          ],
          [
            7.703462,
            46.128452
          ],
          [
            7.703488,
            46.12843
          ],
          [
            7.703495,
            46.128422
          ],
          [
            7.703499,
            46.128418
          ],
          [
            7.703534,
            46.128385
          ],
          [
            7.703545,
            46.128363
          ],
          [
            7.703559,
            46.128342
          ],
          [
            7.703579,
            46.128307
          ],
          [
            7.703585,
            46.12829
          ],
          [
            7.703593,
            46.12828
          ],
          [
            7.703595,
            46.128276
          ],
          [
            7.703593,
            46.128274
          ],
          [
            7.703595,
            46.128273
          ],
          [
            7.703599,
            46.128266
          ],
          [
            7.703618,
            46.128237
          ],
          [
            7.70363,
            46.12821
          ],
          [
            7.703648,
            46.128167
          ],
          [
            7.703654,
            46.128156
          ],
          [
            7.703659,
            46.128131
          ],
          [
            7.703663,
            46.128123
          ],
          [
            7.70367,
            46.128117
          ],
          [
            7.703673,
            46.128105
          ],
          [
            7.70368,
            46.128091
          ],
          [
            7.703685,
            46.12808
          ],
          [
            7.703699,
            46.128066
          ],
          [
            7.703705,
            46.128048
          ],
          [
            7.703708,
            46.128039
          ],
          [
            7.703712,
            46.128023
          ],
          [
            7.703723,
            46.127997
          ],
          [
            7.703728,
            46.12799
          ],
          [
            7.703741,
            46.12797
          ],
          [
            7.703746,
            46.127947
          ],
          [
            7.703749,
            46.127942
          ],
          [
            7.703747,
            46.127942
          ],
          [
            7.703747,
            46.127942
          ],
          [
            7.703749,
            46.127943
          ],
          [
            7.703782,
            46.127953
          ],
          [
            7.703789,
            46.127957
          ],
          [
            7.703795,
            46.127959
          ],
          [
            7.703797,
            46.12796
          ],
          [
            7.703813,
            46.127965
          ],
          [
            7.70384,
            46.127974
          ],
          [
            7.703853,
            46.127977
          ],
          [
            7.703856,
            46.127978
          ],
          [
            7.703861,
            46.12798
          ],
          [
            7.703873,
            46.127981
          ],
          [
            7.703877,
            46.127981
          ],
          [
            7.703891,
            46.127986
          ],
          [
            7.703906,
            46.127992
          ],
          [
            7.703927,
            46.127996
          ],
          [
            7.703976,
            46.128006
          ],
          [
            7.703988,
            46.128012
          ],
          [
            7.704029,
            46.128033
          ],
          [
            7.704042,
            46.128041
          ],
          [
            7.7041,
            46.128068
          ],
          [
            7.704111,
            46.128073
          ],
          [
            7.704136,
            46.128087
          ],
          [
            7.704176,
            46.128115
          ],
          [
            7.704188,
            46.128119
          ],
          [
            7.704209,
            46.128127
          ],
          [
            7.704226,
            46.128137
          ],
          [
            7.704258,
            46.128149
          ],
          [
            7.704269,
            46.128155
          ],
          [
            7.704286,
            46.128164
          ],
          [
            7.704295,
            46.128168
          ],
          [
            7.704319,
            46.128176
          ],
          [
            7.704334,
            46.128183
          ],
          [
            7.704345,
            46.128187
          ],
          [
            7.704386,
            46.128204
          ],
          [
            7.704422,
            46.128226
          ],
          [
            7.704477,
            46.128248
          ],
          [
            7.704492,
            46.128255
          ],
          [
            7.704496,
            46.128257
          ],
          [
            7.704515,
            46.128268
          ],
          [
            7.704544,
            46.12828
          ],
          [
            7.704555,
            46.128285
          ],
          [
            7.704563,
            46.128288
          ],
          [
            7.704566,
            46.12829
          ],
          [
            7.704579,
            46.128296
          ],
          [
            7.704616,
            46.128313
          ],
          [
            7.704633,
            46.12832
          ],
          [
            7.704646,
            46.128324
          ],
          [
            7.704661,
            46.128326
          ],
          [
            7.704675,
            46.128334
          ],
          [
            7.704688,
            46.128341
          ],
          [
            7.704712,
            46.128355
          ],
          [
            7.704721,
            46.128359
          ],
          [
            7.704759,
            46.128373
          ],
          [
            7.70477,
            46.128379
          ],
          [
            7.70478,
            46.128383
          ],
          [
            7.704802,
            46.128394
          ],
          [
            7.70484,
            46.12841
          ],
          [
            7.704848,
            46.128414
          ],
          [
            7.704881,
            46.12843
          ],
          [
            7.704902,
            46.12844
          ],
          [
            7.704908,
            46.128442
          ],
          [
            7.704922,
            46.128449
          ],
          [
            7.704958,
            46.128467
          ],
          [
            7.704963,
            46.128471
          ],
          [
            7.704971,
            46.128475
          ],
          [
            7.704973,
            46.128475
          ],
          [
            7.70498,
            46.128477
          ],
          [
            7.704983,
            46.128481
          ],
          [
            7.705009,
            46.128489
          ],
          [
            7.705018,
            46.128493
          ],
          [
            7.705031,
            46.128497
          ],
          [
            7.705045,
            46.128505
          ],
          [
            7.70505,
            46.128508
          ],
          [
            7.705062,
            46.128513
          ],
          [
            7.705087,
            46.128524
          ],
          [
            7.705094,
            46.128525
          ],
          [
            7.705109,
            46.12853
          ],
          [
            7.70514,
            46.128546
          ],
          [
            7.705154,
            46.128554
          ],
          [
            7.705172,
            46.128563
          ],
          [
            7.705176,
            46.128563
          ],
          [
            7.70521,
            46.128581
          ],
          [
            7.705213,
            46.128585
          ],
          [
            7.70526,
            46.12861
          ],
          [
            7.705276,
            46.128618
          ],
          [
            7.705294,
            46.128624
          ],
          [
            7.705334,
            46.128638
          ],
          [
            7.705348,
            46.128642
          ],
          [
            7.705364,
            46.12865
          ],
          [
            7.705385,
            46.128659
          ],
          [
            7.705411,
            46.128672
          ],
          [
            7.705425,
            46.128679
          ],
          [
            7.705466,
            46.128696
          ],
          [
            7.705476,
            46.1287
          ],
          [
            7.705478,
            46.128702
          ],
          [
            7.705488,
            46.128705
          ],
          [
            7.705491,
            46.128709
          ],
          [
            7.705509,
            46.128714
          ],
          [
            7.705518,
            46.128719
          ],
          [
            7.705525,
            46.128722
          ],
          [
            7.705536,
            46.128729
          ],
          [
            7.705549,
            46.128737
          ],
          [
            7.705559,
            46.128743
          ],
          [
            7.705566,
            46.128748
          ],
          [
            7.705571,
            46.128751
          ],
          [
            7.705591,
            46.128758
          ],
          [
            7.705606,
            46.128767
          ],
          [
            7.705612,
            46.128772
          ],
          [
            7.705617,
            46.128774
          ],
          [
            7.705642,
            46.128785
          ],
          [
            7.705665,
            46.128793
          ],
          [
            7.705674,
            46.128804
          ],
          [
            7.705682,
            46.128808
          ],
          [
            7.705716,
            46.128826
          ],
          [
            7.70573,
            46.128834
          ],
          [
            7.705736,
            46.128837
          ],
          [
            7.705745,
            46.128841
          ],
          [
            7.705763,
            46.128851
          ],
          [
            7.705813,
            46.128881
          ],
          [
            7.705835,
            46.128898
          ],
          [
            7.705845,
            46.128903
          ],
          [
            7.70587,
            46.128914
          ],
          [
            7.705882,
            46.128919
          ],
          [
            7.705891,
            46.128923
          ],
          [
            7.705935,
            46.128941
          ],
          [
            7.705943,
            46.128945
          ],
          [
            7.705986,
            46.128966
          ],
          [
            7.706012,
            46.12898
          ],
          [
            7.706028,
            46.128985
          ],
          [
            7.706036,
            46.128988
          ],
          [
            7.70605,
            46.128994
          ],
          [
            7.706059,
            46.129006
          ],
          [
            7.706082,
            46.129017
          ],
          [
            7.706082,
            46.129017
          ],
          [
            7.706082,
            46.129017
          ],
          [
            7.706082,
            46.129017
          ],
          [
            7.706082,
            46.129017
          ],
          [
            7.706083,
            46.129016
          ],
          [
            7.706107,
            46.129019
          ],
          [
            7.706158,
            46.129009
          ],
          [
            7.706176,
            46.129007
          ],
          [
            7.706225,
            46.128993
          ],
          [
            7.706247,
            46.128985
          ],
          [
            7.706288,
            46.128974
          ],
          [
            7.706328,
            46.128961
          ],
          [
            7.706344,
            46.128955
          ],
          [
            7.706398,
            46.128941
          ],
          [
            7.706403,
            46.12894
          ],
          [
            7.706427,
            46.128934
          ],
          [
            7.706445,
            46.128929
          ],
          [
            7.706467,
            46.128922
          ],
          [
            7.70651,
            46.128907
          ],
          [
            7.706518,
            46.128906
          ],
          [
            7.706523,
            46.128904
          ],
          [
            7.70653,
            46.128903
          ],
          [
            7.70654,
            46.1289
          ],
          [
            7.706549,
            46.128897
          ],
          [
            7.706569,
            46.12889
          ],
          [
            7.706591,
            46.128883
          ],
          [
            7.706595,
            46.128882
          ],
          [
            7.706604,
            46.128876
          ],
          [
            7.706621,
            46.128869
          ],
          [
            7.706635,
            46.128864
          ],
          [
            7.706655,
            46.128856
          ],
          [
            7.706665,
            46.128854
          ],
          [
            7.70671,
            46.12884
          ],
          [
            7.706718,
            46.128835
          ],
          [
            7.706755,
            46.128826
          ],
          [
            7.706756,
            46.128824
          ],
          [
            7.706757,
            46.128823
          ],
          [
            7.70679,
            46.128812
          ],
          [
            7.706788,
            46.128812
          ],
          [
            7.706797,
            46.128808
          ],
          [
            7.706801,
            46.128806
          ],
          [
            7.706842,
            46.128793
          ],
          [
            7.706847,
            46.128793
          ],
          [
            7.706865,
            46.128787
          ],
          [
            7.706888,
            46.128778
          ],
          [
            7.706929,
            46.128766
          ],
          [
            7.706933,
            46.128766
          ],
          [
            7.706954,
            46.128755
          ],
          [
            7.706985,
            46.128748
          ],
          [
            7.707013,
            46.128742
          ],
          [
            7.707042,
            46.128742
          ],
          [
            7.707067,
            46.128743
          ],
          [
            7.707088,
            46.128749
          ],
          [
            7.707132,
            46.128759
          ],
          [
            7.707156,
            46.128764
          ],
          [
            7.707177,
            46.128771
          ],
          [
            7.70718,
            46.128772
          ],
          [
            7.707188,
            46.128774
          ],
          [
            7.70719,
            46.128775
          ],
          [
            7.707213,
            46.128779
          ],
          [
            7.707262,
            46.128788
          ],
          [
            7.707289,
            46.128798
          ],
          [
            7.707305,
            46.128801
          ],
          [
            7.707319,
            46.128803
          ],
          [
            7.707332,
            46.128802
          ],
          [
            7.707348,
            46.128806
          ],
          [
            7.707372,
            46.128809
          ],
          [
            7.707406,
            46.128819
          ],
          [
            7.70742,
            46.128823
          ],
          [
            7.707429,
            46.128825
          ],
          [
            7.707437,
            46.128829
          ],
          [
            7.707464,
            46.128837
          ],
          [
            7.707483,
            46.128843
          ],
          [
            7.70755,
            46.128859
          ],
          [
            7.707552,
            46.128858
          ],
          [
            7.707576,
            46.128862
          ],
          [
            7.707576,
            46.128862
          ],
          [
            7.707607,
            46.12887
          ],
          [
            7.707625,
            46.128877
          ],
          [
            7.707668,
            46.128885
          ],
          [
            7.707693,
            46.128892
          ],
          [
            7.707713,
            46.128897
          ],
          [
            7.707718,
            46.128896
          ],
          [
            7.707729,
            46.128898
          ],
          [
            7.707778,
            46.128905
          ],
          [
            7.707835,
            46.128919
          ],
          [
            7.707874,
            46.128924
          ],
          [
            7.707895,
            46.128927
          ],
          [
            7.70792,
            46.128931
          ],
          [
            7.707975,
            46.128934
          ],
          [
            7.707993,
            46.128938
          ],
          [
            7.708026,
            46.128943
          ],
          [
            7.708043,
            46.128945
          ],
          [
            7.708078,
            46.128949
          ],
          [
            7.708081,
            46.128951
          ],
          [
            7.708102,
            46.128954
          ],
          [
            7.708136,
            46.128955
          ],
          [
            7.708149,
            46.128957
          ],
          [
            7.708158,
            46.128956
          ],
          [
            7.708179,
            46.128958
          ],
          [
            7.708236,
            46.128961
          ],
          [
            7.708279,
            46.128962
          ],
          [
            7.708298,
            46.128964
          ],
          [
            7.708313,
            46.128965
          ],
          [
            7.708331,
            46.128968
          ],
          [
            7.708356,
            46.128968
          ],
          [
            7.708387,
            46.128967
          ],
          [
            7.7084,
            46.128969
          ],
          [
            7.708415,
            46.12897
          ],
          [
            7.708442,
            46.128973
          ],
          [
            7.70846,
            46.128974
          ],
          [
            7.708467,
            46.128976
          ],
          [
            7.70849,
            46.128982
          ],
          [
            7.708495,
            46.128984
          ],
          [
            7.70853,
            46.128989
          ],
          [
            7.708557,
            46.128991
          ],
          [
            7.708581,
            46.128992
          ],
          [
            7.708588,
            46.128992
          ],
          [
            7.708595,
            46.128993
          ],
          [
            7.708607,
            46.128994
          ],
          [
            7.708646,
            46.128995
          ],
          [
            7.708668,
            46.128996
          ],
          [
            7.708682,
            46.128996
          ],
          [
            7.708687,
            46.128997
          ],
          [
            7.708694,
            46.128996
          ],
          [
            7.708696,
            46.128998
          ],
          [
            7.708718,
            46.129002
          ],
          [
            7.708725,
            46.129002
          ],
          [
            7.708775,
            46.12901
          ],
          [
            7.708778,
            46.12901
          ],
          [
            7.708785,
            46.129011
          ],
          [
            7.708837,
            46.129017
          ],
          [
            7.708849,
            46.129019
          ],
          [
            7.708889,
            46.129026
          ],
          [
            7.708897,
            46.129027
          ],
          [
            7.70893,
            46.129029
          ],
          [
            7.708942,
            46.12903
          ],
          [
            7.708967,
            46.129032
          ],
          [
            7.708981,
            46.129033
          ],
          [
            7.708996,
            46.129035
          ],
          [
            7.709026,
            46.129039
          ],
          [
            7.709061,
            46.129042
          ],
          [
            7.70908,
            46.129045
          ],
          [
            7.709103,
            46.129051
          ],
          [
            7.709112,
            46.129054
          ],
          [
            7.709138,
            46.129057
          ],
          [
            7.709152,
            46.12906
          ],
          [
            7.709166,
            46.129062
          ],
          [
            7.709182,
            46.129066
          ],
          [
            7.70919,
            46.129066
          ],
          [
            7.709197,
            46.129069
          ],
          [
            7.709232,
            46.12907
          ],
          [
            7.709264,
            46.129071
          ],
          [
            7.709279,
            46.129073
          ],
          [
            7.709303,
            46.129075
          ],
          [
            7.709323,
            46.129077
          ],
          [
            7.709328,
            46.129079
          ],
          [
            7.709359,
            46.129085
          ],
          [
            7.709361,
            46.129086
          ],
          [
            7.709382,
            46.129088
          ],
          [
            7.709397,
            46.129086
          ],
          [
            7.709427,
            46.129085
          ],
          [
            7.709462,
            46.129089
          ],
          [
            7.709487,
            46.129093
          ],
          [
            7.709507,
            46.129096
          ],
          [
            7.709525,
            46.129096
          ],
          [
            7.709534,
            46.129097
          ],
          [
            7.709556,
            46.129098
          ],
          [
            7.709586,
            46.129099
          ],
          [
            7.709617,
            46.129101
          ],
          [
            7.70963,
            46.129102
          ],
          [
            7.709639,
            46.129102
          ],
          [
            7.709639,
            46.129102
          ],
          [
            7.70967,
            46.129107
          ],
          [
            7.709693,
            46.129108
          ],
          [
            7.709753,
            46.129113
          ],
          [
            7.709758,
            46.129114
          ],
          [
            7.709763,
            46.129115
          ],
          [
            7.709821,
            46.129119
          ],
          [
            7.709845,
            46.129117
          ],
          [
            7.709876,
            46.129111
          ],
          [
            7.709895,
            46.129107
          ],
          [
            7.709903,
            46.129102
          ],
          [
            7.709918,
            46.129079
          ],
          [
            7.70992,
            46.129064
          ],
          [
            7.709931,
            46.129047
          ],
          [
            7.709934,
            46.129045
          ],
          [
            7.709938,
            46.129044
          ],
          [
            7.709942,
            46.129033
          ],
          [
            7.709945,
            46.129028
          ],
          [
            7.709956,
            46.128994
          ],
          [
            7.70996,
            46.128986
          ],
          [
            7.709961,
            46.128956
          ],
          [
            7.709952,
            46.128928
          ],
          [
            7.70995,
            46.128914
          ],
          [
            7.709956,
            46.128879
          ],
          [
            7.709956,
            46.128871
          ],
          [
            7.709952,
            46.12886
          ],
          [
            7.709953,
            46.128833
          ],
          [
            7.709952,
            46.128826
          ],
          [
            7.709952,
            46.128805
          ],
          [
            7.709954,
            46.128787
          ],
          [
            7.709953,
            46.128782
          ],
          [
            7.709952,
            46.128753
          ],
          [
            7.709952,
            46.128745
          ],
          [
            7.70995,
            46.128737
          ],
          [
            7.709951,
            46.128736
          ],
          [
            7.709948,
            46.128733
          ],
          [
            7.709946,
            46.128719
          ],
          [
            7.709943,
            46.128711
          ],
          [
            7.709945,
            46.128699
          ],
          [
            7.709943,
            46.128669
          ],
          [
            7.709941,
            46.128635
          ],
          [
            7.70994,
            46.128628
          ],
          [
            7.709936,
            46.128619
          ],
          [
            7.709935,
            46.128612
          ],
          [
            7.709932,
            46.128594
          ],
          [
            7.70993,
            46.128583
          ],
          [
            7.709931,
            46.128577
          ],
          [
            7.709932,
            46.128562
          ],
          [
            7.70992,
            46.128544
          ],
          [
            7.709921,
            46.128538
          ],
          [
            7.709911,
            46.128499
          ],
          [
            7.70991,
            46.128484
          ],
          [
            7.709904,
            46.128451
          ],
          [
            7.709899,
            46.128446
          ],
          [
            7.709896,
            46.128431
          ],
          [
            7.709894,
            46.128427
          ],
          [
            7.709892,
            46.128415
          ],
          [
            7.709891,
            46.12841
          ],
          [
            7.70989,
            46.128404
          ],
          [
            7.709889,
            46.128398
          ],
          [
            7.709887,
            46.12838
          ],
          [
            7.709885,
            46.128366
          ],
          [
            7.709883,
            46.128359
          ],
          [
            7.70988,
            46.128341
          ],
          [
            7.709876,
            46.128322
          ],
          [
            7.709876,
            46.128322
          ],
          [
            7.709868,
            46.128294
          ],
          [
            7.709862,
            46.128284
          ],
          [
            7.709855,
            46.128261
          ],
          [
            7.709849,
            46.128221
          ],
          [
            7.709846,
            46.128205
          ],
          [
            7.709846,
            46.128205
          ],
          [
            7.709848,
            46.128205
          ],
          [
            7.709847,
            46.128192
          ],
          [
            7.709846,
            46.128182
          ],
          [
            7.709845,
            46.128172
          ],
          [
            7.709852,
            46.128155
          ],
          [
            7.709874,
            46.128146
          ],
          [
            7.709901,
            46.128143
          ],
          [
            7.709929,
            46.128142
          ],
          [
            7.709956,
            46.128144
          ],
          [
            7.709966,
            46.128145
          ],
          [
            7.709966,
            46.128145
          ],
          [
            7.70998,
            46.128145
          ],
          [
            7.709994,
            46.128147
          ],
          [
            7.709995,
            46.128147
          ],
          [
            7.710008,
            46.128147
          ],
          [
            7.710008,
            46.128147
          ],
          [
            7.710054,
            46.128143
          ],
          [
            7.710082,
            46.128141
          ],
          [
            7.71011,
            46.128137
          ],
          [
            7.71011,
            46.128137
          ],
          [
            7.710168,
            46.128149
          ],
          [
            7.710203,
            46.128134
          ],
          [
            7.710211,
            46.128119
          ],
          [
            7.710215,
            46.12809
          ],
          [
            7.710209,
            46.128078
          ],
          [
            7.710197,
            46.128043
          ],
          [
            7.710189,
            46.128022
          ],
          [
            7.710181,
            46.128007
          ],
          [
            7.710178,
            46.128002
          ],
          [
            7.710171,
            46.127981
          ],
          [
            7.710167,
            46.127966
          ],
          [
            7.710162,
            46.127954
          ],
          [
            7.710156,
            46.127941
          ],
          [
            7.710152,
            46.127929
          ],
          [
            7.710149,
            46.127925
          ],
          [
            7.710146,
            46.127915
          ],
          [
            7.710139,
            46.127891
          ],
          [
            7.710137,
            46.127883
          ],
          [
            7.710117,
            46.12785
          ],
          [
            7.710114,
            46.127848
          ],
          [
            7.710102,
            46.127823
          ],
          [
            7.710095,
            46.127815
          ],
          [
            7.71009,
            46.127803
          ],
          [
            7.710083,
            46.127789
          ],
          [
            7.710079,
            46.127779
          ],
          [
            7.710066,
            46.127739
          ],
          [
            7.710057,
            46.127718
          ],
          [
            7.710048,
            46.127697
          ],
          [
            7.710038,
            46.127684
          ],
          [
            7.71003,
            46.127671
          ],
          [
            7.710026,
            46.127659
          ],
          [
            7.710025,
            46.127657
          ],
          [
            7.710012,
            46.127629
          ],
          [
            7.710012,
            46.127627
          ],
          [
            7.71001,
            46.127618
          ],
          [
            7.710003,
            46.127605
          ],
          [
            7.71,
            46.127598
          ],
          [
            7.71,
            46.127598
          ],
          [
            7.71,
            46.127598
          ],
          [
            7.709978,
            46.127573
          ],
          [
            7.709951,
            46.12755
          ],
          [
            7.70995,
            46.127547
          ],
          [
            7.709949,
            46.127522
          ],
          [
            7.709961,
            46.127514
          ],
          [
            7.709971,
            46.127507
          ],
          [
            7.709985,
            46.127508
          ],
          [
            7.710005,
            46.127505
          ],
          [
            7.710035,
            46.127506
          ],
          [
            7.710036,
            46.127504
          ],
          [
            7.710061,
            46.127495
          ],
          [
            7.710099,
            46.127484
          ],
          [
            7.7101,
            46.127484
          ],
          [
            7.710152,
            46.127482
          ],
          [
            7.710154,
            46.12748
          ],
          [
            7.710184,
            46.127471
          ],
          [
            7.710208,
            46.127464
          ],
          [
            7.710223,
            46.127461
          ],
          [
            7.710247,
            46.127454
          ],
          [
            7.710262,
            46.127451
          ],
          [
            7.71027,
            46.127449
          ],
          [
            7.710295,
            46.127439
          ],
          [
            7.710306,
            46.127435
          ],
          [
            7.71032,
            46.127431
          ],
          [
            7.710323,
            46.127429
          ],
          [
            7.710332,
            46.127427
          ],
          [
            7.71034,
            46.127426
          ],
          [
            7.710368,
            46.127419
          ],
          [
            7.710378,
            46.127416
          ],
          [
            7.710391,
            46.127413
          ],
          [
            7.71041,
            46.12741
          ],
          [
            7.710416,
            46.127407
          ],
          [
            7.710426,
            46.127405
          ],
          [
            7.71044,
            46.127398
          ],
          [
            7.710457,
            46.127393
          ],
          [
            7.71047,
            46.127389
          ],
          [
            7.710503,
            46.12738
          ],
          [
            7.710531,
            46.127371
          ],
          [
            7.710547,
            46.127365
          ],
          [
            7.710601,
            46.12735
          ],
          [
            7.710602,
            46.127349
          ],
          [
            7.710611,
            46.127346
          ],
          [
            7.710614,
            46.127344
          ],
          [
            7.710628,
            46.127339
          ],
          [
            7.710642,
            46.127334
          ],
          [
            7.710674,
            46.127332
          ],
          [
            7.710679,
            46.127332
          ],
          [
            7.710684,
            46.127329
          ],
          [
            7.710694,
            46.127327
          ],
          [
            7.710697,
            46.127325
          ],
          [
            7.710706,
            46.127322
          ],
          [
            7.710719,
            46.127318
          ],
          [
            7.710717,
            46.127317
          ],
          [
            7.710775,
            46.127303
          ],
          [
            7.710783,
            46.127303
          ],
          [
            7.710803,
            46.127297
          ],
          [
            7.710835,
            46.127285
          ],
          [
            7.710841,
            46.127281
          ],
          [
            7.710886,
            46.12727
          ],
          [
            7.710913,
            46.127262
          ],
          [
            7.71094,
            46.127254
          ],
          [
            7.71095,
            46.127249
          ],
          [
            7.710962,
            46.127245
          ],
          [
            7.710971,
            46.127244
          ],
          [
            7.710979,
            46.127241
          ],
          [
            7.711011,
            46.127237
          ],
          [
            7.711032,
            46.127232
          ],
          [
            7.711045,
            46.12723
          ],
          [
            7.711048,
            46.127231
          ],
          [
            7.71109,
            46.127228
          ],
          [
            7.711117,
            46.127223
          ],
          [
            7.711142,
            46.127204
          ],
          [
            7.711134,
            46.12721
          ],
          [
            7.711144,
            46.1272
          ],
          [
            7.711143,
            46.127191
          ],
          [
            7.711141,
            46.127184
          ],
          [
            7.711127,
            46.127162
          ],
          [
            7.711119,
            46.127148
          ],
          [
            7.711119,
            46.127148
          ],
          [
            7.711119,
            46.127148
          ],
          [
            7.711124,
            46.12714
          ],
          [
            7.711133,
            46.127127
          ],
          [
            7.711135,
            46.127127
          ],
          [
            7.711135,
            46.127127
          ],
          [
            7.711134,
            46.127128
          ],
          [
            7.711129,
            46.127129
          ],
          [
            7.71113,
            46.127133
          ],
          [
            7.711135,
            46.127127
          ],
          [
            7.711135,
            46.127127
          ],
          [
            7.711135,
            46.127127
          ],
          [
            7.711135,
            46.127127
          ],
          [
            7.711135,
            46.127127
          ],
          [
            7.711135,
            46.127127
          ],
          [
            7.711135,
            46.127127
          ],
          [
            7.711135,
            46.127127
          ],
          [
            7.711135,
            46.127127
          ],
          [
            7.711135,
            46.127127
          ],
          [
            7.711125,
            46.127131
          ],
          [
            7.711118,
            46.127132
          ],
          [
            7.711124,
            46.127144
          ],
          [
            7.711127,
            46.127146
          ],
          [
            7.711124,
            46.127145
          ],
          [
            7.711121,
            46.127141
          ],
          [
            7.711121,
            46.127141
          ],
          [
            7.711121,
            46.127141
          ],
          [
            7.711121,
            46.127141
          ],
          [
            7.711121,
            46.127141
          ],
          [
            7.711119,
            46.127136
          ],
          [
            7.711118,
            46.127141
          ],
          [
            7.711117,
            46.127141
          ],
          [
            7.711121,
            46.127141
          ],
          [
            7.711121,
            46.127141
          ],
          [
            7.711121,
            46.127141
          ],
          [
            7.711121,
            46.127141
          ],
          [
            7.711121,
            46.127141
          ],
          [
            7.711121,
            46.127141
          ],
          [
            7.711121,
            46.127141
          ],
          [
            7.711121,
            46.127141
          ],
          [
            7.711079,
            46.12712
          ],
          [
            7.711068,
            46.127113
          ],
          [
            7.711064,
            46.127108
          ],
          [
            7.711063,
            46.127104
          ],
          [
            7.711044,
            46.127081
          ],
          [
            7.711005,
            46.127055
          ],
          [
            7.710992,
            46.127046
          ],
          [
            7.710972,
            46.127031
          ],
          [
            7.710964,
            46.127027
          ],
          [
            7.710952,
            46.127022
          ],
          [
            7.710928,
            46.127011
          ],
          [
            7.710921,
            46.127005
          ],
          [
            7.71091,
            46.126998
          ],
          [
            7.710899,
            46.126989
          ],
          [
            7.710884,
            46.126982
          ],
          [
            7.710868,
            46.126976
          ],
          [
            7.710862,
            46.126973
          ],
          [
            7.710859,
            46.126971
          ],
          [
            7.710844,
            46.126962
          ],
          [
            7.710822,
            46.12695
          ],
          [
            7.710777,
            46.126922
          ],
          [
            7.71074,
            46.126901
          ],
          [
            7.710734,
            46.126897
          ],
          [
            7.710724,
            46.126888
          ],
          [
            7.710707,
            46.126878
          ],
          [
            7.710688,
            46.126867
          ],
          [
            7.710679,
            46.126863
          ],
          [
            7.710662,
            46.126846
          ],
          [
            7.710653,
            46.12684
          ],
          [
            7.710638,
            46.126829
          ],
          [
            7.710626,
            46.126821
          ],
          [
            7.710625,
            46.12682
          ],
          [
            7.710603,
            46.126812
          ],
          [
            7.710568,
            46.126792
          ],
          [
            7.710553,
            46.126784
          ],
          [
            7.71053,
            46.126766
          ],
          [
            7.71052,
            46.126755
          ],
          [
            7.710502,
            46.126739
          ],
          [
            7.71049,
            46.126728
          ],
          [
            7.710487,
            46.126726
          ],
          [
            7.710487,
            46.126726
          ],
          [
            7.710479,
            46.126727
          ],
          [
            7.710453,
            46.126717
          ],
          [
            7.710453,
            46.126714
          ],
          [
            7.710442,
            46.126699
          ],
          [
            7.710432,
            46.126688
          ],
          [
            7.710412,
            46.126676
          ],
          [
            7.710382,
            46.126654
          ],
          [
            7.710384,
            46.126657
          ],
          [
            7.710368,
            46.126658
          ],
          [
            7.710314,
            46.126627
          ],
          [
            7.710309,
            46.126614
          ],
          [
            7.71031,
            46.12661
          ],
          [
            7.710325,
            46.126591
          ],
          [
            7.710338,
            46.126584
          ],
          [
            7.710362,
            46.126577
          ],
          [
            7.710384,
            46.126568
          ],
          [
            7.710402,
            46.126565
          ],
          [
            7.710426,
            46.126563
          ],
          [
            7.710454,
            46.126557
          ],
          [
            7.710483,
            46.126553
          ],
          [
            7.7105,
            46.126549
          ],
          [
            7.710504,
            46.12655
          ],
          [
            7.710513,
            46.126548
          ],
          [
            7.71055,
            46.12654
          ],
          [
            7.710587,
            46.126535
          ],
          [
            7.710605,
            46.126533
          ],
          [
            7.710636,
            46.126524
          ],
          [
            7.710655,
            46.126518
          ],
          [
            7.710681,
            46.12651
          ],
          [
            7.710694,
            46.126505
          ],
          [
            7.710714,
            46.126502
          ],
          [
            7.710753,
            46.126492
          ],
          [
            7.710772,
            46.126487
          ],
          [
            7.710801,
            46.126478
          ],
          [
            7.71083,
            46.126472
          ],
          [
            7.710843,
            46.126468
          ],
          [
            7.71087,
            46.126464
          ],
          [
            7.710894,
            46.126459
          ],
          [
            7.710932,
            46.126448
          ],
          [
            7.710933,
            46.126448
          ],
          [
            7.710934,
            46.126446
          ],
          [
            7.710948,
            46.126442
          ],
          [
            7.710959,
            46.126441
          ],
          [
            7.710981,
            46.126437
          ],
          [
            7.710996,
            46.126433
          ],
          [
            7.711016,
            46.126426
          ],
          [
            7.711025,
            46.126425
          ],
          [
            7.711047,
            46.126422
          ],
          [
            7.711068,
            46.126415
          ],
          [
            7.711065,
            46.126415
          ],
          [
            7.711111,
            46.1264
          ],
          [
            7.711111,
            46.1264
          ],
          [
            7.711125,
            46.126395
          ],
          [
            7.711151,
            46.126392
          ],
          [
            7.711163,
            46.126391
          ],
          [
            7.711182,
            46.12639
          ],
          [
            7.711195,
            46.126387
          ],
          [
            7.711216,
            46.126383
          ],
          [
            7.71125,
            46.126382
          ],
          [
            7.711291,
            46.12638
          ],
          [
            7.711292,
            46.126377
          ],
          [
            7.711292,
            46.126377
          ],
          [
            7.7113,
            46.126376
          ],
          [
            7.711308,
            46.126373
          ],
          [
            7.711314,
            46.126371
          ],
          [
            7.711331,
            46.126369
          ],
          [
            7.711369,
            46.126359
          ],
          [
            7.711379,
            46.126355
          ],
          [
            7.71139,
            46.126355
          ],
          [
            7.711424,
            46.126348
          ],
          [
            7.711429,
            46.126346
          ],
          [
            7.711429,
            46.126346
          ],
          [
            7.711429,
            46.126346
          ],
          [
            7.711471,
            46.126338
          ],
          [
            7.711537,
            46.126322
          ],
          [
            7.711552,
            46.126316
          ],
          [
            7.711554,
            46.126308
          ],
          [
            7.711544,
            46.126306
          ],
          [
            7.711534,
            46.1263
          ],
          [
            7.711526,
            46.126296
          ],
          [
            7.711505,
            46.126289
          ],
          [
            7.711502,
            46.126288
          ],
          [
            7.711473,
            46.126281
          ],
          [
            7.711438,
            46.126266
          ],
          [
            7.711425,
            46.12626
          ],
          [
            7.71139,
            46.126246
          ],
          [
            7.711378,
            46.12624
          ],
          [
            7.711347,
            46.126219
          ],
          [
            7.711345,
            46.126217
          ],
          [
            7.711319,
            46.126199
          ],
          [
            7.711305,
            46.12619
          ],
          [
            7.711268,
            46.126172
          ],
          [
            7.711256,
            46.126163
          ],
          [
            7.711252,
            46.12616
          ],
          [
            7.711245,
            46.126159
          ],
          [
            7.711243,
            46.126154
          ],
          [
            7.711243,
            46.126154
          ],
          [
            7.711243,
            46.126155
          ],
          [
            7.711235,
            46.126152
          ],
          [
            7.711243,
            46.126154
          ],
          [
            7.711227,
            46.126149
          ],
          [
            7.711207,
            46.126141
          ],
          [
            7.7112,
            46.126139
          ],
          [
            7.7112,
            46.12614
          ],
          [
            7.711171,
            46.126126
          ],
          [
            7.711159,
            46.12612
          ],
          [
            7.711157,
            46.12612
          ],
          [
            7.711157,
            46.12612
          ],
          [
            7.711157,
            46.12612
          ],
          [
            7.711076,
            46.12608
          ],
          [
            7.71106,
            46.126057
          ],
          [
            7.711066,
            46.126058
          ],
          [
            7.711062,
            46.126064
          ],
          [
            7.711059,
            46.126063
          ],
          [
            7.711059,
            46.126062
          ],
          [
            7.711059,
            46.126062
          ],
          [
            7.711059,
            46.126062
          ],
          [
            7.711059,
            46.126062
          ],
          [
            7.711059,
            46.126062
          ],
          [
            7.711062,
            46.126062
          ],
          [
            7.711082,
            46.12606
          ],
          [
            7.711102,
            46.126056
          ],
          [
            7.711129,
            46.126046
          ],
          [
            7.711165,
            46.126026
          ],
          [
            7.711174,
            46.126024
          ],
          [
            7.711192,
            46.126017
          ],
          [
            7.711202,
            46.126012
          ],
          [
            7.711226,
            46.126004
          ],
          [
            7.711244,
            46.125999
          ],
          [
            7.711248,
            46.125996
          ],
          [
            7.711261,
            46.125993
          ],
          [
            7.711265,
            46.125993
          ],
          [
            7.711277,
            46.125991
          ],
          [
            7.711295,
            46.125988
          ],
          [
            7.711324,
            46.125978
          ],
          [
            7.711355,
            46.125973
          ],
          [
            7.711366,
            46.12597
          ],
          [
            7.711389,
            46.125965
          ],
          [
            7.7114,
            46.125959
          ],
          [
            7.711426,
            46.125954
          ],
          [
            7.711443,
            46.12595
          ],
          [
            7.711453,
            46.125945
          ],
          [
            7.711459,
            46.125943
          ],
          [
            7.711474,
            46.125939
          ],
          [
            7.7115,
            46.125931
          ],
          [
            7.711507,
            46.125928
          ],
          [
            7.711535,
            46.12592
          ],
          [
            7.711547,
            46.125912
          ],
          [
            7.711547,
            46.125912
          ],
          [
            7.711558,
            46.125905
          ],
          [
            7.711563,
            46.125901
          ],
          [
            7.711564,
            46.125901
          ],
          [
            7.711563,
            46.125901
          ],
          [
            7.711563,
            46.125901
          ],
          [
            7.711603,
            46.125892
          ],
          [
            7.711615,
            46.125885
          ],
          [
            7.711631,
            46.125877
          ],
          [
            7.711649,
            46.12587
          ],
          [
            7.71169,
            46.125862
          ],
          [
            7.71168,
            46.125862
          ],
          [
            7.711737,
            46.125847
          ],
          [
            7.711747,
            46.125838
          ],
          [
            7.711794,
            46.125813
          ],
          [
            7.711788,
            46.125804
          ],
          [
            7.71176,
            46.125785
          ],
          [
            7.711747,
            46.125778
          ],
          [
            7.711705,
            46.125751
          ],
          [
            7.711702,
            46.125746
          ],
          [
            7.71167,
            46.125732
          ],
          [
            7.71166,
            46.125728
          ],
          [
            7.71164,
            46.125715
          ],
          [
            7.711622,
            46.125703
          ],
          [
            7.711597,
            46.125683
          ],
          [
            7.711587,
            46.125674
          ],
          [
            7.711585,
            46.125667
          ],
          [
            7.711556,
            46.125634
          ],
          [
            7.711541,
            46.125627
          ],
          [
            7.711519,
            46.125612
          ],
          [
            7.711502,
            46.125597
          ],
          [
            7.711488,
            46.125583
          ],
          [
            7.711477,
            46.125576
          ],
          [
            7.711457,
            46.125559
          ],
          [
            7.711455,
            46.125558
          ],
          [
            7.711429,
            46.12553
          ],
          [
            7.711417,
            46.125516
          ],
          [
            7.711393,
            46.125488
          ],
          [
            7.711369,
            46.125472
          ],
          [
            7.711361,
            46.125466
          ],
          [
            7.711335,
            46.125447
          ],
          [
            7.711315,
            46.125428
          ],
          [
            7.711292,
            46.125402
          ],
          [
            7.71129,
            46.125397
          ],
          [
            7.711304,
            46.125371
          ],
          [
            7.71131,
            46.125369
          ],
          [
            7.711331,
            46.125363
          ],
          [
            7.711339,
            46.125359
          ],
          [
            7.711342,
            46.125356
          ],
          [
            7.711388,
            46.125344
          ],
          [
            7.711419,
            46.125331
          ],
          [
            7.71143,
            46.125329
          ],
          [
            7.711457,
            46.125324
          ],
          [
            7.711482,
            46.125317
          ],
          [
            7.711515,
            46.125306
          ],
          [
            7.711537,
            46.125295
          ],
          [
            7.711544,
            46.125294
          ],
          [
            7.711549,
            46.12529
          ],
          [
            7.711583,
            46.125285
          ],
          [
            7.711587,
            46.125286
          ],
          [
            7.711629,
            46.125277
          ],
          [
            7.711648,
            46.125273
          ],
          [
            7.711692,
            46.125268
          ],
          [
            7.711693,
            46.125267
          ],
          [
            7.711732,
            46.125257
          ],
          [
            7.711734,
            46.125257
          ],
          [
            7.711791,
            46.125241
          ],
          [
            7.711805,
            46.125237
          ],
          [
            7.711829,
            46.125227
          ],
          [
            7.711833,
            46.125224
          ],
          [
            7.711849,
            46.125218
          ],
          [
            7.711877,
            46.125211
          ],
          [
            7.71191,
            46.125201
          ],
          [
            7.71191,
            46.1252
          ],
          [
            7.711936,
            46.125195
          ],
          [
            7.711948,
            46.125195
          ],
          [
            7.711961,
            46.125191
          ],
          [
            7.712033,
            46.125174
          ],
          [
            7.712018,
            46.125139
          ],
          [
            7.711997,
            46.125129
          ],
          [
            7.711964,
            46.12511
          ],
          [
            7.711959,
            46.125104
          ],
          [
            7.711934,
            46.125087
          ],
          [
            7.711929,
            46.12508
          ],
          [
            7.711925,
            46.125075
          ],
          [
            7.71192,
            46.125068
          ],
          [
            7.711915,
            46.125064
          ],
          [
            7.711904,
            46.125058
          ],
          [
            7.7119,
            46.125054
          ],
          [
            7.711898,
            46.125054
          ],
          [
            7.711893,
            46.12505
          ],
          [
            7.711881,
            46.125039
          ],
          [
            7.711852,
            46.125018
          ],
          [
            7.711851,
            46.125018
          ],
          [
            7.711834,
            46.125006
          ],
          [
            7.711815,
            46.12499
          ],
          [
            7.711789,
            46.124963
          ],
          [
            7.711785,
            46.124959
          ],
          [
            7.711762,
            46.124941
          ],
          [
            7.711751,
            46.124932
          ],
          [
            7.711735,
            46.124918
          ],
          [
            7.711718,
            46.1249
          ],
          [
            7.711709,
            46.124897
          ],
          [
            7.711704,
            46.124897
          ],
          [
            7.711703,
            46.124898
          ],
          [
            7.711692,
            46.124891
          ],
          [
            7.711686,
            46.124888
          ],
          [
            7.711681,
            46.124883
          ],
          [
            7.71167,
            46.124871
          ],
          [
            7.711662,
            46.124862
          ],
          [
            7.711657,
            46.124856
          ],
          [
            7.711631,
            46.124831
          ],
          [
            7.711628,
            46.124822
          ],
          [
            7.711602,
            46.124796
          ],
          [
            7.711596,
            46.124793
          ],
          [
            7.711596,
            46.124793
          ],
          [
            7.711596,
            46.124793
          ],
          [
            7.711593,
            46.124792
          ],
          [
            7.711563,
            46.124772
          ],
          [
            7.711544,
            46.124751
          ],
          [
            7.711542,
            46.124752
          ],
          [
            7.711543,
            46.124752
          ],
          [
            7.711543,
            46.124752
          ],
          [
            7.711542,
            46.124751
          ],
          [
            7.711534,
            46.124744
          ],
          [
            7.711529,
            46.12474
          ],
          [
            7.711471,
            46.124696
          ],
          [
            7.711478,
            46.124692
          ],
          [
            7.711491,
            46.124697
          ],
          [
            7.711491,
            46.124697
          ],
          [
            7.711491,
            46.124697
          ],
          [
            7.711488,
            46.124697
          ],
          [
            7.711511,
            46.124694
          ],
          [
            7.711514,
            46.124693
          ],
          [
            7.711514,
            46.124693
          ],
          [
            7.711517,
            46.124693
          ],
          [
            7.711514,
            46.124693
          ],
          [
            7.71153,
            46.124691
          ],
          [
            7.711546,
            46.12469
          ],
          [
            7.71158,
            46.124692
          ],
          [
            7.711588,
            46.124679
          ],
          [
            7.711599,
            46.124675
          ],
          [
            7.711608,
            46.124665
          ],
          [
            7.71161,
            46.124659
          ],
          [
            7.711599,
            46.124626
          ],
          [
            7.711585,
            46.124608
          ],
          [
            7.711579,
            46.124602
          ],
          [
            7.711579,
            46.124597
          ],
          [
            7.71157,
            46.124581
          ],
          [
            7.711563,
            46.124571
          ],
          [
            7.711552,
            46.124552
          ],
          [
            7.711536,
            46.124523
          ],
          [
            7.711541,
            46.124521
          ],
          [
            7.711542,
            46.124519
          ],
          [
            7.711548,
            46.124519
          ],
          [
            7.71157,
            46.124524
          ],
          [
            7.711583,
            46.12452
          ],
          [
            7.711589,
            46.12452
          ],
          [
            7.711603,
            46.124511
          ],
          [
            7.711616,
            46.124507
          ],
          [
            7.711616,
            46.124507
          ],
          [
            7.711616,
            46.124507
          ],
          [
            7.711616,
            46.124507
          ],
          [
            7.711616,
            46.124507
          ],
          [
            7.711616,
            46.124507
          ],
          [
            7.711616,
            46.124507
          ],
          [
            7.711616,
            46.124507
          ],
          [
            7.711616,
            46.124507
          ],
          [
            7.711616,
            46.124507
          ],
          [
            7.711616,
            46.124507
          ],
          [
            7.711616,
            46.124507
          ],
          [
            7.711616,
            46.124507
          ],
          [
            7.711616,
            46.124507
          ],
          [
            7.711616,
            46.124507
          ],
          [
            7.711616,
            46.124528
          ],
          [
            7.711627,
            46.124522
          ],
          [
            7.711641,
            46.124515
          ],
          [
            7.711653,
            46.124507
          ],
          [
            7.711669,
            46.124496
          ],
          [
            7.711693,
            46.124483
          ],
          [
            7.711711,
            46.124473
          ],
          [
            7.711741,
            46.124463
          ],
          [
            7.711768,
            46.124453
          ],
          [
            7.711786,
            46.124445
          ],
          [
            7.711796,
            46.12444
          ],
          [
            7.711839,
            46.12443
          ],
          [
            7.711872,
            46.124426
          ],
          [
            7.711921,
            46.124432
          ],
          [
            7.71194,
            46.124432
          ],
          [
            7.711958,
            46.124432
          ],
          [
            7.712003,
            46.124426
          ],
          [
            7.712016,
            46.124424
          ],
          [
            7.712066,
            46.124414
          ],
          [
            7.712082,
            46.12441
          ],
          [
            7.712125,
            46.1244
          ],
          [
            7.712131,
            46.124398
          ],
          [
            7.712187,
            46.124382
          ],
          [
            7.712197,
            46.124377
          ],
          [
            7.712233,
            46.124371
          ],
          [
            7.712251,
            46.124371
          ],
          [
            7.71229,
            46.124368
          ],
          [
            7.712325,
            46.124362
          ],
          [
            7.712338,
            46.12436
          ],
          [
            7.712381,
            46.124353
          ],
          [
            7.712415,
            46.124342
          ],
          [
            7.712449,
            46.12433
          ],
          [
            7.712451,
            46.124329
          ],
          [
            7.712499,
            46.124323
          ],
          [
            7.712518,
            46.124319
          ],
          [
            7.712552,
            46.124307
          ],
          [
            7.712583,
            46.124302
          ],
          [
            7.712591,
            46.124299
          ],
          [
            7.712601,
            46.124295
          ],
          [
            7.712607,
            46.124292
          ],
          [
            7.712607,
            46.124292
          ],
          [
            7.712607,
            46.124292
          ],
          [
            7.712627,
            46.124291
          ],
          [
            7.712655,
            46.124286
          ],
          [
            7.712692,
            46.12428
          ],
          [
            7.712711,
            46.124274
          ],
          [
            7.71271,
            46.124263
          ],
          [
            7.712669,
            46.124243
          ],
          [
            7.712665,
            46.124239
          ],
          [
            7.712655,
            46.124232
          ],
          [
            7.71264,
            46.124217
          ],
          [
            7.712641,
            46.124218
          ],
          [
            7.712613,
            46.124193
          ],
          [
            7.712595,
            46.12418
          ],
          [
            7.712574,
            46.124164
          ],
          [
            7.712558,
            46.124151
          ],
          [
            7.712546,
            46.124136
          ],
          [
            7.712534,
            46.124126
          ],
          [
            7.71252,
            46.124114
          ],
          [
            7.71251,
            46.124108
          ],
          [
            7.712497,
            46.124104
          ],
          [
            7.712491,
            46.124101
          ],
          [
            7.712484,
            46.124097
          ],
          [
            7.712452,
            46.124068
          ],
          [
            7.712445,
            46.124064
          ],
          [
            7.712425,
            46.124049
          ],
          [
            7.712422,
            46.124045
          ],
          [
            7.712413,
            46.124038
          ],
          [
            7.712399,
            46.124023
          ],
          [
            7.712396,
            46.124012
          ],
          [
            7.712391,
            46.124004
          ],
          [
            7.712384,
            46.123994
          ],
          [
            7.712374,
            46.123975
          ],
          [
            7.712366,
            46.123948
          ],
          [
            7.712361,
            46.123938
          ],
          [
            7.712344,
            46.123931
          ],
          [
            7.712333,
            46.123923
          ],
          [
            7.712307,
            46.123905
          ],
          [
            7.712302,
            46.1239
          ],
          [
            7.712278,
            46.123877
          ],
          [
            7.712275,
            46.123873
          ],
          [
            7.712269,
            46.123866
          ],
          [
            7.712264,
            46.12386
          ],
          [
            7.712258,
            46.123842
          ],
          [
            7.712251,
            46.123823
          ],
          [
            7.71225,
            46.12382
          ],
          [
            7.712246,
            46.123811
          ],
          [
            7.712239,
            46.123797
          ],
          [
            7.712236,
            46.12379
          ],
          [
            7.712227,
            46.123774
          ],
          [
            7.712211,
            46.123748
          ],
          [
            7.712206,
            46.12374
          ],
          [
            7.7122,
            46.123729
          ],
          [
            7.712199,
            46.123725
          ],
          [
            7.712192,
            46.123711
          ],
          [
            7.712169,
            46.123671
          ],
          [
            7.712165,
            46.123671
          ],
          [
            7.712146,
            46.123633
          ],
          [
            7.712142,
            46.123624
          ],
          [
            7.712134,
            46.123608
          ],
          [
            7.712131,
            46.123605
          ],
          [
            7.712126,
            46.123598
          ],
          [
            7.712128,
            46.123596
          ],
          [
            7.712127,
            46.123594
          ],
          [
            7.712123,
            46.123583
          ],
          [
            7.712122,
            46.123566
          ],
          [
            7.712121,
            46.123564
          ],
          [
            7.712116,
            46.123534
          ],
          [
            7.712111,
            46.123501
          ],
          [
            7.71211,
            46.123501
          ],
          [
            7.712101,
            46.123457
          ],
          [
            7.712095,
            46.123445
          ],
          [
            7.712094,
            46.123439
          ],
          [
            7.71209,
            46.123432
          ],
          [
            7.712089,
            46.123417
          ],
          [
            7.712089,
            46.123411
          ],
          [
            7.712088,
            46.123404
          ],
          [
            7.712087,
            46.123402
          ],
          [
            7.712087,
            46.123402
          ],
          [
            7.712087,
            46.123402
          ],
          [
            7.712086,
            46.123404
          ],
          [
            7.712083,
            46.123397
          ],
          [
            7.712081,
            46.123376
          ],
          [
            7.71208,
            46.123371
          ],
          [
            7.712075,
            46.123344
          ],
          [
            7.712075,
            46.123343
          ],
          [
            7.712072,
            46.123337
          ],
          [
            7.712073,
            46.123327
          ],
          [
            7.712074,
            46.123313
          ],
          [
            7.712075,
            46.123307
          ],
          [
            7.712075,
            46.123299
          ],
          [
            7.712073,
            46.123291
          ],
          [
            7.712072,
            46.123288
          ],
          [
            7.712071,
            46.123274
          ],
          [
            7.712071,
            46.123261
          ],
          [
            7.712069,
            46.123251
          ],
          [
            7.712066,
            46.123224
          ],
          [
            7.712065,
            46.123221
          ],
          [
            7.712057,
            46.123211
          ],
          [
            7.712054,
            46.1232
          ],
          [
            7.71205,
            46.123188
          ],
          [
            7.71205,
            46.123188
          ],
          [
            7.71205,
            46.123188
          ],
          [
            7.71205,
            46.123166
          ],
          [
            7.712046,
            46.123165
          ],
          [
            7.71204,
            46.123153
          ],
          [
            7.712036,
            46.123138
          ],
          [
            7.71204,
            46.123122
          ],
          [
            7.712066,
            46.123111
          ],
          [
            7.712062,
            46.123111
          ],
          [
            7.712083,
            46.123118
          ],
          [
            7.712107,
            46.123122
          ],
          [
            7.712123,
            46.123125
          ],
          [
            7.712143,
            46.123125
          ],
          [
            7.712139,
            46.123122
          ],
          [
            7.712171,
            46.123128
          ],
          [
            7.712189,
            46.123132
          ],
          [
            7.712201,
            46.123135
          ],
          [
            7.712224,
            46.12314
          ],
          [
            7.712224,
            46.12314
          ],
          [
            7.712245,
            46.12314
          ],
          [
            7.71227,
            46.123142
          ],
          [
            7.712288,
            46.12314
          ],
          [
            7.712305,
            46.123143
          ],
          [
            7.712305,
            46.123143
          ],
          [
            7.712306,
            46.123143
          ],
          [
            7.712313,
            46.123144
          ],
          [
            7.712327,
            46.123145
          ],
          [
            7.712342,
            46.123147
          ],
          [
            7.712364,
            46.123151
          ],
          [
            7.712385,
            46.123156
          ],
          [
            7.712404,
            46.123155
          ],
          [
            7.712412,
            46.123154
          ],
          [
            7.712425,
            46.123153
          ],
          [
            7.712427,
            46.123153
          ],
          [
            7.71244,
            46.123156
          ],
          [
            7.712458,
            46.123156
          ],
          [
            7.712473,
            46.123159
          ],
          [
            7.712476,
            46.123158
          ],
          [
            7.712488,
            46.123157
          ],
          [
            7.712486,
            46.123156
          ],
          [
            7.712488,
            46.123156
          ],
          [
            7.7125,
            46.123155
          ],
          [
            7.71251,
            46.123156
          ],
          [
            7.712519,
            46.123158
          ],
          [
            7.712551,
            46.123159
          ],
          [
            7.7126,
            46.123162
          ],
          [
            7.712617,
            46.123165
          ],
          [
            7.712623,
            46.123166
          ],
          [
            7.712644,
            46.123167
          ],
          [
            7.712647,
            46.123165
          ],
          [
            7.712647,
            46.123165
          ],
          [
            7.712651,
            46.123163
          ],
          [
            7.712666,
            46.123164
          ],
          [
            7.712696,
            46.123166
          ],
          [
            7.71272,
            46.123165
          ],
          [
            7.712724,
            46.123165
          ],
          [
            7.712743,
            46.123167
          ],
          [
            7.712743,
            46.123167
          ],
          [
            7.712743,
            46.123167
          ],
          [
            7.712759,
            46.123167
          ],
          [
            7.712776,
            46.123165
          ],
          [
            7.712793,
            46.123165
          ],
          [
            7.712831,
            46.123164
          ],
          [
            7.712844,
            46.12315
          ],
          [
            7.71285,
            46.123138
          ],
          [
            7.712857,
            46.123123
          ],
          [
            7.712861,
            46.123114
          ],
          [
            7.712858,
            46.123085
          ],
          [
            7.712857,
            46.123083
          ],
          [
            7.712856,
            46.123071
          ],
          [
            7.712859,
            46.123064
          ],
          [
            7.712854,
            46.123059
          ],
          [
            7.712853,
            46.123058
          ],
          [
            7.712845,
            46.123036
          ],
          [
            7.712841,
            46.123029
          ],
          [
            7.712839,
            46.123023
          ],
          [
            7.712827,
            46.123004
          ],
          [
            7.712816,
            46.122987
          ],
          [
            7.712816,
            46.122973
          ],
          [
            7.712812,
            46.122952
          ],
          [
            7.712802,
            46.122908
          ],
          [
            7.7128,
            46.122902
          ],
          [
            7.712798,
            46.1229
          ],
          [
            7.712799,
            46.122902
          ],
          [
            7.712799,
            46.122902
          ],
          [
            7.712799,
            46.122902
          ],
          [
            7.712799,
            46.122902
          ],
          [
            7.712799,
            46.122902
          ],
          [
            7.71279,
            46.122895
          ],
          [
            7.712799,
            46.122902
          ],
          [
            7.712799,
            46.122902
          ],
          [
            7.712781,
            46.122844
          ],
          [
            7.712787,
            46.122842
          ],
          [
            7.712801,
            46.12284
          ],
          [
            7.712801,
            46.12284
          ],
          [
            7.712817,
            46.122838
          ],
          [
            7.712828,
            46.122833
          ],
          [
            7.712841,
            46.122833
          ],
          [
            7.712865,
            46.12283
          ],
          [
            7.712857,
            46.122824
          ],
          [
            7.712857,
            46.122824
          ],
          [
            7.712857,
            46.122824
          ],
          [
            7.712857,
            46.122824
          ],
          [
            7.712857,
            46.122824
          ],
          [
            7.712857,
            46.122824
          ],
          [
            7.712857,
            46.122824
          ],
          [
            7.712857,
            46.122824
          ],
          [
            7.71286,
            46.122825
          ],
          [
            7.712872,
            46.122824
          ],
          [
            7.712874,
            46.122829
          ],
          [
            7.712876,
            46.122833
          ],
          [
            7.712876,
            46.122833
          ],
          [
            7.712876,
            46.122833
          ],
          [
            7.712876,
            46.122833
          ],
          [
            7.712876,
            46.122833
          ],
          [
            7.712876,
            46.122833
          ],
          [
            7.712876,
            46.122833
          ],
          [
            7.712876,
            46.122833
          ],
          [
            7.712876,
            46.122833
          ],
          [
            7.712876,
            46.122833
          ],
          [
            7.712876,
            46.122833
          ],
          [
            7.712876,
            46.122833
          ],
          [
            7.712876,
            46.122833
          ],
          [
            7.712898,
            46.122833
          ],
          [
            7.712904,
            46.122831
          ],
          [
            7.712904,
            46.122831
          ],
          [
            7.712904,
            46.122831
          ],
          [
            7.712904,
            46.122831
          ],
          [
            7.712904,
            46.122831
          ],
          [
            7.712901,
            46.12282
          ],
          [
            7.712899,
            46.122823
          ],
          [
            7.712904,
            46.122831
          ],
          [
            7.712904,
            46.122831
          ],
          [
            7.712904,
            46.122832
          ],
          [
            7.712904,
            46.122831
          ],
          [
            7.712904,
            46.122831
          ],
          [
            7.712904,
            46.122831
          ],
          [
            7.712904,
            46.122831
          ],
          [
            7.712904,
            46.122831
          ],
          [
            7.712904,
            46.122831
          ],
          [
            7.712904,
            46.122831
          ],
          [
            7.712904,
            46.122831
          ],
          [
            7.712904,
            46.122831
          ],
          [
            7.712904,
            46.122831
          ],
          [
            7.712904,
            46.122831
          ],
          [
            7.712904,
            46.122831
          ],
          [
            7.712904,
            46.122831
          ],
          [
            7.712904,
            46.122831
          ],
          [
            7.712904,
            46.122831
          ],
          [
            7.712881,
            46.122834
          ],
          [
            7.712898,
            46.122834
          ],
          [
            7.712939,
            46.122834
          ],
          [
            7.712966,
            46.122833
          ],
          [
            7.713026,
            46.12283
          ],
          [
            7.713024,
            46.122831
          ],
          [
            7.713048,
            46.122829
          ],
          [
            7.71307,
            46.122826
          ],
          [
            7.713093,
            46.122826
          ],
          [
            7.713139,
            46.12283
          ],
          [
            7.713147,
            46.122833
          ],
          [
            7.713158,
            46.122831
          ],
          [
            7.713155,
            46.122831
          ],
          [
            7.713172,
            46.122829
          ],
          [
            7.713191,
            46.122826
          ],
          [
            7.713213,
            46.122823
          ],
          [
            7.71322,
            46.122822
          ],
          [
            7.71326,
            46.122819
          ],
          [
            7.713276,
            46.122818
          ],
          [
            7.713312,
            46.122814
          ],
          [
            7.713327,
            46.122814
          ],
          [
            7.713358,
            46.122811
          ],
          [
            7.713371,
            46.12281
          ],
          [
            7.713381,
            46.122811
          ],
          [
            7.713404,
            46.12281
          ],
          [
            7.713422,
            46.122809
          ],
          [
            7.713457,
            46.12281
          ],
          [
            7.713483,
            46.122811
          ],
          [
            7.713497,
            46.122814
          ],
          [
            7.713534,
            46.122812
          ],
          [
            7.713543,
            46.122813
          ],
          [
            7.713567,
            46.122812
          ],
          [
            7.713604,
            46.122813
          ],
          [
            7.713608,
            46.122813
          ],
          [
            7.713626,
            46.122812
          ],
          [
            7.713658,
            46.122812
          ],
          [
            7.713666,
            46.122813
          ],
          [
            7.713678,
            46.122811
          ],
          [
            7.713709,
            46.12281
          ],
          [
            7.713708,
            46.122809
          ],
          [
            7.713738,
            46.122804
          ],
          [
            7.713738,
            46.122805
          ],
          [
            7.713764,
            46.122804
          ],
          [
            7.71378,
            46.122801
          ],
          [
            7.713816,
            46.122799
          ],
          [
            7.713839,
            46.12279
          ],
          [
            7.713851,
            46.122769
          ],
          [
            7.713854,
            46.122765
          ],
          [
            7.713848,
            46.122766
          ],
          [
            7.713842,
            46.122748
          ],
          [
            7.713833,
            46.122726
          ],
          [
            7.713828,
            46.122717
          ],
          [
            7.713812,
            46.122689
          ],
          [
            7.71381,
            46.122681
          ],
          [
            7.713784,
            46.12265
          ],
          [
            7.713778,
            46.122644
          ],
          [
            7.71378,
            46.122643
          ],
          [
            7.713776,
            46.12264
          ],
          [
            7.713773,
            46.122633
          ],
          [
            7.713753,
            46.122607
          ],
          [
            7.713745,
            46.122584
          ],
          [
            7.713734,
            46.122566
          ],
          [
            7.713731,
            46.122561
          ],
          [
            7.713723,
            46.122552
          ],
          [
            7.713715,
            46.122537
          ],
          [
            7.713704,
            46.122509
          ],
          [
            7.713701,
            46.122504
          ],
          [
            7.713693,
            46.122493
          ],
          [
            7.713686,
            46.122486
          ],
          [
            7.713689,
            46.122474
          ],
          [
            7.713672,
            46.122451
          ],
          [
            7.713659,
            46.122445
          ],
          [
            7.713655,
            46.122444
          ],
          [
            7.713643,
            46.122431
          ],
          [
            7.71364,
            46.122427
          ],
          [
            7.713629,
            46.122419
          ],
          [
            7.713604,
            46.122391
          ],
          [
            7.713603,
            46.122391
          ],
          [
            7.7136,
            46.122388
          ],
          [
            7.713583,
            46.122365
          ],
          [
            7.713553,
            46.12233
          ],
          [
            7.713548,
            46.122325
          ],
          [
            7.713532,
            46.122306
          ],
          [
            7.713521,
            46.122301
          ],
          [
            7.713515,
            46.122298
          ],
          [
            7.713508,
            46.122289
          ],
          [
            7.713493,
            46.122276
          ],
          [
            7.713482,
            46.122267
          ],
          [
            7.713462,
            46.122256
          ],
          [
            7.713447,
            46.122245
          ],
          [
            7.713432,
            46.12223
          ],
          [
            7.713413,
            46.122214
          ],
          [
            7.713402,
            46.122203
          ],
          [
            7.713397,
            46.122199
          ],
          [
            7.713391,
            46.122194
          ],
          [
            7.71338,
            46.122187
          ],
          [
            7.713367,
            46.12218
          ],
          [
            7.713359,
            46.122168
          ],
          [
            7.713345,
            46.122157
          ],
          [
            7.713316,
            46.122127
          ],
          [
            7.713313,
            46.12212
          ],
          [
            7.713298,
            46.122097
          ],
          [
            7.713292,
            46.122092
          ],
          [
            7.713276,
            46.122085
          ],
          [
            7.713256,
            46.122071
          ],
          [
            7.713254,
            46.122068
          ],
          [
            7.713248,
            46.122059
          ],
          [
            7.713242,
            46.122048
          ],
          [
            7.713238,
            46.122045
          ],
          [
            7.713229,
            46.122042
          ],
          [
            7.713219,
            46.122037
          ],
          [
            7.713208,
            46.122026
          ],
          [
            7.713208,
            46.122026
          ],
          [
            7.713208,
            46.122026
          ],
          [
            7.713208,
            46.122026
          ],
          [
            7.713203,
            46.122005
          ],
          [
            7.713194,
            46.121994
          ],
          [
            7.713189,
            46.121986
          ],
          [
            7.713176,
            46.121968
          ],
          [
            7.713174,
            46.121962
          ],
          [
            7.713163,
            46.121956
          ],
          [
            7.713164,
            46.121956
          ],
          [
            7.713164,
            46.121953
          ],
          [
            7.713156,
            46.121938
          ],
          [
            7.713143,
            46.121904
          ],
          [
            7.713138,
            46.121895
          ],
          [
            7.713134,
            46.121885
          ],
          [
            7.713122,
            46.121868
          ],
          [
            7.713123,
            46.121861
          ],
          [
            7.713119,
            46.121865
          ],
          [
            7.713115,
            46.121864
          ],
          [
            7.713161,
            46.121872
          ],
          [
            7.713184,
            46.121875
          ],
          [
            7.713193,
            46.121875
          ],
          [
            7.713207,
            46.121876
          ],
          [
            7.713216,
            46.121877
          ],
          [
            7.713232,
            46.121877
          ],
          [
            7.713243,
            46.121878
          ],
          [
            7.713254,
            46.121878
          ],
          [
            7.713287,
            46.121877
          ],
          [
            7.713301,
            46.121874
          ],
          [
            7.713299,
            46.121873
          ],
          [
            7.713322,
            46.121867
          ],
          [
            7.713322,
            46.121867
          ],
          [
            7.713336,
            46.121865
          ],
          [
            7.713385,
            46.12186
          ],
          [
            7.713416,
            46.121859
          ],
          [
            7.71342,
            46.121856
          ],
          [
            7.713455,
            46.121854
          ],
          [
            7.71345,
            46.121853
          ],
          [
            7.713465,
            46.121846
          ],
          [
            7.713477,
            46.121846
          ],
          [
            7.713501,
            46.121843
          ],
          [
            7.713515,
            46.121843
          ],
          [
            7.713536,
            46.121837
          ],
          [
            7.713544,
            46.121835
          ],
          [
            7.713569,
            46.121832
          ],
          [
            7.713569,
            46.121843
          ],
          [
            7.713576,
            46.121846
          ],
          [
            7.713612,
            46.121839
          ],
          [
            7.713617,
            46.12184
          ],
          [
            7.713621,
            46.121839
          ],
          [
            7.713639,
            46.121838
          ],
          [
            7.713689,
            46.121833
          ],
          [
            7.713689,
            46.121834
          ],
          [
            7.713693,
            46.121834
          ],
          [
            7.713702,
            46.121833
          ],
          [
            7.713711,
            46.12183
          ],
          [
            7.713727,
            46.121825
          ],
          [
            7.713727,
            46.121825
          ],
          [
            7.713728,
            46.121825
          ],
          [
            7.713729,
            46.121825
          ],
          [
            7.713737,
            46.121826
          ],
          [
            7.713752,
            46.121824
          ],
          [
            7.713752,
            46.121824
          ],
          [
            7.713765,
            46.121808
          ],
          [
            7.713791,
            46.1218
          ],
          [
            7.713812,
            46.1218
          ],
          [
            7.713826,
            46.121795
          ],
          [
            7.713857,
            46.121793
          ],
          [
            7.713866,
            46.121791
          ],
          [
            7.713874,
            46.121789
          ],
          [
            7.713891,
            46.121788
          ],
          [
            7.713896,
            46.121788
          ],
          [
            7.713914,
            46.121786
          ],
          [
            7.713946,
            46.121775
          ],
          [
            7.713947,
            46.121774
          ],
          [
            7.713947,
            46.121774
          ],
          [
            7.713947,
            46.121774
          ],
          [
            7.713947,
            46.121774
          ],
          [
            7.713976,
            46.121771
          ],
          [
            7.71399,
            46.121765
          ],
          [
            7.714,
            46.121761
          ],
          [
            7.714002,
            46.121759
          ],
          [
            7.714005,
            46.121759
          ],
          [
            7.714048,
            46.121757
          ],
          [
            7.714057,
            46.121756
          ],
          [
            7.714071,
            46.121758
          ],
          [
            7.714088,
            46.121757
          ],
          [
            7.714096,
            46.121758
          ],
          [
            7.714107,
            46.121759
          ],
          [
            7.714117,
            46.121761
          ],
          [
            7.714117,
            46.121761
          ],
          [
            7.71416,
            46.121753
          ],
          [
            7.71417,
            46.12175
          ],
          [
            7.714203,
            46.121742
          ],
          [
            7.714229,
            46.121742
          ],
          [
            7.714224,
            46.121732
          ],
          [
            7.714221,
            46.121724
          ],
          [
            7.714217,
            46.121726
          ],
          [
            7.714215,
            46.121728
          ],
          [
            7.714193,
            46.121714
          ],
          [
            7.714181,
            46.121691
          ],
          [
            7.714176,
            46.121687
          ],
          [
            7.714146,
            46.121668
          ],
          [
            7.714145,
            46.121669
          ],
          [
            7.714123,
            46.121638
          ],
          [
            7.714121,
            46.121633
          ],
          [
            7.714112,
            46.121607
          ],
          [
            7.714112,
            46.121601
          ],
          [
            7.714112,
            46.121601
          ],
          [
            7.714081,
            46.121579
          ],
          [
            7.71407,
            46.121563
          ],
          [
            7.714061,
            46.121552
          ],
          [
            7.714041,
            46.121524
          ],
          [
            7.714037,
            46.121513
          ],
          [
            7.714033,
            46.121507
          ],
          [
            7.71402,
            46.121503
          ],
          [
            7.714021,
            46.121503
          ],
          [
            7.714019,
            46.121497
          ],
          [
            7.714003,
            46.121482
          ],
          [
            7.713978,
            46.121447
          ],
          [
            7.713976,
            46.121445
          ],
          [
            7.713966,
            46.12144
          ],
          [
            7.713961,
            46.121439
          ],
          [
            7.71396,
            46.12144
          ],
          [
            7.713955,
            46.121436
          ],
          [
            7.713955,
            46.121435
          ],
          [
            7.71394,
            46.121405
          ],
          [
            7.713934,
            46.121392
          ],
          [
            7.713932,
            46.121384
          ],
          [
            7.713923,
            46.121368
          ],
          [
            7.713923,
            46.121368
          ],
          [
            7.713921,
            46.121362
          ],
          [
            7.713895,
            46.121328
          ],
          [
            7.713888,
            46.121323
          ],
          [
            7.713856,
            46.121297
          ],
          [
            7.713851,
            46.121292
          ],
          [
            7.713833,
            46.121278
          ],
          [
            7.713827,
            46.121275
          ],
          [
            7.713812,
            46.121262
          ],
          [
            7.713797,
            46.121244
          ],
          [
            7.713791,
            46.121239
          ],
          [
            7.713781,
            46.121228
          ],
          [
            7.713773,
            46.121219
          ],
          [
            7.713769,
            46.121214
          ],
          [
            7.713756,
            46.121194
          ],
          [
            7.713745,
            46.121183
          ],
          [
            7.713735,
            46.121178
          ],
          [
            7.713714,
            46.121162
          ],
          [
            7.71371,
            46.121156
          ],
          [
            7.7137,
            46.121146
          ],
          [
            7.713671,
            46.121121
          ],
          [
            7.713667,
            46.121116
          ],
          [
            7.713652,
            46.121101
          ],
          [
            7.713649,
            46.121093
          ],
          [
            7.713646,
            46.121089
          ],
          [
            7.713619,
            46.121069
          ],
          [
            7.713619,
            46.121069
          ],
          [
            7.713599,
            46.121066
          ],
          [
            7.713588,
            46.121051
          ],
          [
            7.71357,
            46.121031
          ],
          [
            7.713561,
            46.121024
          ],
          [
            7.713553,
            46.121008
          ],
          [
            7.713549,
            46.121005
          ],
          [
            7.713549,
            46.121005
          ],
          [
            7.713549,
            46.121005
          ],
          [
            7.713549,
            46.121005
          ],
          [
            7.713549,
            46.121005
          ],
          [
            7.713549,
            46.121005
          ],
          [
            7.713552,
            46.121001
          ],
          [
            7.713533,
            46.120979
          ],
          [
            7.713521,
            46.120961
          ],
          [
            7.713498,
            46.12093
          ],
          [
            7.71349,
            46.120915
          ],
          [
            7.713491,
            46.120916
          ],
          [
            7.713517,
            46.120933
          ],
          [
            7.713531,
            46.120935
          ],
          [
            7.713541,
            46.120936
          ],
          [
            7.713538,
            46.120934
          ],
          [
            7.713552,
            46.120936
          ],
          [
            7.713592,
            46.120938
          ],
          [
            7.713596,
            46.120937
          ],
          [
            7.7136,
            46.120936
          ],
          [
            7.713604,
            46.120938
          ],
          [
            7.713655,
            46.120934
          ],
          [
            7.713656,
            46.120934
          ],
          [
            7.713655,
            46.120934
          ],
          [
            7.713688,
            46.12093
          ],
          [
            7.713711,
            46.120931
          ],
          [
            7.713715,
            46.120929
          ],
          [
            7.713716,
            46.120927
          ],
          [
            7.713716,
            46.120928
          ],
          [
            7.713737,
            46.120926
          ],
          [
            7.713747,
            46.120928
          ],
          [
            7.713773,
            46.120929
          ],
          [
            7.7138,
            46.120926
          ],
          [
            7.713817,
            46.120928
          ],
          [
            7.713833,
            46.120928
          ],
          [
            7.713833,
            46.120927
          ],
          [
            7.713872,
            46.120927
          ],
          [
            7.71387,
            46.120928
          ],
          [
            7.713893,
            46.120928
          ],
          [
            7.713907,
            46.120925
          ],
          [
            7.713957,
            46.12092
          ],
          [
            7.713958,
            46.12092
          ],
          [
            7.713977,
            46.120923
          ],
          [
            7.714012,
            46.120928
          ],
          [
            7.714015,
            46.120931
          ],
          [
            7.714041,
            46.120927
          ],
          [
            7.714066,
            46.12093
          ],
          [
            7.714093,
            46.120933
          ],
          [
            7.714093,
            46.120933
          ],
          [
            7.714093,
            46.120933
          ],
          [
            7.714094,
            46.120936
          ],
          [
            7.714146,
            46.120938
          ],
          [
            7.714173,
            46.12094
          ],
          [
            7.71418,
            46.120941
          ],
          [
            7.714194,
            46.120937
          ],
          [
            7.71419,
            46.120929
          ],
          [
            7.714195,
            46.120931
          ],
          [
            7.714194,
            46.120931
          ],
          [
            7.71419,
            46.120928
          ],
          [
            7.714182,
            46.120923
          ],
          [
            7.714163,
            46.120912
          ],
          [
            7.714157,
            46.120905
          ],
          [
            7.714154,
            46.1209
          ],
          [
            7.71415,
            46.120894
          ],
          [
            7.714145,
            46.120889
          ],
          [
            7.714141,
            46.120884
          ],
          [
            7.71414,
            46.120884
          ],
          [
            7.714138,
            46.120883
          ],
          [
            7.714137,
            46.12088
          ],
          [
            7.714135,
            46.120875
          ],
          [
            7.714132,
            46.12087
          ],
          [
            7.714125,
            46.120859
          ],
          [
            7.714125,
            46.120859
          ],
          [
            7.714126,
            46.120854
          ],
          [
            7.714125,
            46.120859
          ],
          [
            7.714125,
            46.120859
          ],
          [
            7.714125,
            46.120859
          ],
          [
            7.714125,
            46.120859
          ],
          [
            7.714121,
            46.120844
          ],
          [
            7.714112,
            46.120834
          ],
          [
            7.714097,
            46.120818
          ],
          [
            7.714091,
            46.120812
          ],
          [
            7.714083,
            46.120807
          ],
          [
            7.71408,
            46.120806
          ],
          [
            7.714066,
            46.120792
          ],
          [
            7.714067,
            46.120792
          ],
          [
            7.714067,
            46.120792
          ],
          [
            7.714067,
            46.120792
          ],
          [
            7.714067,
            46.120792
          ],
          [
            7.714074,
            46.12079
          ],
          [
            7.714071,
            46.120773
          ],
          [
            7.714053,
            46.120754
          ],
          [
            7.714042,
            46.120741
          ],
          [
            7.714021,
            46.12072
          ],
          [
            7.714021,
            46.120723
          ],
          [
            7.714,
            46.120705
          ],
          [
            7.713986,
            46.120691
          ],
          [
            7.713958,
            46.120664
          ],
          [
            7.713954,
            46.120661
          ],
          [
            7.71395,
            46.120645
          ],
          [
            7.713906,
            46.120609
          ],
          [
            7.713899,
            46.120602
          ],
          [
            7.713905,
            46.120606
          ],
          [
            7.713913,
            46.120607
          ],
          [
            7.713926,
            46.120603
          ],
          [
            7.713968,
            46.120604
          ],
          [
            7.713967,
            46.120603
          ],
          [
            7.714005,
            46.120601
          ],
          [
            7.714031,
            46.120602
          ],
          [
            7.71404,
            46.120601
          ],
          [
            7.714062,
            46.120601
          ],
          [
            7.714065,
            46.120602
          ],
          [
            7.714065,
            46.120603
          ],
          [
            7.714071,
            46.120601
          ],
          [
            7.714065,
            46.120602
          ],
          [
            7.714065,
            46.120602
          ],
          [
            7.714065,
            46.120602
          ],
          [
            7.714065,
            46.120602
          ],
          [
            7.714065,
            46.120602
          ],
          [
            7.714065,
            46.120602
          ],
          [
            7.714065,
            46.120602
          ],
          [
            7.714065,
            46.120602
          ],
          [
            7.714065,
            46.120602
          ],
          [
            7.714065,
            46.120602
          ],
          [
            7.714065,
            46.120602
          ],
          [
            7.714065,
            46.120602
          ],
          [
            7.714109,
            46.120593
          ],
          [
            7.714151,
            46.120589
          ],
          [
            7.714198,
            46.120586
          ],
          [
            7.714231,
            46.120586
          ],
          [
            7.714261,
            46.120584
          ],
          [
            7.714276,
            46.120583
          ],
          [
            7.714315,
            46.120581
          ],
          [
            7.714325,
            46.12058
          ],
          [
            7.714339,
            46.120578
          ],
          [
            7.714351,
            46.120576
          ],
          [
            7.714357,
            46.120575
          ],
          [
            7.714357,
            46.120575
          ],
          [
            7.714357,
            46.120575
          ],
          [
            7.714371,
            46.120574
          ],
          [
            7.714402,
            46.120568
          ],
          [
            7.714413,
            46.120563
          ],
          [
            7.714399,
            46.120568
          ],
          [
            7.714458,
            46.120552
          ],
          [
            7.714475,
            46.120553
          ],
          [
            7.714479,
            46.120552
          ],
          [
            7.714482,
            46.120552
          ],
          [
            7.714517,
            46.120552
          ],
          [
            7.714528,
            46.120552
          ],
          [
            7.714529,
            46.120552
          ],
          [
            7.714529,
            46.120552
          ],
          [
            7.714529,
            46.120552
          ],
          [
            7.714568,
            46.120554
          ],
          [
            7.714593,
            46.120555
          ],
          [
            7.714595,
            46.120558
          ],
          [
            7.714593,
            46.120559
          ],
          [
            7.714624,
            46.120559
          ],
          [
            7.714652,
            46.120558
          ],
          [
            7.71466,
            46.120557
          ],
          [
            7.714652,
            46.120558
          ],
          [
            7.714656,
            46.120556
          ],
          [
            7.714674,
            46.120556
          ],
          [
            7.71468,
            46.120555
          ],
          [
            7.714698,
            46.120558
          ],
          [
            7.7147,
            46.120558
          ],
          [
            7.714725,
            46.120559
          ],
          [
            7.714741,
            46.120557
          ],
          [
            7.714756,
            46.120555
          ],
          [
            7.714782,
            46.120555
          ],
          [
            7.714816,
            46.120558
          ],
          [
            7.714812,
            46.120556
          ],
          [
            7.714809,
            46.120553
          ],
          [
            7.714815,
            46.120543
          ],
          [
            7.71479,
            46.120534
          ],
          [
            7.714774,
            46.120525
          ],
          [
            7.714771,
            46.120521
          ],
          [
            7.714753,
            46.12049
          ],
          [
            7.714728,
            46.120481
          ],
          [
            7.714722,
            46.120478
          ],
          [
            7.714715,
            46.120474
          ],
          [
            7.714714,
            46.120471
          ],
          [
            7.714733,
            46.120456
          ],
          [
            7.714739,
            46.120446
          ],
          [
            7.714744,
            46.120435
          ],
          [
            7.714761,
            46.120429
          ],
          [
            7.714778,
            46.120426
          ],
          [
            7.714777,
            46.120426
          ],
          [
            7.714793,
            46.120424
          ],
          [
            7.714799,
            46.12042
          ],
          [
            7.714799,
            46.120419
          ],
          [
            7.714834,
            46.120416
          ],
          [
            7.714848,
            46.120415
          ],
          [
            7.714859,
            46.12042
          ],
          [
            7.714875,
            46.120424
          ],
          [
            7.714894,
            46.120421
          ],
          [
            7.714913,
            46.120419
          ],
          [
            7.714945,
            46.120413
          ],
          [
            7.714967,
            46.120411
          ],
          [
            7.714975,
            46.120413
          ],
          [
            7.714996,
            46.120411
          ],
          [
            7.715025,
            46.120405
          ],
          [
            7.715028,
            46.120405
          ],
          [
            7.715067,
            46.120405
          ],
          [
            7.715098,
            46.120406
          ],
          [
            7.715098,
            46.120406
          ],
          [
            7.715148,
            46.120406
          ],
          [
            7.715188,
            46.120413
          ],
          [
            7.71519,
            46.120414
          ],
          [
            7.715208,
            46.120416
          ],
          [
            7.715267,
            46.120421
          ],
          [
            7.715274,
            46.120419
          ],
          [
            7.715302,
            46.120421
          ],
          [
            7.715313,
            46.12042
          ],
          [
            7.71531,
            46.12042
          ],
          [
            7.715312,
            46.120419
          ],
          [
            7.715312,
            46.120419
          ],
          [
            7.715348,
            46.120421
          ],
          [
            7.715351,
            46.120423
          ],
          [
            7.715366,
            46.120426
          ],
          [
            7.715376,
            46.120426
          ],
          [
            7.715402,
            46.120429
          ],
          [
            7.715402,
            46.120429
          ],
          [
            7.715406,
            46.12043
          ],
          [
            7.715433,
            46.120429
          ],
          [
            7.715445,
            46.120429
          ],
          [
            7.715458,
            46.120422
          ],
          [
            7.715472,
            46.120418
          ],
          [
            7.715485,
            46.120405
          ],
          [
            7.715488,
            46.120404
          ],
          [
            7.715496,
            46.120401
          ],
          [
            7.715497,
            46.120403
          ],
          [
            7.715532,
            46.120397
          ],
          [
            7.715551,
            46.120395
          ],
          [
            7.715562,
            46.120395
          ],
          [
            7.7156,
            46.120395
          ],
          [
            7.715611,
            46.120396
          ],
          [
            7.715626,
            46.120396
          ],
          [
            7.715642,
            46.120394
          ],
          [
            7.715678,
            46.120395
          ],
          [
            7.715692,
            46.120396
          ],
          [
            7.715714,
            46.120396
          ],
          [
            7.715728,
            46.120399
          ],
          [
            7.715741,
            46.1204
          ],
          [
            7.715784,
            46.120401
          ],
          [
            7.715819,
            46.120402
          ],
          [
            7.715829,
            46.120399
          ],
          [
            7.715856,
            46.120394
          ],
          [
            7.715876,
            46.120394
          ],
          [
            7.715897,
            46.120394
          ],
          [
            7.715913,
            46.120392
          ],
          [
            7.715921,
            46.120395
          ],
          [
            7.715952,
            46.120406
          ],
          [
            7.716001,
            46.120409
          ],
          [
            7.716015,
            46.120404
          ],
          [
            7.716052,
            46.120395
          ],
          [
            7.716113,
            46.120388
          ],
          [
            7.716121,
            46.120385
          ],
          [
            7.716138,
            46.120386
          ],
          [
            7.716161,
            46.120374
          ],
          [
            7.716169,
            46.120363
          ],
          [
            7.71618,
            46.120329
          ],
          [
            7.716173,
            46.12029
          ],
          [
            7.716168,
            46.12029
          ],
          [
            7.716138,
            46.120256
          ],
          [
            7.716141,
            46.120256
          ],
          [
            7.716134,
            46.120223
          ],
          [
            7.716128,
            46.120215
          ],
          [
            7.716128,
            46.120213
          ],
          [
            7.716124,
            46.120192
          ],
          [
            7.716123,
            46.12018
          ],
          [
            7.716129,
            46.120171
          ],
          [
            7.716131,
            46.120166
          ],
          [
            7.716127,
            46.120154
          ],
          [
            7.716124,
            46.120133
          ],
          [
            7.716121,
            46.120124
          ],
          [
            7.71612,
            46.120118
          ],
          [
            7.716118,
            46.12011
          ],
          [
            7.716115,
            46.120091
          ],
          [
            7.716114,
            46.120081
          ],
          [
            7.716113,
            46.120075
          ],
          [
            7.716104,
            46.120058
          ],
          [
            7.716105,
            46.120045
          ],
          [
            7.716091,
            46.120036
          ],
          [
            7.716063,
            46.120032
          ],
          [
            7.716056,
            46.120021
          ],
          [
            7.716051,
            46.12001
          ],
          [
            7.716053,
            46.120004
          ],
          [
            7.716052,
            46.119999
          ],
          [
            7.71602,
            46.119963
          ],
          [
            7.716018,
            46.119959
          ],
          [
            7.715999,
            46.119918
          ],
          [
            7.715994,
            46.119906
          ],
          [
            7.715978,
            46.119896
          ],
          [
            7.715968,
            46.11989
          ],
          [
            7.715962,
            46.119887
          ],
          [
            7.715961,
            46.119885
          ],
          [
            7.715962,
            46.119861
          ],
          [
            7.71596,
            46.119833
          ],
          [
            7.715937,
            46.11981
          ],
          [
            7.715932,
            46.119804
          ],
          [
            7.715923,
            46.119791
          ],
          [
            7.715923,
            46.119789
          ],
          [
            7.715921,
            46.119782
          ],
          [
            7.715919,
            46.119779
          ],
          [
            7.715915,
            46.119769
          ],
          [
            7.71591,
            46.119759
          ],
          [
            7.715906,
            46.119753
          ],
          [
            7.715883,
            46.119732
          ],
          [
            7.715877,
            46.119729
          ],
          [
            7.715875,
            46.119716
          ],
          [
            7.715869,
            46.119702
          ],
          [
            7.715862,
            46.119689
          ],
          [
            7.715854,
            46.119677
          ],
          [
            7.715844,
            46.119655
          ],
          [
            7.715842,
            46.119646
          ],
          [
            7.715841,
            46.11964
          ],
          [
            7.715838,
            46.119637
          ],
          [
            7.715838,
            46.119631
          ],
          [
            7.715829,
            46.119618
          ],
          [
            7.715823,
            46.119608
          ],
          [
            7.715818,
            46.119601
          ],
          [
            7.715816,
            46.119598
          ],
          [
            7.715809,
            46.119594
          ],
          [
            7.715806,
            46.119589
          ],
          [
            7.71579,
            46.119552
          ],
          [
            7.71579,
            46.119546
          ],
          [
            7.715763,
            46.119506
          ],
          [
            7.715761,
            46.119505
          ],
          [
            7.715753,
            46.119494
          ],
          [
            7.715741,
            46.119463
          ],
          [
            7.715741,
            46.119463
          ],
          [
            7.715738,
            46.119456
          ],
          [
            7.715736,
            46.119456
          ],
          [
            7.71573,
            46.119452
          ],
          [
            7.715725,
            46.119448
          ],
          [
            7.715723,
            46.119445
          ],
          [
            7.715712,
            46.119435
          ],
          [
            7.715694,
            46.119427
          ],
          [
            7.71569,
            46.119422
          ],
          [
            7.715675,
            46.119412
          ],
          [
            7.715669,
            46.119407
          ],
          [
            7.715663,
            46.119397
          ],
          [
            7.715642,
            46.119362
          ],
          [
            7.715634,
            46.11935
          ],
          [
            7.715634,
            46.11935
          ],
          [
            7.715635,
            46.119353
          ],
          [
            7.715626,
            46.119338
          ],
          [
            7.715603,
            46.119309
          ],
          [
            7.7156,
            46.1193
          ],
          [
            7.715599,
            46.119298
          ],
          [
            7.715587,
            46.119286
          ],
          [
            7.715582,
            46.119277
          ],
          [
            7.715574,
            46.119265
          ],
          [
            7.715573,
            46.119259
          ],
          [
            7.715569,
            46.119252
          ],
          [
            7.715569,
            46.119251
          ],
          [
            7.71557,
            46.119249
          ],
          [
            7.715556,
            46.11923
          ],
          [
            7.715543,
            46.119213
          ],
          [
            7.715537,
            46.119177
          ],
          [
            7.715534,
            46.11918
          ],
          [
            7.715536,
            46.119184
          ],
          [
            7.715536,
            46.119182
          ],
          [
            7.715539,
            46.119181
          ],
          [
            7.715547,
            46.119173
          ],
          [
            7.715553,
            46.119168
          ],
          [
            7.715584,
            46.119158
          ],
          [
            7.715588,
            46.119153
          ],
          [
            7.715607,
            46.119143
          ],
          [
            7.715622,
            46.119138
          ],
          [
            7.715633,
            46.119138
          ],
          [
            7.715642,
            46.119138
          ],
          [
            7.715672,
            46.119133
          ],
          [
            7.715678,
            46.119134
          ],
          [
            7.715722,
            46.119125
          ],
          [
            7.71575,
            46.119116
          ],
          [
            7.71576,
            46.119114
          ],
          [
            7.715797,
            46.119107
          ],
          [
            7.715807,
            46.119102
          ],
          [
            7.715815,
            46.119097
          ],
          [
            7.715826,
            46.119093
          ],
          [
            7.715841,
            46.119086
          ],
          [
            7.715854,
            46.119081
          ],
          [
            7.715871,
            46.119072
          ],
          [
            7.71588,
            46.11907
          ],
          [
            7.715909,
            46.119059
          ],
          [
            7.715935,
            46.119054
          ],
          [
            7.715939,
            46.119054
          ],
          [
            7.715967,
            46.119041
          ],
          [
            7.715988,
            46.119035
          ],
          [
            7.716004,
            46.119032
          ],
          [
            7.716015,
            46.119028
          ],
          [
            7.716043,
            46.119017
          ],
          [
            7.716044,
            46.119015
          ],
          [
            7.716044,
            46.119015
          ],
          [
            7.716056,
            46.11901
          ],
          [
            7.7161,
            46.118997
          ],
          [
            7.716096,
            46.118996
          ],
          [
            7.716121,
            46.118991
          ],
          [
            7.716148,
            46.118984
          ],
          [
            7.716177,
            46.118975
          ],
          [
            7.716187,
            46.118968
          ],
          [
            7.716197,
            46.118963
          ],
          [
            7.716231,
            46.11895
          ],
          [
            7.716241,
            46.118949
          ],
          [
            7.716264,
            46.118949
          ],
          [
            7.716278,
            46.118948
          ],
          [
            7.716289,
            46.118948
          ],
          [
            7.716291,
            46.118949
          ],
          [
            7.716304,
            46.118946
          ],
          [
            7.716329,
            46.11894
          ],
          [
            7.716347,
            46.118933
          ],
          [
            7.716383,
            46.118922
          ],
          [
            7.716388,
            46.11892
          ],
          [
            7.716418,
            46.118916
          ],
          [
            7.716447,
            46.11891
          ],
          [
            7.716457,
            46.118904
          ],
          [
            7.716469,
            46.118902
          ],
          [
            7.716475,
            46.1189
          ],
          [
            7.716488,
            46.118898
          ],
          [
            7.716516,
            46.118891
          ],
          [
            7.716517,
            46.118892
          ],
          [
            7.716551,
            46.118888
          ],
          [
            7.71656,
            46.118885
          ],
          [
            7.716595,
            46.118879
          ],
          [
            7.716592,
            46.118879
          ],
          [
            7.716602,
            46.11888
          ],
          [
            7.716614,
            46.11888
          ],
          [
            7.716619,
            46.118879
          ],
          [
            7.716633,
            46.118881
          ],
          [
            7.716659,
            46.118879
          ],
          [
            7.716685,
            46.118875
          ],
          [
            7.716695,
            46.118865
          ],
          [
            7.716699,
            46.118843
          ],
          [
            7.716701,
            46.118831
          ],
          [
            7.716698,
            46.118811
          ],
          [
            7.716694,
            46.118802
          ],
          [
            7.716686,
            46.118778
          ],
          [
            7.716683,
            46.118773
          ],
          [
            7.716674,
            46.118758
          ],
          [
            7.716673,
            46.118744
          ],
          [
            7.716668,
            46.118724
          ],
          [
            7.716667,
            46.118717
          ],
          [
            7.716653,
            46.118678
          ],
          [
            7.716642,
            46.118647
          ],
          [
            7.716637,
            46.118613
          ],
          [
            7.716631,
            46.118606
          ],
          [
            7.716622,
            46.118596
          ],
          [
            7.71662,
            46.11858
          ],
          [
            7.716615,
            46.118563
          ],
          [
            7.716614,
            46.118557
          ],
          [
            7.716604,
            46.118533
          ],
          [
            7.7166,
            46.118531
          ],
          [
            7.716587,
            46.11852
          ],
          [
            7.716582,
            46.118509
          ],
          [
            7.71658,
            46.118505
          ],
          [
            7.716573,
            46.118495
          ],
          [
            7.716571,
            46.11849
          ],
          [
            7.716571,
            46.118488
          ],
          [
            7.716564,
            46.118468
          ],
          [
            7.716562,
            46.118464
          ],
          [
            7.716556,
            46.118457
          ],
          [
            7.716548,
            46.118448
          ],
          [
            7.716537,
            46.118433
          ],
          [
            7.716532,
            46.118425
          ],
          [
            7.71653,
            46.118419
          ],
          [
            7.716528,
            46.118417
          ],
          [
            7.716523,
            46.118405
          ],
          [
            7.716516,
            46.118386
          ],
          [
            7.716487,
            46.118357
          ],
          [
            7.716481,
            46.118355
          ],
          [
            7.71645,
            46.118321
          ],
          [
            7.71644,
            46.118313
          ],
          [
            7.716434,
            46.118301
          ],
          [
            7.716421,
            46.118284
          ],
          [
            7.716401,
            46.118267
          ],
          [
            7.716388,
            46.118254
          ],
          [
            7.716384,
            46.118251
          ],
          [
            7.716378,
            46.118247
          ],
          [
            7.716377,
            46.118245
          ],
          [
            7.716338,
            46.118213
          ],
          [
            7.716333,
            46.11821
          ],
          [
            7.71631,
            46.118197
          ],
          [
            7.716305,
            46.118191
          ],
          [
            7.716293,
            46.118182
          ],
          [
            7.716288,
            46.118178
          ],
          [
            7.716278,
            46.118171
          ],
          [
            7.71628,
            46.118171
          ],
          [
            7.71628,
            46.118171
          ],
          [
            7.71627,
            46.118168
          ],
          [
            7.716252,
            46.118159
          ],
          [
            7.71623,
            46.118151
          ],
          [
            7.716203,
            46.118144
          ],
          [
            7.716196,
            46.118134
          ],
          [
            7.716206,
            46.118125
          ],
          [
            7.716209,
            46.118116
          ],
          [
            7.716215,
            46.118114
          ],
          [
            7.716214,
            46.118108
          ],
          [
            7.716215,
            46.118108
          ],
          [
            7.716238,
            46.118079
          ],
          [
            7.716237,
            46.11808
          ],
          [
            7.716241,
            46.118073
          ],
          [
            7.716234,
            46.118037
          ],
          [
            7.716232,
            46.118035
          ],
          [
            7.716213,
            46.118022
          ],
          [
            7.716192,
            46.118021
          ],
          [
            7.716164,
            46.118019
          ],
          [
            7.716162,
            46.118016
          ],
          [
            7.71612,
            46.118007
          ],
          [
            7.716106,
            46.118002
          ],
          [
            7.716098,
            46.118
          ],
          [
            7.716092,
            46.117998
          ],
          [
            7.716089,
            46.117998
          ],
          [
            7.716086,
            46.117998
          ],
          [
            7.716092,
            46.117998
          ],
          [
            7.716092,
            46.117998
          ],
          [
            7.716092,
            46.117998
          ],
          [
            7.716092,
            46.117998
          ],
          [
            7.716089,
            46.117996
          ],
          [
            7.71608,
            46.117996
          ],
          [
            7.716073,
            46.117993
          ],
          [
            7.716047,
            46.11799
          ],
          [
            7.716021,
            46.117988
          ],
          [
            7.716018,
            46.117988
          ],
          [
            7.716011,
            46.117988
          ],
          [
            7.716004,
            46.117989
          ],
          [
            7.71599,
            46.117989
          ],
          [
            7.715978,
            46.11799
          ],
          [
            7.715976,
            46.117992
          ],
          [
            7.715969,
            46.117992
          ],
          [
            7.715951,
            46.117993
          ],
          [
            7.715944,
            46.117993
          ],
          [
            7.715936,
            46.117992
          ],
          [
            7.71593,
            46.117991
          ],
          [
            7.715922,
            46.117991
          ],
          [
            7.715917,
            46.117992
          ],
          [
            7.715888,
            46.117991
          ],
          [
            7.715863,
            46.11799
          ],
          [
            7.71585,
            46.117992
          ],
          [
            7.715846,
            46.117995
          ],
          [
            7.715809,
            46.117997
          ],
          [
            7.715802,
            46.117997
          ],
          [
            7.715776,
            46.117993
          ],
          [
            7.715758,
            46.117993
          ],
          [
            7.715754,
            46.117993
          ],
          [
            7.715749,
            46.117993
          ],
          [
            7.715719,
            46.11799
          ],
          [
            7.71571,
            46.11799
          ],
          [
            7.715699,
            46.117991
          ],
          [
            7.715674,
            46.117992
          ],
          [
            7.715672,
            46.117991
          ],
          [
            7.715645,
            46.117993
          ],
          [
            7.715628,
            46.117993
          ],
          [
            7.715621,
            46.117997
          ],
          [
            7.715613,
            46.117997
          ],
          [
            7.715613,
            46.117997
          ],
          [
            7.715581,
            46.117994
          ],
          [
            7.715562,
            46.117992
          ],
          [
            7.715547,
            46.117991
          ],
          [
            7.715528,
            46.117988
          ],
          [
            7.715517,
            46.117988
          ],
          [
            7.715505,
            46.117986
          ],
          [
            7.715462,
            46.11798
          ],
          [
            7.715422,
            46.117979
          ],
          [
            7.715407,
            46.117977
          ],
          [
            7.715396,
            46.117973
          ],
          [
            7.715382,
            46.117961
          ],
          [
            7.715378,
            46.117954
          ],
          [
            7.715393,
            46.117933
          ],
          [
            7.715398,
            46.11793
          ],
          [
            7.715407,
            46.117932
          ],
          [
            7.715407,
            46.117932
          ],
          [
            7.715407,
            46.117932
          ],
          [
            7.715407,
            46.117932
          ],
          [
            7.715416,
            46.117936
          ],
          [
            7.715459,
            46.117925
          ],
          [
            7.715514,
            46.117897
          ],
          [
            7.715542,
            46.117873
          ],
          [
            7.715534,
            46.117873
          ],
          [
            7.715534,
            46.117873
          ],
          [
            7.715534,
            46.117873
          ],
          [
            7.715534,
            46.117873
          ],
          [
            7.715534,
            46.117873
          ],
          [
            7.715534,
            46.117873
          ],
          [
            7.715534,
            46.117873
          ],
          [
            7.715534,
            46.117873
          ],
          [
            7.715534,
            46.117873
          ],
          [
            7.715534,
            46.117873
          ],
          [
            7.715534,
            46.117873
          ],
          [
            7.715534,
            46.117873
          ],
          [
            7.715534,
            46.117873
          ],
          [
            7.715534,
            46.117873
          ],
          [
            7.715534,
            46.117873
          ],
          [
            7.715534,
            46.117873
          ],
          [
            7.715534,
            46.117873
          ],
          [
            7.715534,
            46.117873
          ],
          [
            7.715534,
            46.117873
          ],
          [
            7.715534,
            46.117873
          ],
          [
            7.715534,
            46.117873
          ],
          [
            7.715534,
            46.117873
          ],
          [
            7.715534,
            46.117873
          ],
          [
            7.715534,
            46.117873
          ],
          [
            7.715534,
            46.117873
          ],
          [
            7.715526,
            46.11786
          ],
          [
            7.715526,
            46.11786
          ],
          [
            7.715525,
            46.117856
          ],
          [
            7.715533,
            46.117847
          ],
          [
            7.715533,
            46.117843
          ],
          [
            7.715526,
            46.117838
          ],
          [
            7.715517,
            46.117839
          ],
          [
            7.715517,
            46.11784
          ],
          [
            7.715516,
            46.11784
          ],
          [
            7.715516,
            46.117839
          ],
          [
            7.715524,
            46.117841
          ],
          [
            7.71553,
            46.117853
          ],
          [
            7.71553,
            46.117853
          ],
          [
            7.71553,
            46.117853
          ],
          [
            7.71553,
            46.117853
          ],
          [
            7.71553,
            46.117853
          ],
          [
            7.71553,
            46.117853
          ],
          [
            7.71553,
            46.117853
          ],
          [
            7.71553,
            46.117853
          ],
          [
            7.71553,
            46.117853
          ],
          [
            7.71553,
            46.117853
          ],
          [
            7.71553,
            46.117853
          ],
          [
            7.71553,
            46.117853
          ],
          [
            7.71553,
            46.117853
          ],
          [
            7.71553,
            46.117853
          ],
          [
            7.71553,
            46.117853
          ],
          [
            7.71553,
            46.117853
          ],
          [
            7.715528,
            46.117854
          ],
          [
            7.715526,
            46.117855
          ],
          [
            7.715521,
            46.117855
          ],
          [
            7.715525,
            46.117853
          ],
          [
            7.71553,
            46.117853
          ],
          [
            7.71553,
            46.117853
          ],
          [
            7.71553,
            46.117843
          ],
          [
            7.715527,
            46.117852
          ],
          [
            7.715527,
            46.117854
          ],
          [
            7.71553,
            46.117853
          ],
          [
            7.71553,
            46.117853
          ],
          [
            7.71553,
            46.117853
          ],
          [
            7.71553,
            46.117853
          ],
          [
            7.71553,
            46.117853
          ],
          [
            7.71553,
            46.117853
          ],
          [
            7.71553,
            46.117853
          ],
          [
            7.71553,
            46.117853
          ],
          [
            7.71553,
            46.117853
          ],
          [
            7.71553,
            46.117853
          ],
          [
            7.71553,
            46.117853
          ],
          [
            7.71553,
            46.117853
          ],
          [
            7.71553,
            46.117853
          ],
          [
            7.71553,
            46.117853
          ],
          [
            7.71553,
            46.117853
          ],
          [
            7.715517,
            46.117864
          ],
          [
            7.71553,
            46.117853
          ],
          [
            7.71553,
            46.117853
          ],
          [
            7.71553,
            46.117853
          ],
          [
            7.71553,
            46.117853
          ],
          [
            7.71553,
            46.117853
          ],
          [
            7.71553,
            46.117853
          ],
          [
            7.71553,
            46.117853
          ],
          [
            7.71553,
            46.117853
          ],
          [
            7.71553,
            46.117853
          ],
          [
            7.71553,
            46.117853
          ],
          [
            7.71553,
            46.117853
          ],
          [
            7.71553,
            46.117853
          ],
          [
            7.71553,
            46.117853
          ],
          [
            7.71553,
            46.117853
          ],
          [
            7.71553,
            46.117853
          ],
          [
            7.71553,
            46.117853
          ],
          [
            7.71553,
            46.117853
          ],
          [
            7.71553,
            46.117853
          ],
          [
            7.71553,
            46.117853
          ],
          [
            7.71553,
            46.117853
          ],
          [
            7.71553,
            46.117853
          ],
          [
            7.71553,
            46.117853
          ],
          [
            7.71553,
            46.117853
          ],
          [
            7.71553,
            46.117853
          ],
          [
            7.71553,
            46.117853
          ],
          [
            7.71553,
            46.117853
          ],
          [
            7.71553,
            46.117853
          ],
          [
            7.71553,
            46.117853
          ],
          [
            7.71553,
            46.117853
          ],
          [
            7.71553,
            46.117853
          ],
          [
            7.71553,
            46.117853
          ],
          [
            7.715518,
            46.117871
          ],
          [
            7.715518,
            46.117871
          ],
          [
            7.715518,
            46.117871
          ],
          [
            7.715518,
            46.117871
          ],
          [
            7.715518,
            46.117871
          ],
          [
            7.715518,
            46.117871
          ],
          [
            7.715518,
            46.117871
          ],
          [
            7.715518,
            46.117871
          ],
          [
            7.715518,
            46.117871
          ],
          [
            7.715518,
            46.117871
          ],
          [
            7.715518,
            46.117871
          ],
          [
            7.715518,
            46.117871
          ],
          [
            7.715518,
            46.117871
          ],
          [
            7.715518,
            46.117871
          ],
          [
            7.715518,
            46.117871
          ],
          [
            7.715518,
            46.117871
          ],
          [
            7.715518,
            46.117871
          ],
          [
            7.715518,
            46.117871
          ],
          [
            7.715518,
            46.117871
          ],
          [
            7.715518,
            46.117871
          ],
          [
            7.715518,
            46.117871
          ],
          [
            7.715518,
            46.117871
          ],
          [
            7.715518,
            46.117871
          ],
          [
            7.715518,
            46.117871
          ],
          [
            7.715518,
            46.117871
          ],
          [
            7.715518,
            46.117871
          ],
          [
            7.715518,
            46.117871
          ],
          [
            7.715518,
            46.117871
          ],
          [
            7.715518,
            46.117871
          ],
          [
            7.715518,
            46.117871
          ],
          [
            7.715518,
            46.117871
          ],
          [
            7.715521,
            46.117852
          ],
          [
            7.715521,
            46.117852
          ],
          [
            7.715521,
            46.117852
          ],
          [
            7.715521,
            46.117852
          ],
          [
            7.715515,
            46.117846
          ],
          [
            7.715509,
            46.117851
          ],
          [
            7.715512,
            46.117855
          ],
          [
            7.715521,
            46.117852
          ],
          [
            7.715529,
            46.117841
          ],
          [
            7.715521,
            46.117852
          ],
          [
            7.715521,
            46.117852
          ],
          [
            7.715521,
            46.117852
          ],
          [
            7.715521,
            46.117852
          ],
          [
            7.715521,
            46.117852
          ],
          [
            7.715521,
            46.117852
          ],
          [
            7.715491,
            46.117838
          ],
          [
            7.715496,
            46.117834
          ],
          [
            7.715495,
            46.117835
          ],
          [
            7.715495,
            46.117835
          ],
          [
            7.715495,
            46.117835
          ],
          [
            7.715522,
            46.117847
          ],
          [
            7.715522,
            46.11785
          ],
          [
            7.715523,
            46.117855
          ],
          [
            7.715511,
            46.11786
          ],
          [
            7.7155,
            46.117864
          ],
          [
            7.715501,
            46.117864
          ],
          [
            7.71551,
            46.11787
          ],
          [
            7.71556,
            46.117847
          ],
          [
            7.715535,
            46.117833
          ],
          [
            7.715479,
            46.117807
          ],
          [
            7.71546,
            46.11779
          ],
          [
            7.715439,
            46.117781
          ],
          [
            7.715418,
            46.117781
          ],
          [
            7.715397,
            46.117789
          ],
          [
            7.715365,
            46.117804
          ],
          [
            7.715347,
            46.117813
          ],
          [
            7.715316,
            46.117824
          ],
          [
            7.715307,
            46.117828
          ],
          [
            7.715301,
            46.11783
          ],
          [
            7.715293,
            46.117831
          ],
          [
            7.715292,
            46.117831
          ],
          [
            7.715261,
            46.117845
          ],
          [
            7.715252,
            46.117847
          ],
          [
            7.715241,
            46.117853
          ],
          [
            7.715235,
            46.117852
          ],
          [
            7.715231,
            46.117854
          ],
          [
            7.715224,
            46.117855
          ],
          [
            7.715199,
            46.117872
          ],
          [
            7.715198,
            46.117876
          ],
          [
            7.715198,
            46.117876
          ],
          [
            7.715172,
            46.117895
          ],
          [
            7.715167,
            46.1179
          ],
          [
            7.715153,
            46.117904
          ],
          [
            7.715139,
            46.117906
          ],
          [
            7.715099,
            46.117911
          ],
          [
            7.715091,
            46.117914
          ],
          [
            7.71506,
            46.117936
          ],
          [
            7.715055,
            46.117936
          ],
          [
            7.715052,
            46.117937
          ],
          [
            7.715055,
            46.117936
          ],
          [
            7.715055,
            46.117936
          ],
          [
            7.715055,
            46.117936
          ],
          [
            7.71502,
            46.117938
          ],
          [
            7.715005,
            46.11794
          ],
          [
            7.714996,
            46.117938
          ],
          [
            7.714986,
            46.117936
          ],
          [
            7.714982,
            46.117935
          ],
          [
            7.714967,
            46.117932
          ],
          [
            7.714962,
            46.117929
          ],
          [
            7.71496,
            46.117929
          ],
          [
            7.714954,
            46.11793
          ],
          [
            7.714949,
            46.11792
          ],
          [
            7.714932,
            46.117915
          ],
          [
            7.714932,
            46.117915
          ],
          [
            7.714932,
            46.117915
          ],
          [
            7.714927,
            46.11791
          ],
          [
            7.714932,
            46.117915
          ],
          [
            7.714932,
            46.117915
          ],
          [
            7.714927,
            46.11791
          ],
          [
            7.714932,
            46.117915
          ],
          [
            7.714932,
            46.117915
          ],
          [
            7.714932,
            46.117915
          ],
          [
            7.714932,
            46.117915
          ],
          [
            7.714932,
            46.117915
          ],
          [
            7.714932,
            46.117915
          ],
          [
            7.714932,
            46.117915
          ],
          [
            7.714932,
            46.117915
          ],
          [
            7.714932,
            46.117915
          ],
          [
            7.714932,
            46.117915
          ],
          [
            7.714932,
            46.117915
          ],
          [
            7.714932,
            46.117915
          ],
          [
            7.714932,
            46.117915
          ],
          [
            7.714932,
            46.117915
          ],
          [
            7.714932,
            46.117915
          ],
          [
            7.714932,
            46.117915
          ],
          [
            7.714932,
            46.117915
          ],
          [
            7.714932,
            46.117915
          ],
          [
            7.714932,
            46.117915
          ],
          [
            7.714932,
            46.117915
          ],
          [
            7.714932,
            46.117915
          ],
          [
            7.714932,
            46.117915
          ],
          [
            7.714932,
            46.117915
          ],
          [
            7.714932,
            46.117915
          ],
          [
            7.714932,
            46.117915
          ],
          [
            7.714932,
            46.117915
          ],
          [
            7.714932,
            46.117915
          ],
          [
            7.714932,
            46.117915
          ],
          [
            7.714932,
            46.117915
          ],
          [
            7.714932,
            46.117915
          ],
          [
            7.714927,
            46.117902
          ],
          [
            7.714926,
            46.117901
          ],
          [
            7.714927,
            46.117902
          ],
          [
            7.714927,
            46.117902
          ],
          [
            7.714927,
            46.117902
          ],
          [
            7.714927,
            46.117902
          ],
          [
            7.714927,
            46.117902
          ],
          [
            7.714927,
            46.117902
          ],
          [
            7.714927,
            46.117902
          ],
          [
            7.714927,
            46.117902
          ],
          [
            7.714927,
            46.117902
          ],
          [
            7.714927,
            46.117902
          ],
          [
            7.714927,
            46.117902
          ],
          [
            7.714927,
            46.117902
          ],
          [
            7.714927,
            46.117902
          ],
          [
            7.714927,
            46.117902
          ],
          [
            7.714927,
            46.117902
          ],
          [
            7.714927,
            46.117902
          ],
          [
            7.714927,
            46.117902
          ],
          [
            7.714927,
            46.117902
          ],
          [
            7.714927,
            46.117902
          ],
          [
            7.714927,
            46.117902
          ],
          [
            7.714927,
            46.117902
          ],
          [
            7.714927,
            46.117902
          ],
          [
            7.714927,
            46.117902
          ],
          [
            7.714927,
            46.117902
          ],
          [
            7.714927,
            46.117902
          ],
          [
            7.714927,
            46.117902
          ],
          [
            7.714927,
            46.117902
          ],
          [
            7.714927,
            46.117902
          ],
          [
            7.714927,
            46.117902
          ],
          [
            7.714927,
            46.117902
          ],
          [
            7.714927,
            46.117902
          ],
          [
            7.714927,
            46.117902
          ],
          [
            7.714927,
            46.117902
          ],
          [
            7.714927,
            46.117902
          ],
          [
            7.714927,
            46.117902
          ],
          [
            7.714927,
            46.117902
          ],
          [
            7.714927,
            46.117902
          ],
          [
            7.714927,
            46.117902
          ],
          [
            7.714927,
            46.117902
          ],
          [
            7.714927,
            46.117902
          ],
          [
            7.714942,
            46.117902
          ],
          [
            7.714951,
            46.117892
          ],
          [
            7.714951,
            46.117892
          ],
          [
            7.714951,
            46.117892
          ],
          [
            7.714951,
            46.117892
          ],
          [
            7.714951,
            46.117892
          ],
          [
            7.714951,
            46.117892
          ],
          [
            7.714951,
            46.117892
          ],
          [
            7.714951,
            46.117892
          ],
          [
            7.714912,
            46.117875
          ],
          [
            7.714903,
            46.117873
          ],
          [
            7.714903,
            46.117873
          ],
          [
            7.714903,
            46.117873
          ],
          [
            7.714903,
            46.117873
          ],
          [
            7.714903,
            46.117873
          ],
          [
            7.714903,
            46.117873
          ],
          [
            7.714903,
            46.117873
          ],
          [
            7.714903,
            46.117873
          ],
          [
            7.714903,
            46.117873
          ],
          [
            7.714903,
            46.117873
          ],
          [
            7.714903,
            46.117873
          ],
          [
            7.714903,
            46.117873
          ],
          [
            7.714903,
            46.117873
          ],
          [
            7.714903,
            46.117873
          ],
          [
            7.714903,
            46.117873
          ],
          [
            7.714903,
            46.117873
          ],
          [
            7.714903,
            46.117892
          ],
          [
            7.714894,
            46.117903
          ],
          [
            7.714899,
            46.117903
          ],
          [
            7.714893,
            46.117893
          ],
          [
            7.714893,
            46.117893
          ],
          [
            7.714892,
            46.117892
          ],
          [
            7.714893,
            46.11791
          ],
          [
            7.714887,
            46.117908
          ],
          [
            7.714884,
            46.117908
          ],
          [
            7.714884,
            46.117908
          ],
          [
            7.714884,
            46.117908
          ],
          [
            7.714884,
            46.117908
          ],
          [
            7.714884,
            46.117908
          ],
          [
            7.714884,
            46.117908
          ],
          [
            7.714886,
            46.117905
          ],
          [
            7.714884,
            46.117908
          ],
          [
            7.714892,
            46.117907
          ],
          [
            7.714937,
            46.117922
          ],
          [
            7.714937,
            46.117922
          ],
          [
            7.714937,
            46.117922
          ],
          [
            7.71494,
            46.117929
          ],
          [
            7.714947,
            46.117936
          ],
          [
            7.714951,
            46.117944
          ],
          [
            7.714959,
            46.117951
          ],
          [
            7.714966,
            46.117953
          ],
          [
            7.714975,
            46.117957
          ],
          [
            7.714985,
            46.117959
          ],
          [
            7.714999,
            46.117964
          ],
          [
            7.714998,
            46.117965
          ],
          [
            7.715015,
            46.117976
          ],
          [
            7.715033,
            46.117978
          ],
          [
            7.715039,
            46.117979
          ],
          [
            7.71505,
            46.117977
          ],
          [
            7.715054,
            46.117976
          ],
          [
            7.71506,
            46.117974
          ],
          [
            7.715093,
            46.117961
          ],
          [
            7.71511,
            46.117951
          ],
          [
            7.715125,
            46.117943
          ],
          [
            7.715135,
            46.117938
          ],
          [
            7.715157,
            46.11793
          ],
          [
            7.715182,
            46.117926
          ],
          [
            7.715216,
            46.11792
          ],
          [
            7.715251,
            46.1179
          ],
          [
            7.715264,
            46.117893
          ],
          [
            7.715286,
            46.117885
          ],
          [
            7.715301,
            46.117875
          ],
          [
            7.715307,
            46.117872
          ],
          [
            7.715313,
            46.117869
          ],
          [
            7.715335,
            46.117858
          ],
          [
            7.715352,
            46.117848
          ],
          [
            7.715352,
            46.117848
          ],
          [
            7.715352,
            46.117848
          ],
          [
            7.715351,
            46.117846
          ],
          [
            7.715362,
            46.117833
          ],
          [
            7.715366,
            46.11783
          ],
          [
            7.715375,
            46.11782
          ],
          [
            7.715392,
            46.117803
          ],
          [
            7.715416,
            46.117795
          ],
          [
            7.715419,
            46.117794
          ],
          [
            7.715419,
            46.117794
          ],
          [
            7.715419,
            46.117794
          ],
          [
            7.715419,
            46.117798
          ],
          [
            7.715419,
            46.117794
          ],
          [
            7.715419,
            46.117794
          ],
          [
            7.715419,
            46.117794
          ],
          [
            7.715419,
            46.117794
          ],
          [
            7.715419,
            46.117794
          ],
          [
            7.715419,
            46.117794
          ],
          [
            7.715419,
            46.117794
          ],
          [
            7.715419,
            46.117794
          ],
          [
            7.715419,
            46.117794
          ],
          [
            7.715433,
            46.117797
          ],
          [
            7.715443,
            46.117807
          ],
          [
            7.715449,
            46.117811
          ],
          [
            7.715451,
            46.117809
          ],
          [
            7.715451,
            46.11781
          ],
          [
            7.715452,
            46.11781
          ],
          [
            7.715458,
            46.117818
          ],
          [
            7.715464,
            46.117826
          ],
          [
            7.715473,
            46.117832
          ],
          [
            7.715506,
            46.117845
          ],
          [
            7.715513,
            46.117846
          ],
          [
            7.71552,
            46.117848
          ],
          [
            7.715534,
            46.117852
          ],
          [
            7.715543,
            46.117858
          ],
          [
            7.715544,
            46.117865
          ],
          [
            7.715539,
            46.117876
          ],
          [
            7.715521,
            46.117878
          ],
          [
            7.715491,
            46.117866
          ],
          [
            7.715493,
            46.117865
          ],
          [
            7.715492,
            46.117864
          ],
          [
            7.715492,
            46.117864
          ],
          [
            7.715492,
            46.117864
          ],
          [
            7.715492,
            46.117864
          ],
          [
            7.715503,
            46.117848
          ],
          [
            7.715503,
            46.117848
          ],
          [
            7.715503,
            46.117848
          ],
          [
            7.715503,
            46.117848
          ],
          [
            7.715503,
            46.117848
          ],
          [
            7.715503,
            46.117848
          ],
          [
            7.715503,
            46.117848
          ],
          [
            7.715503,
            46.117848
          ],
          [
            7.715503,
            46.117848
          ],
          [
            7.715503,
            46.117848
          ],
          [
            7.715503,
            46.117848
          ],
          [
            7.715503,
            46.117848
          ],
          [
            7.715503,
            46.117848
          ],
          [
            7.715503,
            46.117848
          ],
          [
            7.715503,
            46.117848
          ],
          [
            7.715503,
            46.117848
          ],
          [
            7.715503,
            46.117848
          ],
          [
            7.715503,
            46.117848
          ],
          [
            7.715503,
            46.117848
          ],
          [
            7.715503,
            46.117848
          ],
          [
            7.715521,
            46.117859
          ],
          [
            7.715504,
            46.117864
          ],
          [
            7.715499,
            46.117855
          ],
          [
            7.715451,
            46.117848
          ],
          [
            7.715473,
            46.117849
          ],
          [
            7.71549,
            46.117856
          ],
          [
            7.715502,
            46.11786
          ],
          [
            7.715508,
            46.117861
          ],
          [
            7.715503,
            46.117848
          ],
          [
            7.715503,
            46.117848
          ],
          [
            7.715482,
            46.117862
          ],
          [
            7.715478,
            46.11786
          ],
          [
            7.715476,
            46.117859
          ],
          [
            7.71547,
            46.117855
          ],
          [
            7.71547,
            46.117855
          ],
          [
            7.71547,
            46.117855
          ],
          [
            7.71547,
            46.117855
          ],
          [
            7.71547,
            46.117855
          ],
          [
            7.71547,
            46.117855
          ],
          [
            7.715484,
            46.117845
          ],
          [
            7.715484,
            46.117845
          ],
          [
            7.715484,
            46.117845
          ],
          [
            7.715484,
            46.117845
          ],
          [
            7.715484,
            46.117845
          ],
          [
            7.715484,
            46.117845
          ],
          [
            7.715484,
            46.117845
          ],
          [
            7.715484,
            46.117845
          ],
          [
            7.715484,
            46.117845
          ],
          [
            7.715484,
            46.117845
          ],
          [
            7.715484,
            46.117845
          ],
          [
            7.715484,
            46.117845
          ],
          [
            7.715484,
            46.117845
          ],
          [
            7.715484,
            46.117845
          ],
          [
            7.715484,
            46.117845
          ],
          [
            7.715484,
            46.117845
          ],
          [
            7.715484,
            46.117845
          ],
          [
            7.715484,
            46.117845
          ],
          [
            7.715484,
            46.117845
          ],
          [
            7.715484,
            46.117845
          ],
          [
            7.715484,
            46.117845
          ],
          [
            7.715484,
            46.117845
          ],
          [
            7.715484,
            46.117845
          ],
          [
            7.715484,
            46.117845
          ],
          [
            7.715479,
            46.117851
          ],
          [
            7.715498,
            46.117858
          ],
          [
            7.715501,
            46.117851
          ],
          [
            7.715498,
            46.117861
          ],
          [
            7.715502,
            46.117861
          ],
          [
            7.715508,
            46.117866
          ],
          [
            7.715506,
            46.117863
          ],
          [
            7.715505,
            46.117863
          ],
          [
            7.715505,
            46.117863
          ],
          [
            7.715505,
            46.117863
          ],
          [
            7.715505,
            46.117863
          ],
          [
            7.715505,
            46.117863
          ],
          [
            7.715505,
            46.117863
          ],
          [
            7.715505,
            46.117863
          ],
          [
            7.715505,
            46.117863
          ],
          [
            7.715505,
            46.117863
          ],
          [
            7.715505,
            46.117863
          ],
          [
            7.715505,
            46.117863
          ],
          [
            7.715505,
            46.117863
          ],
          [
            7.715509,
            46.117864
          ],
          [
            7.715508,
            46.117868
          ],
          [
            7.715506,
            46.117867
          ],
          [
            7.715505,
            46.117863
          ],
          [
            7.715505,
            46.117863
          ],
          [
            7.715505,
            46.117863
          ],
          [
            7.715505,
            46.117863
          ],
          [
            7.715505,
            46.117863
          ],
          [
            7.715505,
            46.117863
          ],
          [
            7.715505,
            46.117863
          ],
          [
            7.715505,
            46.117863
          ],
          [
            7.715505,
            46.117863
          ],
          [
            7.71549,
            46.117855
          ],
          [
            7.715482,
            46.117849
          ],
          [
            7.715482,
            46.117849
          ],
          [
            7.715482,
            46.117849
          ],
          [
            7.715482,
            46.117849
          ],
          [
            7.715482,
            46.117849
          ],
          [
            7.715482,
            46.117849
          ],
          [
            7.715482,
            46.117849
          ],
          [
            7.715482,
            46.117849
          ],
          [
            7.715482,
            46.117849
          ],
          [
            7.715482,
            46.117849
          ],
          [
            7.715482,
            46.117849
          ],
          [
            7.715482,
            46.117849
          ],
          [
            7.715482,
            46.117849
          ],
          [
            7.715478,
            46.117856
          ],
          [
            7.715482,
            46.117849
          ],
          [
            7.715482,
            46.117849
          ],
          [
            7.715482,
            46.117849
          ],
          [
            7.715482,
            46.117849
          ],
          [
            7.715482,
            46.117849
          ],
          [
            7.715482,
            46.117849
          ],
          [
            7.715497,
            46.117849
          ],
          [
            7.715477,
            46.117858
          ],
          [
            7.715482,
            46.117849
          ],
          [
            7.715482,
            46.117849
          ],
          [
            7.715482,
            46.117849
          ],
          [
            7.715482,
            46.117849
          ],
          [
            7.715482,
            46.117849
          ],
          [
            7.715482,
            46.117849
          ],
          [
            7.715482,
            46.117849
          ],
          [
            7.715513,
            46.117854
          ],
          [
            7.71551,
            46.117853
          ],
          [
            7.71551,
            46.117853
          ],
          [
            7.71551,
            46.117853
          ],
          [
            7.71551,
            46.117853
          ],
          [
            7.71551,
            46.117853
          ],
          [
            7.71551,
            46.117853
          ],
          [
            7.71551,
            46.117853
          ],
          [
            7.71551,
            46.117853
          ],
          [
            7.71551,
            46.117853
          ],
          [
            7.71551,
            46.117853
          ],
          [
            7.71551,
            46.117853
          ],
          [
            7.71548,
            46.117857
          ],
          [
            7.715474,
            46.117854
          ],
          [
            7.715461,
            46.117854
          ],
          [
            7.715461,
            46.117854
          ],
          [
            7.715461,
            46.117854
          ],
          [
            7.715458,
            46.117857
          ],
          [
            7.715461,
            46.117854
          ],
          [
            7.715461,
            46.117854
          ],
          [
            7.715461,
            46.117854
          ],
          [
            7.715461,
            46.117854
          ],
          [
            7.715481,
            46.117859
          ],
          [
            7.715476,
            46.117856
          ],
          [
            7.715485,
            46.11787
          ],
          [
            7.715459,
            46.117897
          ],
          [
            7.71544,
            46.117907
          ],
          [
            7.715438,
            46.117905
          ],
          [
            7.715417,
            46.117915
          ],
          [
            7.715403,
            46.117909
          ],
          [
            7.715335,
            46.11792
          ],
          [
            7.715306,
            46.117934
          ],
          [
            7.715302,
            46.117929
          ],
          [
            7.715306,
            46.11793
          ],
          [
            7.715305,
            46.117931
          ],
          [
            7.715287,
            46.11792
          ],
          [
            7.715288,
            46.11792
          ],
          [
            7.715288,
            46.11792
          ],
          [
            7.715288,
            46.11792
          ],
          [
            7.715311,
            46.117924
          ],
          [
            7.715312,
            46.117924
          ],
          [
            7.715312,
            46.117924
          ],
          [
            7.715312,
            46.117924
          ],
          [
            7.715312,
            46.117924
          ],
          [
            7.715312,
            46.117924
          ],
          [
            7.715312,
            46.117924
          ],
          [
            7.715312,
            46.117924
          ],
          [
            7.715312,
            46.117924
          ],
          [
            7.715312,
            46.117924
          ],
          [
            7.715312,
            46.117924
          ],
          [
            7.715312,
            46.117924
          ],
          [
            7.715312,
            46.117924
          ],
          [
            7.715312,
            46.117924
          ],
          [
            7.715312,
            46.117924
          ],
          [
            7.715312,
            46.117924
          ],
          [
            7.715312,
            46.117924
          ],
          [
            7.715312,
            46.117924
          ],
          [
            7.715312,
            46.117924
          ],
          [
            7.715312,
            46.117924
          ],
          [
            7.715312,
            46.117924
          ],
          [
            7.715312,
            46.117924
          ],
          [
            7.715297,
            46.117918
          ],
          [
            7.715309,
            46.117914
          ],
          [
            7.715321,
            46.117915
          ],
          [
            7.715322,
            46.117911
          ],
          [
            7.715327,
            46.117912
          ],
          [
            7.715342,
            46.117919
          ],
          [
            7.71532,
            46.117921
          ],
          [
            7.715325,
            46.117914
          ],
          [
            7.715325,
            46.117914
          ],
          [
            7.715325,
            46.117914
          ],
          [
            7.715325,
            46.117914
          ],
          [
            7.715325,
            46.117914
          ],
          [
            7.715325,
            46.117914
          ],
          [
            7.715306,
            46.11792
          ],
          [
            7.715306,
            46.11792
          ],
          [
            7.715306,
            46.11792
          ],
          [
            7.715306,
            46.11792
          ],
          [
            7.715306,
            46.11792
          ],
          [
            7.715306,
            46.11792
          ],
          [
            7.715306,
            46.11792
          ],
          [
            7.715308,
            46.117942
          ],
          [
            7.715307,
            46.117942
          ],
          [
            7.715307,
            46.117942
          ],
          [
            7.715307,
            46.117942
          ],
          [
            7.715307,
            46.117942
          ],
          [
            7.715307,
            46.117942
          ],
          [
            7.71532,
            46.117948
          ],
          [
            7.715322,
            46.117963
          ],
          [
            7.715322,
            46.117963
          ],
          [
            7.715322,
            46.117963
          ],
          [
            7.715322,
            46.117963
          ],
          [
            7.715322,
            46.117963
          ],
          [
            7.715323,
            46.117965
          ],
          [
            7.715321,
            46.117973
          ],
          [
            7.715322,
            46.117971
          ],
          [
            7.715322,
            46.117967
          ],
          [
            7.715327,
            46.117965
          ],
          [
            7.715334,
            46.117969
          ],
          [
            7.715339,
            46.117971
          ],
          [
            7.715337,
            46.117972
          ],
          [
            7.71544,
            46.118005
          ],
          [
            7.71559,
            46.118018
          ],
          [
            7.715622,
            46.118026
          ],
          [
            7.715696,
            46.118066
          ],
          [
            7.715732,
            46.118074
          ],
          [
            7.715738,
            46.118091
          ],
          [
            7.71574,
            46.118119
          ],
          [
            7.71578,
            46.118141
          ],
          [
            7.715799,
            46.11816
          ],
          [
            7.715791,
            46.118189
          ],
          [
            7.71581,
            46.118215
          ],
          [
            7.715831,
            46.118226
          ],
          [
            7.715852,
            46.118225
          ],
          [
            7.715883,
            46.11823
          ],
          [
            7.715929,
            46.11824
          ],
          [
            7.715946,
            46.118262
          ],
          [
            7.715908,
            46.118292
          ],
          [
            7.715849,
            46.118357
          ],
          [
            7.715881,
            46.118376
          ],
          [
            7.715894,
            46.118403
          ],
          [
            7.715863,
            46.118429
          ],
          [
            7.715813,
            46.118451
          ],
          [
            7.715751,
            46.118484
          ],
          [
            7.715762,
            46.118516
          ],
          [
            7.715806,
            46.118544
          ],
          [
            7.715859,
            46.118577
          ],
          [
            7.715841,
            46.118605
          ],
          [
            7.715804,
            46.11863
          ],
          [
            7.715754,
            46.11867
          ],
          [
            7.715774,
            46.118699
          ],
          [
            7.715818,
            46.11874
          ],
          [
            7.715811,
            46.118779
          ],
          [
            7.715767,
            46.118818
          ],
          [
            7.715749,
            46.118862
          ],
          [
            7.71578,
            46.118908
          ],
          [
            7.715818,
            46.118962
          ],
          [
            7.715784,
            46.118994
          ],
          [
            7.715721,
            46.119024
          ],
          [
            7.71571,
            46.119072
          ],
          [
            7.715749,
            46.11911
          ],
          [
            7.715785,
            46.119129
          ],
          [
            7.715796,
            46.119138
          ],
          [
            7.715809,
            46.119151
          ],
          [
            7.715829,
            46.119176
          ],
          [
            7.715899,
            46.119241
          ],
          [
            7.715997,
            46.119335
          ],
          [
            7.715924,
            46.119386
          ],
          [
            7.715861,
            46.119407
          ],
          [
            7.715846,
            46.119457
          ],
          [
            7.715869,
            46.119486
          ],
          [
            7.715904,
            46.11951
          ],
          [
            7.715972,
            46.119573
          ],
          [
            7.716012,
            46.119614
          ],
          [
            7.716027,
            46.119651
          ],
          [
            7.715995,
            46.119678
          ],
          [
            7.715934,
            46.119689
          ],
          [
            7.715885,
            46.119709
          ],
          [
            7.715871,
            46.11974
          ],
          [
            7.715883,
            46.119774
          ],
          [
            7.71587,
            46.119803
          ],
          [
            7.715827,
            46.119816
          ],
          [
            7.715771,
            46.119823
          ],
          [
            7.715718,
            46.119838
          ],
          [
            7.715713,
            46.119869
          ],
          [
            7.715742,
            46.119896
          ],
          [
            7.715791,
            46.119964
          ],
          [
            7.715762,
            46.119981
          ],
          [
            7.715716,
            46.119991
          ],
          [
            7.715668,
            46.119988
          ],
          [
            7.715628,
            46.119978
          ],
          [
            7.715641,
            46.119979
          ],
          [
            7.715635,
            46.119977
          ],
          [
            7.715597,
            46.119989
          ],
          [
            7.715548,
            46.120032
          ],
          [
            7.715566,
            46.120069
          ],
          [
            7.715597,
            46.120111
          ],
          [
            7.715596,
            46.120145
          ],
          [
            7.71556,
            46.120168
          ],
          [
            7.715543,
            46.120196
          ],
          [
            7.715556,
            46.120224
          ],
          [
            7.715587,
            46.12025
          ],
          [
            7.71564,
            46.12033
          ],
          [
            7.715609,
            46.120355
          ],
          [
            7.715563,
            46.120355
          ],
          [
            7.715497,
            46.120354
          ],
          [
            7.715436,
            46.120341
          ],
          [
            7.715388,
            46.12033
          ],
          [
            7.715333,
            46.120331
          ],
          [
            7.715254,
            46.120337
          ],
          [
            7.715174,
            46.120336
          ],
          [
            7.715108,
            46.120328
          ],
          [
            7.714957,
            46.120312
          ],
          [
            7.71488,
            46.120304
          ],
          [
            7.714722,
            46.120291
          ],
          [
            7.714654,
            46.120282
          ],
          [
            7.714598,
            46.120278
          ],
          [
            7.714541,
            46.120281
          ],
          [
            7.714485,
            46.120284
          ],
          [
            7.714446,
            46.120281
          ],
          [
            7.714439,
            46.120276
          ],
          [
            7.714448,
            46.120272
          ],
          [
            7.714462,
            46.12027
          ],
          [
            7.714462,
            46.120271
          ],
          [
            7.714462,
            46.120271
          ],
          [
            7.714456,
            46.120276
          ],
          [
            7.714332,
            46.120358
          ],
          [
            7.714288,
            46.120367
          ],
          [
            7.714243,
            46.120369
          ],
          [
            7.714191,
            46.12037
          ],
          [
            7.714075,
            46.120373
          ],
          [
            7.714042,
            46.120392
          ],
          [
            7.714059,
            46.120413
          ],
          [
            7.714095,
            46.120441
          ],
          [
            7.714101,
            46.120464
          ],
          [
            7.714058,
            46.120494
          ],
          [
            7.714044,
            46.120522
          ],
          [
            7.714071,
            46.120554
          ],
          [
            7.71414,
            46.120606
          ],
          [
            7.714108,
            46.120623
          ],
          [
            7.714093,
            46.120691
          ],
          [
            7.714133,
            46.120716
          ],
          [
            7.714174,
            46.120736
          ],
          [
            7.714209,
            46.120751
          ],
          [
            7.714263,
            46.120793
          ],
          [
            7.714287,
            46.120826
          ],
          [
            7.714255,
            46.120843
          ],
          [
            7.714211,
            46.12085
          ],
          [
            7.714199,
            46.120864
          ],
          [
            7.714205,
            46.120887
          ],
          [
            7.714255,
            46.12093
          ],
          [
            7.714277,
            46.12095
          ],
          [
            7.714297,
            46.120982
          ],
          [
            7.714275,
            46.121008
          ],
          [
            7.71423,
            46.121016
          ],
          [
            7.714195,
            46.121012
          ],
          [
            7.714154,
            46.121005
          ],
          [
            7.714104,
            46.120998
          ],
          [
            7.714048,
            46.121
          ],
          [
            7.714019,
            46.121032
          ],
          [
            7.714033,
            46.121055
          ],
          [
            7.714058,
            46.121078
          ],
          [
            7.714108,
            46.12113
          ],
          [
            7.714136,
            46.121155
          ],
          [
            7.714185,
            46.121183
          ],
          [
            7.714187,
            46.121181
          ],
          [
            7.714187,
            46.121181
          ],
          [
            7.714187,
            46.121181
          ],
          [
            7.714187,
            46.121181
          ],
          [
            7.714187,
            46.121181
          ],
          [
            7.714187,
            46.121181
          ],
          [
            7.714187,
            46.121181
          ],
          [
            7.714187,
            46.121181
          ],
          [
            7.714187,
            46.121181
          ],
          [
            7.714196,
            46.121233
          ],
          [
            7.714255,
            46.1213
          ],
          [
            7.714321,
            46.121355
          ],
          [
            7.714346,
            46.121381
          ],
          [
            7.714364,
            46.121394
          ],
          [
            7.714371,
            46.121402
          ],
          [
            7.714381,
            46.121414
          ],
          [
            7.714402,
            46.121434
          ],
          [
            7.714468,
            46.121487
          ],
          [
            7.714507,
            46.121515
          ],
          [
            7.714549,
            46.121549
          ],
          [
            7.71464,
            46.121618
          ],
          [
            7.714725,
            46.121678
          ],
          [
            7.714811,
            46.121738
          ],
          [
            7.714848,
            46.121773
          ],
          [
            7.714853,
            46.121806
          ],
          [
            7.714802,
            46.121833
          ],
          [
            7.71479,
            46.121885
          ],
          [
            7.714787,
            46.121939
          ],
          [
            7.714747,
            46.121989
          ],
          [
            7.714726,
            46.122051
          ],
          [
            7.714713,
            46.122106
          ],
          [
            7.714669,
            46.122158
          ],
          [
            7.71466,
            46.122215
          ],
          [
            7.714646,
            46.122282
          ],
          [
            7.714651,
            46.122362
          ],
          [
            7.714693,
            46.122421
          ],
          [
            7.714743,
            46.122472
          ],
          [
            7.714736,
            46.122502
          ],
          [
            7.714684,
            46.122515
          ],
          [
            7.714613,
            46.12251
          ],
          [
            7.714571,
            46.122498
          ],
          [
            7.714549,
            46.122483
          ],
          [
            7.714543,
            46.122479
          ],
          [
            7.714546,
            46.122482
          ],
          [
            7.714548,
            46.122487
          ],
          [
            7.714547,
            46.122487
          ],
          [
            7.714547,
            46.122486
          ],
          [
            7.714547,
            46.122486
          ],
          [
            7.714547,
            46.122486
          ],
          [
            7.714547,
            46.122486
          ],
          [
            7.714547,
            46.122486
          ],
          [
            7.714547,
            46.122486
          ],
          [
            7.714547,
            46.122486
          ],
          [
            7.714547,
            46.122486
          ],
          [
            7.714547,
            46.122486
          ],
          [
            7.714547,
            46.122486
          ],
          [
            7.714553,
            46.122488
          ],
          [
            7.714538,
            46.122517
          ],
          [
            7.714474,
            46.122626
          ],
          [
            7.71442,
            46.122696
          ],
          [
            7.714357,
            46.122766
          ],
          [
            7.714294,
            46.122842
          ],
          [
            7.714248,
            46.122912
          ],
          [
            7.714168,
            46.122956
          ],
          [
            7.714066,
            46.122968
          ],
          [
            7.713949,
            46.122963
          ],
          [
            7.713857,
            46.122996
          ],
          [
            7.713768,
            46.123033
          ],
          [
            7.713675,
            46.12304
          ],
          [
            7.713579,
            46.123035
          ],
          [
            7.713493,
            46.123012
          ],
          [
            7.713434,
            46.122983
          ],
          [
            7.713404,
            46.122958
          ],
          [
            7.713388,
            46.122944
          ],
          [
            7.713385,
            46.122938
          ],
          [
            7.713385,
            46.122938
          ],
          [
            7.713385,
            46.122938
          ],
          [
            7.713385,
            46.122938
          ],
          [
            7.713385,
            46.122938
          ],
          [
            7.713385,
            46.122938
          ],
          [
            7.713385,
            46.122938
          ],
          [
            7.713387,
            46.122936
          ],
          [
            7.713379,
            46.122934
          ],
          [
            7.713371,
            46.122937
          ],
          [
            7.713347,
            46.122938
          ],
          [
            7.713295,
            46.122941
          ],
          [
            7.713245,
            46.12296
          ],
          [
            7.713203,
            46.122993
          ],
          [
            7.713163,
            46.123016
          ],
          [
            7.713133,
            46.123049
          ],
          [
            7.713086,
            46.123081
          ],
          [
            7.713022,
            46.123093
          ],
          [
            7.712956,
            46.12308
          ],
          [
            7.712883,
            46.123068
          ],
          [
            7.712843,
            46.123089
          ],
          [
            7.712808,
            46.123113
          ],
          [
            7.712754,
            46.123127
          ],
          [
            7.712721,
            46.12316
          ],
          [
            7.712686,
            46.123192
          ],
          [
            7.712628,
            46.123207
          ],
          [
            7.712584,
            46.123235
          ],
          [
            7.712541,
            46.123253
          ],
          [
            7.712456,
            46.123305
          ],
          [
            7.712427,
            46.123327
          ],
          [
            7.712385,
            46.123326
          ],
          [
            7.712349,
            46.123314
          ],
          [
            7.712321,
            46.123295
          ],
          [
            7.712301,
            46.123278
          ],
          [
            7.712269,
            46.12325
          ],
          [
            7.712287,
            46.123251
          ],
          [
            7.712305,
            46.123252
          ],
          [
            7.712305,
            46.123252
          ],
          [
            7.712305,
            46.123252
          ],
          [
            7.712179,
            46.123255
          ],
          [
            7.712077,
            46.123226
          ],
          [
            7.711988,
            46.123178
          ],
          [
            7.711942,
            46.123152
          ],
          [
            7.711897,
            46.123125
          ],
          [
            7.711804,
            46.123068
          ],
          [
            7.711748,
            46.123072
          ],
          [
            7.711707,
            46.1231
          ],
          [
            7.711602,
            46.123137
          ],
          [
            7.711544,
            46.123167
          ],
          [
            7.711489,
            46.123197
          ],
          [
            7.711432,
            46.123202
          ],
          [
            7.711392,
            46.123236
          ],
          [
            7.711359,
            46.123272
          ],
          [
            7.711292,
            46.123301
          ],
          [
            7.711214,
            46.123328
          ],
          [
            7.711176,
            46.123341
          ],
          [
            7.711158,
            46.123352
          ],
          [
            7.711157,
            46.12335
          ],
          [
            7.711156,
            46.123347
          ],
          [
            7.711103,
            46.123337
          ],
          [
            7.711067,
            46.123346
          ],
          [
            7.711066,
            46.123349
          ],
          [
            7.711066,
            46.123349
          ],
          [
            7.711066,
            46.123349
          ],
          [
            7.711066,
            46.123349
          ],
          [
            7.711066,
            46.123349
          ],
          [
            7.711053,
            46.123401
          ],
          [
            7.710997,
            46.123515
          ],
          [
            7.710933,
            46.12354
          ],
          [
            7.710899,
            46.123585
          ],
          [
            7.710852,
            46.123625
          ],
          [
            7.710776,
            46.123633
          ],
          [
            7.710709,
            46.123662
          ],
          [
            7.710672,
            46.123717
          ],
          [
            7.710639,
            46.123772
          ],
          [
            7.710577,
            46.123801
          ],
          [
            7.710527,
            46.123843
          ],
          [
            7.710496,
            46.123901
          ],
          [
            7.710437,
            46.123941
          ],
          [
            7.710365,
            46.123986
          ],
          [
            7.710364,
            46.124034
          ],
          [
            7.710379,
            46.124089
          ],
          [
            7.71037,
            46.124131
          ],
          [
            7.710314,
            46.124137
          ],
          [
            7.710265,
            46.124164
          ],
          [
            7.710231,
            46.124199
          ],
          [
            7.710177,
            46.1242
          ],
          [
            7.71017,
            46.124199
          ],
          [
            7.710171,
            46.124199
          ],
          [
            7.710171,
            46.124199
          ],
          [
            7.710171,
            46.124199
          ],
          [
            7.710171,
            46.124199
          ],
          [
            7.710171,
            46.124199
          ],
          [
            7.710182,
            46.124198
          ],
          [
            7.710135,
            46.124234
          ],
          [
            7.710041,
            46.124347
          ],
          [
            7.71,
            46.124388
          ],
          [
            7.70998,
            46.12444
          ],
          [
            7.70995,
            46.124495
          ],
          [
            7.70991,
            46.124548
          ],
          [
            7.709866,
            46.124606
          ],
          [
            7.709803,
            46.124632
          ],
          [
            7.70973,
            46.12466
          ],
          [
            7.70967,
            46.124715
          ],
          [
            7.709533,
            46.124751
          ],
          [
            7.70948,
            46.124782
          ],
          [
            7.709425,
            46.124816
          ],
          [
            7.709358,
            46.124822
          ],
          [
            7.709282,
            46.124824
          ],
          [
            7.709248,
            46.124858
          ],
          [
            7.709224,
            46.124905
          ],
          [
            7.709181,
            46.124938
          ],
          [
            7.709116,
            46.124945
          ],
          [
            7.709049,
            46.124928
          ],
          [
            7.70898,
            46.124912
          ],
          [
            7.708915,
            46.124898
          ],
          [
            7.708867,
            46.124911
          ],
          [
            7.708871,
            46.124928
          ],
          [
            7.708886,
            46.124949
          ],
          [
            7.708895,
            46.124981
          ],
          [
            7.708883,
            46.125008
          ],
          [
            7.708848,
            46.125017
          ],
          [
            7.708784,
            46.125008
          ],
          [
            7.708713,
            46.125028
          ],
          [
            7.708723,
            46.125083
          ],
          [
            7.708702,
            46.1251
          ],
          [
            7.708661,
            46.125099
          ],
          [
            7.708618,
            46.125093
          ],
          [
            7.708549,
            46.125078
          ],
          [
            7.708503,
            46.125094
          ],
          [
            7.708505,
            46.12511
          ],
          [
            7.708526,
            46.125129
          ],
          [
            7.708547,
            46.12519
          ],
          [
            7.708513,
            46.125199
          ],
          [
            7.708476,
            46.125194
          ],
          [
            7.708453,
            46.125184
          ],
          [
            7.708439,
            46.125179
          ],
          [
            7.70844,
            46.125178
          ],
          [
            7.708422,
            46.125228
          ],
          [
            7.708468,
            46.125276
          ],
          [
            7.708524,
            46.125333
          ],
          [
            7.708588,
            46.125398
          ],
          [
            7.708575,
            46.125432
          ],
          [
            7.708526,
            46.125452
          ],
          [
            7.708469,
            46.125456
          ],
          [
            7.708414,
            46.125459
          ],
          [
            7.70839,
            46.125489
          ],
          [
            7.708407,
            46.125509
          ],
          [
            7.708431,
            46.125526
          ],
          [
            7.708453,
            46.125556
          ],
          [
            7.708471,
            46.1256
          ],
          [
            7.70844,
            46.125621
          ],
          [
            7.708384,
            46.125623
          ],
          [
            7.708326,
            46.12561
          ],
          [
            7.708291,
            46.125603
          ],
          [
            7.708289,
            46.125606
          ],
          [
            7.708289,
            46.125606
          ],
          [
            7.708293,
            46.125607
          ],
          [
            7.708289,
            46.125606
          ],
          [
            7.708289,
            46.125606
          ],
          [
            7.708289,
            46.125606
          ],
          [
            7.708204,
            46.125602
          ],
          [
            7.708163,
            46.12564
          ],
          [
            7.708169,
            46.125678
          ],
          [
            7.708196,
            46.125715
          ],
          [
            7.708222,
            46.125764
          ],
          [
            7.708218,
            46.125807
          ],
          [
            7.708157,
            46.125821
          ],
          [
            7.708087,
            46.125831
          ],
          [
            7.708054,
            46.125873
          ],
          [
            7.708064,
            46.125912
          ],
          [
            7.708067,
            46.125955
          ],
          [
            7.708033,
            46.125968
          ],
          [
            7.707975,
            46.125982
          ],
          [
            7.707956,
            46.126018
          ],
          [
            7.707966,
            46.126052
          ],
          [
            7.707989,
            46.126084
          ],
          [
            7.708016,
            46.126126
          ],
          [
            7.70801,
            46.126156
          ],
          [
            7.707967,
            46.126163
          ],
          [
            7.707867,
            46.126166
          ],
          [
            7.707862,
            46.126196
          ],
          [
            7.707881,
            46.126228
          ],
          [
            7.707896,
            46.126256
          ],
          [
            7.707907,
            46.126289
          ],
          [
            7.707915,
            46.12632
          ],
          [
            7.707924,
            46.126352
          ],
          [
            7.707939,
            46.126385
          ],
          [
            7.707975,
            46.126461
          ],
          [
            7.707989,
            46.126497
          ],
          [
            7.708007,
            46.126532
          ],
          [
            7.708021,
            46.126571
          ],
          [
            7.708034,
            46.126607
          ],
          [
            7.708045,
            46.126647
          ],
          [
            7.708058,
            46.126688
          ],
          [
            7.708071,
            46.126731
          ],
          [
            7.708085,
            46.126766
          ],
          [
            7.708099,
            46.126802
          ],
          [
            7.708113,
            46.126836
          ],
          [
            7.708125,
            46.126865
          ],
          [
            7.70814,
            46.126901
          ],
          [
            7.708172,
            46.126958
          ],
          [
            7.708205,
            46.126996
          ],
          [
            7.70821,
            46.126996
          ],
          [
            7.70821,
            46.126996
          ],
          [
            7.70821,
            46.126996
          ],
          [
            7.708228,
            46.127046
          ],
          [
            7.708217,
            46.127097
          ],
          [
            7.708173,
            46.127121
          ],
          [
            7.708112,
            46.12716
          ],
          [
            7.708087,
            46.127216
          ],
          [
            7.708058,
            46.127289
          ],
          [
            7.708019,
            46.127376
          ],
          [
            7.708013,
            46.127474
          ],
          [
            7.707966,
            46.127559
          ],
          [
            7.707903,
            46.127646
          ],
          [
            7.70786,
            46.127807
          ],
          [
            7.707799,
            46.12789
          ],
          [
            7.707726,
            46.127975
          ],
          [
            7.707636,
            46.128054
          ],
          [
            7.707565,
            46.128132
          ],
          [
            7.707446,
            46.128185
          ],
          [
            7.707311,
            46.128232
          ],
          [
            7.707214,
            46.128318
          ],
          [
            7.707146,
            46.128427
          ],
          [
            7.707105,
            46.128548
          ],
          [
            7.70705,
            46.12867
          ],
          [
            7.706991,
            46.128796
          ],
          [
            7.706919,
            46.128912
          ],
          [
            7.70681,
            46.128984
          ],
          [
            7.706685,
            46.129005
          ],
          [
            7.70655,
            46.128976
          ],
          [
            7.706451,
            46.128915
          ],
          [
            7.706355,
            46.128848
          ],
          [
            7.706272,
            46.128783
          ],
          [
            7.70618,
            46.128769
          ],
          [
            7.706089,
            46.128801
          ],
          [
            7.70599,
            46.128815
          ],
          [
            7.705907,
            46.128793
          ],
          [
            7.705857,
            46.128752
          ],
          [
            7.70581,
            46.128712
          ],
          [
            7.705758,
            46.128719
          ],
          [
            7.705718,
            46.12875
          ],
          [
            7.705671,
            46.128765
          ],
          [
            7.70566,
            46.12876
          ],
          [
            7.705665,
            46.128755
          ],
          [
            7.705667,
            46.128749
          ],
          [
            7.705658,
            46.128751
          ],
          [
            7.705657,
            46.128751
          ],
          [
            7.705654,
            46.128746
          ],
          [
            7.705659,
            46.128745
          ],
          [
            7.705658,
            46.128751
          ],
          [
            7.705658,
            46.128751
          ],
          [
            7.705658,
            46.128751
          ],
          [
            7.705658,
            46.128751
          ],
          [
            7.705614,
            46.128735
          ],
          [
            7.70537,
            46.128662
          ],
          [
            7.705249,
            46.128633
          ],
          [
            7.705117,
            46.128634
          ],
          [
            7.704951,
            46.128646
          ],
          [
            7.704772,
            46.128634
          ],
          [
            7.704588,
            46.128599
          ],
          [
            7.704383,
            46.128588
          ],
          [
            7.703927,
            46.128621
          ],
          [
            7.703639,
            46.128659
          ],
          [
            7.703355,
            46.128685
          ],
          [
            7.703064,
            46.128702
          ],
          [
            7.70277,
            46.128713
          ],
          [
            7.702483,
            46.128725
          ],
          [
            7.702192,
            46.128734
          ],
          [
            7.701901,
            46.128737
          ],
          [
            7.701608,
            46.128737
          ],
          [
            7.701312,
            46.128733
          ],
          [
            7.701016,
            46.128724
          ],
          [
            7.70073,
            46.128702
          ],
          [
            7.700455,
            46.128658
          ],
          [
            7.700201,
            46.128604
          ],
          [
            7.699946,
            46.128549
          ],
          [
            7.699705,
            46.128491
          ],
          [
            7.699471,
            46.128416
          ],
          [
            7.69924,
            46.128343
          ],
          [
            7.698988,
            46.128288
          ],
          [
            7.698717,
            46.12824
          ],
          [
            7.698437,
            46.1282
          ],
          [
            7.698155,
            46.128164
          ],
          [
            7.697883,
            46.128139
          ],
          [
            7.697622,
            46.128126
          ],
          [
            7.697365,
            46.128123
          ],
          [
            7.697108,
            46.12813
          ],
          [
            7.696853,
            46.128146
          ],
          [
            7.696596,
            46.128172
          ],
          [
            7.696337,
            46.128202
          ],
          [
            7.696074,
            46.128234
          ],
          [
            7.695814,
            46.128265
          ],
          [
            7.695557,
            46.128296
          ],
          [
            7.695306,
            46.128319
          ],
          [
            7.695065,
            46.128342
          ],
          [
            7.69483,
            46.128366
          ],
          [
            7.694392,
            46.128409
          ],
          [
            7.694001,
            46.128449
          ],
          [
            7.693316,
            46.128522
          ],
          [
            7.693159,
            46.128545
          ],
          [
            7.692752,
            46.128595
          ],
          [
            7.69263,
            46.128614
          ],
          [
            7.692196,
            46.128678
          ],
          [
            7.692097,
            46.128694
          ],
          [
            7.69191,
            46.12872
          ],
          [
            7.691664,
            46.128746
          ],
          [
            7.691458,
            46.128763
          ],
          [
            7.691309,
            46.128767
          ],
          [
            7.691162,
            46.128768
          ],
          [
            7.691081,
            46.128766
          ],
          [
            7.690909,
            46.128767
          ],
          [
            7.69072,
            46.128774
          ],
          [
            7.690622,
            46.128779
          ],
          [
            7.69052,
            46.128786
          ],
          [
            7.690233,
            46.128788
          ],
          [
            7.690065,
            46.128808
          ],
          [
            7.689982,
            46.128822
          ],
          [
            7.689746,
            46.128863
          ],
          [
            7.689679,
            46.128868
          ],
          [
            7.689609,
            46.128873
          ],
          [
            7.689541,
            46.128879
          ],
          [
            7.689486,
            46.128886
          ],
          [
            7.689436,
            46.128892
          ],
          [
            7.689382,
            46.128891
          ],
          [
            7.689338,
            46.128892
          ],
          [
            7.689243,
            46.128894
          ],
          [
            7.689143,
            46.128898
          ],
          [
            7.689047,
            46.128911
          ],
          [
            7.688996,
            46.128918
          ],
          [
            7.688947,
            46.128921
          ],
          [
            7.688897,
            46.128923
          ],
          [
            7.688836,
            46.128928
          ],
          [
            7.688738,
            46.128944
          ],
          [
            7.688688,
            46.128949
          ],
          [
            7.688538,
            46.128968
          ],
          [
            7.688484,
            46.128976
          ],
          [
            7.688441,
            46.128985
          ],
          [
            7.688355,
            46.128999
          ],
          [
            7.688313,
            46.129013
          ],
          [
            7.688235,
            46.129031
          ],
          [
            7.688164,
            46.129055
          ],
          [
            7.687929,
            46.12912
          ],
          [
            7.687879,
            46.129134
          ],
          [
            7.687649,
            46.129191
          ],
          [
            7.687509,
            46.129223
          ],
          [
            7.687431,
            46.129239
          ],
          [
            7.687185,
            46.129294
          ],
          [
            7.687024,
            46.129331
          ],
          [
            7.686859,
            46.12937
          ],
          [
            7.686771,
            46.129389
          ],
          [
            7.686682,
            46.129406
          ],
          [
            7.686492,
            46.129439
          ],
          [
            7.686286,
            46.129468
          ],
          [
            7.686079,
            46.129493
          ],
          [
            7.685857,
            46.129508
          ],
          [
            7.685635,
            46.129515
          ],
          [
            7.685417,
            46.129532
          ],
          [
            7.685311,
            46.129543
          ],
          [
            7.685203,
            46.129547
          ],
          [
            7.685097,
            46.129551
          ],
          [
            7.684993,
            46.129557
          ],
          [
            7.684895,
            46.129562
          ],
          [
            7.684803,
            46.129567
          ],
          [
            7.684711,
            46.129574
          ],
          [
            7.684532,
            46.129585
          ],
          [
            7.684329,
            46.129618
          ],
          [
            7.684219,
            46.129641
          ],
          [
            7.684104,
            46.129666
          ],
          [
            7.683879,
            46.129718
          ],
          [
            7.683644,
            46.129779
          ],
          [
            7.683529,
            46.129818
          ],
          [
            7.683403,
            46.129834
          ],
          [
            7.683267,
            46.129842
          ],
          [
            7.683121,
            46.129834
          ],
          [
            7.682963,
            46.129816
          ],
          [
            7.6828,
            46.129789
          ],
          [
            7.68264,
            46.129748
          ],
          [
            7.682482,
            46.129702
          ],
          [
            7.682319,
            46.12965
          ],
          [
            7.682154,
            46.1296
          ],
          [
            7.681984,
            46.129546
          ],
          [
            7.681812,
            46.129493
          ],
          [
            7.681634,
            46.129456
          ],
          [
            7.681465,
            46.129453
          ],
          [
            7.681337,
            46.129487
          ],
          [
            7.681185,
            46.129571
          ],
          [
            7.681084,
            46.129631
          ],
          [
            7.681067,
            46.12964
          ],
          [
            7.681052,
            46.129652
          ],
          [
            7.681043,
            46.129653
          ],
          [
            7.681039,
            46.129656
          ],
          [
            7.681013,
            46.129673
          ],
          [
            7.68098,
            46.129687
          ],
          [
            7.680964,
            46.129698
          ],
          [
            7.680954,
            46.129704
          ],
          [
            7.68095,
            46.129703
          ],
          [
            7.680926,
            46.129711
          ],
          [
            7.68091,
            46.12972
          ],
          [
            7.680894,
            46.12973
          ],
          [
            7.680885,
            46.129742
          ],
          [
            7.680881,
            46.129748
          ],
          [
            7.680854,
            46.129763
          ],
          [
            7.680815,
            46.129781
          ],
          [
            7.680778,
            46.129807
          ],
          [
            7.680747,
            46.129822
          ],
          [
            7.680649,
            46.129856
          ],
          [
            7.680572,
            46.12988
          ],
          [
            7.680525,
            46.1299
          ],
          [
            7.680492,
            46.129911
          ],
          [
            7.680487,
            46.129914
          ],
          [
            7.680487,
            46.129914
          ],
          [
            7.680462,
            46.129924
          ],
          [
            7.680441,
            46.129942
          ],
          [
            7.68044,
            46.129943
          ],
          [
            7.680418,
            46.129948
          ],
          [
            7.680336,
            46.129946
          ],
          [
            7.680148,
            46.129955
          ],
          [
            7.680047,
            46.129978
          ],
          [
            7.67998,
            46.13
          ],
          [
            7.679936,
            46.130022
          ],
          [
            7.679896,
            46.130044
          ],
          [
            7.67985,
            46.130068
          ],
          [
            7.679748,
            46.130092
          ],
          [
            7.679691,
            46.130089
          ],
          [
            7.679644,
            46.130093
          ],
          [
            7.679599,
            46.130113
          ],
          [
            7.679564,
            46.130127
          ],
          [
            7.679538,
            46.130136
          ],
          [
            7.679533,
            46.130138
          ],
          [
            7.679533,
            46.130138
          ],
          [
            7.679533,
            46.130138
          ],
          [
            7.679533,
            46.130138
          ],
          [
            7.679533,
            46.130138
          ],
          [
            7.679533,
            46.130138
          ],
          [
            7.679539,
            46.130149
          ],
          [
            7.679533,
            46.130138
          ],
          [
            7.679533,
            46.130138
          ],
          [
            7.679533,
            46.130138
          ],
          [
            7.679533,
            46.130138
          ],
          [
            7.679533,
            46.130138
          ],
          [
            7.679533,
            46.130138
          ],
          [
            7.679533,
            46.130138
          ],
          [
            7.679533,
            46.130138
          ],
          [
            7.679533,
            46.130138
          ],
          [
            7.679533,
            46.130138
          ],
          [
            7.679533,
            46.130138
          ],
          [
            7.679533,
            46.130138
          ],
          [
            7.679533,
            46.130138
          ],
          [
            7.679552,
            46.130148
          ],
          [
            7.679552,
            46.130148
          ],
          [
            7.679552,
            46.130148
          ],
          [
            7.679552,
            46.130148
          ],
          [
            7.679574,
            46.13015
          ],
          [
            7.679564,
            46.130163
          ],
          [
            7.679575,
            46.130152
          ],
          [
            7.679585,
            46.130156
          ],
          [
            7.679551,
            46.130162
          ],
          [
            7.679551,
            46.130154
          ],
          [
            7.67954,
            46.130159
          ],
          [
            7.679541,
            46.13015
          ],
          [
            7.679542,
            46.130149
          ],
          [
            7.679535,
            46.130151
          ],
          [
            7.679537,
            46.130144
          ],
          [
            7.679595,
            46.13011
          ],
          [
            7.679599,
            46.13011
          ],
          [
            7.679622,
            46.130098
          ],
          [
            7.679677,
            46.13009
          ],
          [
            7.679762,
            46.130082
          ],
          [
            7.679779,
            46.130078
          ],
          [
            7.679825,
            46.13006
          ],
          [
            7.679867,
            46.130044
          ],
          [
            7.679898,
            46.130037
          ],
          [
            7.679946,
            46.130031
          ],
          [
            7.679981,
            46.130012
          ],
          [
            7.679989,
            46.130003
          ],
          [
            7.679999,
            46.129997
          ],
          [
            7.680012,
            46.129992
          ],
          [
            7.680026,
            46.129985
          ],
          [
            7.680074,
            46.129958
          ],
          [
            7.680132,
            46.12994
          ],
          [
            7.680217,
            46.129911
          ],
          [
            7.680263,
            46.12991
          ],
          [
            7.680269,
            46.129913
          ],
          [
            7.680281,
            46.129916
          ],
          [
            7.680289,
            46.12992
          ],
          [
            7.680325,
            46.129933
          ],
          [
            7.680332,
            46.129936
          ],
          [
            7.680372,
            46.129953
          ],
          [
            7.680406,
            46.129963
          ],
          [
            7.680449,
            46.129945
          ],
          [
            7.680494,
            46.129928
          ],
          [
            7.680506,
            46.129922
          ],
          [
            7.68057,
            46.129901
          ],
          [
            7.680589,
            46.129899
          ],
          [
            7.680621,
            46.129892
          ],
          [
            7.680625,
            46.129891
          ],
          [
            7.680655,
            46.129881
          ],
          [
            7.680663,
            46.12988
          ],
          [
            7.68067,
            46.129873
          ],
          [
            7.68067,
            46.129873
          ],
          [
            7.680671,
            46.129874
          ],
          [
            7.68067,
            46.129873
          ],
          [
            7.68067,
            46.129873
          ],
          [
            7.68067,
            46.129873
          ],
          [
            7.68067,
            46.129873
          ],
          [
            7.680669,
            46.129876
          ],
          [
            7.68067,
            46.129873
          ],
          [
            7.680658,
            46.129879
          ],
          [
            7.68067,
            46.129873
          ],
          [
            7.680658,
            46.129879
          ],
          [
            7.680659,
            46.129884
          ],
          [
            7.68066,
            46.129889
          ],
          [
            7.68067,
            46.129873
          ],
          [
            7.68067,
            46.129873
          ],
          [
            7.68067,
            46.129873
          ],
          [
            7.68067,
            46.129873
          ],
          [
            7.68067,
            46.129873
          ],
          [
            7.68067,
            46.129873
          ],
          [
            7.68067,
            46.129873
          ],
          [
            7.68067,
            46.129873
          ],
          [
            7.680673,
            46.129871
          ],
          [
            7.68075,
            46.129823
          ],
          [
            7.680768,
            46.129815
          ],
          [
            7.680773,
            46.129819
          ],
          [
            7.680768,
            46.129815
          ],
          [
            7.680768,
            46.129815
          ],
          [
            7.680768,
            46.129815
          ],
          [
            7.680768,
            46.129815
          ],
          [
            7.680768,
            46.129815
          ],
          [
            7.680768,
            46.129815
          ],
          [
            7.680818,
            46.129786
          ],
          [
            7.680939,
            46.129703
          ],
          [
            7.681002,
            46.12966
          ],
          [
            7.681076,
            46.129612
          ],
          [
            7.681239,
            46.129527
          ],
          [
            7.68134,
            46.129503
          ],
          [
            7.681444,
            46.129475
          ],
          [
            7.681691,
            46.129424
          ],
          [
            7.68181,
            46.129407
          ],
          [
            7.681923,
            46.129372
          ],
          [
            7.682018,
            46.129325
          ],
          [
            7.682096,
            46.129274
          ],
          [
            7.682386,
            46.129042
          ],
          [
            7.682455,
            46.128959
          ],
          [
            7.682511,
            46.128906
          ],
          [
            7.682522,
            46.128897
          ],
          [
            7.682543,
            46.128883
          ],
          [
            7.682561,
            46.128864
          ],
          [
            7.682575,
            46.128857
          ],
          [
            7.6826,
            46.128845
          ],
          [
            7.682621,
            46.12882
          ],
          [
            7.682636,
            46.128813
          ],
          [
            7.682658,
            46.128799
          ],
          [
            7.682626,
            46.12874
          ],
          [
            7.68264,
            46.128714
          ],
          [
            7.682657,
            46.128701
          ],
          [
            7.682662,
            46.128692
          ],
          [
            7.682683,
            46.128654
          ],
          [
            7.682742,
            46.128507
          ],
          [
            7.682778,
            46.128401
          ],
          [
            7.682797,
            46.128327
          ],
          [
            7.682798,
            46.128328
          ],
          [
            7.682799,
            46.128329
          ],
          [
            7.682799,
            46.128329
          ],
          [
            7.682803,
            46.128337
          ],
          [
            7.682805,
            46.128339
          ],
          [
            7.682763,
            46.128285
          ],
          [
            7.682715,
            46.128175
          ],
          [
            7.682702,
            46.128146
          ],
          [
            7.682677,
            46.128052
          ],
          [
            7.682659,
            46.127985
          ],
          [
            7.682635,
            46.127923
          ],
          [
            7.682583,
            46.127892
          ],
          [
            7.682558,
            46.127899
          ],
          [
            7.682542,
            46.127916
          ],
          [
            7.682515,
            46.127944
          ],
          [
            7.682483,
            46.127948
          ],
          [
            7.682456,
            46.127935
          ],
          [
            7.682444,
            46.127916
          ],
          [
            7.682443,
            46.127902
          ],
          [
            7.682438,
            46.127898
          ],
          [
            7.682435,
            46.127895
          ],
          [
            7.682406,
            46.127874
          ],
          [
            7.682383,
            46.127905
          ],
          [
            7.68236,
            46.127948
          ],
          [
            7.682316,
            46.128
          ],
          [
            7.682285,
            46.128004
          ],
          [
            7.682259,
            46.127988
          ],
          [
            7.682215,
            46.127944
          ],
          [
            7.682188,
            46.127943
          ],
          [
            7.682161,
            46.12796
          ],
          [
            7.682134,
            46.127981
          ],
          [
            7.682058,
            46.128015
          ],
          [
            7.682038,
            46.128006
          ],
          [
            7.682034,
            46.127987
          ],
          [
            7.682033,
            46.12794
          ],
          [
            7.682029,
            46.127913
          ],
          [
            7.682009,
            46.127883
          ],
          [
            7.681989,
            46.127891
          ],
          [
            7.681966,
            46.127899
          ],
          [
            7.681957,
            46.127911
          ],
          [
            7.681944,
            46.127932
          ],
          [
            7.68192,
            46.127933
          ],
          [
            7.681908,
            46.127936
          ],
          [
            7.681901,
            46.127944
          ],
          [
            7.681903,
            46.127946
          ],
          [
            7.681906,
            46.127947
          ],
          [
            7.681857,
            46.127995
          ],
          [
            7.681808,
            46.128051
          ],
          [
            7.681788,
            46.128051
          ],
          [
            7.681774,
            46.128042
          ],
          [
            7.681762,
            46.128029
          ],
          [
            7.681718,
            46.128031
          ],
          [
            7.681692,
            46.128047
          ],
          [
            7.681676,
            46.128061
          ],
          [
            7.681623,
            46.128094
          ],
          [
            7.68161,
            46.128087
          ],
          [
            7.681601,
            46.128068
          ],
          [
            7.68159,
            46.12805
          ],
          [
            7.681587,
            46.128045
          ],
          [
            7.681579,
            46.128041
          ],
          [
            7.681544,
            46.128037
          ],
          [
            7.681514,
            46.128056
          ],
          [
            7.681493,
            46.128079
          ],
          [
            7.681472,
            46.128101
          ],
          [
            7.681449,
            46.12813
          ],
          [
            7.681396,
            46.128149
          ],
          [
            7.681378,
            46.128135
          ],
          [
            7.681374,
            46.128115
          ],
          [
            7.681361,
            46.128105
          ],
          [
            7.681347,
            46.128103
          ],
          [
            7.681329,
            46.1281
          ],
          [
            7.681298,
            46.12809
          ],
          [
            7.681276,
            46.12806
          ],
          [
            7.68127,
            46.128044
          ],
          [
            7.681268,
            46.128029
          ],
          [
            7.681257,
            46.127995
          ],
          [
            7.681254,
            46.12796
          ],
          [
            7.681257,
            46.127957
          ],
          [
            7.68126,
            46.127956
          ],
          [
            7.681259,
            46.127914
          ],
          [
            7.681261,
            46.127895
          ],
          [
            7.681263,
            46.127859
          ],
          [
            7.681258,
            46.12782
          ],
          [
            7.681248,
            46.127785
          ],
          [
            7.681231,
            46.127764
          ],
          [
            7.681227,
            46.127759
          ],
          [
            7.681226,
            46.127756
          ],
          [
            7.681225,
            46.127757
          ],
          [
            7.681223,
            46.127757
          ],
          [
            7.681223,
            46.127755
          ],
          [
            7.681221,
            46.127753
          ],
          [
            7.681171,
            46.127713
          ],
          [
            7.681153,
            46.127704
          ],
          [
            7.681122,
            46.127688
          ],
          [
            7.681087,
            46.12767
          ],
          [
            7.681058,
            46.127653
          ],
          [
            7.681033,
            46.127627
          ],
          [
            7.681003,
            46.127571
          ],
          [
            7.680987,
            46.127506
          ],
          [
            7.680984,
            46.12747
          ],
          [
            7.680983,
            46.127433
          ],
          [
            7.680977,
            46.127392
          ],
          [
            7.680962,
            46.127346
          ],
          [
            7.680924,
            46.127263
          ],
          [
            7.680887,
            46.1272
          ],
          [
            7.680868,
            46.127169
          ],
          [
            7.680868,
            46.127166
          ],
          [
            7.680871,
            46.127167
          ],
          [
            7.680871,
            46.127166
          ],
          [
            7.680874,
            46.127149
          ],
          [
            7.680869,
            46.127135
          ],
          [
            7.680868,
            46.127129
          ],
          [
            7.680869,
            46.12712
          ],
          [
            7.680872,
            46.127117
          ],
          [
            7.680872,
            46.127117
          ],
          [
            7.680872,
            46.127117
          ],
          [
            7.680872,
            46.127117
          ],
          [
            7.680872,
            46.127117
          ],
          [
            7.680872,
            46.127117
          ],
          [
            7.680872,
            46.127117
          ],
          [
            7.680872,
            46.127117
          ],
          [
            7.680872,
            46.127117
          ],
          [
            7.680845,
            46.127143
          ],
          [
            7.680758,
            46.127101
          ],
          [
            7.680701,
            46.127041
          ],
          [
            7.680682,
            46.126968
          ],
          [
            7.680677,
            46.126898
          ],
          [
            7.680674,
            46.126842
          ],
          [
            7.680681,
            46.126779
          ],
          [
            7.680689,
            46.1267
          ],
          [
            7.680709,
            46.126652
          ],
          [
            7.680727,
            46.126601
          ],
          [
            7.680739,
            46.126554
          ],
          [
            7.680742,
            46.126515
          ],
          [
            7.680742,
            46.126501
          ],
          [
            7.68074,
            46.126501
          ],
          [
            7.680739,
            46.126505
          ],
          [
            7.680737,
            46.12651
          ],
          [
            7.680739,
            46.126513
          ],
          [
            7.680738,
            46.126513
          ],
          [
            7.680738,
            46.126513
          ],
          [
            7.680738,
            46.126513
          ],
          [
            7.680738,
            46.126513
          ],
          [
            7.680738,
            46.126513
          ],
          [
            7.680738,
            46.126513
          ],
          [
            7.680738,
            46.126513
          ],
          [
            7.680738,
            46.126513
          ],
          [
            7.680738,
            46.126513
          ],
          [
            7.680738,
            46.126513
          ],
          [
            7.68071,
            46.12648
          ],
          [
            7.680673,
            46.126466
          ],
          [
            7.680628,
            46.12647
          ],
          [
            7.680578,
            46.126468
          ],
          [
            7.680534,
            46.126468
          ],
          [
            7.680507,
            46.126481
          ],
          [
            7.680447,
            46.126477
          ],
          [
            7.680407,
            46.126483
          ],
          [
            7.680373,
            46.126498
          ],
          [
            7.68033,
            46.126493
          ],
          [
            7.680284,
            46.12651
          ],
          [
            7.680249,
            46.126533
          ],
          [
            7.680209,
            46.126543
          ],
          [
            7.680165,
            46.126545
          ],
          [
            7.680125,
            46.126559
          ],
          [
            7.680077,
            46.126565
          ],
          [
            7.680031,
            46.126572
          ],
          [
            7.679991,
            46.126595
          ],
          [
            7.679938,
            46.126599
          ],
          [
            7.679875,
            46.126601
          ],
          [
            7.679818,
            46.126627
          ],
          [
            7.679744,
            46.126646
          ],
          [
            7.679671,
            46.126646
          ],
          [
            7.679617,
            46.126641
          ],
          [
            7.679572,
            46.126636
          ],
          [
            7.679556,
            46.126625
          ],
          [
            7.679547,
            46.126617
          ],
          [
            7.679414,
            46.126693
          ],
          [
            7.679347,
            46.126763
          ],
          [
            7.679273,
            46.126837
          ],
          [
            7.679194,
            46.126864
          ],
          [
            7.679084,
            46.126873
          ],
          [
            7.678979,
            46.126909
          ],
          [
            7.678873,
            46.126933
          ],
          [
            7.67877,
            46.126922
          ],
          [
            7.678648,
            46.126925
          ],
          [
            7.678512,
            46.126938
          ],
          [
            7.678381,
            46.12692
          ],
          [
            7.678238,
            46.126917
          ],
          [
            7.678092,
            46.126922
          ],
          [
            7.67795,
            46.1269
          ],
          [
            7.677851,
            46.126846
          ],
          [
            7.677785,
            46.126772
          ],
          [
            7.677741,
            46.126687
          ],
          [
            7.677702,
            46.126614
          ],
          [
            7.677638,
            46.126543
          ],
          [
            7.677553,
            46.126502
          ],
          [
            7.677436,
            46.12648
          ],
          [
            7.677305,
            46.12645
          ],
          [
            7.677196,
            46.126413
          ],
          [
            7.677119,
            46.126369
          ],
          [
            7.677075,
            46.126325
          ],
          [
            7.677044,
            46.126291
          ],
          [
            7.677017,
            46.12627
          ],
          [
            7.677004,
            46.126261
          ],
          [
            7.67698,
            46.126256
          ],
          [
            7.676865,
            46.126282
          ],
          [
            7.676753,
            46.126293
          ],
          [
            7.676634,
            46.126271
          ],
          [
            7.676545,
            46.126222
          ],
          [
            7.676468,
            46.12617
          ],
          [
            7.676402,
            46.126118
          ],
          [
            7.676353,
            46.126071
          ],
          [
            7.676311,
            46.126028
          ],
          [
            7.676271,
            46.125987
          ],
          [
            7.676221,
            46.125942
          ],
          [
            7.676171,
            46.125895
          ],
          [
            7.676129,
            46.125851
          ],
          [
            7.676101,
            46.125815
          ],
          [
            7.676078,
            46.125779
          ],
          [
            7.67606,
            46.125749
          ],
          [
            7.67604,
            46.125703
          ],
          [
            7.676027,
            46.125651
          ],
          [
            7.67601,
            46.125613
          ],
          [
            7.676008,
            46.125584
          ],
          [
            7.676015,
            46.125582
          ],
          [
            7.676015,
            46.125582
          ],
          [
            7.676015,
            46.125582
          ],
          [
            7.676015,
            46.125582
          ],
          [
            7.676017,
            46.125578
          ],
          [
            7.67591,
            46.125563
          ],
          [
            7.675828,
            46.125548
          ],
          [
            7.675743,
            46.125572
          ],
          [
            7.675666,
            46.125616
          ],
          [
            7.675593,
            46.125666
          ],
          [
            7.675469,
            46.125755
          ],
          [
            7.675429,
            46.125783
          ],
          [
            7.675378,
            46.125803
          ],
          [
            7.675346,
            46.125821
          ],
          [
            7.67535,
            46.125823
          ],
          [
            7.67535,
            46.125823
          ],
          [
            7.67535,
            46.125823
          ],
          [
            7.675299,
            46.125784
          ],
          [
            7.675318,
            46.125745
          ],
          [
            7.675335,
            46.125702
          ],
          [
            7.675339,
            46.125663
          ],
          [
            7.675338,
            46.125635
          ],
          [
            7.675352,
            46.125609
          ],
          [
            7.675356,
            46.125607
          ],
          [
            7.675357,
            46.125608
          ],
          [
            7.675327,
            46.125597
          ],
          [
            7.675279,
            46.125595
          ],
          [
            7.675223,
            46.125582
          ],
          [
            7.675158,
            46.125567
          ],
          [
            7.675075,
            46.125559
          ],
          [
            7.675028,
            46.12553
          ],
          [
            7.674992,
            46.125489
          ],
          [
            7.674942,
            46.125464
          ],
          [
            7.674906,
            46.125427
          ],
          [
            7.674868,
            46.125382
          ],
          [
            7.674815,
            46.125361
          ],
          [
            7.674772,
            46.125332
          ],
          [
            7.674743,
            46.125283
          ],
          [
            7.6747,
            46.125258
          ],
          [
            7.67465,
            46.125233
          ],
          [
            7.674631,
            46.125194
          ],
          [
            7.674643,
            46.125145
          ],
          [
            7.67462,
            46.125104
          ],
          [
            7.674571,
            46.125088
          ],
          [
            7.674526,
            46.125053
          ],
          [
            7.674547,
            46.124999
          ],
          [
            7.674546,
            46.124945
          ],
          [
            7.674509,
            46.124912
          ],
          [
            7.674484,
            46.124873
          ],
          [
            7.674485,
            46.124829
          ],
          [
            7.6745,
            46.124797
          ],
          [
            7.674508,
            46.124768
          ],
          [
            7.674515,
            46.124757
          ],
          [
            7.674528,
            46.124748
          ],
          [
            7.674528,
            46.124746
          ],
          [
            7.674528,
            46.124746
          ],
          [
            7.674528,
            46.124746
          ],
          [
            7.674528,
            46.124746
          ],
          [
            7.674528,
            46.124746
          ],
          [
            7.674528,
            46.124746
          ],
          [
            7.674528,
            46.124746
          ],
          [
            7.674528,
            46.124746
          ],
          [
            7.674528,
            46.124746
          ],
          [
            7.674528,
            46.124746
          ],
          [
            7.674528,
            46.124746
          ],
          [
            7.67452,
            46.124749
          ],
          [
            7.674416,
            46.124722
          ],
          [
            7.674364,
            46.124685
          ],
          [
            7.674303,
            46.124651
          ],
          [
            7.67427,
            46.124612
          ],
          [
            7.674247,
            46.12456
          ],
          [
            7.674191,
            46.124528
          ],
          [
            7.67413,
            46.124478
          ],
          [
            7.674046,
            46.124443
          ],
          [
            7.673971,
            46.124397
          ],
          [
            7.673895,
            46.124351
          ],
          [
            7.673799,
            46.124294
          ],
          [
            7.673761,
            46.124221
          ],
          [
            7.673759,
            46.124134
          ],
          [
            7.673731,
            46.12403
          ],
          [
            7.673676,
            46.123941
          ],
          [
            7.67366,
            46.123853
          ],
          [
            7.673666,
            46.123745
          ],
          [
            7.673619,
            46.12363
          ],
          [
            7.673565,
            46.123501
          ],
          [
            7.673521,
            46.123369
          ],
          [
            7.673504,
            46.123215
          ],
          [
            7.673505,
            46.123054
          ],
          [
            7.67352,
            46.122873
          ],
          [
            7.673576,
            46.122683
          ],
          [
            7.673628,
            46.122505
          ],
          [
            7.673692,
            46.122328
          ],
          [
            7.673756,
            46.122167
          ],
          [
            7.673819,
            46.121998
          ],
          [
            7.673877,
            46.121838
          ],
          [
            7.673946,
            46.121691
          ],
          [
            7.674017,
            46.121569
          ],
          [
            7.674082,
            46.121453
          ],
          [
            7.674186,
            46.121269
          ],
          [
            7.674238,
            46.121194
          ],
          [
            7.674361,
            46.120994
          ],
          [
            7.674381,
            46.120929
          ],
          [
            7.674391,
            46.120876
          ],
          [
            7.674424,
            46.120764
          ],
          [
            7.674437,
            46.120705
          ],
          [
            7.674456,
            46.120592
          ],
          [
            7.674462,
            46.120536
          ],
          [
            7.674467,
            46.12048
          ],
          [
            7.67448,
            46.120363
          ],
          [
            7.674491,
            46.120246
          ],
          [
            7.674498,
            46.120195
          ],
          [
            7.674501,
            46.12015
          ],
          [
            7.674508,
            46.120098
          ],
          [
            7.674512,
            46.119938
          ],
          [
            7.674515,
            46.119841
          ],
          [
            7.674509,
            46.119806
          ],
          [
            7.674499,
            46.119771
          ],
          [
            7.674491,
            46.119739
          ],
          [
            7.674483,
            46.119709
          ],
          [
            7.674481,
            46.119668
          ],
          [
            7.674481,
            46.11967
          ],
          [
            7.67448,
            46.119674
          ],
          [
            7.67449,
            46.119674
          ],
          [
            7.67449,
            46.119674
          ],
          [
            7.67449,
            46.119674
          ],
          [
            7.674476,
            46.119669
          ],
          [
            7.67449,
            46.119674
          ],
          [
            7.67449,
            46.119679
          ],
          [
            7.674484,
            46.11966
          ],
          [
            7.674479,
            46.119663
          ],
          [
            7.674479,
            46.119667
          ],
          [
            7.674479,
            46.119663
          ],
          [
            7.674484,
            46.119669
          ],
          [
            7.674477,
            46.119673
          ],
          [
            7.674474,
            46.119674
          ],
          [
            7.67448,
            46.119669
          ],
          [
            7.674483,
            46.119658
          ],
          [
            7.674478,
            46.11966
          ],
          [
            7.674478,
            46.11966
          ],
          [
            7.674478,
            46.11966
          ],
          [
            7.674466,
            46.119671
          ],
          [
            7.674474,
            46.119668
          ],
          [
            7.674465,
            46.119667
          ],
          [
            7.674479,
            46.119666
          ],
          [
            7.674479,
            46.119672
          ],
          [
            7.674478,
            46.119674
          ],
          [
            7.674461,
            46.11968
          ],
          [
            7.67448,
            46.11967
          ],
          [
            7.674481,
            46.119672
          ],
          [
            7.674481,
            46.119674
          ],
          [
            7.674482,
            46.119674
          ],
          [
            7.674468,
            46.119679
          ],
          [
            7.674482,
            46.119677
          ],
          [
            7.674478,
            46.11966
          ],
          [
            7.674462,
            46.119669
          ],
          [
            7.674466,
            46.119671
          ],
          [
            7.674478,
            46.11966
          ],
          [
            7.674474,
            46.119668
          ],
          [
            7.674463,
            46.119677
          ],
          [
            7.674458,
            46.119678
          ],
          [
            7.674472,
            46.119674
          ],
          [
            7.674465,
            46.11967
          ],
          [
            7.674468,
            46.119671
          ],
          [
            7.674471,
            46.119676
          ],
          [
            7.674463,
            46.119684
          ],
          [
            7.674461,
            46.119687
          ],
          [
            7.674461,
            46.119687
          ],
          [
            7.674461,
            46.119687
          ],
          [
            7.674463,
            46.119687
          ],
          [
            7.674466,
            46.119687
          ],
          [
            7.674461,
            46.119687
          ],
          [
            7.674461,
            46.119687
          ],
          [
            7.674461,
            46.119687
          ],
          [
            7.674473,
            46.119675
          ],
          [
            7.674474,
            46.119675
          ],
          [
            7.674474,
            46.119675
          ],
          [
            7.674474,
            46.119657
          ],
          [
            7.674488,
            46.119672
          ],
          [
            7.674474,
            46.119675
          ],
          [
            7.674474,
            46.119675
          ],
          [
            7.674474,
            46.119675
          ],
          [
            7.674474,
            46.119675
          ],
          [
            7.674474,
            46.119675
          ],
          [
            7.674474,
            46.119675
          ],
          [
            7.674474,
            46.119675
          ],
          [
            7.674474,
            46.119675
          ],
          [
            7.674474,
            46.119675
          ],
          [
            7.674474,
            46.119675
          ],
          [
            7.674474,
            46.119675
          ],
          [
            7.674474,
            46.119675
          ],
          [
            7.674474,
            46.119675
          ],
          [
            7.674474,
            46.119675
          ],
          [
            7.674481,
            46.119682
          ],
          [
            7.67448,
            46.11969
          ],
          [
            7.674474,
            46.119675
          ],
          [
            7.674484,
            46.119685
          ],
          [
            7.674485,
            46.119681
          ],
          [
            7.674485,
            46.119681
          ],
          [
            7.674485,
            46.119682
          ],
          [
            7.674495,
            46.119674
          ],
          [
            7.674484,
            46.119677
          ],
          [
            7.67448,
            46.119676
          ],
          [
            7.674481,
            46.119665
          ],
          [
            7.674474,
            46.119675
          ],
          [
            7.674474,
            46.119675
          ],
          [
            7.674474,
            46.119675
          ],
          [
            7.674474,
            46.119675
          ],
          [
            7.674474,
            46.119675
          ],
          [
            7.674469,
            46.119667
          ],
          [
            7.674491,
            46.119664
          ],
          [
            7.674496,
            46.119662
          ],
          [
            7.674496,
            46.119662
          ],
          [
            7.674496,
            46.119662
          ],
          [
            7.674496,
            46.119662
          ],
          [
            7.674496,
            46.119662
          ],
          [
            7.674498,
            46.119662
          ],
          [
            7.674481,
            46.119677
          ],
          [
            7.674492,
            46.119674
          ],
          [
            7.67449,
            46.119673
          ],
          [
            7.674485,
            46.119666
          ],
          [
            7.674481,
            46.119668
          ],
          [
            7.674475,
            46.119665
          ],
          [
            7.674477,
            46.119666
          ],
          [
            7.674475,
            46.119665
          ],
          [
            7.674475,
            46.119665
          ],
          [
            7.674475,
            46.119665
          ],
          [
            7.674469,
            46.119664
          ],
          [
            7.674457,
            46.119664
          ],
          [
            7.674449,
            46.119667
          ],
          [
            7.674461,
            46.119665
          ],
          [
            7.674464,
            46.119665
          ],
          [
            7.674468,
            46.119664
          ],
          [
            7.674475,
            46.119665
          ],
          [
            7.674475,
            46.119665
          ],
          [
            7.674475,
            46.119665
          ],
          [
            7.674475,
            46.119665
          ],
          [
            7.674475,
            46.119665
          ],
          [
            7.674475,
            46.119665
          ],
          [
            7.674475,
            46.119665
          ],
          [
            7.674475,
            46.119665
          ],
          [
            7.674475,
            46.119665
          ],
          [
            7.674475,
            46.119665
          ],
          [
            7.674475,
            46.119665
          ],
          [
            7.674475,
            46.119665
          ],
          [
            7.674475,
            46.119665
          ],
          [
            7.674475,
            46.119665
          ],
          [
            7.674475,
            46.119665
          ],
          [
            7.674475,
            46.119665
          ],
          [
            7.674475,
            46.119665
          ],
          [
            7.674475,
            46.119665
          ],
          [
            7.674475,
            46.119665
          ],
          [
            7.674475,
            46.119665
          ],
          [
            7.674475,
            46.119665
          ],
          [
            7.674475,
            46.119665
          ],
          [
            7.674475,
            46.119665
          ],
          [
            7.674475,
            46.119665
          ],
          [
            7.674475,
            46.119665
          ],
          [
            7.674475,
            46.119665
          ],
          [
            7.674475,
            46.119665
          ],
          [
            7.674475,
            46.119665
          ],
          [
            7.674475,
            46.119665
          ],
          [
            7.674475,
            46.119665
          ],
          [
            7.674475,
            46.119665
          ],
          [
            7.674475,
            46.119665
          ],
          [
            7.674475,
            46.119665
          ],
          [
            7.674475,
            46.119665
          ],
          [
            7.674475,
            46.119665
          ],
          [
            7.674475,
            46.119665
          ],
          [
            7.674475,
            46.119665
          ],
          [
            7.674482,
            46.11966
          ],
          [
            7.674489,
            46.119659
          ],
          [
            7.674501,
            46.119684
          ],
          [
            7.674513,
            46.119702
          ],
          [
            7.674528,
            46.119723
          ],
          [
            7.674533,
            46.119726
          ],
          [
            7.674534,
            46.119707
          ],
          [
            7.674539,
            46.119676
          ],
          [
            7.67454,
            46.11967
          ],
          [
            7.67454,
            46.11967
          ],
          [
            7.67454,
            46.11967
          ],
          [
            7.67454,
            46.11967
          ],
          [
            7.67454,
            46.11967
          ],
          [
            7.674544,
            46.119693
          ],
          [
            7.674545,
            46.119693
          ],
          [
            7.674546,
            46.11969
          ],
          [
            7.674536,
            46.119662
          ],
          [
            7.674535,
            46.119651
          ],
          [
            7.674535,
            46.119648
          ],
          [
            7.674535,
            46.119647
          ],
          [
            7.674535,
            46.11964
          ],
          [
            7.674534,
            46.119629
          ],
          [
            7.67453,
            46.119607
          ],
          [
            7.674531,
            46.119599
          ],
          [
            7.674531,
            46.1196
          ],
          [
            7.674524,
            46.119591
          ],
          [
            7.674523,
            46.119583
          ],
          [
            7.674523,
            46.119574
          ],
          [
            7.674517,
            46.119559
          ],
          [
            7.674512,
            46.119548
          ],
          [
            7.674504,
            46.119537
          ],
          [
            7.674493,
            46.119519
          ],
          [
            7.674486,
            46.119511
          ],
          [
            7.674487,
            46.119509
          ],
          [
            7.674484,
            46.119498
          ],
          [
            7.674469,
            46.119471
          ],
          [
            7.674463,
            46.119463
          ],
          [
            7.674457,
            46.119453
          ],
          [
            7.674458,
            46.119443
          ],
          [
            7.674458,
            46.119442
          ],
          [
            7.674457,
            46.119434
          ],
          [
            7.674452,
            46.119425
          ],
          [
            7.674439,
            46.119403
          ],
          [
            7.674432,
            46.119392
          ],
          [
            7.674425,
            46.119365
          ],
          [
            7.674408,
            46.119342
          ],
          [
            7.674408,
            46.119339
          ],
          [
            7.674405,
            46.119333
          ],
          [
            7.674404,
            46.11933
          ],
          [
            7.674401,
            46.119324
          ],
          [
            7.674389,
            46.119299
          ],
          [
            7.674375,
            46.119272
          ],
          [
            7.67434,
            46.119244
          ],
          [
            7.674316,
            46.119213
          ],
          [
            7.674309,
            46.119202
          ],
          [
            7.674301,
            46.119169
          ],
          [
            7.6743,
            46.119152
          ],
          [
            7.674292,
            46.119128
          ],
          [
            7.674289,
            46.119113
          ],
          [
            7.674289,
            46.119106
          ],
          [
            7.674287,
            46.119073
          ],
          [
            7.674285,
            46.119034
          ],
          [
            7.674284,
            46.119009
          ],
          [
            7.674287,
            46.118991
          ],
          [
            7.674289,
            46.118984
          ],
          [
            7.67429,
            46.11898
          ],
          [
            7.674289,
            46.118972
          ],
          [
            7.674289,
            46.118968
          ],
          [
            7.67429,
            46.118953
          ],
          [
            7.674286,
            46.118923
          ],
          [
            7.674285,
            46.118915
          ],
          [
            7.674288,
            46.118878
          ],
          [
            7.674287,
            46.118863
          ],
          [
            7.674288,
            46.118846
          ],
          [
            7.674288,
            46.118836
          ],
          [
            7.674287,
            46.118816
          ],
          [
            7.674289,
            46.118796
          ],
          [
            7.674292,
            46.118796
          ],
          [
            7.674294,
            46.11879
          ],
          [
            7.674302,
            46.118759
          ],
          [
            7.674303,
            46.118724
          ],
          [
            7.674299,
            46.118706
          ],
          [
            7.674303,
            46.118686
          ],
          [
            7.67429,
            46.118657
          ],
          [
            7.67428,
            46.118629
          ],
          [
            7.674262,
            46.118601
          ],
          [
            7.674245,
            46.118578
          ],
          [
            7.674234,
            46.118562
          ],
          [
            7.674224,
            46.118554
          ],
          [
            7.674205,
            46.118537
          ],
          [
            7.674193,
            46.118526
          ],
          [
            7.674186,
            46.118521
          ],
          [
            7.674183,
            46.118516
          ],
          [
            7.674176,
            46.11851
          ],
          [
            7.674162,
            46.11849
          ],
          [
            7.674135,
            46.11846
          ],
          [
            7.674131,
            46.118455
          ],
          [
            7.674109,
            46.118437
          ],
          [
            7.674103,
            46.118432
          ],
          [
            7.674086,
            46.118416
          ],
          [
            7.674077,
            46.118403
          ],
          [
            7.674077,
            46.118401
          ],
          [
            7.674075,
            46.118396
          ],
          [
            7.674072,
            46.118387
          ],
          [
            7.674066,
            46.118377
          ],
          [
            7.674051,
            46.118347
          ],
          [
            7.674053,
            46.118347
          ],
          [
            7.674053,
            46.118328
          ],
          [
            7.674058,
            46.118318
          ],
          [
            7.674062,
            46.11828
          ],
          [
            7.674065,
            46.118271
          ],
          [
            7.674075,
            46.11824
          ],
          [
            7.674077,
            46.118238
          ],
          [
            7.674097,
            46.118209
          ],
          [
            7.674103,
            46.118203
          ],
          [
            7.674113,
            46.11819
          ],
          [
            7.674128,
            46.118174
          ],
          [
            7.674135,
            46.118168
          ],
          [
            7.674156,
            46.118146
          ],
          [
            7.674159,
            46.118144
          ],
          [
            7.674166,
            46.118141
          ],
          [
            7.674186,
            46.118117
          ],
          [
            7.674205,
            46.118095
          ],
          [
            7.674211,
            46.118083
          ],
          [
            7.674219,
            46.11807
          ],
          [
            7.67424,
            46.118061
          ],
          [
            7.674251,
            46.118067
          ],
          [
            7.67426,
            46.118075
          ],
          [
            7.674269,
            46.118081
          ],
          [
            7.674299,
            46.118095
          ],
          [
            7.674315,
            46.118103
          ],
          [
            7.674325,
            46.118107
          ],
          [
            7.674355,
            46.118118
          ],
          [
            7.674362,
            46.118122
          ],
          [
            7.674402,
            46.118136
          ],
          [
            7.674411,
            46.11814
          ],
          [
            7.674424,
            46.118147
          ],
          [
            7.674433,
            46.118151
          ],
          [
            7.674469,
            46.118164
          ],
          [
            7.674479,
            46.118168
          ],
          [
            7.674486,
            46.11817
          ],
          [
            7.674496,
            46.118175
          ],
          [
            7.674503,
            46.118178
          ],
          [
            7.674553,
            46.118198
          ],
          [
            7.674556,
            46.118199
          ],
          [
            7.674581,
            46.118209
          ],
          [
            7.674586,
            46.118209
          ],
          [
            7.674622,
            46.118222
          ],
          [
            7.674638,
            46.118231
          ],
          [
            7.674648,
            46.118234
          ],
          [
            7.67468,
            46.118245
          ],
          [
            7.674691,
            46.118249
          ],
          [
            7.674711,
            46.118256
          ],
          [
            7.674719,
            46.118258
          ],
          [
            7.674741,
            46.118262
          ],
          [
            7.67476,
            46.118266
          ],
          [
            7.67477,
            46.118267
          ],
          [
            7.674781,
            46.118271
          ],
          [
            7.674825,
            46.118285
          ],
          [
            7.674855,
            46.118295
          ],
          [
            7.67487,
            46.118298
          ],
          [
            7.674882,
            46.118304
          ],
          [
            7.674898,
            46.118313
          ],
          [
            7.674909,
            46.118319
          ],
          [
            7.674912,
            46.11832
          ],
          [
            7.67493,
            46.118326
          ],
          [
            7.674942,
            46.118333
          ],
          [
            7.674972,
            46.118343
          ],
          [
            7.675001,
            46.118351
          ],
          [
            7.675012,
            46.118356
          ],
          [
            7.675048,
            46.118374
          ],
          [
            7.675055,
            46.118376
          ],
          [
            7.675066,
            46.118381
          ],
          [
            7.675072,
            46.118382
          ],
          [
            7.675078,
            46.118385
          ],
          [
            7.67508,
            46.118385
          ],
          [
            7.675092,
            46.118391
          ],
          [
            7.675111,
            46.118398
          ],
          [
            7.675138,
            46.118408
          ],
          [
            7.675144,
            46.118409
          ],
          [
            7.675153,
            46.118413
          ],
          [
            7.675154,
            46.118412
          ],
          [
            7.675156,
            46.118412
          ],
          [
            7.675174,
            46.118418
          ],
          [
            7.675182,
            46.118421
          ],
          [
            7.675212,
            46.118437
          ],
          [
            7.675236,
            46.118454
          ],
          [
            7.675265,
            46.11847
          ],
          [
            7.675267,
            46.118471
          ],
          [
            7.675265,
            46.11847
          ],
          [
            7.675265,
            46.11847
          ],
          [
            7.675265,
            46.11847
          ],
          [
            7.675298,
            46.118488
          ],
          [
            7.67531,
            46.118493
          ],
          [
            7.675324,
            46.118498
          ],
          [
            7.67534,
            46.118503
          ],
          [
            7.675356,
            46.118508
          ],
          [
            7.675367,
            46.118513
          ],
          [
            7.675375,
            46.118518
          ],
          [
            7.675382,
            46.118521
          ],
          [
            7.675391,
            46.118528
          ],
          [
            7.675404,
            46.118534
          ],
          [
            7.675413,
            46.118539
          ],
          [
            7.675408,
            46.118535
          ],
          [
            7.675408,
            46.118535
          ],
          [
            7.675408,
            46.118535
          ],
          [
            7.675408,
            46.118535
          ],
          [
            7.675453,
            46.118552
          ],
          [
            7.675464,
            46.118557
          ],
          [
            7.675476,
            46.118567
          ],
          [
            7.675497,
            46.118579
          ],
          [
            7.675543,
            46.118596
          ],
          [
            7.675539,
            46.118588
          ],
          [
            7.675539,
            46.118583
          ],
          [
            7.675531,
            46.118579
          ],
          [
            7.675533,
            46.118575
          ],
          [
            7.675522,
            46.118552
          ],
          [
            7.675512,
            46.118516
          ],
          [
            7.675504,
            46.118506
          ],
          [
            7.675493,
            46.118492
          ],
          [
            7.675487,
            46.118459
          ],
          [
            7.675479,
            46.11845
          ],
          [
            7.675458,
            46.118417
          ],
          [
            7.675448,
            46.118412
          ],
          [
            7.675449,
            46.118391
          ],
          [
            7.675448,
            46.118381
          ],
          [
            7.675443,
            46.118358
          ],
          [
            7.675431,
            46.118336
          ],
          [
            7.675426,
            46.118302
          ],
          [
            7.675425,
            46.11829
          ],
          [
            7.675409,
            46.118259
          ],
          [
            7.675401,
            46.118234
          ],
          [
            7.675395,
            46.118226
          ],
          [
            7.675386,
            46.118215
          ],
          [
            7.675385,
            46.11821
          ],
          [
            7.675379,
            46.118192
          ],
          [
            7.675377,
            46.118177
          ],
          [
            7.675376,
            46.118169
          ],
          [
            7.67537,
            46.118164
          ],
          [
            7.675362,
            46.118132
          ],
          [
            7.675358,
            46.118122
          ],
          [
            7.675354,
            46.118098
          ],
          [
            7.675356,
            46.118088
          ],
          [
            7.675354,
            46.118074
          ],
          [
            7.675351,
            46.118054
          ],
          [
            7.675347,
            46.118046
          ],
          [
            7.675341,
            46.118024
          ],
          [
            7.675328,
            46.118008
          ],
          [
            7.675316,
            46.117996
          ],
          [
            7.67531,
            46.117992
          ],
          [
            7.675294,
            46.117968
          ],
          [
            7.675286,
            46.117961
          ],
          [
            7.675304,
            46.117961
          ],
          [
            7.675304,
            46.117967
          ],
          [
            7.675316,
            46.11797
          ],
          [
            7.675316,
            46.11797
          ],
          [
            7.675329,
            46.117972
          ],
          [
            7.675331,
            46.117971
          ],
          [
            7.675345,
            46.117972
          ],
          [
            7.67536,
            46.117975
          ],
          [
            7.675363,
            46.117975
          ],
          [
            7.675376,
            46.11798
          ],
          [
            7.675376,
            46.11798
          ],
          [
            7.675376,
            46.11798
          ],
          [
            7.675376,
            46.11798
          ],
          [
            7.675376,
            46.11798
          ],
          [
            7.675437,
            46.11799
          ],
          [
            7.675441,
            46.117993
          ],
          [
            7.675483,
            46.118017
          ],
          [
            7.675485,
            46.118019
          ],
          [
            7.675505,
            46.118032
          ],
          [
            7.67552,
            46.11804
          ],
          [
            7.67552,
            46.11804
          ],
          [
            7.675523,
            46.118039
          ],
          [
            7.67552,
            46.11804
          ],
          [
            7.675525,
            46.118039
          ],
          [
            7.675546,
            46.118046
          ],
          [
            7.675552,
            46.11805
          ],
          [
            7.67556,
            46.118047
          ],
          [
            7.675561,
            46.118045
          ],
          [
            7.675561,
            46.118042
          ],
          [
            7.675554,
            46.118036
          ],
          [
            7.675552,
            46.118029
          ],
          [
            7.675547,
            46.11801
          ],
          [
            7.675544,
            46.118002
          ],
          [
            7.67554,
            46.117969
          ],
          [
            7.675536,
            46.117948
          ],
          [
            7.675537,
            46.117932
          ],
          [
            7.675536,
            46.117921
          ],
          [
            7.675518,
            46.117892
          ],
          [
            7.6755,
            46.117869
          ],
          [
            7.675499,
            46.117863
          ],
          [
            7.675495,
            46.117858
          ],
          [
            7.675481,
            46.117839
          ],
          [
            7.67548,
            46.117839
          ],
          [
            7.675466,
            46.117819
          ],
          [
            7.675464,
            46.117813
          ],
          [
            7.675463,
            46.117764
          ],
          [
            7.675467,
            46.117755
          ],
          [
            7.675486,
            46.117719
          ],
          [
            7.675488,
            46.117714
          ],
          [
            7.675489,
            46.117715
          ],
          [
            7.675489,
            46.117715
          ],
          [
            7.675489,
            46.117715
          ],
          [
            7.675489,
            46.117715
          ],
          [
            7.675493,
            46.117717
          ],
          [
            7.675499,
            46.117714
          ],
          [
            7.675502,
            46.117713
          ],
          [
            7.675508,
            46.117709
          ],
          [
            7.675516,
            46.117707
          ],
          [
            7.675532,
            46.117698
          ],
          [
            7.675575,
            46.117689
          ],
          [
            7.675585,
            46.117691
          ],
          [
            7.6756,
            46.117695
          ],
          [
            7.675631,
            46.117701
          ],
          [
            7.675634,
            46.117702
          ],
          [
            7.675641,
            46.117704
          ],
          [
            7.675653,
            46.117706
          ],
          [
            7.67566,
            46.117709
          ],
          [
            7.675671,
            46.117711
          ],
          [
            7.675681,
            46.117715
          ],
          [
            7.675691,
            46.117717
          ],
          [
            7.6757,
            46.117721
          ],
          [
            7.675715,
            46.117727
          ],
          [
            7.675728,
            46.117729
          ],
          [
            7.675741,
            46.117732
          ],
          [
            7.675758,
            46.117731
          ],
          [
            7.675767,
            46.117732
          ],
          [
            7.675824,
            46.117718
          ],
          [
            7.675834,
            46.117713
          ],
          [
            7.675867,
            46.117701
          ],
          [
            7.675876,
            46.117699
          ],
          [
            7.675911,
            46.117682
          ],
          [
            7.675937,
            46.117663
          ],
          [
            7.675948,
            46.117655
          ],
          [
            7.675984,
            46.117632
          ],
          [
            7.675999,
            46.117623
          ],
          [
            7.676023,
            46.117606
          ],
          [
            7.676043,
            46.117593
          ],
          [
            7.676068,
            46.117575
          ],
          [
            7.676083,
            46.117568
          ],
          [
            7.676093,
            46.117544
          ],
          [
            7.676096,
            46.117537
          ],
          [
            7.676096,
            46.117521
          ],
          [
            7.676096,
            46.117514
          ],
          [
            7.676099,
            46.117509
          ],
          [
            7.676107,
            46.1175
          ],
          [
            7.676132,
            46.117457
          ],
          [
            7.676153,
            46.117426
          ],
          [
            7.676165,
            46.117412
          ],
          [
            7.676188,
            46.117373
          ],
          [
            7.676193,
            46.117364
          ],
          [
            7.676208,
            46.117341
          ],
          [
            7.676221,
            46.117329
          ],
          [
            7.676239,
            46.117308
          ],
          [
            7.676242,
            46.117306
          ],
          [
            7.676239,
            46.11729
          ],
          [
            7.676239,
            46.117279
          ],
          [
            7.676254,
            46.11724
          ],
          [
            7.676256,
            46.11722
          ],
          [
            7.676262,
            46.117195
          ],
          [
            7.676262,
            46.117171
          ],
          [
            7.676264,
            46.117161
          ],
          [
            7.676258,
            46.117152
          ],
          [
            7.676251,
            46.117146
          ],
          [
            7.676247,
            46.117141
          ],
          [
            7.676249,
            46.11713
          ],
          [
            7.676249,
            46.117094
          ],
          [
            7.676254,
            46.117086
          ],
          [
            7.676264,
            46.117058
          ],
          [
            7.676267,
            46.11704
          ],
          [
            7.67627,
            46.117015
          ],
          [
            7.67627,
            46.117012
          ],
          [
            7.676272,
            46.116997
          ],
          [
            7.676266,
            46.116992
          ],
          [
            7.676246,
            46.116975
          ],
          [
            7.676235,
            46.116969
          ],
          [
            7.676221,
            46.11696
          ],
          [
            7.676197,
            46.11694
          ],
          [
            7.676192,
            46.116935
          ],
          [
            7.676187,
            46.116927
          ],
          [
            7.676182,
            46.1169
          ],
          [
            7.676175,
            46.11689
          ],
          [
            7.676163,
            46.116883
          ],
          [
            7.676164,
            46.116884
          ],
          [
            7.676162,
            46.116883
          ],
          [
            7.676156,
            46.116876
          ],
          [
            7.676155,
            46.11687
          ],
          [
            7.676156,
            46.116869
          ],
          [
            7.676148,
            46.116851
          ],
          [
            7.676144,
            46.116838
          ],
          [
            7.676143,
            46.116827
          ],
          [
            7.676142,
            46.116815
          ],
          [
            7.676138,
            46.116806
          ],
          [
            7.676129,
            46.116785
          ],
          [
            7.676131,
            46.116783
          ],
          [
            7.676129,
            46.116774
          ],
          [
            7.676137,
            46.11674
          ],
          [
            7.676141,
            46.116737
          ],
          [
            7.676148,
            46.116737
          ],
          [
            7.676161,
            46.116729
          ],
          [
            7.676173,
            46.116719
          ],
          [
            7.676172,
            46.116718
          ],
          [
            7.676193,
            46.116699
          ],
          [
            7.676198,
            46.116691
          ],
          [
            7.67622,
            46.116662
          ],
          [
            7.676218,
            46.116651
          ],
          [
            7.676214,
            46.116642
          ],
          [
            7.676217,
            46.11662
          ],
          [
            7.676224,
            46.116615
          ],
          [
            7.676233,
            46.11661
          ],
          [
            7.676255,
            46.116605
          ],
          [
            7.676259,
            46.116604
          ],
          [
            7.676278,
            46.116599
          ],
          [
            7.676278,
            46.1166
          ],
          [
            7.676278,
            46.1166
          ],
          [
            7.676278,
            46.1166
          ],
          [
            7.676299,
            46.116599
          ],
          [
            7.676328,
            46.116604
          ],
          [
            7.676337,
            46.116602
          ],
          [
            7.676352,
            46.116603
          ],
          [
            7.676379,
            46.116599
          ],
          [
            7.676409,
            46.116599
          ],
          [
            7.676411,
            46.1166
          ],
          [
            7.676434,
            46.116597
          ],
          [
            7.676478,
            46.116596
          ],
          [
            7.676485,
            46.116597
          ],
          [
            7.676497,
            46.116599
          ],
          [
            7.676515,
            46.116596
          ],
          [
            7.676532,
            46.116591
          ],
          [
            7.676559,
            46.116584
          ],
          [
            7.676573,
            46.116581
          ],
          [
            7.676578,
            46.11658
          ],
          [
            7.676618,
            46.116566
          ],
          [
            7.676629,
            46.116562
          ],
          [
            7.67667,
            46.116552
          ],
          [
            7.676684,
            46.116549
          ],
          [
            7.67669,
            46.116537
          ],
          [
            7.676685,
            46.116525
          ],
          [
            7.676676,
            46.116497
          ],
          [
            7.67667,
            46.116487
          ],
          [
            7.676654,
            46.116463
          ],
          [
            7.676628,
            46.116436
          ],
          [
            7.676628,
            46.116432
          ],
          [
            7.676646,
            46.116388
          ],
          [
            7.676692,
            46.116359
          ],
          [
            7.676698,
            46.116355
          ],
          [
            7.676716,
            46.116346
          ],
          [
            7.676735,
            46.116344
          ],
          [
            7.676758,
            46.116339
          ],
          [
            7.676765,
            46.116338
          ],
          [
            7.676786,
            46.116332
          ],
          [
            7.676806,
            46.116331
          ],
          [
            7.676839,
            46.11633
          ],
          [
            7.676861,
            46.116328
          ],
          [
            7.676879,
            46.116325
          ],
          [
            7.676895,
            46.116322
          ],
          [
            7.676901,
            46.116321
          ],
          [
            7.676921,
            46.116316
          ],
          [
            7.676935,
            46.116314
          ],
          [
            7.676943,
            46.116312
          ],
          [
            7.676983,
            46.116305
          ],
          [
            7.676985,
            46.116306
          ],
          [
            7.67703,
            46.116299
          ],
          [
            7.67704,
            46.116296
          ],
          [
            7.677069,
            46.116287
          ],
          [
            7.677092,
            46.116275
          ],
          [
            7.677094,
            46.116274
          ],
          [
            7.677105,
            46.116266
          ],
          [
            7.67712,
            46.116258
          ],
          [
            7.677147,
            46.116238
          ],
          [
            7.67716,
            46.116212
          ],
          [
            7.677152,
            46.116184
          ],
          [
            7.677152,
            46.116178
          ],
          [
            7.677145,
            46.116152
          ],
          [
            7.677139,
            46.11615
          ],
          [
            7.677105,
            46.11613
          ],
          [
            7.677072,
            46.11611
          ],
          [
            7.677061,
            46.116105
          ],
          [
            7.67702,
            46.116085
          ],
          [
            7.677013,
            46.116078
          ],
          [
            7.677012,
            46.116073
          ],
          [
            7.677005,
            46.116065
          ],
          [
            7.677003,
            46.116049
          ],
          [
            7.677007,
            46.116031
          ],
          [
            7.677004,
            46.116026
          ],
          [
            7.677001,
            46.116023
          ],
          [
            7.677,
            46.116018
          ],
          [
            7.676998,
            46.116014
          ],
          [
            7.676995,
            46.115978
          ],
          [
            7.676991,
            46.115968
          ],
          [
            7.676985,
            46.115917
          ],
          [
            7.676974,
            46.115898
          ],
          [
            7.676971,
            46.115889
          ],
          [
            7.676969,
            46.115881
          ],
          [
            7.676965,
            46.115863
          ],
          [
            7.676961,
            46.115849
          ],
          [
            7.676968,
            46.115851
          ],
          [
            7.676963,
            46.115826
          ],
          [
            7.676965,
            46.115819
          ],
          [
            7.676965,
            46.115809
          ],
          [
            7.676963,
            46.115791
          ],
          [
            7.676992,
            46.115785
          ],
          [
            7.676998,
            46.115785
          ],
          [
            7.67704,
            46.115786
          ],
          [
            7.677096,
            46.11579
          ],
          [
            7.677103,
            46.115791
          ],
          [
            7.677129,
            46.115794
          ],
          [
            7.677159,
            46.115786
          ],
          [
            7.677166,
            46.115783
          ],
          [
            7.677207,
            46.11574
          ],
          [
            7.67721,
            46.115736
          ],
          [
            7.677246,
            46.11571
          ],
          [
            7.677265,
            46.115673
          ],
          [
            7.677269,
            46.115653
          ],
          [
            7.677265,
            46.115614
          ],
          [
            7.677261,
            46.115612
          ],
          [
            7.677236,
            46.115592
          ],
          [
            7.677227,
            46.115587
          ],
          [
            7.677204,
            46.115572
          ],
          [
            7.677195,
            46.115567
          ],
          [
            7.677187,
            46.115558
          ],
          [
            7.677167,
            46.11555
          ],
          [
            7.677166,
            46.115549
          ],
          [
            7.677156,
            46.115538
          ],
          [
            7.677127,
            46.115519
          ],
          [
            7.677114,
            46.115508
          ],
          [
            7.677087,
            46.115478
          ],
          [
            7.677069,
            46.11544
          ],
          [
            7.677045,
            46.115386
          ],
          [
            7.677041,
            46.115377
          ],
          [
            7.677019,
            46.115348
          ],
          [
            7.677009,
            46.115315
          ],
          [
            7.676997,
            46.115304
          ],
          [
            7.676983,
            46.115283
          ],
          [
            7.676976,
            46.115259
          ],
          [
            7.676972,
            46.115234
          ],
          [
            7.676972,
            46.115233
          ],
          [
            7.676971,
            46.11521
          ],
          [
            7.676977,
            46.115179
          ],
          [
            7.676976,
            46.115166
          ],
          [
            7.676983,
            46.115138
          ],
          [
            7.676991,
            46.115128
          ],
          [
            7.676999,
            46.115104
          ],
          [
            7.677058,
            46.115006
          ],
          [
            7.677068,
            46.114993
          ],
          [
            7.677069,
            46.114979
          ],
          [
            7.677072,
            46.114967
          ],
          [
            7.677073,
            46.114949
          ],
          [
            7.67707,
            46.114937
          ],
          [
            7.677068,
            46.114923
          ],
          [
            7.677049,
            46.114892
          ],
          [
            7.677047,
            46.114889
          ],
          [
            7.677025,
            46.11486
          ],
          [
            7.677013,
            46.114851
          ],
          [
            7.676995,
            46.11482
          ],
          [
            7.676989,
            46.114813
          ],
          [
            7.676969,
            46.114789
          ],
          [
            7.676964,
            46.114783
          ],
          [
            7.676936,
            46.114737
          ],
          [
            7.676917,
            46.11471
          ],
          [
            7.676896,
            46.114673
          ],
          [
            7.676879,
            46.114645
          ],
          [
            7.676864,
            46.114614
          ],
          [
            7.676848,
            46.114582
          ],
          [
            7.676847,
            46.114576
          ],
          [
            7.676828,
            46.114529
          ],
          [
            7.676819,
            46.114517
          ],
          [
            7.6768,
            46.114482
          ],
          [
            7.676785,
            46.114452
          ],
          [
            7.67677,
            46.11441
          ],
          [
            7.676767,
            46.114402
          ],
          [
            7.676745,
            46.114351
          ],
          [
            7.676707,
            46.114278
          ],
          [
            7.676701,
            46.114266
          ],
          [
            7.676689,
            46.114251
          ],
          [
            7.676682,
            46.114236
          ],
          [
            7.676671,
            46.114208
          ],
          [
            7.676666,
            46.114196
          ],
          [
            7.676651,
            46.114155
          ],
          [
            7.676645,
            46.114132
          ],
          [
            7.676647,
            46.114117
          ],
          [
            7.676646,
            46.114088
          ],
          [
            7.676651,
            46.114063
          ],
          [
            7.676648,
            46.114055
          ],
          [
            7.676647,
            46.114012
          ],
          [
            7.676656,
            46.11395
          ],
          [
            7.676658,
            46.113941
          ],
          [
            7.676654,
            46.113882
          ],
          [
            7.676638,
            46.11385
          ],
          [
            7.676628,
            46.113833
          ],
          [
            7.676616,
            46.113813
          ],
          [
            7.676615,
            46.113804
          ],
          [
            7.676613,
            46.113797
          ],
          [
            7.676608,
            46.113778
          ],
          [
            7.676606,
            46.113763
          ],
          [
            7.676604,
            46.113756
          ],
          [
            7.676602,
            46.11375
          ],
          [
            7.676601,
            46.113731
          ],
          [
            7.676601,
            46.113699
          ],
          [
            7.676604,
            46.113691
          ],
          [
            7.676619,
            46.113643
          ],
          [
            7.67663,
            46.113612
          ],
          [
            7.676633,
            46.1136
          ],
          [
            7.676639,
            46.11359
          ],
          [
            7.676665,
            46.113553
          ],
          [
            7.676668,
            46.113552
          ],
          [
            7.676684,
            46.113511
          ],
          [
            7.676691,
            46.113491
          ],
          [
            7.676704,
            46.113469
          ],
          [
            7.676717,
            46.113451
          ],
          [
            7.676728,
            46.113436
          ],
          [
            7.676743,
            46.113419
          ],
          [
            7.676755,
            46.113393
          ],
          [
            7.676763,
            46.113381
          ],
          [
            7.676778,
            46.113358
          ],
          [
            7.676781,
            46.113356
          ],
          [
            7.676788,
            46.113342
          ],
          [
            7.676792,
            46.113328
          ],
          [
            7.676796,
            46.11332
          ],
          [
            7.676819,
            46.113276
          ],
          [
            7.676823,
            46.113267
          ],
          [
            7.676829,
            46.113257
          ],
          [
            7.676843,
            46.113235
          ],
          [
            7.676844,
            46.113228
          ],
          [
            7.676865,
            46.113187
          ],
          [
            7.676875,
            46.113167
          ],
          [
            7.676885,
            46.113148
          ],
          [
            7.676888,
            46.113131
          ],
          [
            7.67689,
            46.113124
          ],
          [
            7.676893,
            46.113112
          ],
          [
            7.676903,
            46.113096
          ],
          [
            7.67691,
            46.113083
          ],
          [
            7.676918,
            46.113067
          ],
          [
            7.676925,
            46.113059
          ],
          [
            7.676936,
            46.113036
          ],
          [
            7.676951,
            46.113015
          ],
          [
            7.67696,
            46.112994
          ],
          [
            7.676966,
            46.112972
          ],
          [
            7.676967,
            46.112966
          ],
          [
            7.676976,
            46.112945
          ],
          [
            7.676975,
            46.112934
          ],
          [
            7.676965,
            46.112892
          ],
          [
            7.676939,
            46.112864
          ],
          [
            7.676931,
            46.112859
          ],
          [
            7.676895,
            46.112833
          ],
          [
            7.67683,
            46.112804
          ],
          [
            7.676824,
            46.112801
          ],
          [
            7.676811,
            46.112791
          ],
          [
            7.676811,
            46.112787
          ],
          [
            7.676805,
            46.112784
          ],
          [
            7.676801,
            46.112781
          ],
          [
            7.676799,
            46.11278
          ],
          [
            7.676795,
            46.11277
          ],
          [
            7.676787,
            46.112761
          ],
          [
            7.676787,
            46.112761
          ],
          [
            7.676787,
            46.112761
          ],
          [
            7.676787,
            46.112761
          ],
          [
            7.676787,
            46.112761
          ],
          [
            7.676787,
            46.112761
          ],
          [
            7.676787,
            46.112761
          ],
          [
            7.676787,
            46.112758
          ],
          [
            7.676782,
            46.112752
          ],
          [
            7.676778,
            46.112744
          ],
          [
            7.676771,
            46.112739
          ],
          [
            7.676772,
            46.112739
          ],
          [
            7.676772,
            46.112739
          ],
          [
            7.676772,
            46.112739
          ],
          [
            7.676772,
            46.112739
          ],
          [
            7.676772,
            46.112739
          ],
          [
            7.676772,
            46.112739
          ],
          [
            7.676772,
            46.112739
          ],
          [
            7.676772,
            46.112739
          ],
          [
            7.676772,
            46.112739
          ],
          [
            7.676772,
            46.112739
          ],
          [
            7.676772,
            46.112739
          ],
          [
            7.676772,
            46.112739
          ],
          [
            7.676772,
            46.112739
          ],
          [
            7.676772,
            46.112739
          ],
          [
            7.676772,
            46.112739
          ],
          [
            7.676772,
            46.112739
          ],
          [
            7.676772,
            46.112739
          ],
          [
            7.676772,
            46.112739
          ],
          [
            7.676772,
            46.112739
          ],
          [
            7.676772,
            46.112739
          ],
          [
            7.676772,
            46.112739
          ],
          [
            7.676772,
            46.112739
          ],
          [
            7.676772,
            46.112739
          ],
          [
            7.676772,
            46.112739
          ],
          [
            7.676772,
            46.112739
          ],
          [
            7.676772,
            46.112739
          ],
          [
            7.676772,
            46.112739
          ],
          [
            7.676772,
            46.112739
          ],
          [
            7.676772,
            46.112739
          ],
          [
            7.676772,
            46.112739
          ],
          [
            7.676772,
            46.112739
          ],
          [
            7.676772,
            46.112739
          ],
          [
            7.676772,
            46.112739
          ],
          [
            7.676772,
            46.112739
          ],
          [
            7.676772,
            46.112739
          ],
          [
            7.676772,
            46.112739
          ],
          [
            7.676772,
            46.112739
          ],
          [
            7.676772,
            46.112739
          ],
          [
            7.676772,
            46.112739
          ],
          [
            7.676772,
            46.112739
          ],
          [
            7.676772,
            46.112739
          ],
          [
            7.676772,
            46.112739
          ],
          [
            7.676772,
            46.112739
          ],
          [
            7.676772,
            46.112739
          ],
          [
            7.676772,
            46.112739
          ],
          [
            7.676773,
            46.112738
          ],
          [
            7.67677,
            46.112736
          ],
          [
            7.676774,
            46.11273
          ],
          [
            7.676779,
            46.112723
          ],
          [
            7.676782,
            46.11272
          ],
          [
            7.676781,
            46.11272
          ],
          [
            7.676781,
            46.11272
          ],
          [
            7.676781,
            46.11272
          ],
          [
            7.676771,
            46.112733
          ],
          [
            7.676766,
            46.112742
          ],
          [
            7.676766,
            46.112742
          ],
          [
            7.676766,
            46.112742
          ],
          [
            7.676766,
            46.112742
          ],
          [
            7.676766,
            46.112742
          ],
          [
            7.676766,
            46.112742
          ],
          [
            7.676773,
            46.112734
          ],
          [
            7.676766,
            46.112742
          ],
          [
            7.676773,
            46.11272
          ],
          [
            7.676773,
            46.11272
          ],
          [
            7.676773,
            46.11272
          ],
          [
            7.676773,
            46.11272
          ],
          [
            7.676773,
            46.11272
          ],
          [
            7.676773,
            46.11272
          ],
          [
            7.676773,
            46.11272
          ],
          [
            7.676773,
            46.11272
          ],
          [
            7.676773,
            46.11272
          ],
          [
            7.676773,
            46.11272
          ],
          [
            7.676773,
            46.11272
          ],
          [
            7.676773,
            46.11272
          ],
          [
            7.676773,
            46.11272
          ],
          [
            7.676773,
            46.11272
          ],
          [
            7.676773,
            46.11272
          ],
          [
            7.676773,
            46.11272
          ],
          [
            7.676773,
            46.11272
          ],
          [
            7.676773,
            46.11272
          ],
          [
            7.676773,
            46.11272
          ],
          [
            7.676773,
            46.11272
          ],
          [
            7.676773,
            46.11272
          ],
          [
            7.676773,
            46.11272
          ],
          [
            7.676773,
            46.11272
          ],
          [
            7.676773,
            46.11272
          ],
          [
            7.676773,
            46.11272
          ],
          [
            7.676773,
            46.11272
          ],
          [
            7.676773,
            46.11272
          ],
          [
            7.676773,
            46.11272
          ],
          [
            7.676773,
            46.11272
          ],
          [
            7.676773,
            46.11272
          ],
          [
            7.676773,
            46.11272
          ],
          [
            7.676773,
            46.11272
          ],
          [
            7.676773,
            46.11272
          ],
          [
            7.676773,
            46.11272
          ],
          [
            7.676773,
            46.11272
          ],
          [
            7.676773,
            46.11272
          ],
          [
            7.676773,
            46.11272
          ],
          [
            7.676773,
            46.11272
          ],
          [
            7.676773,
            46.11272
          ],
          [
            7.676763,
            46.112729
          ],
          [
            7.676774,
            46.112723
          ],
          [
            7.6768,
            46.112723
          ],
          [
            7.676785,
            46.112719
          ],
          [
            7.676773,
            46.11272
          ],
          [
            7.676765,
            46.112722
          ],
          [
            7.676766,
            46.112726
          ],
          [
            7.676757,
            46.112725
          ],
          [
            7.676773,
            46.11272
          ],
          [
            7.676773,
            46.11272
          ],
          [
            7.676773,
            46.11272
          ],
          [
            7.676773,
            46.11272
          ],
          [
            7.676773,
            46.11272
          ],
          [
            7.676773,
            46.11272
          ],
          [
            7.676773,
            46.11272
          ],
          [
            7.676773,
            46.11272
          ],
          [
            7.676773,
            46.11272
          ],
          [
            7.676773,
            46.11272
          ],
          [
            7.676758,
            46.112726
          ],
          [
            7.676759,
            46.112726
          ],
          [
            7.676753,
            46.112731
          ],
          [
            7.676751,
            46.11273
          ],
          [
            7.67676,
            46.112723
          ],
          [
            7.676773,
            46.11272
          ],
          [
            7.676773,
            46.11272
          ],
          [
            7.676774,
            46.112722
          ],
          [
            7.676763,
            46.112729
          ],
          [
            7.67677,
            46.112723
          ],
          [
            7.676773,
            46.11272
          ],
          [
            7.676773,
            46.11272
          ],
          [
            7.676773,
            46.11272
          ],
          [
            7.676773,
            46.11272
          ],
          [
            7.676773,
            46.11272
          ],
          [
            7.676773,
            46.11272
          ],
          [
            7.676773,
            46.11272
          ],
          [
            7.676769,
            46.112716
          ],
          [
            7.676765,
            46.112719
          ],
          [
            7.676767,
            46.112721
          ],
          [
            7.676773,
            46.11272
          ],
          [
            7.676773,
            46.11272
          ],
          [
            7.676773,
            46.11272
          ],
          [
            7.676766,
            46.112723
          ],
          [
            7.676761,
            46.112722
          ],
          [
            7.676754,
            46.11272
          ],
          [
            7.676761,
            46.112726
          ],
          [
            7.676762,
            46.112727
          ],
          [
            7.676767,
            46.112728
          ],
          [
            7.676769,
            46.11273
          ],
          [
            7.676768,
            46.112729
          ],
          [
            7.676782,
            46.112714
          ],
          [
            7.676773,
            46.11272
          ],
          [
            7.676773,
            46.11272
          ],
          [
            7.676773,
            46.11272
          ],
          [
            7.676773,
            46.11272
          ],
          [
            7.676773,
            46.11272
          ],
          [
            7.676773,
            46.11272
          ],
          [
            7.676773,
            46.11272
          ],
          [
            7.676794,
            46.112716
          ],
          [
            7.676773,
            46.11272
          ],
          [
            7.676795,
            46.112706
          ],
          [
            7.676795,
            46.112706
          ],
          [
            7.676795,
            46.112706
          ],
          [
            7.676795,
            46.112706
          ],
          [
            7.676795,
            46.112706
          ],
          [
            7.67679,
            46.112716
          ],
          [
            7.676778,
            46.112718
          ],
          [
            7.676777,
            46.112718
          ],
          [
            7.676772,
            46.112724
          ],
          [
            7.676778,
            46.112718
          ],
          [
            7.676778,
            46.112718
          ],
          [
            7.676778,
            46.112718
          ],
          [
            7.676778,
            46.112718
          ],
          [
            7.676778,
            46.112726
          ],
          [
            7.676781,
            46.112725
          ],
          [
            7.676778,
            46.112718
          ],
          [
            7.676778,
            46.112718
          ],
          [
            7.676771,
            46.112724
          ],
          [
            7.67677,
            46.112724
          ],
          [
            7.676783,
            46.112719
          ],
          [
            7.676778,
            46.112718
          ],
          [
            7.676778,
            46.112718
          ],
          [
            7.676778,
            46.112718
          ],
          [
            7.676778,
            46.112718
          ],
          [
            7.676778,
            46.112718
          ],
          [
            7.676778,
            46.112718
          ],
          [
            7.676778,
            46.112718
          ],
          [
            7.676778,
            46.112718
          ],
          [
            7.676778,
            46.112718
          ],
          [
            7.676778,
            46.112718
          ],
          [
            7.676778,
            46.112718
          ],
          [
            7.676778,
            46.112718
          ],
          [
            7.676778,
            46.112718
          ],
          [
            7.676778,
            46.112718
          ],
          [
            7.676778,
            46.112718
          ],
          [
            7.676778,
            46.112718
          ],
          [
            7.676778,
            46.112718
          ],
          [
            7.676778,
            46.112718
          ],
          [
            7.676778,
            46.112718
          ],
          [
            7.676778,
            46.112718
          ],
          [
            7.676778,
            46.112718
          ],
          [
            7.676778,
            46.112718
          ],
          [
            7.676778,
            46.112718
          ],
          [
            7.676778,
            46.112718
          ],
          [
            7.676778,
            46.112718
          ],
          [
            7.676778,
            46.112718
          ],
          [
            7.676778,
            46.112718
          ],
          [
            7.676778,
            46.112718
          ],
          [
            7.676778,
            46.112718
          ],
          [
            7.676778,
            46.112718
          ],
          [
            7.676778,
            46.112718
          ],
          [
            7.676778,
            46.112718
          ],
          [
            7.676778,
            46.112718
          ],
          [
            7.676778,
            46.112718
          ],
          [
            7.676782,
            46.11272
          ],
          [
            7.676775,
            46.11272
          ],
          [
            7.676767,
            46.11272
          ],
          [
            7.676752,
            46.112716
          ],
          [
            7.676759,
            46.11272
          ],
          [
            7.676765,
            46.112722
          ],
          [
            7.67678,
            46.112726
          ],
          [
            7.67678,
            46.112726
          ],
          [
            7.67678,
            46.112726
          ],
          [
            7.67678,
            46.112726
          ],
          [
            7.67678,
            46.112726
          ],
          [
            7.67678,
            46.112726
          ],
          [
            7.67678,
            46.112726
          ],
          [
            7.67678,
            46.112726
          ],
          [
            7.67678,
            46.112726
          ],
          [
            7.67678,
            46.112726
          ],
          [
            7.67678,
            46.112726
          ],
          [
            7.676802,
            46.112706
          ],
          [
            7.676808,
            46.112703
          ],
          [
            7.676808,
            46.112703
          ],
          [
            7.676808,
            46.112703
          ],
          [
            7.676808,
            46.112703
          ],
          [
            7.676808,
            46.112703
          ],
          [
            7.676808,
            46.112703
          ],
          [
            7.676808,
            46.112703
          ],
          [
            7.676802,
            46.112697
          ],
          [
            7.676785,
            46.112707
          ],
          [
            7.676784,
            46.112705
          ],
          [
            7.676825,
            46.112702
          ],
          [
            7.676794,
            46.112705
          ],
          [
            7.676793,
            46.112705
          ],
          [
            7.676793,
            46.112705
          ],
          [
            7.676793,
            46.112705
          ],
          [
            7.676793,
            46.112705
          ],
          [
            7.676793,
            46.112705
          ],
          [
            7.676793,
            46.112705
          ],
          [
            7.676793,
            46.112705
          ],
          [
            7.676793,
            46.112705
          ],
          [
            7.676793,
            46.112705
          ],
          [
            7.676793,
            46.112705
          ],
          [
            7.676793,
            46.112705
          ],
          [
            7.676793,
            46.112705
          ],
          [
            7.676793,
            46.112705
          ],
          [
            7.676793,
            46.112705
          ],
          [
            7.676793,
            46.112705
          ],
          [
            7.676793,
            46.112705
          ],
          [
            7.676793,
            46.112705
          ],
          [
            7.676793,
            46.112705
          ],
          [
            7.676793,
            46.112705
          ],
          [
            7.676793,
            46.112705
          ],
          [
            7.676793,
            46.112705
          ],
          [
            7.676793,
            46.112705
          ],
          [
            7.676793,
            46.112705
          ],
          [
            7.676793,
            46.112705
          ],
          [
            7.676793,
            46.112705
          ],
          [
            7.676793,
            46.112705
          ],
          [
            7.676793,
            46.112705
          ],
          [
            7.676794,
            46.112695
          ],
          [
            7.676793,
            46.112705
          ],
          [
            7.676793,
            46.112705
          ],
          [
            7.676754,
            46.112698
          ],
          [
            7.676783,
            46.112699
          ],
          [
            7.676763,
            46.112703
          ],
          [
            7.676771,
            46.112702
          ],
          [
            7.676771,
            46.112702
          ],
          [
            7.676771,
            46.112702
          ],
          [
            7.676766,
            46.112691
          ],
          [
            7.676771,
            46.112702
          ],
          [
            7.676771,
            46.112702
          ],
          [
            7.676767,
            46.112688
          ],
          [
            7.67677,
            46.112688
          ],
          [
            7.676766,
            46.112689
          ],
          [
            7.676767,
            46.112688
          ],
          [
            7.676752,
            46.112687
          ],
          [
            7.676756,
            46.112689
          ],
          [
            7.676754,
            46.112696
          ],
          [
            7.676749,
            46.112701
          ],
          [
            7.676758,
            46.112692
          ],
          [
            7.676763,
            46.112702
          ],
          [
            7.676766,
            46.112686
          ],
          [
            7.67676,
            46.11268
          ],
          [
            7.676771,
            46.112687
          ],
          [
            7.676771,
            46.112687
          ],
          [
            7.676771,
            46.112687
          ],
          [
            7.676751,
            46.112683
          ],
          [
            7.676753,
            46.112685
          ],
          [
            7.676754,
            46.112677
          ],
          [
            7.676753,
            46.11268
          ],
          [
            7.676727,
            46.112688
          ],
          [
            7.676727,
            46.112689
          ],
          [
            7.676736,
            46.112688
          ],
          [
            7.676767,
            46.112683
          ],
          [
            7.676741,
            46.112684
          ],
          [
            7.67676,
            46.112682
          ],
          [
            7.676767,
            46.112681
          ],
          [
            7.67677,
            46.112679
          ],
          [
            7.676763,
            46.112679
          ],
          [
            7.67675,
            46.112672
          ],
          [
            7.676758,
            46.112674
          ],
          [
            7.676767,
            46.11267
          ],
          [
            7.676768,
            46.112669
          ],
          [
            7.67676,
            46.112665
          ],
          [
            7.676757,
            46.11266
          ],
          [
            7.676757,
            46.112662
          ],
          [
            7.676759,
            46.112662
          ],
          [
            7.676745,
            46.112667
          ],
          [
            7.676742,
            46.112669
          ],
          [
            7.676746,
            46.112658
          ],
          [
            7.676739,
            46.112633
          ],
          [
            7.676724,
            46.112646
          ],
          [
            7.676721,
            46.112651
          ],
          [
            7.676713,
            46.112662
          ],
          [
            7.676704,
            46.112667
          ],
          [
            7.676709,
            46.112644
          ],
          [
            7.676695,
            46.112594
          ],
          [
            7.676698,
            46.1126
          ],
          [
            7.676697,
            46.112612
          ],
          [
            7.676698,
            46.112628
          ],
          [
            7.676702,
            46.112634
          ],
          [
            7.676702,
            46.112632
          ],
          [
            7.676703,
            46.112634
          ],
          [
            7.676702,
            46.11264
          ],
          [
            7.676701,
            46.11264
          ],
          [
            7.676701,
            46.112639
          ],
          [
            7.676701,
            46.112638
          ],
          [
            7.676708,
            46.112639
          ],
          [
            7.676699,
            46.112633
          ],
          [
            7.676697,
            46.112629
          ],
          [
            7.676692,
            46.11263
          ],
          [
            7.676696,
            46.112634
          ],
          [
            7.676697,
            46.112633
          ],
          [
            7.676698,
            46.112634
          ],
          [
            7.67672,
            46.11263
          ],
          [
            7.676725,
            46.112625
          ],
          [
            7.676736,
            46.112615
          ],
          [
            7.676739,
            46.112614
          ],
          [
            7.676739,
            46.112614
          ],
          [
            7.676739,
            46.112614
          ],
          [
            7.676739,
            46.112614
          ],
          [
            7.676739,
            46.112614
          ],
          [
            7.676739,
            46.112614
          ],
          [
            7.676736,
            46.112615
          ],
          [
            7.676737,
            46.112599
          ],
          [
            7.676734,
            46.112589
          ],
          [
            7.67673,
            46.112581
          ],
          [
            7.676732,
            46.112579
          ],
          [
            7.67673,
            46.112577
          ],
          [
            7.676733,
            46.112573
          ],
          [
            7.676734,
            46.112573
          ],
          [
            7.676734,
            46.112573
          ],
          [
            7.676726,
            46.112562
          ],
          [
            7.676724,
            46.112559
          ],
          [
            7.676734,
            46.11254
          ],
          [
            7.676731,
            46.112527
          ],
          [
            7.676729,
            46.112519
          ],
          [
            7.676735,
            46.112512
          ],
          [
            7.676737,
            46.112506
          ],
          [
            7.676735,
            46.112495
          ],
          [
            7.676733,
            46.112494
          ],
          [
            7.676731,
            46.112499
          ],
          [
            7.676733,
            46.1125
          ],
          [
            7.676733,
            46.112499
          ],
          [
            7.676723,
            46.112505
          ],
          [
            7.676719,
            46.112502
          ],
          [
            7.676725,
            46.11249
          ],
          [
            7.676734,
            46.112486
          ],
          [
            7.676743,
            46.112475
          ],
          [
            7.676761,
            46.112461
          ],
          [
            7.676765,
            46.112452
          ],
          [
            7.676768,
            46.112447
          ],
          [
            7.676785,
            46.112437
          ],
          [
            7.676796,
            46.11243
          ],
          [
            7.676804,
            46.112423
          ],
          [
            7.676819,
            46.11242
          ],
          [
            7.676842,
            46.112417
          ],
          [
            7.676873,
            46.112407
          ],
          [
            7.67691,
            46.112396
          ],
          [
            7.676923,
            46.112388
          ],
          [
            7.676931,
            46.112344
          ],
          [
            7.676934,
            46.112338
          ],
          [
            7.676932,
            46.112317
          ],
          [
            7.676936,
            46.1123
          ],
          [
            7.676936,
            46.112291
          ],
          [
            7.676949,
            46.112259
          ],
          [
            7.676954,
            46.112214
          ],
          [
            7.676955,
            46.112213
          ],
          [
            7.676969,
            46.112213
          ],
          [
            7.676962,
            46.112223
          ],
          [
            7.676956,
            46.112225
          ],
          [
            7.676954,
            46.112228
          ],
          [
            7.676947,
            46.112228
          ],
          [
            7.676931,
            46.112227
          ],
          [
            7.676937,
            46.112225
          ],
          [
            7.676937,
            46.112225
          ],
          [
            7.676937,
            46.112225
          ],
          [
            7.676968,
            46.112227
          ],
          [
            7.676963,
            46.112223
          ],
          [
            7.676963,
            46.112223
          ],
          [
            7.676963,
            46.112223
          ],
          [
            7.676963,
            46.112223
          ],
          [
            7.676963,
            46.112223
          ],
          [
            7.676963,
            46.112223
          ],
          [
            7.676963,
            46.112223
          ],
          [
            7.676963,
            46.112223
          ],
          [
            7.676963,
            46.112223
          ],
          [
            7.676963,
            46.112223
          ],
          [
            7.676963,
            46.112223
          ],
          [
            7.676963,
            46.112223
          ],
          [
            7.676963,
            46.112223
          ],
          [
            7.676963,
            46.112223
          ],
          [
            7.676948,
            46.112227
          ],
          [
            7.67694,
            46.112216
          ],
          [
            7.676943,
            46.112218
          ],
          [
            7.676942,
            46.112232
          ],
          [
            7.676944,
            46.112231
          ],
          [
            7.676956,
            46.112216
          ],
          [
            7.676949,
            46.112219
          ],
          [
            7.676945,
            46.112221
          ],
          [
            7.676942,
            46.112223
          ],
          [
            7.676942,
            46.112222
          ],
          [
            7.676942,
            46.112222
          ],
          [
            7.676943,
            46.11222
          ],
          [
            7.676948,
            46.112221
          ],
          [
            7.676951,
            46.112222
          ],
          [
            7.676942,
            46.112222
          ],
          [
            7.676942,
            46.112222
          ],
          [
            7.676942,
            46.112222
          ],
          [
            7.676942,
            46.112222
          ],
          [
            7.676942,
            46.112222
          ],
          [
            7.676942,
            46.112222
          ],
          [
            7.676959,
            46.112234
          ],
          [
            7.676959,
            46.112237
          ],
          [
            7.676962,
            46.112249
          ],
          [
            7.676963,
            46.112252
          ],
          [
            7.676963,
            46.112252
          ],
          [
            7.676963,
            46.112252
          ],
          [
            7.676963,
            46.112252
          ],
          [
            7.676963,
            46.112252
          ],
          [
            7.676963,
            46.112252
          ],
          [
            7.676957,
            46.112246
          ],
          [
            7.676967,
            46.112245
          ],
          [
            7.676962,
            46.112221
          ],
          [
            7.676967,
            46.11221
          ],
          [
            7.67697,
            46.112212
          ],
          [
            7.676973,
            46.112214
          ],
          [
            7.67697,
            46.112207
          ],
          [
            7.676973,
            46.112212
          ],
          [
            7.676966,
            46.112212
          ],
          [
            7.676965,
            46.112215
          ],
          [
            7.676956,
            46.112217
          ],
          [
            7.676952,
            46.112216
          ],
          [
            7.676951,
            46.112195
          ],
          [
            7.676951,
            46.112195
          ],
          [
            7.676951,
            46.112195
          ],
          [
            7.676951,
            46.112195
          ],
          [
            7.676954,
            46.112213
          ],
          [
            7.676955,
            46.112214
          ],
          [
            7.676955,
            46.112214
          ],
          [
            7.676955,
            46.112214
          ],
          [
            7.676956,
            46.112225
          ],
          [
            7.676955,
            46.112214
          ],
          [
            7.676955,
            46.112214
          ],
          [
            7.676955,
            46.112214
          ],
          [
            7.676955,
            46.112214
          ],
          [
            7.676955,
            46.112214
          ],
          [
            7.676955,
            46.112214
          ],
          [
            7.676955,
            46.112214
          ],
          [
            7.676955,
            46.112214
          ],
          [
            7.676955,
            46.112214
          ],
          [
            7.676955,
            46.112214
          ],
          [
            7.676955,
            46.112214
          ],
          [
            7.676955,
            46.112214
          ],
          [
            7.676955,
            46.112214
          ],
          [
            7.676955,
            46.112214
          ],
          [
            7.676955,
            46.112214
          ],
          [
            7.676955,
            46.112214
          ],
          [
            7.676955,
            46.112214
          ],
          [
            7.676955,
            46.112214
          ],
          [
            7.676955,
            46.112214
          ],
          [
            7.676955,
            46.112214
          ],
          [
            7.676955,
            46.112214
          ],
          [
            7.676955,
            46.112214
          ],
          [
            7.676955,
            46.112214
          ],
          [
            7.676955,
            46.112214
          ],
          [
            7.676955,
            46.112214
          ],
          [
            7.676949,
            46.112177
          ],
          [
            7.676955,
            46.112214
          ],
          [
            7.676955,
            46.112209
          ],
          [
            7.676955,
            46.112214
          ],
          [
            7.676955,
            46.112214
          ],
          [
            7.676955,
            46.112214
          ],
          [
            7.676955,
            46.112214
          ],
          [
            7.676955,
            46.112214
          ],
          [
            7.676955,
            46.112214
          ],
          [
            7.676951,
            46.112219
          ],
          [
            7.676955,
            46.112214
          ],
          [
            7.676955,
            46.112214
          ],
          [
            7.676955,
            46.112214
          ],
          [
            7.676955,
            46.112214
          ],
          [
            7.676955,
            46.112214
          ],
          [
            7.676955,
            46.112214
          ],
          [
            7.676937,
            46.112224
          ],
          [
            7.676932,
            46.11222
          ],
          [
            7.676932,
            46.11222
          ],
          [
            7.676932,
            46.11222
          ],
          [
            7.676945,
            46.112225
          ],
          [
            7.676949,
            46.112227
          ],
          [
            7.676964,
            46.112221
          ],
          [
            7.67697,
            46.112218
          ],
          [
            7.67696,
            46.112206
          ],
          [
            7.676968,
            46.112207
          ],
          [
            7.676961,
            46.112214
          ],
          [
            7.676948,
            46.112224
          ],
          [
            7.676946,
            46.112223
          ],
          [
            7.676954,
            46.112207
          ],
          [
            7.676964,
            46.112205
          ],
          [
            7.676964,
            46.112205
          ],
          [
            7.676964,
            46.112205
          ],
          [
            7.676964,
            46.112205
          ],
          [
            7.676964,
            46.112205
          ],
          [
            7.676964,
            46.112205
          ],
          [
            7.676967,
            46.112209
          ],
          [
            7.676964,
            46.112205
          ],
          [
            7.676964,
            46.112205
          ],
          [
            7.676964,
            46.112205
          ],
          [
            7.676964,
            46.112205
          ],
          [
            7.676964,
            46.112205
          ],
          [
            7.676965,
            46.112218
          ],
          [
            7.676964,
            46.112223
          ],
          [
            7.676965,
            46.112218
          ],
          [
            7.676965,
            46.112218
          ],
          [
            7.676965,
            46.112218
          ],
          [
            7.676965,
            46.112218
          ],
          [
            7.676965,
            46.112218
          ],
          [
            7.676965,
            46.112218
          ],
          [
            7.676965,
            46.112218
          ],
          [
            7.676965,
            46.112218
          ],
          [
            7.676965,
            46.112218
          ],
          [
            7.676965,
            46.112218
          ],
          [
            7.676965,
            46.112218
          ],
          [
            7.676965,
            46.112218
          ],
          [
            7.676965,
            46.112218
          ],
          [
            7.676965,
            46.112218
          ],
          [
            7.676965,
            46.112218
          ],
          [
            7.676965,
            46.112218
          ],
          [
            7.676965,
            46.112218
          ],
          [
            7.676965,
            46.112218
          ],
          [
            7.676965,
            46.112218
          ],
          [
            7.676965,
            46.112218
          ],
          [
            7.676965,
            46.112218
          ],
          [
            7.676965,
            46.112218
          ],
          [
            7.676965,
            46.112218
          ],
          [
            7.676965,
            46.112218
          ],
          [
            7.676965,
            46.112218
          ],
          [
            7.676965,
            46.112218
          ],
          [
            7.676965,
            46.112218
          ],
          [
            7.676965,
            46.112218
          ],
          [
            7.676965,
            46.112218
          ],
          [
            7.676965,
            46.112218
          ],
          [
            7.676965,
            46.112218
          ],
          [
            7.676965,
            46.112218
          ],
          [
            7.676965,
            46.112218
          ],
          [
            7.676958,
            46.112231
          ],
          [
            7.676959,
            46.112228
          ],
          [
            7.676965,
            46.112218
          ],
          [
            7.676965,
            46.112218
          ],
          [
            7.676965,
            46.112218
          ],
          [
            7.676965,
            46.112218
          ],
          [
            7.676965,
            46.112218
          ],
          [
            7.676965,
            46.112218
          ],
          [
            7.676965,
            46.112218
          ],
          [
            7.676965,
            46.112218
          ],
          [
            7.676965,
            46.112218
          ],
          [
            7.676965,
            46.112218
          ],
          [
            7.676965,
            46.112218
          ],
          [
            7.676965,
            46.112218
          ],
          [
            7.676957,
            46.112234
          ],
          [
            7.676955,
            46.11225
          ],
          [
            7.676954,
            46.112246
          ],
          [
            7.67697,
            46.112227
          ],
          [
            7.67696,
            46.112227
          ],
          [
            7.676955,
            46.112225
          ],
          [
            7.676955,
            46.112225
          ],
          [
            7.676955,
            46.112225
          ],
          [
            7.676955,
            46.112225
          ],
          [
            7.67697,
            46.112234
          ],
          [
            7.67697,
            46.112234
          ],
          [
            7.67697,
            46.112234
          ],
          [
            7.67697,
            46.112234
          ],
          [
            7.67697,
            46.112234
          ],
          [
            7.67697,
            46.112234
          ],
          [
            7.67697,
            46.112234
          ],
          [
            7.67697,
            46.112234
          ],
          [
            7.67697,
            46.112234
          ],
          [
            7.67697,
            46.112234
          ],
          [
            7.67697,
            46.112234
          ],
          [
            7.67697,
            46.112234
          ],
          [
            7.67697,
            46.112234
          ],
          [
            7.67697,
            46.112234
          ],
          [
            7.67697,
            46.112234
          ],
          [
            7.67697,
            46.112234
          ],
          [
            7.67697,
            46.112234
          ],
          [
            7.67697,
            46.112234
          ],
          [
            7.67697,
            46.112234
          ],
          [
            7.67697,
            46.112234
          ],
          [
            7.67697,
            46.112234
          ],
          [
            7.67697,
            46.112234
          ],
          [
            7.67697,
            46.112234
          ],
          [
            7.67697,
            46.112234
          ],
          [
            7.67696,
            46.112229
          ],
          [
            7.676989,
            46.112235
          ],
          [
            7.677075,
            46.112225
          ],
          [
            7.677097,
            46.112224
          ],
          [
            7.677143,
            46.112227
          ],
          [
            7.677149,
            46.112228
          ],
          [
            7.677166,
            46.112237
          ],
          [
            7.677177,
            46.112243
          ],
          [
            7.677202,
            46.112254
          ],
          [
            7.677202,
            46.112255
          ],
          [
            7.677235,
            46.112264
          ],
          [
            7.677282,
            46.112269
          ],
          [
            7.677325,
            46.112275
          ],
          [
            7.677399,
            46.11229
          ],
          [
            7.677512,
            46.112302
          ],
          [
            7.677598,
            46.112311
          ],
          [
            7.677616,
            46.112313
          ],
          [
            7.677684,
            46.11232
          ],
          [
            7.677734,
            46.112327
          ],
          [
            7.67775,
            46.11233
          ],
          [
            7.677774,
            46.112333
          ],
          [
            7.677826,
            46.112338
          ],
          [
            7.677855,
            46.112337
          ],
          [
            7.677882,
            46.112337
          ],
          [
            7.677933,
            46.112334
          ],
          [
            7.677993,
            46.112336
          ],
          [
            7.678026,
            46.112344
          ],
          [
            7.67804,
            46.112346
          ],
          [
            7.678081,
            46.112355
          ],
          [
            7.678162,
            46.112357
          ],
          [
            7.678265,
            46.112361
          ],
          [
            7.678313,
            46.112356
          ],
          [
            7.678321,
            46.112356
          ],
          [
            7.678367,
            46.112345
          ],
          [
            7.678384,
            46.112342
          ],
          [
            7.678411,
            46.112336
          ],
          [
            7.678457,
            46.112332
          ],
          [
            7.67847,
            46.11233
          ],
          [
            7.678489,
            46.112328
          ],
          [
            7.67856,
            46.11232
          ],
          [
            7.67865,
            46.11231
          ],
          [
            7.678701,
            46.112306
          ],
          [
            7.678811,
            46.112288
          ],
          [
            7.678931,
            46.112271
          ],
          [
            7.678943,
            46.11227
          ],
          [
            7.679005,
            46.112263
          ],
          [
            7.679044,
            46.112263
          ],
          [
            7.679078,
            46.112258
          ],
          [
            7.679104,
            46.112254
          ],
          [
            7.679114,
            46.112256
          ],
          [
            7.679157,
            46.112255
          ],
          [
            7.679165,
            46.112253
          ],
          [
            7.679216,
            46.11225
          ],
          [
            7.679255,
            46.112249
          ],
          [
            7.679293,
            46.112242
          ],
          [
            7.679324,
            46.112238
          ],
          [
            7.679335,
            46.112236
          ],
          [
            7.67934,
            46.112234
          ],
          [
            7.679358,
            46.112231
          ],
          [
            7.679392,
            46.112222
          ],
          [
            7.679397,
            46.11222
          ],
          [
            7.679442,
            46.112213
          ],
          [
            7.679461,
            46.112212
          ],
          [
            7.679522,
            46.112222
          ],
          [
            7.679533,
            46.112224
          ],
          [
            7.679587,
            46.112239
          ],
          [
            7.679597,
            46.112242
          ],
          [
            7.679632,
            46.112254
          ],
          [
            7.679662,
            46.112263
          ],
          [
            7.67966,
            46.112262
          ],
          [
            7.67966,
            46.112262
          ],
          [
            7.679732,
            46.112285
          ],
          [
            7.679761,
            46.112293
          ],
          [
            7.679769,
            46.112296
          ],
          [
            7.679779,
            46.112311
          ],
          [
            7.679842,
            46.112301
          ],
          [
            7.679845,
            46.112277
          ],
          [
            7.679889,
            46.112203
          ],
          [
            7.679911,
            46.112172
          ],
          [
            7.679892,
            46.112141
          ],
          [
            7.679865,
            46.112132
          ],
          [
            7.679827,
            46.112125
          ],
          [
            7.679772,
            46.11211
          ],
          [
            7.679782,
            46.112104
          ],
          [
            7.679786,
            46.112102
          ],
          [
            7.679795,
            46.112091
          ],
          [
            7.679817,
            46.112057
          ],
          [
            7.679828,
            46.111972
          ],
          [
            7.67983,
            46.111928
          ],
          [
            7.679833,
            46.111908
          ],
          [
            7.679837,
            46.111885
          ],
          [
            7.679825,
            46.111841
          ],
          [
            7.67981,
            46.1118
          ],
          [
            7.679803,
            46.111776
          ],
          [
            7.679806,
            46.111777
          ],
          [
            7.679788,
            46.111752
          ],
          [
            7.679787,
            46.111745
          ],
          [
            7.67978,
            46.111726
          ],
          [
            7.679774,
            46.111681
          ],
          [
            7.679773,
            46.11168
          ],
          [
            7.679774,
            46.111676
          ],
          [
            7.679774,
            46.111675
          ],
          [
            7.679771,
            46.111656
          ],
          [
            7.679734,
            46.111581
          ],
          [
            7.679729,
            46.111572
          ],
          [
            7.679652,
            46.111513
          ],
          [
            7.679614,
            46.111487
          ],
          [
            7.679569,
            46.111459
          ],
          [
            7.679515,
            46.111428
          ],
          [
            7.679501,
            46.111421
          ],
          [
            7.679471,
            46.111408
          ],
          [
            7.679451,
            46.111399
          ],
          [
            7.679434,
            46.11139
          ],
          [
            7.679356,
            46.111347
          ],
          [
            7.679305,
            46.111321
          ],
          [
            7.679227,
            46.111273
          ],
          [
            7.679182,
            46.111248
          ],
          [
            7.679145,
            46.111209
          ],
          [
            7.679139,
            46.111198
          ],
          [
            7.679137,
            46.11119
          ],
          [
            7.679137,
            46.11119
          ],
          [
            7.679137,
            46.11119
          ],
          [
            7.679138,
            46.111139
          ],
          [
            7.679157,
            46.111118
          ],
          [
            7.679163,
            46.111097
          ],
          [
            7.67917,
            46.11109
          ],
          [
            7.679178,
            46.111081
          ],
          [
            7.67919,
            46.111071
          ],
          [
            7.679207,
            46.111066
          ],
          [
            7.679226,
            46.111057
          ],
          [
            7.67929,
            46.111046
          ],
          [
            7.679315,
            46.111041
          ],
          [
            7.679337,
            46.111039
          ],
          [
            7.67934,
            46.111037
          ],
          [
            7.679353,
            46.111033
          ],
          [
            7.679368,
            46.111024
          ],
          [
            7.679382,
            46.111003
          ],
          [
            7.679406,
            46.110969
          ],
          [
            7.679435,
            46.110923
          ],
          [
            7.679465,
            46.110863
          ],
          [
            7.679473,
            46.110854
          ],
          [
            7.679475,
            46.110847
          ],
          [
            7.679476,
            46.110843
          ],
          [
            7.679485,
            46.110826
          ],
          [
            7.679487,
            46.110807
          ],
          [
            7.67948,
            46.110754
          ],
          [
            7.679479,
            46.110736
          ],
          [
            7.67947,
            46.110708
          ],
          [
            7.679464,
            46.110659
          ],
          [
            7.679466,
            46.110652
          ],
          [
            7.679468,
            46.110644
          ],
          [
            7.679471,
            46.11064
          ],
          [
            7.679467,
            46.110619
          ],
          [
            7.679465,
            46.110588
          ],
          [
            7.679473,
            46.110569
          ],
          [
            7.679471,
            46.110546
          ],
          [
            7.679486,
            46.110471
          ],
          [
            7.679495,
            46.110453
          ],
          [
            7.679502,
            46.11044
          ],
          [
            7.67952,
            46.110419
          ],
          [
            7.67953,
            46.110405
          ],
          [
            7.679548,
            46.110382
          ],
          [
            7.679551,
            46.110376
          ],
          [
            7.679565,
            46.110311
          ],
          [
            7.679562,
            46.110239
          ],
          [
            7.679568,
            46.110213
          ],
          [
            7.679568,
            46.110183
          ],
          [
            7.679563,
            46.110172
          ],
          [
            7.679545,
            46.110124
          ],
          [
            7.679553,
            46.110106
          ],
          [
            7.679558,
            46.110087
          ],
          [
            7.679558,
            46.110083
          ],
          [
            7.67957,
            46.110073
          ],
          [
            7.679587,
            46.11006
          ],
          [
            7.679595,
            46.110056
          ],
          [
            7.67965,
            46.110029
          ],
          [
            7.679655,
            46.110026
          ],
          [
            7.679712,
            46.109977
          ],
          [
            7.679764,
            46.10994
          ],
          [
            7.679803,
            46.109877
          ],
          [
            7.679854,
            46.109816
          ],
          [
            7.679952,
            46.109766
          ],
          [
            7.679965,
            46.109752
          ],
          [
            7.679977,
            46.109729
          ],
          [
            7.679993,
            46.109699
          ],
          [
            7.680021,
            46.109658
          ],
          [
            7.680023,
            46.109654
          ],
          [
            7.680046,
            46.109627
          ],
          [
            7.680063,
            46.10961
          ],
          [
            7.680127,
            46.109571
          ],
          [
            7.680201,
            46.109525
          ],
          [
            7.680254,
            46.109505
          ],
          [
            7.680272,
            46.109501
          ],
          [
            7.680286,
            46.109499
          ],
          [
            7.680317,
            46.109498
          ],
          [
            7.680338,
            46.109496
          ],
          [
            7.680345,
            46.109496
          ],
          [
            7.680373,
            46.109496
          ],
          [
            7.680389,
            46.109496
          ],
          [
            7.680409,
            46.109496
          ],
          [
            7.680426,
            46.109495
          ],
          [
            7.680466,
            46.109486
          ],
          [
            7.680482,
            46.109472
          ],
          [
            7.680481,
            46.109465
          ],
          [
            7.680496,
            46.109431
          ],
          [
            7.680512,
            46.109401
          ],
          [
            7.680518,
            46.109383
          ],
          [
            7.68052,
            46.109371
          ],
          [
            7.680519,
            46.109351
          ],
          [
            7.680504,
            46.109329
          ],
          [
            7.680443,
            46.109299
          ],
          [
            7.680409,
            46.10929
          ],
          [
            7.680361,
            46.109276
          ],
          [
            7.680343,
            46.109275
          ],
          [
            7.680321,
            46.109273
          ],
          [
            7.680308,
            46.10927
          ],
          [
            7.680299,
            46.109268
          ],
          [
            7.680283,
            46.109264
          ],
          [
            7.680216,
            46.109253
          ],
          [
            7.680213,
            46.109253
          ],
          [
            7.680137,
            46.10924
          ],
          [
            7.68011,
            46.109219
          ],
          [
            7.680088,
            46.10917
          ],
          [
            7.680083,
            46.109149
          ],
          [
            7.680079,
            46.10914
          ],
          [
            7.680075,
            46.109121
          ],
          [
            7.68007,
            46.109098
          ],
          [
            7.68007,
            46.109092
          ],
          [
            7.68006,
            46.109046
          ],
          [
            7.68005,
            46.109017
          ],
          [
            7.680045,
            46.108959
          ],
          [
            7.680047,
            46.108935
          ],
          [
            7.680047,
            46.108935
          ],
          [
            7.680054,
            46.108926
          ],
          [
            7.680066,
            46.1089
          ],
          [
            7.680078,
            46.108875
          ],
          [
            7.680085,
            46.108867
          ],
          [
            7.680091,
            46.108858
          ],
          [
            7.680101,
            46.108845
          ],
          [
            7.680109,
            46.108831
          ],
          [
            7.680146,
            46.108765
          ],
          [
            7.680159,
            46.108734
          ],
          [
            7.680182,
            46.108676
          ],
          [
            7.680188,
            46.108661
          ],
          [
            7.680195,
            46.108639
          ],
          [
            7.680201,
            46.108616
          ],
          [
            7.680208,
            46.108622
          ],
          [
            7.680193,
            46.108621
          ],
          [
            7.680202,
            46.10862
          ],
          [
            7.680196,
            46.10862
          ],
          [
            7.680202,
            46.10862
          ],
          [
            7.680201,
            46.108619
          ],
          [
            7.680208,
            46.108617
          ],
          [
            7.680202,
            46.10862
          ],
          [
            7.680202,
            46.10862
          ],
          [
            7.680202,
            46.10862
          ],
          [
            7.680202,
            46.10862
          ],
          [
            7.680202,
            46.10862
          ],
          [
            7.680202,
            46.10862
          ],
          [
            7.680206,
            46.108622
          ],
          [
            7.680202,
            46.10862
          ],
          [
            7.680202,
            46.10862
          ],
          [
            7.680199,
            46.108622
          ],
          [
            7.680202,
            46.10862
          ],
          [
            7.680202,
            46.10862
          ],
          [
            7.680202,
            46.10862
          ],
          [
            7.680202,
            46.10862
          ],
          [
            7.680202,
            46.10862
          ],
          [
            7.6802,
            46.108617
          ],
          [
            7.680202,
            46.10862
          ],
          [
            7.680202,
            46.10862
          ],
          [
            7.680202,
            46.10862
          ],
          [
            7.680202,
            46.10862
          ],
          [
            7.680202,
            46.10862
          ],
          [
            7.680196,
            46.10862
          ],
          [
            7.680193,
            46.108622
          ],
          [
            7.680199,
            46.108621
          ],
          [
            7.680201,
            46.108621
          ],
          [
            7.680202,
            46.108621
          ],
          [
            7.680206,
            46.108619
          ],
          [
            7.680202,
            46.10862
          ],
          [
            7.680206,
            46.108628
          ],
          [
            7.680201,
            46.108631
          ],
          [
            7.680198,
            46.108622
          ],
          [
            7.680201,
            46.108594
          ],
          [
            7.680256,
            46.108455
          ],
          [
            7.680414,
            46.108166
          ],
          [
            7.680522,
            46.108006
          ],
          [
            7.680577,
            46.107928
          ],
          [
            7.680643,
            46.107858
          ],
          [
            7.680724,
            46.107796
          ],
          [
            7.680785,
            46.107768
          ],
          [
            7.680833,
            46.107757
          ],
          [
            7.680867,
            46.107737
          ],
          [
            7.680874,
            46.107696
          ],
          [
            7.680849,
            46.107646
          ],
          [
            7.680829,
            46.107584
          ],
          [
            7.680808,
            46.10752
          ],
          [
            7.680768,
            46.107459
          ],
          [
            7.680766,
            46.107402
          ],
          [
            7.680735,
            46.10735
          ],
          [
            7.680712,
            46.107263
          ],
          [
            7.680739,
            46.107247
          ],
          [
            7.680759,
            46.107242
          ],
          [
            7.680763,
            46.107251
          ],
          [
            7.68078,
            46.107247
          ],
          [
            7.680758,
            46.107203
          ],
          [
            7.680653,
            46.107161
          ],
          [
            7.680646,
            46.107125
          ],
          [
            7.680623,
            46.10709
          ],
          [
            7.68058,
            46.107053
          ],
          [
            7.680592,
            46.107026
          ],
          [
            7.680591,
            46.106932
          ],
          [
            7.680632,
            46.106887
          ],
          [
            7.680642,
            46.106819
          ],
          [
            7.680663,
            46.106748
          ],
          [
            7.680712,
            46.106685
          ],
          [
            7.680739,
            46.106604
          ],
          [
            7.680757,
            46.106523
          ],
          [
            7.680798,
            46.106473
          ],
          [
            7.680827,
            46.10642
          ],
          [
            7.68087,
            46.106367
          ],
          [
            7.680936,
            46.106317
          ],
          [
            7.680964,
            46.106243
          ],
          [
            7.680924,
            46.106183
          ],
          [
            7.680874,
            46.106115
          ],
          [
            7.680862,
            46.106052
          ],
          [
            7.680861,
            46.105992
          ],
          [
            7.680795,
            46.105957
          ],
          [
            7.680716,
            46.105928
          ],
          [
            7.680668,
            46.105874
          ],
          [
            7.6806,
            46.105819
          ],
          [
            7.680529,
            46.105757
          ],
          [
            7.680424,
            46.105706
          ],
          [
            7.680314,
            46.105667
          ],
          [
            7.680248,
            46.105608
          ],
          [
            7.680175,
            46.105541
          ],
          [
            7.680075,
            46.105463
          ],
          [
            7.679997,
            46.105387
          ],
          [
            7.679988,
            46.105341
          ],
          [
            7.680107,
            46.105229
          ],
          [
            7.680204,
            46.10513
          ],
          [
            7.68025,
            46.105046
          ],
          [
            7.680264,
            46.104855
          ],
          [
            7.680302,
            46.104665
          ],
          [
            7.680317,
            46.104585
          ],
          [
            7.680341,
            46.104497
          ],
          [
            7.680388,
            46.104405
          ],
          [
            7.680445,
            46.10432
          ],
          [
            7.680469,
            46.104148
          ],
          [
            7.680468,
            46.10406
          ],
          [
            7.680514,
            46.103985
          ],
          [
            7.680577,
            46.103921
          ],
          [
            7.680583,
            46.103839
          ],
          [
            7.680547,
            46.103766
          ],
          [
            7.680532,
            46.103678
          ],
          [
            7.680441,
            46.103532
          ],
          [
            7.680349,
            46.103457
          ],
          [
            7.680329,
            46.103384
          ],
          [
            7.68034,
            46.103305
          ],
          [
            7.680365,
            46.103229
          ],
          [
            7.68037,
            46.103072
          ],
          [
            7.680366,
            46.102997
          ],
          [
            7.68037,
            46.102926
          ],
          [
            7.680388,
            46.102873
          ],
          [
            7.680396,
            46.102825
          ],
          [
            7.680339,
            46.102793
          ],
          [
            7.680264,
            46.102777
          ],
          [
            7.680207,
            46.102743
          ],
          [
            7.680126,
            46.102712
          ],
          [
            7.680049,
            46.102686
          ],
          [
            7.680021,
            46.102643
          ],
          [
            7.68002,
            46.102607
          ],
          [
            7.680028,
            46.102561
          ],
          [
            7.679991,
            46.102529
          ],
          [
            7.679932,
            46.102514
          ],
          [
            7.679885,
            46.102497
          ],
          [
            7.679877,
            46.102469
          ],
          [
            7.679898,
            46.102448
          ],
          [
            7.679926,
            46.102331
          ],
          [
            7.679909,
            46.102225
          ],
          [
            7.679863,
            46.102091
          ],
          [
            7.679796,
            46.101948
          ],
          [
            7.679705,
            46.101814
          ],
          [
            7.679599,
            46.101708
          ],
          [
            7.679304,
            46.101451
          ],
          [
            7.679113,
            46.101318
          ],
          [
            7.679166,
            46.10124
          ],
          [
            7.679226,
            46.101202
          ],
          [
            7.679264,
            46.101185
          ],
          [
            7.679286,
            46.101177
          ],
          [
            7.679295,
            46.101179
          ],
          [
            7.67928,
            46.101181
          ],
          [
            7.67928,
            46.101182
          ],
          [
            7.679284,
            46.101176
          ],
          [
            7.679285,
            46.101177
          ],
          [
            7.679284,
            46.10118
          ],
          [
            7.679286,
            46.101182
          ],
          [
            7.679292,
            46.101178
          ],
          [
            7.679332,
            46.101176
          ],
          [
            7.679364,
            46.101172
          ],
          [
            7.679375,
            46.101172
          ],
          [
            7.679403,
            46.101158
          ],
          [
            7.679422,
            46.101146
          ],
          [
            7.679421,
            46.101134
          ],
          [
            7.679425,
            46.101124
          ],
          [
            7.679427,
            46.101116
          ],
          [
            7.679427,
            46.101116
          ],
          [
            7.679427,
            46.101116
          ],
          [
            7.679427,
            46.101116
          ],
          [
            7.679427,
            46.101116
          ],
          [
            7.679427,
            46.101116
          ],
          [
            7.679427,
            46.101116
          ],
          [
            7.679437,
            46.101116
          ],
          [
            7.679462,
            46.101089
          ],
          [
            7.679446,
            46.101056
          ],
          [
            7.679431,
            46.101041
          ],
          [
            7.679428,
            46.10102
          ],
          [
            7.679428,
            46.10102
          ],
          [
            7.679476,
            46.10101
          ],
          [
            7.679516,
            46.100999
          ],
          [
            7.679517,
            46.100998
          ],
          [
            7.679536,
            46.100985
          ],
          [
            7.679549,
            46.100966
          ],
          [
            7.679564,
            46.100932
          ],
          [
            7.679563,
            46.100927
          ]
        ]
      },
      "properties": {
        "name": "18168486336"
      }
    }
  ]
}