{
  "type": "FeatureCollection",
  "features": [
    {
      "type": "Feature",
      "geometry": {
        "type": "LineString",
        "coordinates": [
          [
            7.629596,
            46.127065
          ],
          [
            7.629595,
            46.127045
          ],
          [
            7.629587,
            46.127011
          ],
          [
            7.629589,
            46.126954
          ],
          [
            7.629562,
            46.126901
          ],
          [
            7.629541,
            46.126844
          ],
          [
            7.629534,
            46.126783
          ],
          [
            7.62953,
            46.126758
          ],
          [
            7.629527,
            46.126733
          ],
          [
            7.629524,
            46.126691
          ],
          [
            7.629529,
            46.126669
          ],
          [
            7.629554,
            46.12657
          ],
          [
            7.629568,
            46.126517
          ],
          [
            7.629579,
            46.126447
          ],
          [
            7.629598,
            46.126335
          ],
          [
            7.6296,
            46.126325
          ],
          [
            7.629602,
            46.12627
          ],
          [
            7.629596,
            46.126239
          ],
          [
            7.629594,
            46.126227
          ],
          [
            7.629587,
            46.126193
          ],
          [
            7.629587,
            46.126193
          ],
          [
            7.629582,
            46.126161
          ],
          [
            7.629585,
            46.12614
          ],
          [
            7.629583,
            46.126118
          ],
          [
            7.629577,
            46.126092
          ],
          [
            7.629569,
            46.126048
          ],
          [
            7.629561,
            46.126013
          ],
          [
            7.629557,
            46.126001
          ],
          [
            7.629544,
            46.125948
          ],
          [
            7.629538,
            46.125843
          ],
          [
            7.629533,
            46.12582
          ],
          [
            7.629537,
            46.125723
          ],
          [
            7.629535,
            46.125661
          ],
          [
            7.629538,
            46.125654
          ],
          [
            7.62954,
            46.125641
          ],
          [
            7.629541,
            46.125634
          ],
          [
            7.629521,
            46.125583
          ],
          [
            7.629518,
            46.125574
          ],
          [
            7.629512,
            46.125561
          ],
          [
            7.629509,
            46.125554
          ],
          [
            7.629513,
            46.125538
          ],
          [
            7.62952,
            46.125523
          ],
          [
            7.629518,
            46.125522
          ],
          [
            7.629518,
            46.125522
          ],
          [
            7.629518,
            46.125522
          ],
          [
            7.629516,
            46.125525
          ],
          [
            7.629506,
            46.125524
          ],
          [
            7.629523,
            46.125536
          ],
          [
            7.629508,
            46.125534
          ],
          [
            7.629508,
            46.125534
          ],
          [
            7.629508,
            46.125534
          ],
          [
            7.629508,
            46.125534
          ],
          [
            7.629508,
            46.125534
          ],
          [
            7.629508,
            46.125534
          ],
          [
            7.629508,
            46.125534
          ],
          [
            7.629508,
            46.125534
          ],
          [
            7.629508,
            46.125534
          ],
          [
            7.629508,
            46.125534
          ],
          [
            7.629508,
            46.125534
          ],
          [
            7.629508,
            46.125534
          ],
          [
            7.629508,
            46.125534
          ],
          [
            7.629508,
            46.125534
          ],
          [
            7.629508,
            46.125534
          ],
          [
            7.629513,
            46.125531
          ],
          [
            7.629511,
            46.125528
          ],
          [
            7.629513,
            46.125527
          ],
          [
            7.629505,
            46.125529
          ],
          [
            7.629515,
            46.125528
          ],
          [
            7.629513,
            46.125529
          ],
          [
            7.629517,
            46.125527
          ],
          [
            7.629514,
            46.125528
          ],
          [
            7.629519,
            46.125526
          ],
          [
            7.629527,
            46.125523
          ],
          [
            7.629528,
            46.125527
          ],
          [
            7.629525,
            46.125528
          ],
          [
            7.629515,
            46.125535
          ],
          [
            7.629489,
            46.125538
          ],
          [
            7.629489,
            46.125532
          ],
          [
            7.62949,
            46.125533
          ],
          [
            7.62949,
            46.125529
          ],
          [
            7.62948,
            46.125528
          ],
          [
            7.629483,
            46.12553
          ],
          [
            7.62948,
            46.125537
          ],
          [
            7.62948,
            46.125537
          ],
          [
            7.62948,
            46.125537
          ],
          [
            7.62948,
            46.125537
          ],
          [
            7.62948,
            46.125537
          ],
          [
            7.62948,
            46.125537
          ],
          [
            7.629491,
            46.125523
          ],
          [
            7.629501,
            46.12552
          ],
          [
            7.629498,
            46.125527
          ],
          [
            7.629499,
            46.125528
          ],
          [
            7.629507,
            46.125528
          ],
          [
            7.629507,
            46.125529
          ],
          [
            7.629503,
            46.125529
          ],
          [
            7.629505,
            46.125529
          ],
          [
            7.62952,
            46.125523
          ],
          [
            7.6295,
            46.125518
          ],
          [
            7.629501,
            46.125512
          ],
          [
            7.629502,
            46.125534
          ],
          [
            7.629491,
            46.12553
          ],
          [
            7.629491,
            46.12553
          ],
          [
            7.629475,
            46.125534
          ],
          [
            7.629499,
            46.125529
          ],
          [
            7.629506,
            46.125532
          ],
          [
            7.62951,
            46.125528
          ],
          [
            7.629508,
            46.125526
          ],
          [
            7.62951,
            46.125525
          ],
          [
            7.62951,
            46.125525
          ],
          [
            7.62951,
            46.125525
          ],
          [
            7.62951,
            46.125525
          ],
          [
            7.62951,
            46.125525
          ],
          [
            7.629505,
            46.125544
          ],
          [
            7.629505,
            46.125545
          ],
          [
            7.629506,
            46.125543
          ],
          [
            7.629506,
            46.125526
          ],
          [
            7.629504,
            46.125527
          ],
          [
            7.629509,
            46.125533
          ],
          [
            7.629511,
            46.125533
          ],
          [
            7.62952,
            46.125537
          ],
          [
            7.629506,
            46.125543
          ],
          [
            7.629506,
            46.125543
          ],
          [
            7.629506,
            46.125543
          ],
          [
            7.629506,
            46.125543
          ],
          [
            7.629506,
            46.125543
          ],
          [
            7.629506,
            46.125543
          ],
          [
            7.629506,
            46.125543
          ],
          [
            7.629506,
            46.125543
          ],
          [
            7.629506,
            46.125543
          ],
          [
            7.629514,
            46.125535
          ],
          [
            7.629514,
            46.125534
          ],
          [
            7.62951,
            46.125522
          ],
          [
            7.629503,
            46.125533
          ],
          [
            7.629508,
            46.125531
          ],
          [
            7.629512,
            46.125528
          ],
          [
            7.629512,
            46.125525
          ],
          [
            7.629515,
            46.125524
          ],
          [
            7.629516,
            46.125521
          ],
          [
            7.629503,
            46.125522
          ],
          [
            7.629517,
            46.125517
          ],
          [
            7.629512,
            46.125516
          ],
          [
            7.62952,
            46.125524
          ],
          [
            7.629511,
            46.125534
          ],
          [
            7.62952,
            46.125537
          ],
          [
            7.629516,
            46.125531
          ],
          [
            7.629525,
            46.125526
          ],
          [
            7.629509,
            46.125526
          ],
          [
            7.629509,
            46.125526
          ],
          [
            7.629509,
            46.125526
          ],
          [
            7.629509,
            46.125526
          ],
          [
            7.629509,
            46.125526
          ],
          [
            7.629484,
            46.125524
          ],
          [
            7.629481,
            46.125524
          ],
          [
            7.629484,
            46.125526
          ],
          [
            7.62949,
            46.125528
          ],
          [
            7.629494,
            46.125529
          ],
          [
            7.629526,
            46.125531
          ],
          [
            7.629538,
            46.125535
          ],
          [
            7.629516,
            46.125533
          ],
          [
            7.629512,
            46.125534
          ],
          [
            7.629512,
            46.125539
          ],
          [
            7.62951,
            46.125535
          ],
          [
            7.629504,
            46.125533
          ],
          [
            7.629505,
            46.125531
          ],
          [
            7.629498,
            46.125524
          ],
          [
            7.629509,
            46.125526
          ],
          [
            7.629506,
            46.125523
          ],
          [
            7.629511,
            46.125522
          ],
          [
            7.629506,
            46.12552
          ],
          [
            7.629501,
            46.125523
          ],
          [
            7.629499,
            46.125518
          ],
          [
            7.629505,
            46.125521
          ],
          [
            7.629509,
            46.125526
          ],
          [
            7.629509,
            46.125526
          ],
          [
            7.629509,
            46.125526
          ],
          [
            7.629509,
            46.125526
          ],
          [
            7.629501,
            46.125525
          ],
          [
            7.629497,
            46.125522
          ],
          [
            7.629494,
            46.125523
          ],
          [
            7.62949,
            46.125518
          ],
          [
            7.6295,
            46.125521
          ],
          [
            7.629505,
            46.12552
          ],
          [
            7.629508,
            46.125518
          ],
          [
            7.62951,
            46.125516
          ],
          [
            7.62951,
            46.125517
          ],
          [
            7.629509,
            46.125518
          ],
          [
            7.629508,
            46.125517
          ],
          [
            7.629499,
            46.125506
          ],
          [
            7.6295,
            46.125519
          ],
          [
            7.629492,
            46.125515
          ],
          [
            7.629481,
            46.125513
          ],
          [
            7.629481,
            46.125512
          ],
          [
            7.629512,
            46.125527
          ],
          [
            7.629517,
            46.125523
          ],
          [
            7.629518,
            46.125527
          ],
          [
            7.629512,
            46.125532
          ],
          [
            7.629514,
            46.125527
          ],
          [
            7.629524,
            46.125525
          ],
          [
            7.629511,
            46.12552
          ],
          [
            7.629508,
            46.125519
          ],
          [
            7.6295,
            46.125517
          ],
          [
            7.6295,
            46.125514
          ],
          [
            7.6295,
            46.125528
          ],
          [
            7.629498,
            46.125527
          ],
          [
            7.629495,
            46.125527
          ],
          [
            7.629499,
            46.125526
          ],
          [
            7.629507,
            46.12551
          ],
          [
            7.629516,
            46.12547
          ],
          [
            7.62953,
            46.125432
          ],
          [
            7.629536,
            46.125397
          ],
          [
            7.629561,
            46.125331
          ],
          [
            7.629634,
            46.125277
          ],
          [
            7.629725,
            46.125219
          ],
          [
            7.629808,
            46.125155
          ],
          [
            7.62989,
            46.125103
          ],
          [
            7.629932,
            46.125078
          ],
          [
            7.629982,
            46.125021
          ],
          [
            7.630063,
            46.124966
          ],
          [
            7.630192,
            46.124948
          ],
          [
            7.630281,
            46.124922
          ],
          [
            7.630281,
            46.124911
          ],
          [
            7.630303,
            46.124899
          ],
          [
            7.630322,
            46.12487
          ],
          [
            7.630344,
            46.124818
          ],
          [
            7.630364,
            46.124791
          ],
          [
            7.630384,
            46.124747
          ],
          [
            7.630389,
            46.124736
          ],
          [
            7.630394,
            46.124725
          ],
          [
            7.630419,
            46.124679
          ],
          [
            7.630425,
            46.124667
          ],
          [
            7.630425,
            46.124575
          ],
          [
            7.630421,
            46.124517
          ],
          [
            7.63042,
            46.124485
          ],
          [
            7.630431,
            46.124453
          ],
          [
            7.630431,
            46.124427
          ],
          [
            7.630448,
            46.124385
          ],
          [
            7.630466,
            46.124361
          ],
          [
            7.630479,
            46.12432
          ],
          [
            7.63049,
            46.124284
          ],
          [
            7.630518,
            46.124196
          ],
          [
            7.630526,
            46.124142
          ],
          [
            7.630529,
            46.124136
          ],
          [
            7.630521,
            46.124124
          ],
          [
            7.630515,
            46.124114
          ],
          [
            7.630511,
            46.124107
          ],
          [
            7.630504,
            46.124093
          ],
          [
            7.630505,
            46.124083
          ],
          [
            7.630493,
            46.124047
          ],
          [
            7.630492,
            46.124036
          ],
          [
            7.630493,
            46.124011
          ],
          [
            7.630495,
            46.123997
          ],
          [
            7.630503,
            46.123973
          ],
          [
            7.630515,
            46.123942
          ],
          [
            7.630521,
            46.123921
          ],
          [
            7.630516,
            46.123888
          ],
          [
            7.630523,
            46.123893
          ],
          [
            7.630523,
            46.123893
          ],
          [
            7.630523,
            46.123893
          ],
          [
            7.630547,
            46.1239
          ],
          [
            7.630549,
            46.123901
          ],
          [
            7.630536,
            46.123882
          ],
          [
            7.630534,
            46.123879
          ],
          [
            7.630539,
            46.123885
          ],
          [
            7.630531,
            46.123889
          ],
          [
            7.63052,
            46.123881
          ],
          [
            7.630521,
            46.123884
          ],
          [
            7.630528,
            46.123883
          ],
          [
            7.630543,
            46.123881
          ],
          [
            7.630532,
            46.123881
          ],
          [
            7.630517,
            46.123866
          ],
          [
            7.630508,
            46.123881
          ],
          [
            7.630505,
            46.12388
          ],
          [
            7.630507,
            46.123882
          ],
          [
            7.630509,
            46.123884
          ],
          [
            7.630511,
            46.123884
          ],
          [
            7.630511,
            46.123879
          ],
          [
            7.630509,
            46.123884
          ],
          [
            7.630509,
            46.123884
          ],
          [
            7.630509,
            46.123884
          ],
          [
            7.630509,
            46.123884
          ],
          [
            7.630509,
            46.123884
          ],
          [
            7.630509,
            46.123884
          ],
          [
            7.630509,
            46.123884
          ],
          [
            7.630509,
            46.123884
          ],
          [
            7.630509,
            46.123884
          ],
          [
            7.630509,
            46.123884
          ],
          [
            7.630509,
            46.123884
          ],
          [
            7.630516,
            46.123869
          ],
          [
            7.630502,
            46.12387
          ],
          [
            7.630518,
            46.123863
          ],
          [
            7.630525,
            46.123877
          ],
          [
            7.630502,
            46.123896
          ],
          [
            7.630534,
            46.123874
          ],
          [
            7.630529,
            46.123872
          ],
          [
            7.630526,
            46.123873
          ],
          [
            7.630526,
            46.123871
          ],
          [
            7.630525,
            46.123866
          ],
          [
            7.630556,
            46.123828
          ],
          [
            7.630573,
            46.123795
          ],
          [
            7.630582,
            46.123777
          ],
          [
            7.630589,
            46.123763
          ],
          [
            7.630593,
            46.12374
          ],
          [
            7.630603,
            46.123707
          ],
          [
            7.630602,
            46.12369
          ],
          [
            7.630621,
            46.123647
          ],
          [
            7.630632,
            46.123623
          ],
          [
            7.630641,
            46.123597
          ],
          [
            7.630652,
            46.123546
          ],
          [
            7.630677,
            46.123473
          ],
          [
            7.630695,
            46.123434
          ],
          [
            7.630691,
            46.123419
          ],
          [
            7.630689,
            46.123377
          ],
          [
            7.630687,
            46.123362
          ],
          [
            7.630677,
            46.123327
          ],
          [
            7.630678,
            46.123313
          ],
          [
            7.63069,
            46.123289
          ],
          [
            7.630698,
            46.123283
          ],
          [
            7.630704,
            46.123271
          ],
          [
            7.63072,
            46.123215
          ],
          [
            7.630724,
            46.123177
          ],
          [
            7.630744,
            46.123124
          ],
          [
            7.630765,
            46.123085
          ],
          [
            7.630763,
            46.123067
          ],
          [
            7.630765,
            46.123027
          ],
          [
            7.630778,
            46.122992
          ],
          [
            7.630798,
            46.122944
          ],
          [
            7.630802,
            46.122929
          ],
          [
            7.630804,
            46.122905
          ],
          [
            7.630806,
            46.122893
          ],
          [
            7.630809,
            46.122876
          ],
          [
            7.63081,
            46.122857
          ],
          [
            7.630815,
            46.122831
          ],
          [
            7.630824,
            46.122782
          ],
          [
            7.630826,
            46.122755
          ],
          [
            7.630828,
            46.122739
          ],
          [
            7.63085,
            46.12268
          ],
          [
            7.630874,
            46.122614
          ],
          [
            7.630895,
            46.12257
          ],
          [
            7.630901,
            46.122546
          ],
          [
            7.630903,
            46.122522
          ],
          [
            7.630904,
            46.122508
          ],
          [
            7.630905,
            46.122499
          ],
          [
            7.630913,
            46.122475
          ],
          [
            7.630921,
            46.122459
          ],
          [
            7.63093,
            46.122451
          ],
          [
            7.630955,
            46.122412
          ],
          [
            7.630962,
            46.122388
          ],
          [
            7.630969,
            46.122362
          ],
          [
            7.63097,
            46.1223
          ],
          [
            7.630972,
            46.122275
          ],
          [
            7.630976,
            46.122249
          ],
          [
            7.630977,
            46.122214
          ],
          [
            7.630987,
            46.122187
          ],
          [
            7.630994,
            46.122152
          ],
          [
            7.631002,
            46.122111
          ],
          [
            7.631004,
            46.1221
          ],
          [
            7.631015,
            46.12208
          ],
          [
            7.63105,
            46.122022
          ],
          [
            7.631078,
            46.121978
          ],
          [
            7.631115,
            46.121907
          ],
          [
            7.631137,
            46.12187
          ],
          [
            7.631155,
            46.121827
          ],
          [
            7.63117,
            46.121781
          ],
          [
            7.63117,
            46.121773
          ],
          [
            7.63117,
            46.121757
          ],
          [
            7.631172,
            46.121711
          ],
          [
            7.631172,
            46.121703
          ],
          [
            7.63117,
            46.121675
          ],
          [
            7.631162,
            46.121634
          ],
          [
            7.631158,
            46.121582
          ],
          [
            7.631151,
            46.121571
          ],
          [
            7.631136,
            46.12152
          ],
          [
            7.63113,
            46.121502
          ],
          [
            7.631127,
            46.121494
          ],
          [
            7.631127,
            46.121487
          ],
          [
            7.631125,
            46.121478
          ],
          [
            7.631121,
            46.121445
          ],
          [
            7.631117,
            46.12145
          ],
          [
            7.631103,
            46.121411
          ],
          [
            7.631081,
            46.121324
          ],
          [
            7.631077,
            46.121273
          ],
          [
            7.631072,
            46.121231
          ],
          [
            7.631077,
            46.121204
          ],
          [
            7.631094,
            46.121158
          ],
          [
            7.631112,
            46.121116
          ],
          [
            7.631127,
            46.121081
          ],
          [
            7.63113,
            46.121033
          ],
          [
            7.631138,
            46.121001
          ],
          [
            7.631141,
            46.120988
          ],
          [
            7.631143,
            46.120977
          ],
          [
            7.631145,
            46.120949
          ],
          [
            7.631165,
            46.120907
          ],
          [
            7.631194,
            46.120848
          ],
          [
            7.631222,
            46.120817
          ],
          [
            7.631224,
            46.120802
          ],
          [
            7.631245,
            46.120762
          ],
          [
            7.631265,
            46.120718
          ],
          [
            7.631278,
            46.120653
          ],
          [
            7.631285,
            46.1206
          ],
          [
            7.631288,
            46.120583
          ],
          [
            7.631289,
            46.120526
          ],
          [
            7.631298,
            46.120474
          ],
          [
            7.631304,
            46.120413
          ],
          [
            7.631306,
            46.120361
          ],
          [
            7.631308,
            46.120298
          ],
          [
            7.631318,
            46.120235
          ],
          [
            7.63133,
            46.120159
          ],
          [
            7.631326,
            46.120146
          ],
          [
            7.631333,
            46.120124
          ],
          [
            7.631333,
            46.120114
          ],
          [
            7.631336,
            46.120101
          ],
          [
            7.631341,
            46.120097
          ],
          [
            7.631345,
            46.120071
          ],
          [
            7.631346,
            46.120062
          ],
          [
            7.631353,
            46.120011
          ],
          [
            7.631354,
            46.11999
          ],
          [
            7.631357,
            46.11996
          ],
          [
            7.631358,
            46.119916
          ],
          [
            7.631358,
            46.119879
          ],
          [
            7.631356,
            46.119846
          ],
          [
            7.631357,
            46.119836
          ],
          [
            7.63138,
            46.119786
          ],
          [
            7.631396,
            46.119755
          ],
          [
            7.631406,
            46.119725
          ],
          [
            7.631426,
            46.119687
          ],
          [
            7.631445,
            46.119622
          ],
          [
            7.631445,
            46.119597
          ],
          [
            7.631436,
            46.119578
          ],
          [
            7.631438,
            46.11955
          ],
          [
            7.63144,
            46.119543
          ],
          [
            7.631452,
            46.119492
          ],
          [
            7.631469,
            46.11946
          ],
          [
            7.631472,
            46.11945
          ],
          [
            7.631476,
            46.119393
          ],
          [
            7.63147,
            46.119375
          ],
          [
            7.631477,
            46.119334
          ],
          [
            7.631476,
            46.119292
          ],
          [
            7.631493,
            46.119268
          ],
          [
            7.631501,
            46.119245
          ],
          [
            7.631512,
            46.119205
          ],
          [
            7.631521,
            46.119191
          ],
          [
            7.631528,
            46.11915
          ],
          [
            7.631557,
            46.119097
          ],
          [
            7.631591,
            46.119033
          ],
          [
            7.631593,
            46.119025
          ],
          [
            7.631621,
            46.118975
          ],
          [
            7.631643,
            46.118934
          ],
          [
            7.631648,
            46.118917
          ],
          [
            7.631653,
            46.118907
          ],
          [
            7.631659,
            46.118878
          ],
          [
            7.631681,
            46.118821
          ],
          [
            7.631692,
            46.118777
          ],
          [
            7.631701,
            46.118751
          ],
          [
            7.631706,
            46.118726
          ],
          [
            7.631713,
            46.118697
          ],
          [
            7.631718,
            46.118673
          ],
          [
            7.631729,
            46.118624
          ],
          [
            7.631731,
            46.118554
          ],
          [
            7.631733,
            46.118521
          ],
          [
            7.631724,
            46.118506
          ],
          [
            7.631727,
            46.118483
          ],
          [
            7.63172,
            46.118456
          ],
          [
            7.631711,
            46.118363
          ],
          [
            7.631709,
            46.118314
          ],
          [
            7.631711,
            46.118267
          ],
          [
            7.631706,
            46.118215
          ],
          [
            7.631705,
            46.118196
          ],
          [
            7.63171,
            46.118178
          ],
          [
            7.631708,
            46.118161
          ],
          [
            7.63171,
            46.118153
          ],
          [
            7.631723,
            46.118111
          ],
          [
            7.631725,
            46.118096
          ],
          [
            7.631731,
            46.118055
          ],
          [
            7.631751,
            46.118004
          ],
          [
            7.631757,
            46.117946
          ],
          [
            7.63176,
            46.117893
          ],
          [
            7.631765,
            46.117863
          ],
          [
            7.631761,
            46.117809
          ],
          [
            7.631763,
            46.117764
          ],
          [
            7.631762,
            46.117726
          ],
          [
            7.631759,
            46.11769
          ],
          [
            7.631758,
            46.117675
          ],
          [
            7.631767,
            46.117632
          ],
          [
            7.631811,
            46.117628
          ],
          [
            7.63182,
            46.117625
          ],
          [
            7.631829,
            46.117623
          ],
          [
            7.63185,
            46.117617
          ],
          [
            7.631869,
            46.117613
          ],
          [
            7.631884,
            46.11761
          ],
          [
            7.63191,
            46.117604
          ],
          [
            7.631921,
            46.117591
          ],
          [
            7.631922,
            46.117562
          ],
          [
            7.631924,
            46.117494
          ],
          [
            7.631924,
            46.117446
          ],
          [
            7.631916,
            46.117415
          ],
          [
            7.631907,
            46.117378
          ],
          [
            7.631901,
            46.11737
          ],
          [
            7.631892,
            46.117365
          ],
          [
            7.631879,
            46.117345
          ],
          [
            7.631856,
            46.117316
          ],
          [
            7.631855,
            46.117315
          ],
          [
            7.63185,
            46.11731
          ],
          [
            7.631822,
            46.117257
          ],
          [
            7.63181,
            46.117222
          ],
          [
            7.631809,
            46.117209
          ],
          [
            7.631798,
            46.117194
          ],
          [
            7.631799,
            46.117182
          ],
          [
            7.631801,
            46.11717
          ],
          [
            7.631796,
            46.11715
          ],
          [
            7.631789,
            46.117108
          ],
          [
            7.631796,
            46.117058
          ],
          [
            7.631797,
            46.117044
          ],
          [
            7.631798,
            46.117029
          ],
          [
            7.6318,
            46.117008
          ],
          [
            7.6318,
            46.116971
          ],
          [
            7.631806,
            46.116894
          ],
          [
            7.631795,
            46.116829
          ],
          [
            7.631788,
            46.116777
          ],
          [
            7.631777,
            46.116721
          ],
          [
            7.631776,
            46.1167
          ],
          [
            7.631781,
            46.116684
          ],
          [
            7.631777,
            46.116626
          ],
          [
            7.631777,
            46.116593
          ],
          [
            7.631777,
            46.116567
          ],
          [
            7.631783,
            46.116524
          ],
          [
            7.631786,
            46.116497
          ],
          [
            7.631787,
            46.116474
          ],
          [
            7.63179,
            46.116464
          ],
          [
            7.631781,
            46.116399
          ],
          [
            7.631774,
            46.116368
          ],
          [
            7.631769,
            46.116346
          ],
          [
            7.631763,
            46.116297
          ],
          [
            7.631763,
            46.116274
          ],
          [
            7.631751,
            46.11625
          ],
          [
            7.63174,
            46.116216
          ],
          [
            7.631737,
            46.116152
          ],
          [
            7.631737,
            46.116101
          ],
          [
            7.631737,
            46.116079
          ],
          [
            7.631734,
            46.116061
          ],
          [
            7.631735,
            46.116041
          ],
          [
            7.631728,
            46.116008
          ],
          [
            7.631719,
            46.11597
          ],
          [
            7.631716,
            46.115949
          ],
          [
            7.631716,
            46.115906
          ],
          [
            7.631713,
            46.115892
          ],
          [
            7.631713,
            46.115872
          ],
          [
            7.63171,
            46.115841
          ],
          [
            7.631708,
            46.115792
          ],
          [
            7.631716,
            46.115737
          ],
          [
            7.631718,
            46.115685
          ],
          [
            7.631727,
            46.115633
          ],
          [
            7.63172,
            46.115584
          ],
          [
            7.631713,
            46.115562
          ],
          [
            7.631709,
            46.115556
          ],
          [
            7.631705,
            46.11553
          ],
          [
            7.631702,
            46.115518
          ],
          [
            7.631707,
            46.115484
          ],
          [
            7.631713,
            46.115399
          ],
          [
            7.631712,
            46.115393
          ],
          [
            7.631703,
            46.11536
          ],
          [
            7.631695,
            46.115324
          ],
          [
            7.631701,
            46.115281
          ],
          [
            7.631688,
            46.115233
          ],
          [
            7.631686,
            46.115171
          ],
          [
            7.631689,
            46.115151
          ],
          [
            7.631692,
            46.115128
          ],
          [
            7.631689,
            46.115116
          ],
          [
            7.631684,
            46.115072
          ],
          [
            7.631681,
            46.11506
          ],
          [
            7.631679,
            46.115037
          ],
          [
            7.631677,
            46.114987
          ],
          [
            7.63168,
            46.114958
          ],
          [
            7.631682,
            46.114932
          ],
          [
            7.631684,
            46.114895
          ],
          [
            7.631685,
            46.11484
          ],
          [
            7.631682,
            46.114773
          ],
          [
            7.631686,
            46.114745
          ],
          [
            7.63168,
            46.114716
          ],
          [
            7.63168,
            46.114666
          ],
          [
            7.631686,
            46.114635
          ],
          [
            7.631688,
            46.114608
          ],
          [
            7.631685,
            46.114583
          ],
          [
            7.63168,
            46.114535
          ],
          [
            7.631689,
            46.114489
          ],
          [
            7.63169,
            46.114475
          ],
          [
            7.631683,
            46.114418
          ],
          [
            7.631676,
            46.114406
          ],
          [
            7.631667,
            46.11438
          ],
          [
            7.631655,
            46.114335
          ],
          [
            7.631666,
            46.114281
          ],
          [
            7.631675,
            46.114252
          ],
          [
            7.631676,
            46.114236
          ],
          [
            7.631683,
            46.114213
          ],
          [
            7.631687,
            46.114181
          ],
          [
            7.631689,
            46.114121
          ],
          [
            7.631703,
            46.114035
          ],
          [
            7.631712,
            46.113971
          ],
          [
            7.631703,
            46.113937
          ],
          [
            7.631705,
            46.113931
          ],
          [
            7.63171,
            46.113908
          ],
          [
            7.631712,
            46.113879
          ],
          [
            7.631719,
            46.113837
          ],
          [
            7.63171,
            46.113827
          ],
          [
            7.631712,
            46.113752
          ],
          [
            7.631707,
            46.11371
          ],
          [
            7.631704,
            46.113686
          ],
          [
            7.63171,
            46.113626
          ],
          [
            7.63172,
            46.113581
          ],
          [
            7.631732,
            46.113539
          ],
          [
            7.631732,
            46.113513
          ],
          [
            7.631724,
            46.113444
          ],
          [
            7.631734,
            46.113406
          ],
          [
            7.631744,
            46.113356
          ],
          [
            7.631748,
            46.113345
          ],
          [
            7.631745,
            46.113317
          ],
          [
            7.631728,
            46.113255
          ],
          [
            7.63173,
            46.113208
          ],
          [
            7.631736,
            46.113201
          ],
          [
            7.631747,
            46.113217
          ],
          [
            7.631749,
            46.113215
          ],
          [
            7.63174,
            46.113213
          ],
          [
            7.631738,
            46.113215
          ],
          [
            7.631752,
            46.113222
          ],
          [
            7.631757,
            46.113219
          ],
          [
            7.631747,
            46.113215
          ],
          [
            7.631765,
            46.113219
          ],
          [
            7.631763,
            46.113218
          ],
          [
            7.631751,
            46.113214
          ],
          [
            7.631754,
            46.113195
          ],
          [
            7.631745,
            46.113131
          ],
          [
            7.63174,
            46.113126
          ],
          [
            7.631721,
            46.113066
          ],
          [
            7.631707,
            46.112992
          ],
          [
            7.631714,
            46.112923
          ],
          [
            7.631722,
            46.112885
          ],
          [
            7.631725,
            46.112874
          ],
          [
            7.631737,
            46.112848
          ],
          [
            7.631742,
            46.112838
          ],
          [
            7.631742,
            46.112819
          ],
          [
            7.631746,
            46.112803
          ],
          [
            7.631735,
            46.112744
          ],
          [
            7.631732,
            46.112724
          ],
          [
            7.631741,
            46.112656
          ],
          [
            7.631763,
            46.112578
          ],
          [
            7.631773,
            46.112555
          ],
          [
            7.631779,
            46.112543
          ],
          [
            7.631784,
            46.112531
          ],
          [
            7.631788,
            46.112515
          ],
          [
            7.63179,
            46.112504
          ],
          [
            7.63179,
            46.112495
          ],
          [
            7.631788,
            46.112482
          ],
          [
            7.631748,
            46.112405
          ],
          [
            7.631743,
            46.112393
          ],
          [
            7.631731,
            46.112342
          ],
          [
            7.631714,
            46.112287
          ],
          [
            7.631696,
            46.112235
          ],
          [
            7.631701,
            46.112207
          ],
          [
            7.631701,
            46.112186
          ],
          [
            7.631703,
            46.112181
          ],
          [
            7.631668,
            46.112104
          ],
          [
            7.631665,
            46.112085
          ],
          [
            7.631644,
            46.112009
          ],
          [
            7.631647,
            46.111937
          ],
          [
            7.631654,
            46.111914
          ],
          [
            7.631658,
            46.111903
          ],
          [
            7.631662,
            46.11189
          ],
          [
            7.631666,
            46.111878
          ],
          [
            7.631672,
            46.11185
          ],
          [
            7.631667,
            46.11182
          ],
          [
            7.631666,
            46.11181
          ],
          [
            7.631665,
            46.1118
          ],
          [
            7.631671,
            46.111755
          ],
          [
            7.63167,
            46.111747
          ],
          [
            7.631671,
            46.11172
          ],
          [
            7.631686,
            46.111676
          ],
          [
            7.631693,
            46.111635
          ],
          [
            7.631697,
            46.11162
          ],
          [
            7.631692,
            46.111608
          ],
          [
            7.631694,
            46.111599
          ],
          [
            7.631692,
            46.111574
          ],
          [
            7.631691,
            46.111566
          ],
          [
            7.631698,
            46.111558
          ],
          [
            7.631707,
            46.111541
          ],
          [
            7.631711,
            46.111518
          ],
          [
            7.631713,
            46.111497
          ],
          [
            7.631698,
            46.111464
          ],
          [
            7.631702,
            46.111423
          ],
          [
            7.631699,
            46.111369
          ],
          [
            7.631695,
            46.111337
          ],
          [
            7.631704,
            46.111312
          ],
          [
            7.631703,
            46.11128
          ],
          [
            7.631706,
            46.11127
          ],
          [
            7.631716,
            46.111251
          ],
          [
            7.631731,
            46.111218
          ],
          [
            7.631736,
            46.111201
          ],
          [
            7.631735,
            46.111195
          ],
          [
            7.631739,
            46.11119
          ],
          [
            7.631743,
            46.111188
          ],
          [
            7.631745,
            46.111185
          ],
          [
            7.631746,
            46.11118
          ],
          [
            7.631744,
            46.111174
          ],
          [
            7.631737,
            46.111172
          ],
          [
            7.631729,
            46.111171
          ],
          [
            7.631749,
            46.111173
          ],
          [
            7.631766,
            46.111157
          ],
          [
            7.631777,
            46.111144
          ],
          [
            7.631782,
            46.111133
          ],
          [
            7.631782,
            46.111128
          ],
          [
            7.631778,
            46.111122
          ],
          [
            7.631774,
            46.111115
          ],
          [
            7.631773,
            46.11111
          ],
          [
            7.631775,
            46.111092
          ],
          [
            7.631776,
            46.111031
          ],
          [
            7.631777,
            46.111023
          ],
          [
            7.631767,
            46.110973
          ],
          [
            7.631764,
            46.110964
          ],
          [
            7.63175,
            46.110932
          ],
          [
            7.631745,
            46.110904
          ],
          [
            7.631735,
            46.110867
          ],
          [
            7.63173,
            46.11086
          ],
          [
            7.63172,
            46.110835
          ],
          [
            7.631725,
            46.110771
          ],
          [
            7.631745,
            46.110751
          ],
          [
            7.631757,
            46.110752
          ],
          [
            7.631751,
            46.110758
          ],
          [
            7.631749,
            46.110756
          ],
          [
            7.631759,
            46.110745
          ],
          [
            7.631764,
            46.110743
          ],
          [
            7.631764,
            46.11074
          ],
          [
            7.631759,
            46.110747
          ],
          [
            7.63176,
            46.110747
          ],
          [
            7.631762,
            46.11075
          ],
          [
            7.631762,
            46.110749
          ],
          [
            7.631747,
            46.110756
          ],
          [
            7.631752,
            46.110755
          ],
          [
            7.631765,
            46.110747
          ],
          [
            7.631752,
            46.11076
          ],
          [
            7.631767,
            46.11075
          ],
          [
            7.631768,
            46.11075
          ],
          [
            7.63177,
            46.11075
          ],
          [
            7.631769,
            46.110753
          ],
          [
            7.631747,
            46.110739
          ],
          [
            7.631754,
            46.110736
          ],
          [
            7.631757,
            46.110726
          ],
          [
            7.63176,
            46.110667
          ],
          [
            7.631774,
            46.110655
          ],
          [
            7.631808,
            46.110606
          ],
          [
            7.631811,
            46.110596
          ],
          [
            7.631808,
            46.110531
          ],
          [
            7.631831,
            46.110453
          ],
          [
            7.631832,
            46.110437
          ],
          [
            7.631838,
            46.110403
          ],
          [
            7.631832,
            46.110364
          ],
          [
            7.631834,
            46.110341
          ],
          [
            7.631837,
            46.110334
          ],
          [
            7.631842,
            46.11032
          ],
          [
            7.631841,
            46.110316
          ],
          [
            7.631849,
            46.110294
          ],
          [
            7.631867,
            46.110261
          ],
          [
            7.63188,
            46.110244
          ],
          [
            7.631894,
            46.110218
          ],
          [
            7.631911,
            46.110186
          ],
          [
            7.631924,
            46.110169
          ],
          [
            7.631929,
            46.110161
          ],
          [
            7.631931,
            46.110142
          ],
          [
            7.631937,
            46.110125
          ],
          [
            7.631944,
            46.110117
          ],
          [
            7.631946,
            46.11011
          ],
          [
            7.631955,
            46.110091
          ],
          [
            7.631962,
            46.110074
          ],
          [
            7.631982,
            46.110046
          ],
          [
            7.631988,
            46.110032
          ],
          [
            7.631998,
            46.110028
          ],
          [
            7.63201,
            46.110008
          ],
          [
            7.632013,
            46.109995
          ],
          [
            7.632014,
            46.109979
          ],
          [
            7.632013,
            46.109976
          ],
          [
            7.632014,
            46.109967
          ],
          [
            7.632011,
            46.10995
          ],
          [
            7.632023,
            46.109936
          ],
          [
            7.632035,
            46.109885
          ],
          [
            7.632029,
            46.109875
          ],
          [
            7.63202,
            46.109857
          ],
          [
            7.632008,
            46.109827
          ],
          [
            7.632,
            46.109813
          ],
          [
            7.632009,
            46.109787
          ],
          [
            7.632013,
            46.109787
          ],
          [
            7.632017,
            46.109782
          ],
          [
            7.632021,
            46.10977
          ],
          [
            7.632019,
            46.109761
          ],
          [
            7.632018,
            46.109751
          ],
          [
            7.632001,
            46.109703
          ],
          [
            7.632,
            46.109698
          ],
          [
            7.631986,
            46.10967
          ],
          [
            7.63198,
            46.109651
          ],
          [
            7.631979,
            46.109626
          ],
          [
            7.631979,
            46.109585
          ],
          [
            7.631969,
            46.109564
          ],
          [
            7.631967,
            46.109512
          ],
          [
            7.631953,
            46.109487
          ],
          [
            7.631947,
            46.109478
          ],
          [
            7.631938,
            46.109461
          ],
          [
            7.631926,
            46.109437
          ],
          [
            7.631935,
            46.109424
          ],
          [
            7.631928,
            46.109415
          ],
          [
            7.631918,
            46.109407
          ],
          [
            7.631889,
            46.109381
          ],
          [
            7.63188,
            46.109366
          ],
          [
            7.63188,
            46.109356
          ],
          [
            7.631874,
            46.109322
          ],
          [
            7.631873,
            46.109312
          ],
          [
            7.631873,
            46.109274
          ],
          [
            7.631872,
            46.10927
          ],
          [
            7.631881,
            46.109246
          ],
          [
            7.63186,
            46.109191
          ],
          [
            7.631853,
            46.109188
          ],
          [
            7.631857,
            46.109174
          ],
          [
            7.631854,
            46.109158
          ],
          [
            7.631852,
            46.109149
          ],
          [
            7.631852,
            46.109114
          ],
          [
            7.631848,
            46.109097
          ],
          [
            7.63185,
            46.109094
          ],
          [
            7.63186,
            46.10907
          ],
          [
            7.631862,
            46.109069
          ],
          [
            7.631857,
            46.109036
          ],
          [
            7.631833,
            46.108994
          ],
          [
            7.631829,
            46.108972
          ],
          [
            7.63183,
            46.108922
          ],
          [
            7.631807,
            46.108879
          ],
          [
            7.631803,
            46.108866
          ],
          [
            7.631819,
            46.108825
          ],
          [
            7.631823,
            46.108806
          ],
          [
            7.631825,
            46.108792
          ],
          [
            7.631822,
            46.108778
          ],
          [
            7.63182,
            46.108769
          ],
          [
            7.631789,
            46.108747
          ],
          [
            7.631783,
            46.10873
          ],
          [
            7.63177,
            46.1087
          ],
          [
            7.631772,
            46.108649
          ],
          [
            7.631782,
            46.108628
          ],
          [
            7.631789,
            46.108607
          ],
          [
            7.631789,
            46.1086
          ],
          [
            7.631795,
            46.108601
          ],
          [
            7.631798,
            46.108589
          ],
          [
            7.631801,
            46.108586
          ],
          [
            7.631797,
            46.108591
          ],
          [
            7.631796,
            46.108596
          ],
          [
            7.631796,
            46.108595
          ],
          [
            7.631798,
            46.108595
          ],
          [
            7.631784,
            46.108592
          ],
          [
            7.631781,
            46.108588
          ],
          [
            7.631791,
            46.108585
          ],
          [
            7.631793,
            46.108584
          ],
          [
            7.631795,
            46.108571
          ],
          [
            7.631796,
            46.108576
          ],
          [
            7.631798,
            46.108583
          ],
          [
            7.631802,
            46.108587
          ],
          [
            7.631814,
            46.108586
          ],
          [
            7.631818,
            46.108597
          ],
          [
            7.631807,
            46.108594
          ],
          [
            7.631809,
            46.108594
          ],
          [
            7.631809,
            46.108595
          ],
          [
            7.631808,
            46.108594
          ],
          [
            7.631811,
            46.108596
          ],
          [
            7.631802,
            46.108599
          ],
          [
            7.631802,
            46.108599
          ],
          [
            7.631805,
            46.108599
          ],
          [
            7.63181,
            46.108596
          ],
          [
            7.631821,
            46.108589
          ],
          [
            7.631836,
            46.108581
          ],
          [
            7.631848,
            46.108576
          ],
          [
            7.631803,
            46.108588
          ],
          [
            7.631805,
            46.108588
          ],
          [
            7.631811,
            46.108584
          ],
          [
            7.631796,
            46.108583
          ],
          [
            7.631802,
            46.108589
          ],
          [
            7.631788,
            46.108591
          ],
          [
            7.631799,
            46.108595
          ],
          [
            7.631788,
            46.108594
          ],
          [
            7.631783,
            46.108593
          ],
          [
            7.631777,
            46.108591
          ],
          [
            7.631776,
            46.108591
          ],
          [
            7.631745,
            46.10859
          ],
          [
            7.631767,
            46.108594
          ],
          [
            7.631756,
            46.108598
          ],
          [
            7.631756,
            46.108598
          ],
          [
            7.631756,
            46.108598
          ],
          [
            7.631756,
            46.108598
          ],
          [
            7.631756,
            46.108598
          ],
          [
            7.631756,
            46.108598
          ],
          [
            7.631756,
            46.108598
          ],
          [
            7.631756,
            46.108598
          ],
          [
            7.631756,
            46.108598
          ],
          [
            7.631756,
            46.108598
          ],
          [
            7.631759,
            46.108593
          ],
          [
            7.631759,
            46.108574
          ],
          [
            7.631757,
            46.108539
          ],
          [
            7.631709,
            46.108487
          ],
          [
            7.631696,
            46.108456
          ],
          [
            7.631696,
            46.108449
          ],
          [
            7.631702,
            46.108428
          ],
          [
            7.631703,
            46.108381
          ],
          [
            7.63171,
            46.108362
          ],
          [
            7.631722,
            46.108333
          ],
          [
            7.63173,
            46.108307
          ],
          [
            7.631734,
            46.1083
          ],
          [
            7.631734,
            46.108289
          ],
          [
            7.631723,
            46.108273
          ],
          [
            7.631728,
            46.108263
          ],
          [
            7.631705,
            46.108216
          ],
          [
            7.631705,
            46.108202
          ],
          [
            7.631703,
            46.108195
          ],
          [
            7.631705,
            46.108192
          ],
          [
            7.631703,
            46.108184
          ],
          [
            7.631718,
            46.108173
          ],
          [
            7.631725,
            46.108156
          ],
          [
            7.631726,
            46.108137
          ],
          [
            7.631728,
            46.108125
          ],
          [
            7.631722,
            46.108123
          ],
          [
            7.631709,
            46.108107
          ],
          [
            7.631716,
            46.108045
          ],
          [
            7.631714,
            46.108024
          ],
          [
            7.631722,
            46.107984
          ],
          [
            7.631725,
            46.107969
          ],
          [
            7.631723,
            46.107963
          ],
          [
            7.63173,
            46.10793
          ],
          [
            7.631731,
            46.107923
          ],
          [
            7.631735,
            46.107909
          ],
          [
            7.631727,
            46.107865
          ],
          [
            7.63172,
            46.107856
          ],
          [
            7.631713,
            46.107816
          ],
          [
            7.631711,
            46.107803
          ],
          [
            7.631709,
            46.107781
          ],
          [
            7.631705,
            46.107769
          ],
          [
            7.631707,
            46.107761
          ],
          [
            7.631718,
            46.10773
          ],
          [
            7.631722,
            46.107726
          ],
          [
            7.631725,
            46.10772
          ],
          [
            7.631728,
            46.107711
          ],
          [
            7.631735,
            46.107697
          ],
          [
            7.631743,
            46.107662
          ],
          [
            7.631744,
            46.10766
          ],
          [
            7.631744,
            46.107627
          ],
          [
            7.631747,
            46.107615
          ],
          [
            7.631776,
            46.107579
          ],
          [
            7.631783,
            46.107561
          ],
          [
            7.631793,
            46.107521
          ],
          [
            7.631814,
            46.10748
          ],
          [
            7.631812,
            46.107474
          ],
          [
            7.631817,
            46.107468
          ],
          [
            7.631827,
            46.107459
          ],
          [
            7.631843,
            46.107437
          ],
          [
            7.631849,
            46.107426
          ],
          [
            7.631859,
            46.107409
          ],
          [
            7.631867,
            46.1074
          ],
          [
            7.631863,
            46.107398
          ],
          [
            7.631856,
            46.107396
          ],
          [
            7.631858,
            46.107387
          ],
          [
            7.631891,
            46.107332
          ],
          [
            7.63189,
            46.107333
          ],
          [
            7.6319,
            46.107324
          ],
          [
            7.631908,
            46.107304
          ],
          [
            7.631936,
            46.107275
          ],
          [
            7.631937,
            46.107269
          ],
          [
            7.63194,
            46.107251
          ],
          [
            7.63194,
            46.107243
          ],
          [
            7.631935,
            46.107206
          ],
          [
            7.631931,
            46.10717
          ],
          [
            7.631932,
            46.10716
          ],
          [
            7.631925,
            46.107144
          ],
          [
            7.631925,
            46.107127
          ],
          [
            7.631929,
            46.107107
          ],
          [
            7.631929,
            46.107092
          ],
          [
            7.631927,
            46.107075
          ],
          [
            7.631919,
            46.107044
          ],
          [
            7.631918,
            46.107033
          ],
          [
            7.631918,
            46.107024
          ],
          [
            7.631916,
            46.107015
          ],
          [
            7.631915,
            46.106979
          ],
          [
            7.631922,
            46.106935
          ],
          [
            7.631923,
            46.106921
          ],
          [
            7.631925,
            46.106896
          ],
          [
            7.631924,
            46.10687
          ],
          [
            7.631922,
            46.106863
          ],
          [
            7.631927,
            46.106837
          ],
          [
            7.631928,
            46.106838
          ],
          [
            7.631924,
            46.106839
          ],
          [
            7.631924,
            46.106839
          ],
          [
            7.631924,
            46.106836
          ],
          [
            7.631931,
            46.106827
          ],
          [
            7.631944,
            46.106773
          ],
          [
            7.631953,
            46.106742
          ],
          [
            7.631953,
            46.106726
          ],
          [
            7.631954,
            46.10672
          ],
          [
            7.631969,
            46.106689
          ],
          [
            7.631975,
            46.106685
          ],
          [
            7.631993,
            46.106662
          ],
          [
            7.632005,
            46.106648
          ],
          [
            7.632028,
            46.106623
          ],
          [
            7.632039,
            46.106617
          ],
          [
            7.63205,
            46.106595
          ],
          [
            7.632059,
            46.106582
          ],
          [
            7.632072,
            46.106566
          ],
          [
            7.632089,
            46.106541
          ],
          [
            7.632095,
            46.106537
          ],
          [
            7.632108,
            46.106529
          ],
          [
            7.632113,
            46.106526
          ],
          [
            7.632134,
            46.106513
          ],
          [
            7.632188,
            46.106517
          ],
          [
            7.632218,
            46.106499
          ],
          [
            7.632237,
            46.10649
          ],
          [
            7.632297,
            46.106474
          ],
          [
            7.632303,
            46.106478
          ],
          [
            7.632312,
            46.106476
          ],
          [
            7.632365,
            46.106453
          ],
          [
            7.632395,
            46.106432
          ],
          [
            7.632408,
            46.106412
          ],
          [
            7.632435,
            46.106377
          ],
          [
            7.632468,
            46.106334
          ],
          [
            7.632482,
            46.106318
          ],
          [
            7.632491,
            46.106307
          ],
          [
            7.632524,
            46.106252
          ],
          [
            7.63253,
            46.106245
          ],
          [
            7.632543,
            46.106212
          ],
          [
            7.632546,
            46.106202
          ],
          [
            7.632562,
            46.106168
          ],
          [
            7.632566,
            46.106142
          ],
          [
            7.63258,
            46.106107
          ],
          [
            7.632583,
            46.106096
          ],
          [
            7.632585,
            46.106073
          ],
          [
            7.632584,
            46.106052
          ],
          [
            7.632591,
            46.106021
          ],
          [
            7.632595,
            46.106017
          ],
          [
            7.632594,
            46.106011
          ],
          [
            7.63259,
            46.105976
          ],
          [
            7.63259,
            46.105975
          ],
          [
            7.632567,
            46.105947
          ],
          [
            7.63256,
            46.105935
          ],
          [
            7.632564,
            46.105928
          ],
          [
            7.632562,
            46.105892
          ],
          [
            7.63256,
            46.105876
          ],
          [
            7.632562,
            46.105875
          ],
          [
            7.632564,
            46.105873
          ],
          [
            7.632573,
            46.105855
          ],
          [
            7.632578,
            46.105841
          ],
          [
            7.632597,
            46.105807
          ],
          [
            7.632605,
            46.105801
          ],
          [
            7.632602,
            46.105761
          ],
          [
            7.632608,
            46.105742
          ],
          [
            7.632602,
            46.105729
          ],
          [
            7.632606,
            46.105713
          ],
          [
            7.632598,
            46.105699
          ],
          [
            7.63259,
            46.105681
          ],
          [
            7.632588,
            46.105674
          ],
          [
            7.632578,
            46.105644
          ],
          [
            7.632568,
            46.105606
          ],
          [
            7.632567,
            46.105587
          ],
          [
            7.632563,
            46.105571
          ],
          [
            7.632567,
            46.105559
          ],
          [
            7.632565,
            46.105548
          ],
          [
            7.632569,
            46.105512
          ],
          [
            7.632569,
            46.105512
          ],
          [
            7.632591,
            46.10548
          ],
          [
            7.632593,
            46.105481
          ],
          [
            7.63264,
            46.105444
          ],
          [
            7.632679,
            46.105433
          ],
          [
            7.632733,
            46.105426
          ],
          [
            7.63277,
            46.105426
          ],
          [
            7.632776,
            46.105426
          ],
          [
            7.632789,
            46.105427
          ],
          [
            7.632818,
            46.105426
          ],
          [
            7.632875,
            46.105437
          ],
          [
            7.632894,
            46.105443
          ],
          [
            7.632919,
            46.105446
          ],
          [
            7.632964,
            46.105469
          ],
          [
            7.632969,
            46.10547
          ],
          [
            7.632978,
            46.10548
          ],
          [
            7.633008,
            46.105499
          ],
          [
            7.633017,
            46.105505
          ],
          [
            7.633064,
            46.105532
          ],
          [
            7.633085,
            46.105541
          ],
          [
            7.633097,
            46.105547
          ],
          [
            7.63312,
            46.105559
          ],
          [
            7.633188,
            46.105603
          ],
          [
            7.633199,
            46.105607
          ],
          [
            7.633261,
            46.105634
          ],
          [
            7.633299,
            46.105665
          ],
          [
            7.633307,
            46.105674
          ],
          [
            7.633348,
            46.10571
          ],
          [
            7.633369,
            46.10572
          ],
          [
            7.633398,
            46.10573
          ],
          [
            7.633425,
            46.105744
          ],
          [
            7.633447,
            46.105746
          ],
          [
            7.633518,
            46.105746
          ],
          [
            7.633525,
            46.105745
          ],
          [
            7.633601,
            46.105732
          ],
          [
            7.633611,
            46.105731
          ],
          [
            7.633625,
            46.105729
          ],
          [
            7.633651,
            46.105721
          ],
          [
            7.633681,
            46.105716
          ],
          [
            7.633754,
            46.105711
          ],
          [
            7.63377,
            46.105709
          ],
          [
            7.633809,
            46.105706
          ],
          [
            7.633832,
            46.105701
          ],
          [
            7.633844,
            46.105697
          ],
          [
            7.633855,
            46.105684
          ],
          [
            7.633863,
            46.105651
          ],
          [
            7.633896,
            46.105592
          ],
          [
            7.633913,
            46.105574
          ],
          [
            7.633932,
            46.105551
          ],
          [
            7.633959,
            46.105509
          ],
          [
            7.633971,
            46.105496
          ],
          [
            7.63398,
            46.105486
          ],
          [
            7.63398,
            46.105486
          ],
          [
            7.634027,
            46.10545
          ],
          [
            7.634028,
            46.105437
          ],
          [
            7.634052,
            46.105416
          ],
          [
            7.634078,
            46.105364
          ],
          [
            7.634082,
            46.105347
          ],
          [
            7.634077,
            46.105352
          ],
          [
            7.634082,
            46.105343
          ],
          [
            7.63411,
            46.105293
          ],
          [
            7.634123,
            46.105268
          ],
          [
            7.634139,
            46.105243
          ],
          [
            7.634145,
            46.105228
          ],
          [
            7.634159,
            46.105192
          ],
          [
            7.634166,
            46.105185
          ],
          [
            7.634167,
            46.105185
          ],
          [
            7.634173,
            46.105173
          ],
          [
            7.634186,
            46.105135
          ],
          [
            7.634211,
            46.105098
          ],
          [
            7.634225,
            46.105073
          ],
          [
            7.634253,
            46.105032
          ],
          [
            7.634287,
            46.104993
          ],
          [
            7.634314,
            46.104957
          ],
          [
            7.634327,
            46.104949
          ],
          [
            7.634335,
            46.104911
          ],
          [
            7.634379,
            46.104845
          ],
          [
            7.634396,
            46.104821
          ],
          [
            7.634404,
            46.104809
          ],
          [
            7.634445,
            46.104773
          ],
          [
            7.634484,
            46.10472
          ],
          [
            7.634488,
            46.104715
          ],
          [
            7.634515,
            46.104688
          ],
          [
            7.634534,
            46.104672
          ],
          [
            7.63454,
            46.104667
          ],
          [
            7.634574,
            46.104624
          ],
          [
            7.634588,
            46.104607
          ],
          [
            7.634601,
            46.104594
          ],
          [
            7.634609,
            46.104583
          ],
          [
            7.634657,
            46.104547
          ],
          [
            7.634697,
            46.104511
          ],
          [
            7.63475,
            46.104459
          ],
          [
            7.634802,
            46.1044
          ],
          [
            7.63484,
            46.104336
          ],
          [
            7.634835,
            46.104302
          ],
          [
            7.63483,
            46.104294
          ],
          [
            7.634831,
            46.104294
          ],
          [
            7.634832,
            46.104301
          ],
          [
            7.634839,
            46.104306
          ],
          [
            7.63483,
            46.104296
          ],
          [
            7.634828,
            46.104285
          ],
          [
            7.634796,
            46.104213
          ],
          [
            7.634789,
            46.10413
          ],
          [
            7.63479,
            46.104119
          ],
          [
            7.634768,
            46.104037
          ],
          [
            7.634762,
            46.104032
          ],
          [
            7.634753,
            46.104031
          ],
          [
            7.63474,
            46.104023
          ],
          [
            7.634733,
            46.104018
          ],
          [
            7.634729,
            46.104009
          ],
          [
            7.634729,
            46.104009
          ],
          [
            7.634729,
            46.104009
          ],
          [
            7.634735,
            46.104009
          ],
          [
            7.634746,
            46.104007
          ],
          [
            7.634746,
            46.104009
          ],
          [
            7.634729,
            46.104009
          ],
          [
            7.634729,
            46.104009
          ],
          [
            7.634738,
            46.104003
          ],
          [
            7.634735,
            46.103996
          ],
          [
            7.634735,
            46.103996
          ],
          [
            7.634735,
            46.103996
          ],
          [
            7.634735,
            46.103996
          ],
          [
            7.634735,
            46.103996
          ],
          [
            7.634735,
            46.103996
          ],
          [
            7.634735,
            46.103996
          ],
          [
            7.634747,
            46.103993
          ],
          [
            7.634744,
            46.103983
          ],
          [
            7.634739,
            46.103976
          ],
          [
            7.634731,
            46.103969
          ],
          [
            7.634705,
            46.103942
          ],
          [
            7.634685,
            46.103913
          ],
          [
            7.634677,
            46.103899
          ],
          [
            7.63465,
            46.103859
          ],
          [
            7.634643,
            46.103847
          ],
          [
            7.63464,
            46.103843
          ],
          [
            7.634635,
            46.103835
          ],
          [
            7.634628,
            46.103825
          ],
          [
            7.634625,
            46.10382
          ],
          [
            7.634617,
            46.103804
          ],
          [
            7.634604,
            46.103779
          ],
          [
            7.634599,
            46.103757
          ],
          [
            7.634595,
            46.103744
          ],
          [
            7.634598,
            46.10372
          ],
          [
            7.634598,
            46.103712
          ],
          [
            7.63459,
            46.103667
          ],
          [
            7.634587,
            46.10366
          ],
          [
            7.634579,
            46.103634
          ],
          [
            7.634574,
            46.103627
          ],
          [
            7.634556,
            46.103578
          ],
          [
            7.634545,
            46.103569
          ],
          [
            7.634543,
            46.103563
          ],
          [
            7.634542,
            46.103555
          ],
          [
            7.634536,
            46.103544
          ],
          [
            7.634524,
            46.103519
          ],
          [
            7.634519,
            46.1035
          ],
          [
            7.634495,
            46.10346
          ],
          [
            7.63449,
            46.103455
          ],
          [
            7.634475,
            46.103432
          ],
          [
            7.63448,
            46.103399
          ],
          [
            7.634467,
            46.103356
          ],
          [
            7.634454,
            46.103334
          ],
          [
            7.634438,
            46.103315
          ],
          [
            7.634436,
            46.103308
          ],
          [
            7.634422,
            46.103279
          ],
          [
            7.634402,
            46.10324
          ],
          [
            7.634399,
            46.103229
          ],
          [
            7.634382,
            46.103208
          ],
          [
            7.634376,
            46.103182
          ],
          [
            7.634374,
            46.10316
          ],
          [
            7.634379,
            46.103142
          ],
          [
            7.634383,
            46.103114
          ],
          [
            7.634383,
            46.103106
          ],
          [
            7.634382,
            46.103076
          ],
          [
            7.634388,
            46.103054
          ],
          [
            7.634396,
            46.103028
          ],
          [
            7.634414,
            46.102982
          ],
          [
            7.634415,
            46.102976
          ],
          [
            7.634427,
            46.102937
          ],
          [
            7.634445,
            46.102901
          ],
          [
            7.634447,
            46.102878
          ],
          [
            7.634466,
            46.102835
          ],
          [
            7.634468,
            46.10282
          ],
          [
            7.634481,
            46.10279
          ],
          [
            7.634488,
            46.102777
          ],
          [
            7.634508,
            46.102729
          ],
          [
            7.634518,
            46.102708
          ],
          [
            7.634522,
            46.102681
          ],
          [
            7.634526,
            46.102669
          ],
          [
            7.634552,
            46.102607
          ],
          [
            7.634561,
            46.102597
          ],
          [
            7.634571,
            46.102585
          ],
          [
            7.634574,
            46.102577
          ],
          [
            7.634589,
            46.102563
          ],
          [
            7.6346,
            46.102551
          ],
          [
            7.634611,
            46.10254
          ],
          [
            7.634629,
            46.102529
          ],
          [
            7.634641,
            46.102522
          ],
          [
            7.634651,
            46.102508
          ],
          [
            7.634661,
            46.102502
          ],
          [
            7.634688,
            46.102476
          ],
          [
            7.634695,
            46.102467
          ],
          [
            7.634701,
            46.102458
          ],
          [
            7.634709,
            46.102449
          ],
          [
            7.634731,
            46.102427
          ],
          [
            7.634752,
            46.102408
          ],
          [
            7.634761,
            46.102402
          ],
          [
            7.634746,
            46.102407
          ],
          [
            7.634748,
            46.102407
          ],
          [
            7.634754,
            46.102385
          ],
          [
            7.634776,
            46.102348
          ],
          [
            7.634794,
            46.10232
          ],
          [
            7.634837,
            46.102234
          ],
          [
            7.634839,
            46.102222
          ],
          [
            7.634843,
            46.10221
          ],
          [
            7.634882,
            46.102137
          ],
          [
            7.634882,
            46.102144
          ],
          [
            7.634885,
            46.102139
          ],
          [
            7.634898,
            46.102143
          ],
          [
            7.634899,
            46.102145
          ],
          [
            7.634884,
            46.102138
          ],
          [
            7.634888,
            46.102132
          ],
          [
            7.634891,
            46.10212
          ],
          [
            7.634891,
            46.10212
          ],
          [
            7.634891,
            46.10212
          ],
          [
            7.634891,
            46.10212
          ],
          [
            7.634891,
            46.10212
          ],
          [
            7.634891,
            46.10212
          ],
          [
            7.634891,
            46.10212
          ],
          [
            7.634891,
            46.10212
          ],
          [
            7.634891,
            46.10212
          ],
          [
            7.634891,
            46.10212
          ],
          [
            7.634891,
            46.10212
          ],
          [
            7.634891,
            46.10212
          ],
          [
            7.634891,
            46.10212
          ],
          [
            7.634891,
            46.10212
          ],
          [
            7.634891,
            46.10212
          ],
          [
            7.634912,
            46.102122
          ],
          [
            7.634886,
            46.102124
          ],
          [
            7.63488,
            46.102123
          ],
          [
            7.634898,
            46.102114
          ],
          [
            7.634913,
            46.102106
          ],
          [
            7.634957,
            46.102044
          ],
          [
            7.635025,
            46.101966
          ],
          [
            7.635082,
            46.101888
          ],
          [
            7.635096,
            46.101876
          ],
          [
            7.635177,
            46.101804
          ],
          [
            7.635213,
            46.101759
          ],
          [
            7.635249,
            46.101708
          ],
          [
            7.635273,
            46.10167
          ],
          [
            7.635279,
            46.101661
          ],
          [
            7.635289,
            46.101652
          ],
          [
            7.635295,
            46.101643
          ],
          [
            7.6353,
            46.101631
          ],
          [
            7.635306,
            46.10162
          ],
          [
            7.635308,
            46.101614
          ],
          [
            7.635323,
            46.101594
          ],
          [
            7.635325,
            46.101588
          ],
          [
            7.635343,
            46.101573
          ],
          [
            7.635366,
            46.101538
          ],
          [
            7.635374,
            46.101522
          ],
          [
            7.63539,
            46.101505
          ],
          [
            7.635408,
            46.101487
          ],
          [
            7.635423,
            46.101473
          ],
          [
            7.635446,
            46.101458
          ],
          [
            7.635511,
            46.101414
          ],
          [
            7.635543,
            46.101328
          ],
          [
            7.63556,
            46.101275
          ],
          [
            7.635584,
            46.101228
          ],
          [
            7.635602,
            46.101175
          ],
          [
            7.635624,
            46.101107
          ],
          [
            7.635649,
            46.101049
          ],
          [
            7.635657,
            46.100994
          ],
          [
            7.635663,
            46.100951
          ],
          [
            7.635667,
            46.100945
          ],
          [
            7.63569,
            46.100879
          ],
          [
            7.635714,
            46.100841
          ],
          [
            7.635724,
            46.100819
          ],
          [
            7.635748,
            46.100764
          ],
          [
            7.635755,
            46.100761
          ],
          [
            7.63577,
            46.100752
          ],
          [
            7.635787,
            46.100732
          ],
          [
            7.635841,
            46.100677
          ],
          [
            7.635859,
            46.100646
          ],
          [
            7.635871,
            46.100626
          ],
          [
            7.63589,
            46.100605
          ],
          [
            7.635908,
            46.100576
          ],
          [
            7.635942,
            46.100528
          ],
          [
            7.635989,
            46.100486
          ],
          [
            7.63603,
            46.10045
          ],
          [
            7.636053,
            46.100433
          ],
          [
            7.636077,
            46.10042
          ],
          [
            7.63609,
            46.10041
          ],
          [
            7.636134,
            46.100382
          ],
          [
            7.636181,
            46.100352
          ],
          [
            7.636198,
            46.100345
          ],
          [
            7.636224,
            46.100326
          ],
          [
            7.636249,
            46.100308
          ],
          [
            7.636312,
            46.100269
          ],
          [
            7.636319,
            46.100263
          ],
          [
            7.636323,
            46.100257
          ],
          [
            7.636374,
            46.100234
          ],
          [
            7.636415,
            46.100214
          ],
          [
            7.636431,
            46.100207
          ],
          [
            7.636454,
            46.100199
          ],
          [
            7.636485,
            46.100187
          ],
          [
            7.636517,
            46.100174
          ],
          [
            7.636536,
            46.100168
          ],
          [
            7.636551,
            46.10016
          ],
          [
            7.636613,
            46.100136
          ],
          [
            7.636627,
            46.100128
          ],
          [
            7.63669,
            46.100103
          ],
          [
            7.636739,
            46.10007
          ],
          [
            7.636762,
            46.100049
          ],
          [
            7.636788,
            46.100022
          ],
          [
            7.636798,
            46.100015
          ],
          [
            7.636807,
            46.100008
          ],
          [
            7.63681,
            46.099991
          ],
          [
            7.63681,
            46.099969
          ],
          [
            7.636813,
            46.099923
          ],
          [
            7.636819,
            46.099918
          ],
          [
            7.636821,
            46.099902
          ],
          [
            7.63682,
            46.099884
          ],
          [
            7.636825,
            46.099874
          ],
          [
            7.636829,
            46.099859
          ],
          [
            7.636829,
            46.099844
          ],
          [
            7.636832,
            46.099824
          ],
          [
            7.636832,
            46.099805
          ],
          [
            7.636837,
            46.099747
          ],
          [
            7.63684,
            46.09972
          ],
          [
            7.636828,
            46.099686
          ],
          [
            7.636828,
            46.099675
          ],
          [
            7.636829,
            46.099635
          ],
          [
            7.636828,
            46.099628
          ],
          [
            7.636836,
            46.099591
          ],
          [
            7.63685,
            46.099561
          ],
          [
            7.63685,
            46.099555
          ],
          [
            7.636855,
            46.099522
          ],
          [
            7.636858,
            46.099514
          ],
          [
            7.63686,
            46.099464
          ],
          [
            7.636869,
            46.099413
          ],
          [
            7.636869,
            46.099408
          ],
          [
            7.636868,
            46.099362
          ],
          [
            7.63687,
            46.09935
          ],
          [
            7.636876,
            46.099334
          ],
          [
            7.636867,
            46.099286
          ],
          [
            7.636867,
            46.099276
          ],
          [
            7.636874,
            46.099232
          ],
          [
            7.636879,
            46.099219
          ],
          [
            7.636881,
            46.099183
          ],
          [
            7.636886,
            46.099176
          ],
          [
            7.636893,
            46.099139
          ],
          [
            7.636893,
            46.0991
          ],
          [
            7.6369,
            46.099044
          ],
          [
            7.636901,
            46.09904
          ],
          [
            7.636925,
            46.098998
          ],
          [
            7.636937,
            46.098992
          ],
          [
            7.636991,
            46.09896
          ],
          [
            7.637062,
            46.098928
          ],
          [
            7.637071,
            46.098925
          ],
          [
            7.637144,
            46.098903
          ],
          [
            7.637223,
            46.098887
          ],
          [
            7.637261,
            46.098872
          ],
          [
            7.637295,
            46.09886
          ],
          [
            7.637368,
            46.098839
          ],
          [
            7.637392,
            46.098839
          ],
          [
            7.637452,
            46.098821
          ],
          [
            7.63753,
            46.098784
          ],
          [
            7.637539,
            46.098784
          ],
          [
            7.637585,
            46.098762
          ],
          [
            7.63763,
            46.098734
          ],
          [
            7.637688,
            46.09872
          ],
          [
            7.637753,
            46.098691
          ],
          [
            7.637832,
            46.098659
          ],
          [
            7.637912,
            46.098626
          ],
          [
            7.637959,
            46.098593
          ],
          [
            7.638,
            46.098527
          ],
          [
            7.638026,
            46.09848
          ],
          [
            7.638033,
            46.098448
          ],
          [
            7.638033,
            46.098425
          ],
          [
            7.638031,
            46.098397
          ],
          [
            7.638028,
            46.098383
          ],
          [
            7.63803,
            46.09836
          ],
          [
            7.638026,
            46.098342
          ],
          [
            7.638031,
            46.098314
          ],
          [
            7.638025,
            46.098278
          ],
          [
            7.638029,
            46.098253
          ],
          [
            7.638041,
            46.098217
          ],
          [
            7.638045,
            46.098184
          ],
          [
            7.638043,
            46.098158
          ],
          [
            7.638044,
            46.098134
          ],
          [
            7.63805,
            46.09811
          ],
          [
            7.638055,
            46.098086
          ],
          [
            7.63808,
            46.09803
          ],
          [
            7.638084,
            46.098023
          ],
          [
            7.638116,
            46.097978
          ],
          [
            7.638154,
            46.097942
          ],
          [
            7.638225,
            46.097867
          ],
          [
            7.638279,
            46.097816
          ],
          [
            7.638345,
            46.097762
          ],
          [
            7.638413,
            46.097711
          ],
          [
            7.638419,
            46.097694
          ],
          [
            7.638419,
            46.097694
          ],
          [
            7.638419,
            46.097694
          ],
          [
            7.638415,
            46.097695
          ],
          [
            7.638419,
            46.097694
          ],
          [
            7.638419,
            46.097694
          ],
          [
            7.638419,
            46.097694
          ],
          [
            7.638419,
            46.097694
          ],
          [
            7.638419,
            46.097694
          ],
          [
            7.638419,
            46.097694
          ],
          [
            7.638427,
            46.097694
          ],
          [
            7.638419,
            46.097694
          ],
          [
            7.638419,
            46.097694
          ],
          [
            7.638429,
            46.097696
          ],
          [
            7.638419,
            46.097694
          ],
          [
            7.638419,
            46.097694
          ],
          [
            7.638419,
            46.097694
          ],
          [
            7.638419,
            46.097694
          ],
          [
            7.638419,
            46.097694
          ],
          [
            7.638419,
            46.097694
          ],
          [
            7.63842,
            46.097694
          ],
          [
            7.638417,
            46.0977
          ],
          [
            7.638404,
            46.097712
          ],
          [
            7.638406,
            46.097714
          ],
          [
            7.638412,
            46.097709
          ],
          [
            7.63842,
            46.097689
          ],
          [
            7.638421,
            46.09769
          ],
          [
            7.638421,
            46.09769
          ],
          [
            7.638421,
            46.09769
          ],
          [
            7.638429,
            46.097672
          ],
          [
            7.63846,
            46.097658
          ],
          [
            7.638495,
            46.097651
          ],
          [
            7.638562,
            46.097663
          ],
          [
            7.638579,
            46.097666
          ],
          [
            7.638617,
            46.097675
          ],
          [
            7.638643,
            46.097685
          ],
          [
            7.63869,
            46.097706
          ],
          [
            7.6387,
            46.097711
          ],
          [
            7.638738,
            46.09772
          ],
          [
            7.638827,
            46.097748
          ],
          [
            7.638946,
            46.097789
          ],
          [
            7.639049,
            46.097838
          ],
          [
            7.639023,
            46.097875
          ],
          [
            7.63902,
            46.097878
          ],
          [
            7.639016,
            46.097888
          ],
          [
            7.639016,
            46.097895
          ],
          [
            7.639016,
            46.097897
          ],
          [
            7.639012,
            46.0979
          ],
          [
            7.638999,
            46.09793
          ],
          [
            7.638997,
            46.097934
          ],
          [
            7.638997,
            46.097933
          ],
          [
            7.638998,
            46.097936
          ],
          [
            7.639001,
            46.097949
          ],
          [
            7.639001,
            46.097973
          ],
          [
            7.639001,
            46.097974
          ],
          [
            7.639001,
            46.097974
          ],
          [
            7.639001,
            46.097974
          ],
          [
            7.639,
            46.097972
          ],
          [
            7.638995,
            46.097947
          ],
          [
            7.639,
            46.097947
          ],
          [
            7.638998,
            46.097954
          ],
          [
            7.639001,
            46.097954
          ],
          [
            7.639004,
            46.097959
          ],
          [
            7.639005,
            46.097965
          ],
          [
            7.639005,
            46.097969
          ],
          [
            7.639001,
            46.097974
          ],
          [
            7.639004,
            46.09797
          ],
          [
            7.638997,
            46.097979
          ],
          [
            7.638986,
            46.098004
          ],
          [
            7.638982,
            46.098019
          ],
          [
            7.638997,
            46.098069
          ],
          [
            7.639025,
            46.098094
          ],
          [
            7.639068,
            46.098123
          ],
          [
            7.639108,
            46.098144
          ],
          [
            7.639123,
            46.098157
          ],
          [
            7.639132,
            46.098162
          ],
          [
            7.639177,
            46.098196
          ],
          [
            7.639187,
            46.0982
          ],
          [
            7.639196,
            46.098201
          ],
          [
            7.639221,
            46.098206
          ],
          [
            7.639241,
            46.098211
          ],
          [
            7.639298,
            46.098226
          ],
          [
            7.639331,
            46.098244
          ],
          [
            7.639357,
            46.098266
          ],
          [
            7.639367,
            46.098272
          ],
          [
            7.639395,
            46.098301
          ],
          [
            7.639406,
            46.098348
          ],
          [
            7.63943,
            46.098366
          ],
          [
            7.639483,
            46.098383
          ],
          [
            7.639523,
            46.098386
          ],
          [
            7.639572,
            46.098387
          ],
          [
            7.639596,
            46.098391
          ],
          [
            7.639656,
            46.098414
          ],
          [
            7.639671,
            46.098421
          ],
          [
            7.639769,
            46.09846
          ],
          [
            7.639803,
            46.098486
          ],
          [
            7.639824,
            46.098499
          ],
          [
            7.639898,
            46.098507
          ],
          [
            7.639945,
            46.098526
          ],
          [
            7.639944,
            46.098545
          ],
          [
            7.639947,
            46.09854
          ],
          [
            7.639943,
            46.098548
          ],
          [
            7.639916,
            46.098588
          ],
          [
            7.639902,
            46.098614
          ],
          [
            7.639883,
            46.09863
          ],
          [
            7.639868,
            46.098661
          ],
          [
            7.639867,
            46.098677
          ],
          [
            7.63986,
            46.098734
          ],
          [
            7.639832,
            46.09878
          ],
          [
            7.639825,
            46.098808
          ],
          [
            7.639809,
            46.098857
          ],
          [
            7.639809,
            46.098857
          ],
          [
            7.639809,
            46.098857
          ],
          [
            7.639809,
            46.098857
          ],
          [
            7.639796,
            46.098879
          ],
          [
            7.639792,
            46.098893
          ],
          [
            7.639776,
            46.09894
          ],
          [
            7.639773,
            46.098943
          ],
          [
            7.639777,
            46.098947
          ],
          [
            7.639773,
            46.098966
          ],
          [
            7.639748,
            46.099005
          ],
          [
            7.63974,
            46.099008
          ],
          [
            7.639737,
            46.099059
          ],
          [
            7.639748,
            46.09906
          ],
          [
            7.639792,
            46.09905
          ],
          [
            7.639807,
            46.099042
          ],
          [
            7.639833,
            46.099024
          ],
          [
            7.639884,
            46.098985
          ],
          [
            7.639928,
            46.098941
          ],
          [
            7.639935,
            46.098939
          ],
          [
            7.639962,
            46.098929
          ],
          [
            7.63997,
            46.098921
          ],
          [
            7.639978,
            46.098918
          ],
          [
            7.639991,
            46.098922
          ],
          [
            7.639986,
            46.098924
          ],
          [
            7.639979,
            46.098927
          ],
          [
            7.639972,
            46.098931
          ],
          [
            7.639974,
            46.098949
          ],
          [
            7.63997,
            46.098952
          ],
          [
            7.639966,
            46.098964
          ],
          [
            7.639962,
            46.098979
          ],
          [
            7.639945,
            46.099006
          ],
          [
            7.63994,
            46.099014
          ],
          [
            7.639937,
            46.099026
          ],
          [
            7.639924,
            46.099047
          ],
          [
            7.639904,
            46.099068
          ],
          [
            7.6399,
            46.099078
          ],
          [
            7.639914,
            46.099117
          ],
          [
            7.639917,
            46.099122
          ],
          [
            7.639917,
            46.099132
          ],
          [
            7.639921,
            46.099138
          ],
          [
            7.639921,
            46.099144
          ],
          [
            7.639922,
            46.09915
          ],
          [
            7.639924,
            46.099155
          ],
          [
            7.639921,
            46.099173
          ],
          [
            7.639917,
            46.099195
          ],
          [
            7.639915,
            46.099202
          ],
          [
            7.639908,
            46.099237
          ],
          [
            7.639907,
            46.099247
          ],
          [
            7.639925,
            46.099281
          ],
          [
            7.639951,
            46.099285
          ],
          [
            7.639982,
            46.099263
          ],
          [
            7.639997,
            46.099257
          ],
          [
            7.640034,
            46.099247
          ],
          [
            7.640046,
            46.099244
          ],
          [
            7.640059,
            46.099237
          ],
          [
            7.640068,
            46.099232
          ],
          [
            7.640087,
            46.099225
          ],
          [
            7.640108,
            46.099216
          ],
          [
            7.640117,
            46.099212
          ],
          [
            7.640138,
            46.099206
          ],
          [
            7.64016,
            46.0992
          ],
          [
            7.640161,
            46.099198
          ],
          [
            7.640199,
            46.099186
          ],
          [
            7.640225,
            46.099189
          ],
          [
            7.640258,
            46.099204
          ],
          [
            7.640266,
            46.099201
          ],
          [
            7.640272,
            46.099199
          ],
          [
            7.640288,
            46.099192
          ],
          [
            7.640305,
            46.099191
          ],
          [
            7.640345,
            46.099189
          ],
          [
            7.640356,
            46.099187
          ],
          [
            7.640384,
            46.099181
          ],
          [
            7.640399,
            46.099178
          ],
          [
            7.640452,
            46.099169
          ],
          [
            7.640458,
            46.099166
          ],
          [
            7.640511,
            46.099159
          ],
          [
            7.640525,
            46.099157
          ],
          [
            7.640549,
            46.099151
          ],
          [
            7.640557,
            46.099145
          ],
          [
            7.640567,
            46.099141
          ],
          [
            7.640606,
            46.099138
          ],
          [
            7.640612,
            46.099146
          ],
          [
            7.640615,
            46.099155
          ],
          [
            7.640614,
            46.099155
          ],
          [
            7.640616,
            46.099157
          ],
          [
            7.64062,
            46.09916
          ],
          [
            7.64062,
            46.099161
          ],
          [
            7.640628,
            46.099168
          ],
          [
            7.640613,
            46.099189
          ],
          [
            7.64061,
            46.09919
          ],
          [
            7.640545,
            46.099237
          ],
          [
            7.64054,
            46.099247
          ],
          [
            7.640516,
            46.099278
          ],
          [
            7.64051,
            46.09929
          ],
          [
            7.64049,
            46.099315
          ],
          [
            7.640487,
            46.09932
          ],
          [
            7.640484,
            46.099319
          ],
          [
            7.640479,
            46.099328
          ],
          [
            7.640474,
            46.099333
          ],
          [
            7.640467,
            46.099346
          ],
          [
            7.640466,
            46.099349
          ],
          [
            7.640459,
            46.099373
          ],
          [
            7.640454,
            46.099384
          ],
          [
            7.640438,
            46.099419
          ],
          [
            7.640429,
            46.099429
          ],
          [
            7.640431,
            46.099454
          ],
          [
            7.640432,
            46.099462
          ],
          [
            7.640432,
            46.099469
          ],
          [
            7.640436,
            46.099505
          ],
          [
            7.640442,
            46.099514
          ],
          [
            7.640431,
            46.099527
          ],
          [
            7.640427,
            46.099532
          ],
          [
            7.640415,
            46.099546
          ],
          [
            7.640399,
            46.099554
          ],
          [
            7.640395,
            46.099561
          ],
          [
            7.640386,
            46.099576
          ],
          [
            7.640371,
            46.09959
          ],
          [
            7.640364,
            46.099606
          ],
          [
            7.640357,
            46.099615
          ],
          [
            7.640325,
            46.099629
          ],
          [
            7.640324,
            46.099649
          ],
          [
            7.640317,
            46.09966
          ],
          [
            7.640306,
            46.099671
          ],
          [
            7.640302,
            46.099676
          ],
          [
            7.640297,
            46.099681
          ],
          [
            7.640281,
            46.099698
          ],
          [
            7.640273,
            46.099708
          ],
          [
            7.640243,
            46.099747
          ],
          [
            7.640242,
            46.099747
          ],
          [
            7.64021,
            46.099781
          ],
          [
            7.640177,
            46.099821
          ],
          [
            7.640167,
            46.099833
          ],
          [
            7.640192,
            46.099846
          ],
          [
            7.640243,
            46.099859
          ],
          [
            7.640258,
            46.099859
          ],
          [
            7.640266,
            46.099857
          ],
          [
            7.640275,
            46.099856
          ],
          [
            7.640291,
            46.099854
          ],
          [
            7.64037,
            46.099847
          ],
          [
            7.640397,
            46.099842
          ],
          [
            7.640407,
            46.099839
          ],
          [
            7.640401,
            46.09984
          ],
          [
            7.640401,
            46.099839
          ],
          [
            7.640401,
            46.099839
          ],
          [
            7.640401,
            46.099839
          ],
          [
            7.640405,
            46.099835
          ],
          [
            7.640422,
            46.099819
          ],
          [
            7.640421,
            46.099817
          ],
          [
            7.640422,
            46.09982
          ],
          [
            7.640427,
            46.099816
          ],
          [
            7.640427,
            46.099816
          ],
          [
            7.640427,
            46.099816
          ],
          [
            7.640427,
            46.099816
          ],
          [
            7.640427,
            46.099816
          ],
          [
            7.640427,
            46.099816
          ],
          [
            7.640425,
            46.099841
          ],
          [
            7.640428,
            46.099844
          ],
          [
            7.640427,
            46.099842
          ],
          [
            7.640426,
            46.099842
          ],
          [
            7.640468,
            46.099864
          ],
          [
            7.640479,
            46.09987
          ],
          [
            7.640523,
            46.099895
          ],
          [
            7.640542,
            46.099909
          ],
          [
            7.640544,
            46.099925
          ],
          [
            7.64054,
            46.099951
          ],
          [
            7.640549,
            46.099958
          ],
          [
            7.640539,
            46.099978
          ],
          [
            7.64054,
            46.099982
          ],
          [
            7.640507,
            46.100002
          ],
          [
            7.640506,
            46.100009
          ],
          [
            7.640533,
            46.100043
          ],
          [
            7.640531,
            46.100085
          ],
          [
            7.640532,
            46.100095
          ],
          [
            7.640528,
            46.100122
          ],
          [
            7.640541,
            46.10016
          ],
          [
            7.640538,
            46.100168
          ],
          [
            7.640543,
            46.100213
          ],
          [
            7.640541,
            46.100223
          ],
          [
            7.640543,
            46.10025
          ],
          [
            7.640579,
            46.100314
          ],
          [
            7.640578,
            46.100309
          ],
          [
            7.640585,
            46.10031
          ],
          [
            7.640575,
            46.10031
          ],
          [
            7.640571,
            46.100311
          ],
          [
            7.640554,
            46.10032
          ],
          [
            7.640563,
            46.100313
          ],
          [
            7.640572,
            46.100313
          ],
          [
            7.640601,
            46.100298
          ],
          [
            7.640616,
            46.100301
          ],
          [
            7.640613,
            46.100307
          ],
          [
            7.64061,
            46.100362
          ],
          [
            7.640615,
            46.100394
          ],
          [
            7.640637,
            46.100442
          ],
          [
            7.640651,
            46.100497
          ],
          [
            7.64064,
            46.100554
          ],
          [
            7.640629,
            46.100605
          ],
          [
            7.640603,
            46.100636
          ],
          [
            7.640597,
            46.100661
          ],
          [
            7.6406,
            46.100669
          ],
          [
            7.640606,
            46.100674
          ],
          [
            7.640605,
            46.100672
          ],
          [
            7.640605,
            46.100672
          ],
          [
            7.640605,
            46.100672
          ],
          [
            7.640605,
            46.100672
          ],
          [
            7.640605,
            46.100672
          ],
          [
            7.640616,
            46.10071
          ],
          [
            7.64066,
            46.100727
          ],
          [
            7.640732,
            46.10072
          ],
          [
            7.640747,
            46.10072
          ],
          [
            7.640744,
            46.100734
          ],
          [
            7.640734,
            46.100734
          ],
          [
            7.640721,
            46.100767
          ],
          [
            7.640717,
            46.100771
          ],
          [
            7.640692,
            46.100793
          ],
          [
            7.640689,
            46.100799
          ],
          [
            7.640689,
            46.100803
          ],
          [
            7.640707,
            46.10083
          ],
          [
            7.640717,
            46.100833
          ],
          [
            7.640743,
            46.100841
          ],
          [
            7.640749,
            46.10084
          ],
          [
            7.640753,
            46.100847
          ],
          [
            7.640775,
            46.100843
          ],
          [
            7.640786,
            46.100842
          ],
          [
            7.640786,
            46.100842
          ],
          [
            7.640804,
            46.100843
          ],
          [
            7.640819,
            46.100849
          ],
          [
            7.640827,
            46.100853
          ],
          [
            7.640827,
            46.10085
          ],
          [
            7.640816,
            46.100846
          ],
          [
            7.640808,
            46.100854
          ],
          [
            7.640806,
            46.10086
          ],
          [
            7.640807,
            46.100888
          ],
          [
            7.640813,
            46.100896
          ],
          [
            7.640852,
            46.100907
          ],
          [
            7.64087,
            46.100904
          ],
          [
            7.640957,
            46.100897
          ],
          [
            7.640987,
            46.100899
          ],
          [
            7.641017,
            46.100896
          ],
          [
            7.641028,
            46.100892
          ],
          [
            7.641036,
            46.100891
          ],
          [
            7.641038,
            46.100891
          ],
          [
            7.64104,
            46.10089
          ],
          [
            7.641041,
            46.100889
          ],
          [
            7.641071,
            46.100884
          ],
          [
            7.641074,
            46.10089
          ],
          [
            7.641081,
            46.100893
          ],
          [
            7.641098,
            46.100891
          ],
          [
            7.641097,
            46.100895
          ],
          [
            7.641096,
            46.100896
          ],
          [
            7.641082,
            46.1009
          ],
          [
            7.641055,
            46.100907
          ],
          [
            7.641032,
            46.10091
          ],
          [
            7.641029,
            46.100914
          ],
          [
            7.641018,
            46.100907
          ],
          [
            7.641016,
            46.100922
          ],
          [
            7.641009,
            46.100933
          ],
          [
            7.641002,
            46.100937
          ],
          [
            7.641008,
            46.100947
          ],
          [
            7.640987,
            46.100964
          ],
          [
            7.640967,
            46.100996
          ],
          [
            7.640969,
            46.100998
          ],
          [
            7.640948,
            46.101026
          ],
          [
            7.640945,
            46.101028
          ],
          [
            7.640941,
            46.101029
          ],
          [
            7.640936,
            46.101032
          ],
          [
            7.640929,
            46.101038
          ],
          [
            7.640926,
            46.101045
          ],
          [
            7.640924,
            46.101055
          ],
          [
            7.64092,
            46.10107
          ],
          [
            7.64092,
            46.101089
          ],
          [
            7.640927,
            46.101111
          ],
          [
            7.640914,
            46.101111
          ],
          [
            7.640901,
            46.101115
          ],
          [
            7.640898,
            46.101134
          ],
          [
            7.640898,
            46.101152
          ],
          [
            7.640897,
            46.101167
          ],
          [
            7.640895,
            46.101183
          ],
          [
            7.640886,
            46.101209
          ],
          [
            7.640879,
            46.101212
          ],
          [
            7.640883,
            46.101222
          ],
          [
            7.640872,
            46.101234
          ],
          [
            7.640859,
            46.10125
          ],
          [
            7.640849,
            46.101256
          ],
          [
            7.640845,
            46.101266
          ],
          [
            7.640845,
            46.101267
          ],
          [
            7.640838,
            46.101276
          ],
          [
            7.640839,
            46.1013
          ],
          [
            7.640833,
            46.10131
          ],
          [
            7.64083,
            46.101315
          ],
          [
            7.640815,
            46.101323
          ],
          [
            7.640803,
            46.101336
          ],
          [
            7.640798,
            46.101364
          ],
          [
            7.640785,
            46.10138
          ],
          [
            7.640782,
            46.101401
          ],
          [
            7.640787,
            46.101402
          ],
          [
            7.640797,
            46.101411
          ],
          [
            7.640808,
            46.10142
          ],
          [
            7.640808,
            46.101421
          ],
          [
            7.640813,
            46.101426
          ],
          [
            7.640814,
            46.101426
          ],
          [
            7.640809,
            46.101425
          ],
          [
            7.640781,
            46.10143
          ],
          [
            7.640778,
            46.101437
          ],
          [
            7.640751,
            46.101454
          ],
          [
            7.640743,
            46.101457
          ],
          [
            7.640702,
            46.101474
          ],
          [
            7.640696,
            46.101479
          ],
          [
            7.640687,
            46.101503
          ],
          [
            7.640689,
            46.101508
          ],
          [
            7.640688,
            46.101513
          ],
          [
            7.640691,
            46.101524
          ],
          [
            7.64069,
            46.101543
          ],
          [
            7.640689,
            46.101544
          ],
          [
            7.640676,
            46.101558
          ],
          [
            7.64068,
            46.101567
          ],
          [
            7.640677,
            46.101591
          ],
          [
            7.640674,
            46.101602
          ],
          [
            7.640678,
            46.101611
          ],
          [
            7.640682,
            46.101619
          ],
          [
            7.64068,
            46.101637
          ],
          [
            7.640681,
            46.101642
          ],
          [
            7.640677,
            46.10165
          ],
          [
            7.640684,
            46.101664
          ],
          [
            7.640689,
            46.101666
          ],
          [
            7.640692,
            46.101663
          ],
          [
            7.640696,
            46.101665
          ],
          [
            7.640712,
            46.101663
          ],
          [
            7.64073,
            46.101663
          ],
          [
            7.640729,
            46.101664
          ],
          [
            7.64073,
            46.101665
          ],
          [
            7.64073,
            46.101675
          ],
          [
            7.640736,
            46.101693
          ],
          [
            7.640751,
            46.101713
          ],
          [
            7.640755,
            46.101719
          ],
          [
            7.640758,
            46.101694
          ],
          [
            7.640761,
            46.101697
          ],
          [
            7.640763,
            46.101703
          ],
          [
            7.640757,
            46.10171
          ],
          [
            7.640745,
            46.101732
          ],
          [
            7.640732,
            46.101752
          ],
          [
            7.640724,
            46.101759
          ],
          [
            7.640706,
            46.101788
          ],
          [
            7.640701,
            46.101801
          ],
          [
            7.640707,
            46.10182
          ],
          [
            7.640723,
            46.101838
          ],
          [
            7.640722,
            46.101839
          ],
          [
            7.640719,
            46.101844
          ],
          [
            7.640715,
            46.101856
          ],
          [
            7.640713,
            46.101857
          ],
          [
            7.6407,
            46.101881
          ],
          [
            7.640695,
            46.101897
          ],
          [
            7.640703,
            46.101915
          ],
          [
            7.640704,
            46.101923
          ],
          [
            7.640707,
            46.101933
          ],
          [
            7.640703,
            46.101946
          ],
          [
            7.640701,
            46.10196
          ],
          [
            7.640699,
            46.101963
          ],
          [
            7.640698,
            46.101965
          ],
          [
            7.640694,
            46.101979
          ],
          [
            7.640696,
            46.101993
          ],
          [
            7.640696,
            46.102005
          ],
          [
            7.640699,
            46.10201
          ],
          [
            7.640702,
            46.102013
          ],
          [
            7.640708,
            46.102013
          ],
          [
            7.640719,
            46.102022
          ],
          [
            7.640724,
            46.10203
          ],
          [
            7.640727,
            46.102029
          ],
          [
            7.640741,
            46.102043
          ],
          [
            7.640748,
            46.102048
          ],
          [
            7.640755,
            46.102053
          ],
          [
            7.640761,
            46.10206
          ],
          [
            7.640765,
            46.102058
          ],
          [
            7.640771,
            46.102064
          ],
          [
            7.64078,
            46.102065
          ],
          [
            7.640796,
            46.10206
          ],
          [
            7.640794,
            46.102058
          ],
          [
            7.640796,
            46.10206
          ],
          [
            7.640813,
            46.102075
          ],
          [
            7.640815,
            46.102082
          ],
          [
            7.640807,
            46.102103
          ],
          [
            7.640798,
            46.102115
          ],
          [
            7.640793,
            46.102127
          ],
          [
            7.640783,
            46.102144
          ],
          [
            7.640769,
            46.102159
          ],
          [
            7.640758,
            46.102177
          ],
          [
            7.640754,
            46.102186
          ],
          [
            7.640765,
            46.102204
          ],
          [
            7.64077,
            46.102203
          ],
          [
            7.640781,
            46.102235
          ],
          [
            7.640789,
            46.102239
          ],
          [
            7.64081,
            46.102247
          ],
          [
            7.640808,
            46.10225
          ],
          [
            7.640834,
            46.102268
          ],
          [
            7.640849,
            46.102286
          ],
          [
            7.64086,
            46.102288
          ],
          [
            7.64087,
            46.102282
          ],
          [
            7.640874,
            46.10228
          ],
          [
            7.640888,
            46.10227
          ],
          [
            7.64089,
            46.102271
          ],
          [
            7.640911,
            46.102274
          ],
          [
            7.640915,
            46.102286
          ],
          [
            7.640921,
            46.102293
          ],
          [
            7.640948,
            46.102312
          ],
          [
            7.640956,
            46.102316
          ],
          [
            7.640979,
            46.102331
          ],
          [
            7.640987,
            46.102345
          ],
          [
            7.641006,
            46.102355
          ],
          [
            7.641016,
            46.102356
          ],
          [
            7.641014,
            46.102358
          ],
          [
            7.64102,
            46.102341
          ],
          [
            7.641023,
            46.102337
          ],
          [
            7.641034,
            46.102319
          ],
          [
            7.641064,
            46.10229
          ],
          [
            7.641079,
            46.102282
          ],
          [
            7.64109,
            46.102276
          ],
          [
            7.641094,
            46.102276
          ],
          [
            7.641098,
            46.102268
          ],
          [
            7.641105,
            46.102258
          ],
          [
            7.641109,
            46.102256
          ],
          [
            7.641129,
            46.102237
          ],
          [
            7.64113,
            46.102234
          ],
          [
            7.641131,
            46.102225
          ],
          [
            7.641135,
            46.102223
          ],
          [
            7.641146,
            46.102215
          ],
          [
            7.641159,
            46.10219
          ],
          [
            7.64116,
            46.102189
          ],
          [
            7.641164,
            46.102189
          ],
          [
            7.641168,
            46.102189
          ],
          [
            7.641167,
            46.10219
          ],
          [
            7.641165,
            46.102191
          ],
          [
            7.641177,
            46.102191
          ],
          [
            7.641205,
            46.102188
          ],
          [
            7.641205,
            46.102185
          ],
          [
            7.641219,
            46.102181
          ],
          [
            7.641223,
            46.102179
          ],
          [
            7.641226,
            46.10218
          ],
          [
            7.641222,
            46.10218
          ],
          [
            7.641225,
            46.10218
          ],
          [
            7.641231,
            46.102179
          ],
          [
            7.641232,
            46.102178
          ],
          [
            7.641257,
            46.102181
          ],
          [
            7.641271,
            46.102185
          ],
          [
            7.641274,
            46.102193
          ],
          [
            7.641271,
            46.102204
          ],
          [
            7.641276,
            46.102211
          ],
          [
            7.64129,
            46.102226
          ],
          [
            7.641293,
            46.102234
          ],
          [
            7.641301,
            46.102245
          ],
          [
            7.641308,
            46.102251
          ],
          [
            7.641323,
            46.102257
          ],
          [
            7.641328,
            46.102262
          ],
          [
            7.641346,
            46.102297
          ],
          [
            7.641365,
            46.102321
          ],
          [
            7.641372,
            46.102312
          ],
          [
            7.641377,
            46.102315
          ],
          [
            7.641418,
            46.102328
          ],
          [
            7.641425,
            46.102333
          ],
          [
            7.64145,
            46.102347
          ],
          [
            7.641451,
            46.102345
          ],
          [
            7.641465,
            46.102346
          ],
          [
            7.641478,
            46.102352
          ],
          [
            7.641491,
            46.102358
          ],
          [
            7.641488,
            46.102363
          ],
          [
            7.641498,
            46.102367
          ],
          [
            7.641504,
            46.102371
          ],
          [
            7.64151,
            46.102371
          ],
          [
            7.641508,
            46.10237
          ],
          [
            7.641516,
            46.102376
          ],
          [
            7.641518,
            46.10238
          ],
          [
            7.641526,
            46.10239
          ],
          [
            7.641528,
            46.102396
          ],
          [
            7.641538,
            46.102409
          ],
          [
            7.641571,
            46.102432
          ],
          [
            7.641592,
            46.102443
          ],
          [
            7.641603,
            46.102451
          ],
          [
            7.641634,
            46.102467
          ],
          [
            7.641643,
            46.102478
          ],
          [
            7.641649,
            46.102483
          ],
          [
            7.641665,
            46.102495
          ],
          [
            7.641677,
            46.102499
          ],
          [
            7.641686,
            46.102501
          ],
          [
            7.641701,
            46.102506
          ],
          [
            7.641716,
            46.102506
          ],
          [
            7.641734,
            46.102504
          ],
          [
            7.641744,
            46.102513
          ],
          [
            7.641749,
            46.102519
          ],
          [
            7.641752,
            46.102522
          ],
          [
            7.641776,
            46.102523
          ],
          [
            7.6418,
            46.102522
          ],
          [
            7.641833,
            46.102522
          ],
          [
            7.641837,
            46.102513
          ],
          [
            7.641838,
            46.102508
          ],
          [
            7.641844,
            46.102496
          ],
          [
            7.641857,
            46.102469
          ],
          [
            7.641873,
            46.102452
          ],
          [
            7.641886,
            46.102438
          ],
          [
            7.641893,
            46.102433
          ],
          [
            7.641902,
            46.102425
          ],
          [
            7.641917,
            46.102405
          ],
          [
            7.641925,
            46.102399
          ],
          [
            7.641984,
            46.102382
          ],
          [
            7.641995,
            46.102378
          ],
          [
            7.642047,
            46.102362
          ],
          [
            7.642077,
            46.102355
          ],
          [
            7.64212,
            46.102352
          ],
          [
            7.642129,
            46.10235
          ],
          [
            7.642148,
            46.102341
          ],
          [
            7.64215,
            46.102335
          ],
          [
            7.642151,
            46.10233
          ],
          [
            7.642154,
            46.102324
          ],
          [
            7.642154,
            46.102324
          ],
          [
            7.642154,
            46.102324
          ],
          [
            7.642184,
            46.102304
          ],
          [
            7.642223,
            46.102315
          ],
          [
            7.642228,
            46.102314
          ],
          [
            7.64223,
            46.102314
          ],
          [
            7.642252,
            46.102314
          ],
          [
            7.64229,
            46.102307
          ],
          [
            7.642308,
            46.102307
          ],
          [
            7.642345,
            46.102315
          ],
          [
            7.642353,
            46.102316
          ],
          [
            7.642385,
            46.1023
          ],
          [
            7.642396,
            46.102297
          ],
          [
            7.642416,
            46.102293
          ],
          [
            7.642425,
            46.102289
          ],
          [
            7.642431,
            46.102287
          ],
          [
            7.642451,
            46.102283
          ],
          [
            7.642498,
            46.102273
          ],
          [
            7.6425,
            46.102273
          ],
          [
            7.642501,
            46.10227
          ],
          [
            7.642511,
            46.102269
          ],
          [
            7.642529,
            46.102267
          ],
          [
            7.642599,
            46.102262
          ],
          [
            7.642633,
            46.102267
          ],
          [
            7.642668,
            46.102254
          ],
          [
            7.642679,
            46.10225
          ],
          [
            7.642701,
            46.102264
          ],
          [
            7.642702,
            46.10227
          ],
          [
            7.64267,
            46.102299
          ],
          [
            7.642669,
            46.102305
          ],
          [
            7.642659,
            46.102329
          ],
          [
            7.642656,
            46.102351
          ],
          [
            7.642638,
            46.102364
          ],
          [
            7.642617,
            46.102374
          ],
          [
            7.642601,
            46.10238
          ],
          [
            7.642556,
            46.102411
          ],
          [
            7.642527,
            46.102431
          ],
          [
            7.642517,
            46.102454
          ],
          [
            7.64251,
            46.102471
          ],
          [
            7.642501,
            46.102513
          ],
          [
            7.642505,
            46.102516
          ],
          [
            7.642514,
            46.102523
          ],
          [
            7.642528,
            46.102524
          ],
          [
            7.642575,
            46.102526
          ],
          [
            7.642584,
            46.102527
          ],
          [
            7.642584,
            46.102556
          ],
          [
            7.642585,
            46.102557
          ],
          [
            7.642582,
            46.102576
          ],
          [
            7.642583,
            46.102583
          ],
          [
            7.642572,
            46.102618
          ],
          [
            7.642567,
            46.102636
          ],
          [
            7.642554,
            46.102652
          ],
          [
            7.642546,
            46.102667
          ],
          [
            7.642545,
            46.102682
          ],
          [
            7.642527,
            46.102708
          ],
          [
            7.642497,
            46.102754
          ],
          [
            7.642495,
            46.102761
          ],
          [
            7.642486,
            46.102781
          ],
          [
            7.642481,
            46.102799
          ],
          [
            7.642478,
            46.102804
          ],
          [
            7.642452,
            46.102823
          ],
          [
            7.642432,
            46.102842
          ],
          [
            7.642421,
            46.102876
          ],
          [
            7.64242,
            46.102883
          ],
          [
            7.642417,
            46.102888
          ],
          [
            7.642412,
            46.102895
          ],
          [
            7.642383,
            46.102939
          ],
          [
            7.642374,
            46.102969
          ],
          [
            7.642356,
            46.10298
          ],
          [
            7.642346,
            46.102989
          ],
          [
            7.642318,
            46.103029
          ],
          [
            7.642308,
            46.103048
          ],
          [
            7.642286,
            46.103067
          ],
          [
            7.642259,
            46.103118
          ],
          [
            7.642244,
            46.103161
          ],
          [
            7.642241,
            46.103171
          ],
          [
            7.642233,
            46.10318
          ],
          [
            7.642229,
            46.103187
          ],
          [
            7.642228,
            46.103189
          ],
          [
            7.642223,
            46.103196
          ],
          [
            7.642207,
            46.103219
          ],
          [
            7.642206,
            46.103251
          ],
          [
            7.642212,
            46.103261
          ],
          [
            7.642208,
            46.103273
          ],
          [
            7.642203,
            46.103273
          ],
          [
            7.642192,
            46.103287
          ],
          [
            7.642183,
            46.103294
          ],
          [
            7.642183,
            46.103296
          ],
          [
            7.642171,
            46.103322
          ],
          [
            7.642177,
            46.103348
          ],
          [
            7.642183,
            46.103366
          ],
          [
            7.642183,
            46.103371
          ],
          [
            7.642182,
            46.103378
          ],
          [
            7.642181,
            46.10338
          ],
          [
            7.642181,
            46.103387
          ],
          [
            7.642178,
            46.10339
          ],
          [
            7.64216,
            46.103424
          ],
          [
            7.642154,
            46.103432
          ],
          [
            7.64213,
            46.103456
          ],
          [
            7.642107,
            46.103488
          ],
          [
            7.642098,
            46.103501
          ],
          [
            7.642081,
            46.103542
          ],
          [
            7.642077,
            46.103553
          ],
          [
            7.642071,
            46.103593
          ],
          [
            7.642061,
            46.103606
          ],
          [
            7.642057,
            46.103615
          ],
          [
            7.642041,
            46.103644
          ],
          [
            7.642035,
            46.103666
          ],
          [
            7.642025,
            46.103695
          ],
          [
            7.642033,
            46.103704
          ],
          [
            7.642012,
            46.103736
          ],
          [
            7.642,
            46.103753
          ],
          [
            7.641984,
            46.103779
          ],
          [
            7.641963,
            46.103816
          ],
          [
            7.641957,
            46.103823
          ],
          [
            7.641933,
            46.103882
          ],
          [
            7.641928,
            46.103893
          ],
          [
            7.641902,
            46.103931
          ],
          [
            7.641899,
            46.103938
          ],
          [
            7.641895,
            46.103955
          ],
          [
            7.641892,
            46.103982
          ],
          [
            7.641892,
            46.103995
          ],
          [
            7.641883,
            46.104027
          ],
          [
            7.641875,
            46.104038
          ],
          [
            7.641877,
            46.104042
          ],
          [
            7.641876,
            46.104072
          ],
          [
            7.641877,
            46.104079
          ],
          [
            7.641865,
            46.104127
          ],
          [
            7.641859,
            46.104134
          ],
          [
            7.641853,
            46.104174
          ],
          [
            7.64186,
            46.1042
          ],
          [
            7.641862,
            46.104205
          ],
          [
            7.641838,
            46.104239
          ],
          [
            7.641832,
            46.104248
          ],
          [
            7.641827,
            46.104303
          ],
          [
            7.641822,
            46.104324
          ],
          [
            7.641817,
            46.104337
          ],
          [
            7.641798,
            46.104374
          ],
          [
            7.641793,
            46.104383
          ],
          [
            7.641788,
            46.104394
          ],
          [
            7.641786,
            46.104407
          ],
          [
            7.641786,
            46.104416
          ],
          [
            7.641783,
            46.104434
          ],
          [
            7.641773,
            46.104462
          ],
          [
            7.64177,
            46.104469
          ],
          [
            7.641745,
            46.104511
          ],
          [
            7.641726,
            46.104558
          ],
          [
            7.641703,
            46.104584
          ],
          [
            7.641689,
            46.1046
          ],
          [
            7.641668,
            46.10464
          ],
          [
            7.641645,
            46.104683
          ],
          [
            7.641641,
            46.104699
          ],
          [
            7.641639,
            46.104716
          ],
          [
            7.641637,
            46.104726
          ],
          [
            7.641635,
            46.104748
          ],
          [
            7.641625,
            46.104764
          ],
          [
            7.641621,
            46.10477
          ],
          [
            7.641615,
            46.104776
          ],
          [
            7.641593,
            46.10481
          ],
          [
            7.641587,
            46.104822
          ],
          [
            7.641568,
            46.104877
          ],
          [
            7.641566,
            46.104893
          ],
          [
            7.641565,
            46.1049
          ],
          [
            7.641553,
            46.104917
          ],
          [
            7.64153,
            46.104936
          ],
          [
            7.641528,
            46.104945
          ],
          [
            7.641546,
            46.104974
          ],
          [
            7.641542,
            46.104986
          ],
          [
            7.64153,
            46.105022
          ],
          [
            7.641525,
            46.10504
          ],
          [
            7.641517,
            46.105071
          ],
          [
            7.641489,
            46.105106
          ],
          [
            7.641483,
            46.105112
          ],
          [
            7.641463,
            46.105154
          ],
          [
            7.64146,
            46.105163
          ],
          [
            7.64146,
            46.105163
          ],
          [
            7.641461,
            46.105168
          ],
          [
            7.641445,
            46.105207
          ],
          [
            7.64144,
            46.10521
          ],
          [
            7.64142,
            46.10524
          ],
          [
            7.641411,
            46.105253
          ],
          [
            7.641415,
            46.105288
          ],
          [
            7.641406,
            46.105292
          ],
          [
            7.641374,
            46.105309
          ],
          [
            7.641354,
            46.105322
          ],
          [
            7.641329,
            46.105344
          ],
          [
            7.641294,
            46.10536
          ],
          [
            7.641281,
            46.105365
          ],
          [
            7.641274,
            46.105375
          ],
          [
            7.64125,
            46.105392
          ],
          [
            7.641223,
            46.105417
          ],
          [
            7.64122,
            46.105427
          ],
          [
            7.641209,
            46.10548
          ],
          [
            7.641203,
            46.105504
          ],
          [
            7.641203,
            46.105516
          ],
          [
            7.641203,
            46.105534
          ],
          [
            7.641201,
            46.10558
          ],
          [
            7.641196,
            46.105587
          ],
          [
            7.641182,
            46.105599
          ],
          [
            7.641173,
            46.105607
          ],
          [
            7.641171,
            46.105613
          ],
          [
            7.641167,
            46.105622
          ],
          [
            7.641161,
            46.105632
          ],
          [
            7.641158,
            46.10564
          ],
          [
            7.641162,
            46.105657
          ],
          [
            7.641164,
            46.105666
          ],
          [
            7.641165,
            46.105677
          ],
          [
            7.64117,
            46.105685
          ],
          [
            7.641181,
            46.105704
          ],
          [
            7.641199,
            46.105746
          ],
          [
            7.641223,
            46.105796
          ],
          [
            7.641249,
            46.105858
          ],
          [
            7.64125,
            46.105875
          ],
          [
            7.641243,
            46.1059
          ],
          [
            7.64123,
            46.105921
          ],
          [
            7.64123,
            46.105934
          ],
          [
            7.641224,
            46.10595
          ],
          [
            7.641229,
            46.105963
          ],
          [
            7.641214,
            46.105977
          ],
          [
            7.641202,
            46.105982
          ],
          [
            7.641196,
            46.105985
          ],
          [
            7.641185,
            46.105998
          ],
          [
            7.64118,
            46.106006
          ],
          [
            7.641175,
            46.106025
          ],
          [
            7.641169,
            46.106056
          ],
          [
            7.641164,
            46.106075
          ],
          [
            7.641169,
            46.106098
          ],
          [
            7.641177,
            46.106104
          ],
          [
            7.641201,
            46.106116
          ],
          [
            7.641203,
            46.10612
          ],
          [
            7.641229,
            46.106177
          ],
          [
            7.641234,
            46.106205
          ],
          [
            7.641242,
            46.106219
          ],
          [
            7.641244,
            46.106256
          ],
          [
            7.641236,
            46.106263
          ],
          [
            7.641225,
            46.106275
          ],
          [
            7.641211,
            46.106295
          ],
          [
            7.641206,
            46.1063
          ],
          [
            7.641201,
            46.106309
          ],
          [
            7.641193,
            46.106329
          ],
          [
            7.641203,
            46.106356
          ],
          [
            7.641224,
            46.106373
          ],
          [
            7.641228,
            46.10638
          ],
          [
            7.641232,
            46.106397
          ],
          [
            7.641226,
            46.106409
          ],
          [
            7.641224,
            46.106413
          ],
          [
            7.641214,
            46.106426
          ],
          [
            7.641213,
            46.10643
          ],
          [
            7.641215,
            46.106444
          ],
          [
            7.641216,
            46.106452
          ],
          [
            7.641202,
            46.106481
          ],
          [
            7.641189,
            46.106494
          ],
          [
            7.641156,
            46.10652
          ],
          [
            7.641152,
            46.106529
          ],
          [
            7.641147,
            46.106578
          ],
          [
            7.641151,
            46.106602
          ],
          [
            7.64115,
            46.106605
          ],
          [
            7.64115,
            46.106628
          ],
          [
            7.641154,
            46.106638
          ],
          [
            7.641157,
            46.106646
          ],
          [
            7.64116,
            46.106653
          ],
          [
            7.641164,
            46.106662
          ],
          [
            7.64118,
            46.106691
          ],
          [
            7.641193,
            46.106707
          ],
          [
            7.641203,
            46.106717
          ],
          [
            7.641213,
            46.106725
          ],
          [
            7.64122,
            46.106735
          ],
          [
            7.641239,
            46.106748
          ],
          [
            7.641246,
            46.106753
          ],
          [
            7.641257,
            46.106767
          ],
          [
            7.641262,
            46.106786
          ],
          [
            7.641275,
            46.106796
          ],
          [
            7.641298,
            46.106811
          ],
          [
            7.641298,
            46.106816
          ],
          [
            7.641302,
            46.106819
          ],
          [
            7.641319,
            46.106822
          ],
          [
            7.641334,
            46.10683
          ],
          [
            7.641354,
            46.10684
          ],
          [
            7.641358,
            46.106849
          ],
          [
            7.641367,
            46.106858
          ],
          [
            7.641371,
            46.106861
          ],
          [
            7.641393,
            46.106884
          ],
          [
            7.641394,
            46.10689
          ],
          [
            7.6414,
            46.106893
          ],
          [
            7.641412,
            46.10692
          ],
          [
            7.641416,
            46.106937
          ],
          [
            7.641433,
            46.106954
          ],
          [
            7.641436,
            46.10696
          ],
          [
            7.641459,
            46.106993
          ],
          [
            7.641468,
            46.107008
          ],
          [
            7.641468,
            46.107008
          ],
          [
            7.641474,
            46.107013
          ],
          [
            7.641479,
            46.107015
          ],
          [
            7.641503,
            46.107025
          ],
          [
            7.64151,
            46.10703
          ],
          [
            7.641519,
            46.107033
          ],
          [
            7.641534,
            46.107036
          ],
          [
            7.641557,
            46.107037
          ],
          [
            7.641587,
            46.107035
          ],
          [
            7.641635,
            46.10703
          ],
          [
            7.641656,
            46.107024
          ],
          [
            7.641675,
            46.107012
          ],
          [
            7.641675,
            46.107012
          ],
          [
            7.641681,
            46.107012
          ],
          [
            7.6417,
            46.107009
          ],
          [
            7.641711,
            46.107005
          ],
          [
            7.6417,
            46.107006
          ],
          [
            7.641707,
            46.107005
          ],
          [
            7.64172,
            46.107001
          ],
          [
            7.641723,
            46.107
          ],
          [
            7.641716,
            46.106999
          ],
          [
            7.641717,
            46.106997
          ],
          [
            7.641722,
            46.106999
          ],
          [
            7.641712,
            46.107002
          ],
          [
            7.641722,
            46.106999
          ],
          [
            7.641722,
            46.106999
          ],
          [
            7.641722,
            46.106999
          ],
          [
            7.641722,
            46.106999
          ],
          [
            7.641714,
            46.106998
          ],
          [
            7.641711,
            46.106996
          ],
          [
            7.641722,
            46.106999
          ],
          [
            7.641722,
            46.106999
          ],
          [
            7.641722,
            46.106999
          ],
          [
            7.641722,
            46.106999
          ],
          [
            7.641722,
            46.106999
          ],
          [
            7.641722,
            46.106999
          ],
          [
            7.641722,
            46.106999
          ],
          [
            7.641722,
            46.106999
          ],
          [
            7.641722,
            46.106999
          ],
          [
            7.641722,
            46.106999
          ],
          [
            7.641722,
            46.106999
          ],
          [
            7.641722,
            46.106999
          ],
          [
            7.641722,
            46.106999
          ],
          [
            7.641722,
            46.106999
          ],
          [
            7.641722,
            46.106999
          ],
          [
            7.641722,
            46.106999
          ],
          [
            7.641722,
            46.106999
          ],
          [
            7.641722,
            46.106999
          ],
          [
            7.641722,
            46.106999
          ],
          [
            7.641722,
            46.106999
          ],
          [
            7.641722,
            46.106999
          ],
          [
            7.641722,
            46.106999
          ],
          [
            7.641722,
            46.106999
          ],
          [
            7.641722,
            46.106999
          ],
          [
            7.641722,
            46.106999
          ],
          [
            7.641722,
            46.106999
          ],
          [
            7.641722,
            46.106999
          ],
          [
            7.641722,
            46.106999
          ],
          [
            7.641722,
            46.106999
          ],
          [
            7.641722,
            46.106999
          ],
          [
            7.641722,
            46.106999
          ],
          [
            7.641722,
            46.106999
          ],
          [
            7.641722,
            46.106999
          ],
          [
            7.641694,
            46.106998
          ],
          [
            7.641687,
            46.106996
          ],
          [
            7.641685,
            46.106993
          ],
          [
            7.64169,
            46.106997
          ],
          [
            7.641691,
            46.106998
          ],
          [
            7.641691,
            46.106998
          ],
          [
            7.641691,
            46.106998
          ],
          [
            7.641691,
            46.106998
          ],
          [
            7.641691,
            46.106998
          ],
          [
            7.641691,
            46.106998
          ],
          [
            7.641691,
            46.106998
          ],
          [
            7.641691,
            46.106998
          ],
          [
            7.641691,
            46.106998
          ],
          [
            7.641691,
            46.106998
          ],
          [
            7.641691,
            46.106998
          ],
          [
            7.641691,
            46.106998
          ],
          [
            7.641689,
            46.106987
          ],
          [
            7.641703,
            46.107001
          ],
          [
            7.641691,
            46.106998
          ],
          [
            7.641691,
            46.106998
          ],
          [
            7.641691,
            46.106998
          ],
          [
            7.641691,
            46.106998
          ],
          [
            7.641691,
            46.106998
          ],
          [
            7.641697,
            46.106998
          ],
          [
            7.641691,
            46.106998
          ],
          [
            7.641691,
            46.106998
          ],
          [
            7.641691,
            46.106998
          ],
          [
            7.641691,
            46.106998
          ],
          [
            7.641691,
            46.106998
          ],
          [
            7.641691,
            46.106998
          ],
          [
            7.641691,
            46.106998
          ],
          [
            7.641691,
            46.106998
          ],
          [
            7.641691,
            46.106998
          ],
          [
            7.641691,
            46.106998
          ],
          [
            7.641691,
            46.106998
          ],
          [
            7.641691,
            46.106998
          ],
          [
            7.641691,
            46.106998
          ],
          [
            7.641691,
            46.106998
          ],
          [
            7.641691,
            46.106998
          ],
          [
            7.641691,
            46.106998
          ],
          [
            7.641691,
            46.106998
          ],
          [
            7.641691,
            46.106998
          ],
          [
            7.641691,
            46.106998
          ],
          [
            7.641691,
            46.106998
          ],
          [
            7.641691,
            46.106998
          ],
          [
            7.641691,
            46.106998
          ],
          [
            7.641691,
            46.106998
          ],
          [
            7.641691,
            46.106998
          ],
          [
            7.641707,
            46.107004
          ],
          [
            7.641706,
            46.107
          ],
          [
            7.641704,
            46.106999
          ],
          [
            7.641706,
            46.106997
          ],
          [
            7.641705,
            46.106998
          ],
          [
            7.641704,
            46.106998
          ],
          [
            7.641704,
            46.106998
          ],
          [
            7.641705,
            46.106998
          ],
          [
            7.641691,
            46.106998
          ],
          [
            7.641691,
            46.106998
          ],
          [
            7.641691,
            46.106998
          ],
          [
            7.641691,
            46.106998
          ],
          [
            7.641691,
            46.106998
          ],
          [
            7.641691,
            46.106998
          ],
          [
            7.641691,
            46.106998
          ],
          [
            7.641691,
            46.106998
          ],
          [
            7.641691,
            46.106998
          ],
          [
            7.641691,
            46.106998
          ],
          [
            7.641691,
            46.106998
          ],
          [
            7.641691,
            46.106998
          ],
          [
            7.641691,
            46.106998
          ],
          [
            7.641691,
            46.106998
          ],
          [
            7.641691,
            46.106998
          ],
          [
            7.641691,
            46.106998
          ],
          [
            7.641691,
            46.106998
          ],
          [
            7.641691,
            46.106998
          ],
          [
            7.641691,
            46.106998
          ],
          [
            7.641691,
            46.106998
          ],
          [
            7.641691,
            46.106998
          ],
          [
            7.641691,
            46.106998
          ],
          [
            7.641691,
            46.106998
          ],
          [
            7.641691,
            46.106998
          ],
          [
            7.641691,
            46.106998
          ],
          [
            7.641691,
            46.106998
          ],
          [
            7.641691,
            46.106998
          ],
          [
            7.641705,
            46.107001
          ],
          [
            7.641711,
            46.106995
          ],
          [
            7.641701,
            46.106995
          ],
          [
            7.641707,
            46.106994
          ],
          [
            7.641712,
            46.106997
          ],
          [
            7.641711,
            46.107005
          ],
          [
            7.64171,
            46.107004
          ],
          [
            7.641711,
            46.107
          ],
          [
            7.641745,
            46.107032
          ],
          [
            7.641783,
            46.107052
          ],
          [
            7.641788,
            46.107052
          ],
          [
            7.641813,
            46.107053
          ],
          [
            7.641816,
            46.10705
          ],
          [
            7.641828,
            46.107046
          ],
          [
            7.641842,
            46.107042
          ],
          [
            7.64186,
            46.107038
          ],
          [
            7.641872,
            46.107036
          ],
          [
            7.641872,
            46.107038
          ],
          [
            7.641876,
            46.107054
          ],
          [
            7.641878,
            46.107056
          ],
          [
            7.641878,
            46.107058
          ],
          [
            7.641879,
            46.10707
          ],
          [
            7.641878,
            46.107078
          ],
          [
            7.641878,
            46.107079
          ],
          [
            7.641881,
            46.107086
          ],
          [
            7.64189,
            46.107095
          ],
          [
            7.641893,
            46.107097
          ],
          [
            7.641893,
            46.107114
          ],
          [
            7.64189,
            46.107122
          ],
          [
            7.641893,
            46.107139
          ],
          [
            7.641894,
            46.107145
          ],
          [
            7.641921,
            46.107154
          ],
          [
            7.64193,
            46.107157
          ],
          [
            7.641952,
            46.107157
          ],
          [
            7.641974,
            46.107159
          ],
          [
            7.641996,
            46.107156
          ],
          [
            7.642014,
            46.107153
          ],
          [
            7.642038,
            46.107152
          ],
          [
            7.642046,
            46.107155
          ],
          [
            7.642079,
            46.107153
          ],
          [
            7.642085,
            46.107156
          ],
          [
            7.642122,
            46.107148
          ],
          [
            7.642167,
            46.107139
          ],
          [
            7.6422,
            46.107152
          ],
          [
            7.642238,
            46.107166
          ],
          [
            7.642249,
            46.107176
          ],
          [
            7.642271,
            46.107209
          ],
          [
            7.642276,
            46.107228
          ],
          [
            7.642296,
            46.107262
          ],
          [
            7.642309,
            46.107292
          ],
          [
            7.642311,
            46.107301
          ],
          [
            7.642318,
            46.10733
          ],
          [
            7.642318,
            46.107342
          ],
          [
            7.642318,
            46.107352
          ],
          [
            7.642329,
            46.107376
          ],
          [
            7.642355,
            46.1074
          ],
          [
            7.642357,
            46.107401
          ],
          [
            7.642388,
            46.107434
          ],
          [
            7.642396,
            46.107444
          ],
          [
            7.642422,
            46.10747
          ],
          [
            7.642447,
            46.107492
          ],
          [
            7.642455,
            46.10751
          ],
          [
            7.642487,
            46.107552
          ],
          [
            7.642491,
            46.107559
          ],
          [
            7.642491,
            46.107559
          ],
          [
            7.642491,
            46.107559
          ],
          [
            7.642491,
            46.107559
          ],
          [
            7.642491,
            46.107559
          ],
          [
            7.642491,
            46.107559
          ],
          [
            7.642504,
            46.107573
          ],
          [
            7.642556,
            46.107612
          ],
          [
            7.642585,
            46.107638
          ],
          [
            7.642609,
            46.10766
          ],
          [
            7.64262,
            46.107673
          ],
          [
            7.642657,
            46.107706
          ],
          [
            7.64268,
            46.107725
          ],
          [
            7.642693,
            46.107737
          ],
          [
            7.642701,
            46.107743
          ],
          [
            7.642713,
            46.107751
          ],
          [
            7.642732,
            46.107761
          ],
          [
            7.642742,
            46.107764
          ],
          [
            7.642752,
            46.10777
          ],
          [
            7.642786,
            46.107784
          ],
          [
            7.642824,
            46.107792
          ],
          [
            7.642831,
            46.107791
          ],
          [
            7.642842,
            46.107793
          ],
          [
            7.642855,
            46.107796
          ],
          [
            7.642911,
            46.107801
          ],
          [
            7.642956,
            46.107805
          ],
          [
            7.642976,
            46.107808
          ],
          [
            7.642984,
            46.107807
          ],
          [
            7.642998,
            46.107809
          ],
          [
            7.643017,
            46.107813
          ],
          [
            7.643049,
            46.10782
          ],
          [
            7.643065,
            46.10782
          ],
          [
            7.643079,
            46.107822
          ],
          [
            7.643092,
            46.107824
          ],
          [
            7.643101,
            46.107823
          ],
          [
            7.643109,
            46.107823
          ],
          [
            7.643115,
            46.107821
          ],
          [
            7.643115,
            46.107821
          ],
          [
            7.643115,
            46.107821
          ],
          [
            7.643115,
            46.107821
          ],
          [
            7.643115,
            46.107821
          ],
          [
            7.643116,
            46.107822
          ],
          [
            7.643188,
            46.107837
          ],
          [
            7.643268,
            46.107839
          ],
          [
            7.643334,
            46.107844
          ],
          [
            7.643358,
            46.107852
          ],
          [
            7.643373,
            46.107851
          ],
          [
            7.64338,
            46.107853
          ],
          [
            7.643402,
            46.107865
          ],
          [
            7.64341,
            46.10788
          ],
          [
            7.643425,
            46.107907
          ],
          [
            7.643431,
            46.10792
          ],
          [
            7.643434,
            46.107926
          ],
          [
            7.643445,
            46.107945
          ],
          [
            7.643465,
            46.107951
          ],
          [
            7.643469,
            46.107951
          ],
          [
            7.643502,
            46.107962
          ],
          [
            7.643483,
            46.107957
          ],
          [
            7.643517,
            46.107976
          ],
          [
            7.643526,
            46.107987
          ],
          [
            7.643531,
            46.108006
          ],
          [
            7.643536,
            46.108011
          ],
          [
            7.643552,
            46.108032
          ],
          [
            7.643556,
            46.108035
          ],
          [
            7.643545,
            46.108064
          ],
          [
            7.643521,
            46.108111
          ],
          [
            7.643517,
            46.108125
          ],
          [
            7.643523,
            46.108137
          ],
          [
            7.643528,
            46.108143
          ],
          [
            7.643535,
            46.108148
          ],
          [
            7.643551,
            46.108169
          ],
          [
            7.643563,
            46.108176
          ],
          [
            7.643601,
            46.108217
          ],
          [
            7.643632,
            46.108242
          ],
          [
            7.643669,
            46.10827
          ],
          [
            7.643672,
            46.108283
          ],
          [
            7.643673,
            46.108304
          ],
          [
            7.64367,
            46.108305
          ],
          [
            7.643674,
            46.108314
          ],
          [
            7.64368,
            46.10833
          ],
          [
            7.643685,
            46.108332
          ],
          [
            7.643688,
            46.108334
          ],
          [
            7.64369,
            46.108337
          ],
          [
            7.643708,
            46.108345
          ],
          [
            7.643744,
            46.108345
          ],
          [
            7.64377,
            46.108339
          ],
          [
            7.643819,
            46.10833
          ],
          [
            7.643853,
            46.108321
          ],
          [
            7.643857,
            46.108319
          ],
          [
            7.643863,
            46.108321
          ],
          [
            7.643864,
            46.108322
          ],
          [
            7.643886,
            46.108315
          ],
          [
            7.643927,
            46.108302
          ],
          [
            7.643929,
            46.1083
          ],
          [
            7.643951,
            46.108296
          ],
          [
            7.643965,
            46.10829
          ],
          [
            7.643971,
            46.108288
          ],
          [
            7.643971,
            46.108288
          ],
          [
            7.643971,
            46.108288
          ],
          [
            7.643971,
            46.108288
          ],
          [
            7.643971,
            46.108288
          ],
          [
            7.643971,
            46.108288
          ],
          [
            7.643982,
            46.108291
          ],
          [
            7.644031,
            46.108285
          ],
          [
            7.644065,
            46.108269
          ],
          [
            7.644114,
            46.108233
          ],
          [
            7.644141,
            46.108218
          ],
          [
            7.644144,
            46.108215
          ],
          [
            7.644171,
            46.108218
          ],
          [
            7.644197,
            46.108227
          ],
          [
            7.644208,
            46.108227
          ],
          [
            7.644216,
            46.108224
          ],
          [
            7.64424,
            46.108219
          ],
          [
            7.644239,
            46.108223
          ],
          [
            7.644251,
            46.108221
          ],
          [
            7.644274,
            46.108223
          ],
          [
            7.644282,
            46.108226
          ],
          [
            7.644316,
            46.10824
          ],
          [
            7.64432,
            46.108244
          ],
          [
            7.644314,
            46.108249
          ],
          [
            7.644323,
            46.108265
          ],
          [
            7.644325,
            46.108266
          ],
          [
            7.644325,
            46.108267
          ],
          [
            7.644318,
            46.10829
          ],
          [
            7.644318,
            46.10829
          ],
          [
            7.644321,
            46.108294
          ],
          [
            7.644343,
            46.108314
          ],
          [
            7.644349,
            46.10832
          ],
          [
            7.644356,
            46.10832
          ],
          [
            7.644358,
            46.10832
          ],
          [
            7.644355,
            46.108319
          ],
          [
            7.644374,
            46.10833
          ],
          [
            7.644366,
            46.10833
          ],
          [
            7.644371,
            46.108334
          ],
          [
            7.644374,
            46.108335
          ],
          [
            7.644374,
            46.108335
          ],
          [
            7.644374,
            46.108335
          ],
          [
            7.644374,
            46.108335
          ],
          [
            7.644374,
            46.108335
          ],
          [
            7.644374,
            46.108335
          ],
          [
            7.644374,
            46.108335
          ],
          [
            7.644374,
            46.108335
          ],
          [
            7.644374,
            46.108335
          ],
          [
            7.64439,
            46.108353
          ],
          [
            7.644355,
            46.108386
          ],
          [
            7.644342,
            46.108416
          ],
          [
            7.644325,
            46.108427
          ],
          [
            7.644319,
            46.108431
          ],
          [
            7.644312,
            46.108436
          ],
          [
            7.644308,
            46.108441
          ],
          [
            7.644302,
            46.108448
          ],
          [
            7.644293,
            46.108463
          ],
          [
            7.644289,
            46.108469
          ],
          [
            7.644281,
            46.108477
          ],
          [
            7.644275,
            46.108484
          ],
          [
            7.644268,
            46.108491
          ],
          [
            7.644251,
            46.108507
          ],
          [
            7.644235,
            46.108528
          ],
          [
            7.644228,
            46.108553
          ],
          [
            7.64423,
            46.108554
          ],
          [
            7.644213,
            46.108583
          ],
          [
            7.644205,
            46.108596
          ],
          [
            7.644199,
            46.108618
          ],
          [
            7.644196,
            46.108625
          ],
          [
            7.644186,
            46.10864
          ],
          [
            7.644159,
            46.108655
          ],
          [
            7.644119,
            46.108685
          ],
          [
            7.644077,
            46.108737
          ],
          [
            7.644073,
            46.108743
          ],
          [
            7.644069,
            46.10875
          ],
          [
            7.644065,
            46.108757
          ],
          [
            7.644061,
            46.108785
          ],
          [
            7.644061,
            46.108794
          ],
          [
            7.644051,
            46.108808
          ],
          [
            7.644046,
            46.108818
          ],
          [
            7.644051,
            46.108835
          ],
          [
            7.644047,
            46.108866
          ],
          [
            7.644044,
            46.108874
          ],
          [
            7.644035,
            46.10889
          ],
          [
            7.64403,
            46.108896
          ],
          [
            7.644028,
            46.108912
          ],
          [
            7.644023,
            46.108937
          ],
          [
            7.644025,
            46.108949
          ],
          [
            7.644029,
            46.108966
          ],
          [
            7.644031,
            46.10897
          ],
          [
            7.644059,
            46.108977
          ],
          [
            7.644074,
            46.108972
          ],
          [
            7.644081,
            46.10898
          ],
          [
            7.64409,
            46.108995
          ],
          [
            7.644064,
            46.109024
          ],
          [
            7.644055,
            46.109037
          ],
          [
            7.64405,
            46.109041
          ],
          [
            7.644047,
            46.109068
          ],
          [
            7.644033,
            46.109096
          ],
          [
            7.644027,
            46.109101
          ],
          [
            7.644,
            46.109113
          ],
          [
            7.643978,
            46.109135
          ],
          [
            7.64394,
            46.109182
          ],
          [
            7.643943,
            46.109185
          ],
          [
            7.643941,
            46.109216
          ],
          [
            7.643944,
            46.109223
          ],
          [
            7.64395,
            46.109229
          ],
          [
            7.643951,
            46.109242
          ],
          [
            7.643947,
            46.109248
          ],
          [
            7.643952,
            46.109246
          ],
          [
            7.643934,
            46.109284
          ],
          [
            7.643903,
            46.109296
          ],
          [
            7.643884,
            46.109307
          ],
          [
            7.643858,
            46.109335
          ],
          [
            7.643854,
            46.109351
          ],
          [
            7.643857,
            46.109376
          ],
          [
            7.643859,
            46.109378
          ],
          [
            7.64386,
            46.109377
          ],
          [
            7.64386,
            46.109377
          ],
          [
            7.643884,
            46.109395
          ],
          [
            7.64391,
            46.109408
          ],
          [
            7.643936,
            46.10943
          ],
          [
            7.643935,
            46.109432
          ],
          [
            7.643933,
            46.10945
          ],
          [
            7.643934,
            46.109458
          ],
          [
            7.643938,
            46.109462
          ],
          [
            7.643955,
            46.109458
          ],
          [
            7.643969,
            46.109458
          ],
          [
            7.643979,
            46.109462
          ],
          [
            7.643987,
            46.109465
          ],
          [
            7.643997,
            46.109468
          ],
          [
            7.644008,
            46.109482
          ],
          [
            7.643996,
            46.109485
          ],
          [
            7.644003,
            46.109511
          ],
          [
            7.644018,
            46.109523
          ],
          [
            7.644023,
            46.10953
          ],
          [
            7.64402,
            46.109539
          ],
          [
            7.644035,
            46.109567
          ],
          [
            7.644039,
            46.109589
          ],
          [
            7.644043,
            46.109602
          ],
          [
            7.644039,
            46.109611
          ],
          [
            7.644043,
            46.109617
          ],
          [
            7.644045,
            46.109629
          ],
          [
            7.644046,
            46.109644
          ],
          [
            7.644049,
            46.109655
          ],
          [
            7.644049,
            46.109655
          ],
          [
            7.644051,
            46.109671
          ],
          [
            7.644055,
            46.109677
          ],
          [
            7.644055,
            46.109677
          ],
          [
            7.644055,
            46.109677
          ],
          [
            7.644056,
            46.109683
          ],
          [
            7.644052,
            46.109693
          ],
          [
            7.644052,
            46.109696
          ],
          [
            7.644033,
            46.109712
          ],
          [
            7.644027,
            46.109725
          ],
          [
            7.644016,
            46.109736
          ],
          [
            7.644,
            46.109747
          ],
          [
            7.644012,
            46.109756
          ],
          [
            7.644018,
            46.109769
          ],
          [
            7.644019,
            46.109773
          ],
          [
            7.644024,
            46.109774
          ],
          [
            7.644031,
            46.109781
          ],
          [
            7.64404,
            46.1098
          ],
          [
            7.644042,
            46.109822
          ],
          [
            7.643996,
            46.109836
          ],
          [
            7.643993,
            46.109839
          ],
          [
            7.644013,
            46.109847
          ],
          [
            7.643981,
            46.109867
          ],
          [
            7.643981,
            46.109867
          ],
          [
            7.644006,
            46.10986
          ],
          [
            7.644028,
            46.109882
          ],
          [
            7.644025,
            46.109886
          ],
          [
            7.644013,
            46.109901
          ],
          [
            7.644008,
            46.1099
          ],
          [
            7.644005,
            46.109905
          ],
          [
            7.644007,
            46.10991
          ],
          [
            7.643999,
            46.10992
          ],
          [
            7.643973,
            46.109954
          ],
          [
            7.643974,
            46.109965
          ],
          [
            7.64398,
            46.109972
          ],
          [
            7.643992,
            46.109977
          ],
          [
            7.644002,
            46.109996
          ],
          [
            7.643997,
            46.110003
          ],
          [
            7.643994,
            46.110006
          ],
          [
            7.643994,
            46.110006
          ],
          [
            7.643994,
            46.110006
          ],
          [
            7.643994,
            46.110006
          ],
          [
            7.643992,
            46.110009
          ],
          [
            7.643987,
            46.110021
          ],
          [
            7.64395,
            46.110056
          ],
          [
            7.643945,
            46.110066
          ],
          [
            7.643941,
            46.110073
          ],
          [
            7.643936,
            46.110105
          ],
          [
            7.643938,
            46.110112
          ],
          [
            7.643931,
            46.110138
          ],
          [
            7.643922,
            46.11016
          ],
          [
            7.643915,
            46.110182
          ],
          [
            7.643912,
            46.110197
          ],
          [
            7.643938,
            46.110208
          ],
          [
            7.643935,
            46.110206
          ],
          [
            7.643952,
            46.110224
          ],
          [
            7.643951,
            46.110229
          ],
          [
            7.643938,
            46.110256
          ],
          [
            7.643939,
            46.110259
          ],
          [
            7.643943,
            46.110287
          ],
          [
            7.643941,
            46.110308
          ],
          [
            7.643937,
            46.110306
          ],
          [
            7.643934,
            46.110307
          ],
          [
            7.643919,
            46.110311
          ],
          [
            7.643907,
            46.110321
          ],
          [
            7.643896,
            46.110329
          ],
          [
            7.643889,
            46.110337
          ],
          [
            7.643879,
            46.110346
          ],
          [
            7.643855,
            46.110378
          ],
          [
            7.643854,
            46.110387
          ],
          [
            7.643849,
            46.110397
          ],
          [
            7.643839,
            46.110406
          ],
          [
            7.643833,
            46.110415
          ],
          [
            7.643825,
            46.11042
          ],
          [
            7.643821,
            46.110422
          ],
          [
            7.64381,
            46.110425
          ],
          [
            7.643805,
            46.110431
          ],
          [
            7.643806,
            46.11045
          ],
          [
            7.643815,
            46.110453
          ],
          [
            7.643842,
            46.110453
          ],
          [
            7.643855,
            46.110462
          ],
          [
            7.643865,
            46.11047
          ],
          [
            7.643861,
            46.110472
          ],
          [
            7.643853,
            46.110507
          ],
          [
            7.643845,
            46.110507
          ],
          [
            7.64384,
            46.110513
          ],
          [
            7.643841,
            46.110519
          ],
          [
            7.643842,
            46.110529
          ],
          [
            7.643835,
            46.110538
          ],
          [
            7.643847,
            46.110552
          ],
          [
            7.64385,
            46.110555
          ],
          [
            7.643873,
            46.110565
          ],
          [
            7.643883,
            46.110573
          ],
          [
            7.643887,
            46.11058
          ],
          [
            7.643901,
            46.110601
          ],
          [
            7.643891,
            46.110609
          ],
          [
            7.643878,
            46.110625
          ],
          [
            7.643861,
            46.110635
          ],
          [
            7.643854,
            46.110635
          ],
          [
            7.643842,
            46.110635
          ],
          [
            7.64384,
            46.110638
          ],
          [
            7.643836,
            46.110641
          ],
          [
            7.643834,
            46.110645
          ],
          [
            7.64382,
            46.110654
          ],
          [
            7.643806,
            46.110663
          ],
          [
            7.643816,
            46.110676
          ],
          [
            7.643833,
            46.110686
          ],
          [
            7.643839,
            46.110686
          ],
          [
            7.643844,
            46.110688
          ],
          [
            7.643824,
            46.110695
          ],
          [
            7.64381,
            46.110707
          ],
          [
            7.643812,
            46.110711
          ],
          [
            7.643815,
            46.110712
          ],
          [
            7.643819,
            46.110716
          ],
          [
            7.643818,
            46.110716
          ],
          [
            7.643817,
            46.110718
          ],
          [
            7.643817,
            46.110718
          ],
          [
            7.643817,
            46.110718
          ],
          [
            7.643817,
            46.110718
          ],
          [
            7.643817,
            46.110718
          ],
          [
            7.643817,
            46.110718
          ],
          [
            7.643817,
            46.110718
          ],
          [
            7.643817,
            46.110718
          ],
          [
            7.643818,
            46.110725
          ],
          [
            7.643808,
            46.11073
          ],
          [
            7.643807,
            46.110754
          ],
          [
            7.643823,
            46.110755
          ],
          [
            7.643839,
            46.110762
          ],
          [
            7.643877,
            46.110772
          ],
          [
            7.643884,
            46.110775
          ],
          [
            7.643917,
            46.110781
          ],
          [
            7.643927,
            46.110785
          ],
          [
            7.643942,
            46.110785
          ],
          [
            7.643945,
            46.110786
          ],
          [
            7.643949,
            46.110787
          ],
          [
            7.643957,
            46.11079
          ],
          [
            7.643961,
            46.110793
          ],
          [
            7.643964,
            46.110796
          ],
          [
            7.643973,
            46.110795
          ],
          [
            7.643987,
            46.110796
          ],
          [
            7.644007,
            46.1108
          ],
          [
            7.644018,
            46.110802
          ],
          [
            7.644021,
            46.110805
          ],
          [
            7.64404,
            46.110814
          ],
          [
            7.64404,
            46.110823
          ],
          [
            7.644038,
            46.110823
          ],
          [
            7.644036,
            46.110824
          ],
          [
            7.644026,
            46.110825
          ],
          [
            7.644017,
            46.110827
          ],
          [
            7.644012,
            46.110828
          ],
          [
            7.64401,
            46.110829
          ],
          [
            7.644006,
            46.110835
          ],
          [
            7.644004,
            46.110839
          ],
          [
            7.643996,
            46.110855
          ],
          [
            7.643995,
            46.110858
          ],
          [
            7.643994,
            46.110858
          ],
          [
            7.643994,
            46.110858
          ],
          [
            7.643989,
            46.110878
          ],
          [
            7.643984,
            46.110882
          ],
          [
            7.643981,
            46.110883
          ],
          [
            7.643977,
            46.110887
          ],
          [
            7.643976,
            46.11089
          ],
          [
            7.643973,
            46.110896
          ],
          [
            7.643965,
            46.110911
          ],
          [
            7.64396,
            46.110919
          ],
          [
            7.643958,
            46.110925
          ],
          [
            7.64395,
            46.110939
          ],
          [
            7.64394,
            46.110949
          ],
          [
            7.643939,
            46.110949
          ],
          [
            7.643939,
            46.11095
          ],
          [
            7.643939,
            46.11095
          ],
          [
            7.643939,
            46.11095
          ],
          [
            7.643939,
            46.11095
          ],
          [
            7.643939,
            46.11095
          ],
          [
            7.643943,
            46.110954
          ],
          [
            7.64395,
            46.110962
          ],
          [
            7.643969,
            46.110979
          ],
          [
            7.643979,
            46.110995
          ],
          [
            7.643964,
            46.111002
          ],
          [
            7.643961,
            46.111006
          ],
          [
            7.643958,
            46.111008
          ],
          [
            7.643956,
            46.111008
          ],
          [
            7.643956,
            46.111008
          ],
          [
            7.643956,
            46.111008
          ],
          [
            7.643956,
            46.111008
          ],
          [
            7.643955,
            46.111018
          ],
          [
            7.643964,
            46.111027
          ],
          [
            7.643964,
            46.111027
          ],
          [
            7.643964,
            46.111027
          ],
          [
            7.643968,
            46.111029
          ],
          [
            7.643997,
            46.111037
          ],
          [
            7.644008,
            46.111038
          ],
          [
            7.64401,
            46.11104
          ],
          [
            7.644011,
            46.111041
          ],
          [
            7.644012,
            46.111042
          ],
          [
            7.64403,
            46.111047
          ],
          [
            7.644036,
            46.111048
          ],
          [
            7.644044,
            46.111051
          ],
          [
            7.644045,
            46.11105
          ],
          [
            7.644046,
            46.11105
          ],
          [
            7.644051,
            46.11105
          ],
          [
            7.644084,
            46.111056
          ],
          [
            7.644096,
            46.111057
          ],
          [
            7.644104,
            46.111068
          ],
          [
            7.644104,
            46.111068
          ],
          [
            7.644104,
            46.111068
          ],
          [
            7.644107,
            46.111082
          ],
          [
            7.644105,
            46.111085
          ],
          [
            7.644103,
            46.111092
          ],
          [
            7.644103,
            46.111092
          ],
          [
            7.644103,
            46.111099
          ],
          [
            7.644097,
            46.111107
          ],
          [
            7.644093,
            46.111112
          ],
          [
            7.644087,
            46.11112
          ],
          [
            7.644086,
            46.111118
          ],
          [
            7.644082,
            46.111126
          ],
          [
            7.64409,
            46.111132
          ],
          [
            7.644099,
            46.111141
          ],
          [
            7.644102,
            46.111147
          ],
          [
            7.644137,
            46.111148
          ],
          [
            7.644143,
            46.111151
          ],
          [
            7.644173,
            46.111163
          ],
          [
            7.644182,
            46.111166
          ],
          [
            7.644189,
            46.111169
          ],
          [
            7.644204,
            46.111174
          ],
          [
            7.644212,
            46.111177
          ],
          [
            7.644236,
            46.111172
          ],
          [
            7.644252,
            46.111169
          ],
          [
            7.644263,
            46.111168
          ],
          [
            7.644274,
            46.111171
          ],
          [
            7.644297,
            46.111188
          ],
          [
            7.644297,
            46.111191
          ],
          [
            7.644318,
            46.111214
          ],
          [
            7.64433,
            46.111212
          ],
          [
            7.644352,
            46.111224
          ],
          [
            7.644358,
            46.111235
          ],
          [
            7.644394,
            46.111257
          ],
          [
            7.644397,
            46.111263
          ],
          [
            7.644395,
            46.111285
          ],
          [
            7.644386,
            46.111293
          ],
          [
            7.64438,
            46.111304
          ],
          [
            7.644378,
            46.111332
          ],
          [
            7.644378,
            46.111334
          ],
          [
            7.644386,
            46.111347
          ],
          [
            7.644397,
            46.111383
          ],
          [
            7.644403,
            46.111393
          ],
          [
            7.644416,
            46.111412
          ],
          [
            7.64442,
            46.111417
          ],
          [
            7.644429,
            46.111423
          ],
          [
            7.644422,
            46.11142
          ],
          [
            7.64443,
            46.111435
          ],
          [
            7.644423,
            46.11144
          ],
          [
            7.644425,
            46.111444
          ],
          [
            7.644422,
            46.111444
          ],
          [
            7.644434,
            46.111445
          ],
          [
            7.644432,
            46.111438
          ],
          [
            7.644432,
            46.111438
          ],
          [
            7.644432,
            46.111438
          ],
          [
            7.644438,
            46.111442
          ],
          [
            7.644432,
            46.111438
          ],
          [
            7.644432,
            46.111438
          ],
          [
            7.644432,
            46.111438
          ],
          [
            7.644432,
            46.111438
          ],
          [
            7.644432,
            46.111438
          ],
          [
            7.644432,
            46.111438
          ],
          [
            7.644432,
            46.111438
          ],
          [
            7.644432,
            46.111438
          ],
          [
            7.644432,
            46.111438
          ],
          [
            7.644432,
            46.111438
          ],
          [
            7.644432,
            46.111438
          ],
          [
            7.644432,
            46.111438
          ],
          [
            7.644432,
            46.111438
          ],
          [
            7.644432,
            46.111438
          ],
          [
            7.644432,
            46.111438
          ],
          [
            7.644432,
            46.111438
          ],
          [
            7.644432,
            46.111438
          ],
          [
            7.644432,
            46.111438
          ],
          [
            7.644432,
            46.111438
          ],
          [
            7.644432,
            46.111438
          ],
          [
            7.644432,
            46.111438
          ],
          [
            7.644432,
            46.111438
          ],
          [
            7.644434,
            46.111443
          ],
          [
            7.64443,
            46.111442
          ],
          [
            7.644432,
            46.111438
          ],
          [
            7.644432,
            46.111438
          ],
          [
            7.644432,
            46.111438
          ],
          [
            7.644432,
            46.111438
          ],
          [
            7.644432,
            46.111438
          ],
          [
            7.644432,
            46.111438
          ],
          [
            7.644432,
            46.111438
          ],
          [
            7.644432,
            46.111438
          ],
          [
            7.644432,
            46.111438
          ],
          [
            7.644432,
            46.111438
          ],
          [
            7.644432,
            46.111438
          ],
          [
            7.644432,
            46.111438
          ],
          [
            7.644432,
            46.111438
          ],
          [
            7.644432,
            46.111438
          ],
          [
            7.644432,
            46.111438
          ],
          [
            7.644432,
            46.111438
          ],
          [
            7.644432,
            46.111438
          ],
          [
            7.644432,
            46.111438
          ],
          [
            7.644432,
            46.111438
          ],
          [
            7.644432,
            46.111438
          ],
          [
            7.644432,
            46.111438
          ],
          [
            7.644432,
            46.111438
          ],
          [
            7.644429,
            46.111446
          ],
          [
            7.64443,
            46.111448
          ],
          [
            7.644432,
            46.111438
          ],
          [
            7.644433,
            46.111447
          ],
          [
            7.644432,
            46.111438
          ],
          [
            7.644432,
            46.111438
          ],
          [
            7.644429,
            46.111448
          ],
          [
            7.644442,
            46.111457
          ],
          [
            7.644442,
            46.111457
          ],
          [
            7.644442,
            46.111457
          ],
          [
            7.644442,
            46.111457
          ],
          [
            7.644458,
            46.111464
          ],
          [
            7.644462,
            46.111468
          ],
          [
            7.644462,
            46.111468
          ],
          [
            7.644462,
            46.111468
          ],
          [
            7.644471,
            46.11147
          ],
          [
            7.644462,
            46.111468
          ],
          [
            7.644462,
            46.111468
          ],
          [
            7.644498,
            46.111493
          ],
          [
            7.644512,
            46.111507
          ],
          [
            7.644525,
            46.111514
          ],
          [
            7.644539,
            46.111522
          ],
          [
            7.644538,
            46.111524
          ],
          [
            7.644546,
            46.111532
          ],
          [
            7.644558,
            46.111542
          ],
          [
            7.644579,
            46.11156
          ],
          [
            7.644587,
            46.111565
          ],
          [
            7.64462,
            46.111592
          ],
          [
            7.644627,
            46.111599
          ],
          [
            7.64464,
            46.11161
          ],
          [
            7.644655,
            46.111624
          ],
          [
            7.644664,
            46.11163
          ],
          [
            7.644677,
            46.111647
          ],
          [
            7.644695,
            46.111661
          ],
          [
            7.644711,
            46.111681
          ],
          [
            7.644714,
            46.111687
          ],
          [
            7.644713,
            46.111704
          ],
          [
            7.644716,
            46.111712
          ],
          [
            7.644721,
            46.111724
          ],
          [
            7.644727,
            46.111739
          ],
          [
            7.644727,
            46.111744
          ],
          [
            7.644729,
            46.111775
          ],
          [
            7.644731,
            46.111787
          ],
          [
            7.644729,
            46.111791
          ],
          [
            7.64473,
            46.111796
          ],
          [
            7.644732,
            46.111803
          ],
          [
            7.644731,
            46.111812
          ],
          [
            7.644734,
            46.111814
          ],
          [
            7.644742,
            46.111841
          ],
          [
            7.644745,
            46.11186
          ],
          [
            7.644747,
            46.111872
          ],
          [
            7.644744,
            46.111875
          ],
          [
            7.644743,
            46.111887
          ],
          [
            7.644745,
            46.111901
          ],
          [
            7.64475,
            46.111915
          ],
          [
            7.644749,
            46.111922
          ],
          [
            7.644749,
            46.111931
          ],
          [
            7.644749,
            46.111945
          ],
          [
            7.64475,
            46.111949
          ],
          [
            7.644746,
            46.111974
          ],
          [
            7.644745,
            46.111978
          ],
          [
            7.644748,
            46.112003
          ],
          [
            7.644749,
            46.112015
          ],
          [
            7.644751,
            46.112021
          ],
          [
            7.644754,
            46.112042
          ],
          [
            7.644763,
            46.112062
          ],
          [
            7.644781,
            46.112088
          ],
          [
            7.644792,
            46.112103
          ],
          [
            7.644798,
            46.112114
          ],
          [
            7.644806,
            46.112132
          ],
          [
            7.644808,
            46.112134
          ],
          [
            7.644808,
            46.112141
          ],
          [
            7.64481,
            46.112163
          ],
          [
            7.644823,
            46.112185
          ],
          [
            7.64484,
            46.112212
          ],
          [
            7.644854,
            46.112234
          ],
          [
            7.644862,
            46.112248
          ],
          [
            7.644878,
            46.112262
          ],
          [
            7.64489,
            46.112284
          ],
          [
            7.644899,
            46.112296
          ],
          [
            7.64491,
            46.112318
          ],
          [
            7.644915,
            46.112329
          ],
          [
            7.644923,
            46.112368
          ],
          [
            7.644921,
            46.112372
          ],
          [
            7.644917,
            46.11238
          ],
          [
            7.644919,
            46.112394
          ],
          [
            7.64492,
            46.112416
          ],
          [
            7.644923,
            46.112425
          ],
          [
            7.644926,
            46.112437
          ],
          [
            7.64494,
            46.112453
          ],
          [
            7.644956,
            46.112477
          ],
          [
            7.64497,
            46.112485
          ],
          [
            7.644978,
            46.112482
          ],
          [
            7.644995,
            46.112485
          ],
          [
            7.645006,
            46.112488
          ],
          [
            7.645017,
            46.112491
          ],
          [
            7.645031,
            46.112494
          ],
          [
            7.645035,
            46.112497
          ],
          [
            7.64506,
            46.11252
          ],
          [
            7.645067,
            46.112537
          ],
          [
            7.645069,
            46.112542
          ],
          [
            7.645072,
            46.112547
          ],
          [
            7.645073,
            46.112553
          ],
          [
            7.645077,
            46.112563
          ],
          [
            7.645082,
            46.112574
          ],
          [
            7.645096,
            46.112598
          ],
          [
            7.6451,
            46.112606
          ],
          [
            7.645107,
            46.11262
          ],
          [
            7.645124,
            46.112641
          ],
          [
            7.645142,
            46.112657
          ],
          [
            7.645142,
            46.112663
          ],
          [
            7.645156,
            46.112678
          ],
          [
            7.645159,
            46.112681
          ],
          [
            7.645162,
            46.112689
          ],
          [
            7.64517,
            46.112708
          ],
          [
            7.645175,
            46.112713
          ],
          [
            7.645184,
            46.112728
          ],
          [
            7.645186,
            46.112734
          ],
          [
            7.645203,
            46.112756
          ],
          [
            7.645206,
            46.11276
          ],
          [
            7.645219,
            46.11278
          ],
          [
            7.645225,
            46.112794
          ],
          [
            7.645225,
            46.112793
          ],
          [
            7.645229,
            46.112798
          ],
          [
            7.645243,
            46.112815
          ],
          [
            7.645293,
            46.112817
          ],
          [
            7.645338,
            46.112814
          ],
          [
            7.645412,
            46.112785
          ],
          [
            7.645455,
            46.112762
          ],
          [
            7.64547,
            46.112752
          ],
          [
            7.645475,
            46.112749
          ],
          [
            7.645481,
            46.112746
          ],
          [
            7.645491,
            46.112739
          ],
          [
            7.645522,
            46.112725
          ],
          [
            7.645542,
            46.112711
          ],
          [
            7.645574,
            46.112698
          ],
          [
            7.64559,
            46.112689
          ],
          [
            7.645617,
            46.112679
          ],
          [
            7.645623,
            46.112674
          ],
          [
            7.645632,
            46.112669
          ],
          [
            7.645637,
            46.112663
          ],
          [
            7.645645,
            46.112657
          ],
          [
            7.645657,
            46.112648
          ],
          [
            7.645671,
            46.11264
          ],
          [
            7.645707,
            46.112635
          ],
          [
            7.645707,
            46.112638
          ],
          [
            7.645706,
            46.11266
          ],
          [
            7.645703,
            46.112676
          ],
          [
            7.645699,
            46.112688
          ],
          [
            7.645699,
            46.112721
          ],
          [
            7.645696,
            46.112728
          ],
          [
            7.64571,
            46.112744
          ],
          [
            7.645711,
            46.112746
          ],
          [
            7.645715,
            46.112753
          ],
          [
            7.645716,
            46.112761
          ],
          [
            7.645718,
            46.112762
          ],
          [
            7.645722,
            46.112771
          ],
          [
            7.645729,
            46.112789
          ],
          [
            7.645733,
            46.112803
          ],
          [
            7.645735,
            46.112813
          ],
          [
            7.64574,
            46.112838
          ],
          [
            7.645745,
            46.112852
          ],
          [
            7.645752,
            46.112872
          ],
          [
            7.645763,
            46.112884
          ],
          [
            7.645772,
            46.112891
          ],
          [
            7.645775,
            46.112893
          ],
          [
            7.645771,
            46.112908
          ],
          [
            7.64578,
            46.112926
          ],
          [
            7.645789,
            46.112938
          ],
          [
            7.6458,
            46.112949
          ],
          [
            7.645802,
            46.112951
          ],
          [
            7.645817,
            46.112948
          ],
          [
            7.645827,
            46.112944
          ],
          [
            7.645871,
            46.112929
          ],
          [
            7.645899,
            46.112917
          ],
          [
            7.645918,
            46.112907
          ],
          [
            7.645934,
            46.112899
          ],
          [
            7.645937,
            46.112905
          ],
          [
            7.645935,
            46.112912
          ],
          [
            7.645934,
            46.112918
          ],
          [
            7.645938,
            46.112936
          ],
          [
            7.645939,
            46.112938
          ],
          [
            7.645938,
            46.11296
          ],
          [
            7.645941,
            46.112971
          ],
          [
            7.645941,
            46.112984
          ],
          [
            7.645942,
            46.112985
          ],
          [
            7.645942,
            46.112996
          ],
          [
            7.645941,
            46.113016
          ],
          [
            7.645941,
            46.113016
          ],
          [
            7.645941,
            46.113026
          ],
          [
            7.645934,
            46.113032
          ],
          [
            7.645939,
            46.113048
          ],
          [
            7.645938,
            46.113085
          ],
          [
            7.645936,
            46.113112
          ],
          [
            7.645936,
            46.113116
          ],
          [
            7.645936,
            46.113127
          ],
          [
            7.645936,
            46.113132
          ],
          [
            7.645936,
            46.113147
          ],
          [
            7.645933,
            46.113152
          ],
          [
            7.645928,
            46.11316
          ],
          [
            7.645923,
            46.113178
          ],
          [
            7.645924,
            46.113193
          ],
          [
            7.64592,
            46.113207
          ],
          [
            7.645915,
            46.113234
          ],
          [
            7.645913,
            46.113243
          ],
          [
            7.645906,
            46.113264
          ],
          [
            7.645912,
            46.113272
          ],
          [
            7.645912,
            46.113277
          ],
          [
            7.645912,
            46.11328
          ],
          [
            7.645914,
            46.113287
          ],
          [
            7.645913,
            46.113297
          ],
          [
            7.645915,
            46.113294
          ],
          [
            7.64592,
            46.113322
          ],
          [
            7.645925,
            46.113341
          ],
          [
            7.645924,
            46.113323
          ],
          [
            7.645924,
            46.113323
          ],
          [
            7.645924,
            46.113323
          ],
          [
            7.645969,
            46.113307
          ],
          [
            7.645987,
            46.113299
          ],
          [
            7.645991,
            46.113298
          ],
          [
            7.646008,
            46.113287
          ],
          [
            7.646016,
            46.113281
          ],
          [
            7.646021,
            46.113278
          ],
          [
            7.646036,
            46.113271
          ],
          [
            7.646047,
            46.113262
          ],
          [
            7.646056,
            46.113258
          ],
          [
            7.646075,
            46.113248
          ],
          [
            7.646095,
            46.11324
          ],
          [
            7.646146,
            46.113221
          ],
          [
            7.646179,
            46.113207
          ],
          [
            7.646188,
            46.113203
          ],
          [
            7.646194,
            46.113196
          ],
          [
            7.646215,
            46.113184
          ],
          [
            7.646228,
            46.113176
          ],
          [
            7.646256,
            46.113158
          ],
          [
            7.646261,
            46.113152
          ],
          [
            7.646269,
            46.113146
          ],
          [
            7.646274,
            46.113141
          ],
          [
            7.646281,
            46.113139
          ],
          [
            7.646286,
            46.113136
          ],
          [
            7.646285,
            46.113147
          ],
          [
            7.64628,
            46.113147
          ],
          [
            7.646277,
            46.113156
          ],
          [
            7.646277,
            46.113157
          ],
          [
            7.646281,
            46.113176
          ],
          [
            7.64628,
            46.11318
          ],
          [
            7.64628,
            46.113195
          ],
          [
            7.646277,
            46.113204
          ],
          [
            7.64628,
            46.113218
          ],
          [
            7.646277,
            46.113244
          ],
          [
            7.646276,
            46.113252
          ],
          [
            7.646272,
            46.11327
          ],
          [
            7.646269,
            46.113278
          ],
          [
            7.646264,
            46.113289
          ],
          [
            7.646266,
            46.113291
          ],
          [
            7.646265,
            46.113303
          ],
          [
            7.646265,
            46.113307
          ],
          [
            7.646264,
            46.113319
          ],
          [
            7.646266,
            46.113321
          ],
          [
            7.646271,
            46.113319
          ],
          [
            7.646278,
            46.113318
          ],
          [
            7.646308,
            46.113306
          ],
          [
            7.646356,
            46.113283
          ],
          [
            7.646372,
            46.113278
          ],
          [
            7.646384,
            46.113271
          ],
          [
            7.646427,
            46.113245
          ],
          [
            7.646435,
            46.113242
          ],
          [
            7.646425,
            46.113246
          ],
          [
            7.646422,
            46.113265
          ],
          [
            7.646417,
            46.113272
          ],
          [
            7.646417,
            46.113275
          ],
          [
            7.646419,
            46.113304
          ],
          [
            7.646415,
            46.113328
          ],
          [
            7.646415,
            46.113336
          ],
          [
            7.646409,
            46.11335
          ],
          [
            7.646416,
            46.113369
          ],
          [
            7.646414,
            46.113372
          ],
          [
            7.646412,
            46.113398
          ],
          [
            7.646416,
            46.113402
          ],
          [
            7.646418,
            46.113426
          ],
          [
            7.646418,
            46.113439
          ],
          [
            7.646418,
            46.113448
          ],
          [
            7.646418,
            46.113449
          ],
          [
            7.64642,
            46.113456
          ],
          [
            7.646422,
            46.113456
          ],
          [
            7.646422,
            46.113458
          ],
          [
            7.64642,
            46.113469
          ],
          [
            7.646419,
            46.113471
          ],
          [
            7.646423,
            46.113471
          ],
          [
            7.646426,
            46.113478
          ],
          [
            7.646425,
            46.113488
          ],
          [
            7.646428,
            46.113491
          ],
          [
            7.646434,
            46.113511
          ],
          [
            7.646441,
            46.113519
          ],
          [
            7.646449,
            46.113538
          ],
          [
            7.646456,
            46.113537
          ],
          [
            7.646489,
            46.113517
          ],
          [
            7.646533,
            46.113493
          ],
          [
            7.646573,
            46.113459
          ],
          [
            7.646579,
            46.113458
          ],
          [
            7.646587,
            46.113453
          ],
          [
            7.646596,
            46.113447
          ],
          [
            7.6466,
            46.113442
          ],
          [
            7.646596,
            46.113456
          ],
          [
            7.646597,
            46.113461
          ],
          [
            7.646598,
            46.113468
          ],
          [
            7.646598,
            46.113468
          ],
          [
            7.646602,
            46.11349
          ],
          [
            7.646604,
            46.113502
          ],
          [
            7.646608,
            46.113511
          ],
          [
            7.646608,
            46.113533
          ],
          [
            7.646608,
            46.113568
          ],
          [
            7.64661,
            46.113589
          ],
          [
            7.646607,
            46.113601
          ],
          [
            7.646608,
            46.113615
          ],
          [
            7.646606,
            46.113637
          ],
          [
            7.646607,
            46.11365
          ],
          [
            7.646609,
            46.113662
          ],
          [
            7.646613,
            46.113684
          ],
          [
            7.646614,
            46.113693
          ],
          [
            7.646608,
            46.113717
          ],
          [
            7.64661,
            46.113723
          ],
          [
            7.646606,
            46.11376
          ],
          [
            7.646603,
            46.113764
          ],
          [
            7.646596,
            46.113796
          ],
          [
            7.646596,
            46.113798
          ],
          [
            7.646596,
            46.113798
          ],
          [
            7.646596,
            46.113798
          ],
          [
            7.646596,
            46.113798
          ],
          [
            7.646585,
            46.113806
          ],
          [
            7.646577,
            46.113849
          ],
          [
            7.646572,
            46.113861
          ],
          [
            7.646572,
            46.113867
          ],
          [
            7.646575,
            46.113877
          ],
          [
            7.646575,
            46.113882
          ],
          [
            7.646576,
            46.113886
          ],
          [
            7.646575,
            46.11389
          ],
          [
            7.646574,
            46.113894
          ],
          [
            7.64657,
            46.113896
          ],
          [
            7.646561,
            46.113913
          ],
          [
            7.646562,
            46.113914
          ],
          [
            7.646558,
            46.113921
          ],
          [
            7.646548,
            46.113936
          ],
          [
            7.646546,
            46.113954
          ],
          [
            7.646544,
            46.113959
          ],
          [
            7.646539,
            46.113966
          ],
          [
            7.646521,
            46.113996
          ],
          [
            7.646511,
            46.114006
          ],
          [
            7.646496,
            46.114026
          ],
          [
            7.646494,
            46.114024
          ],
          [
            7.646494,
            46.114024
          ],
          [
            7.646485,
            46.11407
          ],
          [
            7.646497,
            46.114078
          ],
          [
            7.646511,
            46.114085
          ],
          [
            7.646518,
            46.114101
          ],
          [
            7.646513,
            46.11411
          ],
          [
            7.646517,
            46.11414
          ],
          [
            7.646536,
            46.114151
          ],
          [
            7.646547,
            46.114177
          ],
          [
            7.646555,
            46.11418
          ],
          [
            7.646556,
            46.114179
          ],
          [
            7.646552,
            46.114174
          ],
          [
            7.646544,
            46.11417
          ],
          [
            7.646539,
            46.114163
          ],
          [
            7.646536,
            46.114169
          ],
          [
            7.646533,
            46.114175
          ],
          [
            7.646531,
            46.114177
          ],
          [
            7.646528,
            46.114176
          ],
          [
            7.646538,
            46.114178
          ],
          [
            7.646547,
            46.114177
          ],
          [
            7.646538,
            46.114173
          ],
          [
            7.646552,
            46.114171
          ],
          [
            7.64654,
            46.114165
          ],
          [
            7.646539,
            46.114171
          ],
          [
            7.646535,
            46.11417
          ],
          [
            7.646532,
            46.114169
          ],
          [
            7.646532,
            46.114177
          ],
          [
            7.646529,
            46.114186
          ],
          [
            7.646529,
            46.114186
          ],
          [
            7.646529,
            46.114186
          ],
          [
            7.646529,
            46.114186
          ],
          [
            7.646529,
            46.114186
          ],
          [
            7.646535,
            46.114187
          ],
          [
            7.646536,
            46.114186
          ],
          [
            7.646548,
            46.114185
          ],
          [
            7.646551,
            46.114184
          ],
          [
            7.646551,
            46.114184
          ],
          [
            7.646551,
            46.114184
          ],
          [
            7.646551,
            46.114184
          ],
          [
            7.646551,
            46.114184
          ],
          [
            7.646551,
            46.114184
          ],
          [
            7.646551,
            46.114184
          ],
          [
            7.646551,
            46.114184
          ],
          [
            7.646551,
            46.114184
          ],
          [
            7.646551,
            46.114184
          ],
          [
            7.646556,
            46.114186
          ],
          [
            7.646566,
            46.114201
          ],
          [
            7.64657,
            46.114208
          ],
          [
            7.646571,
            46.11421
          ],
          [
            7.646579,
            46.114228
          ],
          [
            7.646585,
            46.114226
          ],
          [
            7.646586,
            46.114225
          ],
          [
            7.646591,
            46.114237
          ],
          [
            7.646597,
            46.114261
          ],
          [
            7.646603,
            46.114292
          ],
          [
            7.646604,
            46.114301
          ],
          [
            7.646611,
            46.114326
          ],
          [
            7.646614,
            46.114334
          ],
          [
            7.646638,
            46.114354
          ],
          [
            7.646641,
            46.114359
          ],
          [
            7.646645,
            46.114359
          ],
          [
            7.646653,
            46.114362
          ],
          [
            7.646675,
            46.114374
          ],
          [
            7.646685,
            46.114377
          ],
          [
            7.646694,
            46.114389
          ],
          [
            7.646701,
            46.1144
          ],
          [
            7.646704,
            46.114407
          ],
          [
            7.646719,
            46.114429
          ],
          [
            7.646734,
            46.114447
          ],
          [
            7.646745,
            46.114458
          ],
          [
            7.646749,
            46.114472
          ],
          [
            7.646755,
            46.114474
          ],
          [
            7.646765,
            46.114499
          ],
          [
            7.646769,
            46.114504
          ],
          [
            7.646782,
            46.114523
          ],
          [
            7.646792,
            46.114544
          ],
          [
            7.646791,
            46.114556
          ],
          [
            7.646793,
            46.114572
          ],
          [
            7.646793,
            46.114581
          ],
          [
            7.646799,
            46.114607
          ],
          [
            7.646801,
            46.114615
          ],
          [
            7.646815,
            46.114635
          ],
          [
            7.646815,
            46.114638
          ],
          [
            7.646817,
            46.114649
          ],
          [
            7.646815,
            46.114673
          ],
          [
            7.646814,
            46.114674
          ],
          [
            7.646816,
            46.114691
          ],
          [
            7.646808,
            46.114707
          ],
          [
            7.646804,
            46.114717
          ],
          [
            7.646811,
            46.114733
          ],
          [
            7.646813,
            46.114733
          ],
          [
            7.646814,
            46.114737
          ],
          [
            7.646823,
            46.114757
          ],
          [
            7.646824,
            46.114758
          ],
          [
            7.646824,
            46.114758
          ],
          [
            7.646835,
            46.114771
          ],
          [
            7.646832,
            46.114811
          ],
          [
            7.646831,
            46.114819
          ],
          [
            7.646838,
            46.114805
          ],
          [
            7.646838,
            46.114805
          ],
          [
            7.646835,
            46.114823
          ],
          [
            7.646829,
            46.114835
          ],
          [
            7.646822,
            46.114841
          ],
          [
            7.646822,
            46.11487
          ],
          [
            7.646826,
            46.114899
          ],
          [
            7.646835,
            46.114917
          ],
          [
            7.646838,
            46.114925
          ],
          [
            7.646841,
            46.114933
          ],
          [
            7.646848,
            46.114951
          ],
          [
            7.646853,
            46.114974
          ],
          [
            7.646856,
            46.114974
          ],
          [
            7.646862,
            46.114991
          ],
          [
            7.646866,
            46.115004
          ],
          [
            7.646864,
            46.115007
          ],
          [
            7.646871,
            46.115019
          ],
          [
            7.646871,
            46.115031
          ],
          [
            7.646877,
            46.115048
          ],
          [
            7.646878,
            46.115069
          ],
          [
            7.646883,
            46.11508
          ],
          [
            7.646882,
            46.115081
          ],
          [
            7.646889,
            46.115099
          ],
          [
            7.646901,
            46.115123
          ],
          [
            7.6469,
            46.115133
          ],
          [
            7.646901,
            46.115156
          ],
          [
            7.646904,
            46.115181
          ],
          [
            7.646903,
            46.115204
          ],
          [
            7.646903,
            46.115208
          ],
          [
            7.646902,
            46.115217
          ],
          [
            7.646899,
            46.115234
          ],
          [
            7.646903,
            46.115246
          ],
          [
            7.646905,
            46.115255
          ],
          [
            7.646913,
            46.115274
          ],
          [
            7.646911,
            46.115288
          ],
          [
            7.64691,
            46.115304
          ],
          [
            7.646905,
            46.115321
          ],
          [
            7.646907,
            46.115323
          ],
          [
            7.646909,
            46.11533
          ],
          [
            7.646905,
            46.11535
          ],
          [
            7.646907,
            46.115373
          ],
          [
            7.646954,
            46.115359
          ],
          [
            7.646982,
            46.11535
          ],
          [
            7.647003,
            46.115344
          ],
          [
            7.647021,
            46.115338
          ],
          [
            7.647036,
            46.115331
          ],
          [
            7.647086,
            46.11531
          ],
          [
            7.647111,
            46.115295
          ],
          [
            7.647111,
            46.115295
          ],
          [
            7.647109,
            46.115297
          ],
          [
            7.647093,
            46.115326
          ],
          [
            7.647089,
            46.115353
          ],
          [
            7.647083,
            46.11537
          ],
          [
            7.647085,
            46.115371
          ],
          [
            7.647082,
            46.115377
          ],
          [
            7.647083,
            46.115397
          ],
          [
            7.64708,
            46.115392
          ],
          [
            7.647082,
            46.115402
          ],
          [
            7.647087,
            46.115409
          ],
          [
            7.647084,
            46.115408
          ],
          [
            7.647085,
            46.115409
          ],
          [
            7.647084,
            46.115408
          ],
          [
            7.647116,
            46.115435
          ],
          [
            7.647134,
            46.115439
          ],
          [
            7.647139,
            46.115438
          ],
          [
            7.647167,
            46.115437
          ],
          [
            7.647186,
            46.115434
          ],
          [
            7.647218,
            46.115424
          ],
          [
            7.647215,
            46.115423
          ],
          [
            7.647233,
            46.11542
          ],
          [
            7.647242,
            46.115416
          ],
          [
            7.647257,
            46.115411
          ],
          [
            7.64727,
            46.115404
          ],
          [
            7.647287,
            46.115393
          ],
          [
            7.647305,
            46.115377
          ],
          [
            7.647324,
            46.11537
          ],
          [
            7.647328,
            46.115373
          ],
          [
            7.647329,
            46.115373
          ],
          [
            7.64734,
            46.115387
          ],
          [
            7.64734,
            46.115394
          ],
          [
            7.647335,
            46.115407
          ],
          [
            7.647328,
            46.115418
          ],
          [
            7.64732,
            46.115439
          ],
          [
            7.647321,
            46.115443
          ],
          [
            7.647305,
            46.11548
          ],
          [
            7.647302,
            46.115486
          ],
          [
            7.647296,
            46.115494
          ],
          [
            7.647292,
            46.115506
          ],
          [
            7.647293,
            46.115507
          ],
          [
            7.647289,
            46.115517
          ],
          [
            7.647287,
            46.115523
          ],
          [
            7.647289,
            46.115536
          ],
          [
            7.647289,
            46.115538
          ],
          [
            7.647291,
            46.115541
          ],
          [
            7.647284,
            46.115564
          ],
          [
            7.647277,
            46.115569
          ],
          [
            7.647271,
            46.115572
          ],
          [
            7.647265,
            46.115576
          ],
          [
            7.647253,
            46.115583
          ],
          [
            7.647248,
            46.115586
          ],
          [
            7.647238,
            46.115594
          ],
          [
            7.647235,
            46.115604
          ],
          [
            7.64722,
            46.115625
          ],
          [
            7.647217,
            46.115629
          ],
          [
            7.647195,
            46.115659
          ],
          [
            7.647191,
            46.11566
          ],
          [
            7.647156,
            46.115679
          ],
          [
            7.647137,
            46.115692
          ],
          [
            7.647133,
            46.115698
          ],
          [
            7.647121,
            46.115713
          ],
          [
            7.647123,
            46.115713
          ],
          [
            7.647118,
            46.115716
          ],
          [
            7.647111,
            46.115724
          ],
          [
            7.647094,
            46.115747
          ],
          [
            7.647097,
            46.115748
          ],
          [
            7.647086,
            46.115766
          ],
          [
            7.64707,
            46.115786
          ],
          [
            7.647061,
            46.115793
          ],
          [
            7.647062,
            46.115794
          ],
          [
            7.647059,
            46.115798
          ],
          [
            7.647078,
            46.11581
          ],
          [
            7.647125,
            46.115808
          ],
          [
            7.647137,
            46.115805
          ],
          [
            7.647172,
            46.115797
          ],
          [
            7.647172,
            46.115798
          ],
          [
            7.647172,
            46.115798
          ],
          [
            7.647172,
            46.115798
          ],
          [
            7.647172,
            46.115798
          ],
          [
            7.647172,
            46.115798
          ],
          [
            7.647186,
            46.115797
          ],
          [
            7.647238,
            46.115796
          ],
          [
            7.647282,
            46.115805
          ],
          [
            7.647326,
            46.115802
          ],
          [
            7.647339,
            46.115802
          ],
          [
            7.647355,
            46.115798
          ],
          [
            7.647384,
            46.115793
          ],
          [
            7.64739,
            46.115791
          ],
          [
            7.647419,
            46.115786
          ],
          [
            7.647443,
            46.115782
          ],
          [
            7.647466,
            46.115777
          ],
          [
            7.647488,
            46.115769
          ],
          [
            7.647494,
            46.115768
          ],
          [
            7.647506,
            46.115765
          ],
          [
            7.647535,
            46.115755
          ],
          [
            7.64754,
            46.115753
          ],
          [
            7.647576,
            46.115744
          ],
          [
            7.647582,
            46.11574
          ],
          [
            7.647576,
            46.115773
          ],
          [
            7.647574,
            46.115796
          ],
          [
            7.647574,
            46.115798
          ],
          [
            7.647577,
            46.115824
          ],
          [
            7.647574,
            46.115827
          ],
          [
            7.647575,
            46.115834
          ],
          [
            7.647572,
            46.115853
          ],
          [
            7.647574,
            46.115865
          ],
          [
            7.647572,
            46.115877
          ],
          [
            7.647569,
            46.115886
          ],
          [
            7.64757,
            46.115889
          ],
          [
            7.647563,
            46.115907
          ],
          [
            7.647561,
            46.115913
          ],
          [
            7.647559,
            46.115921
          ],
          [
            7.647561,
            46.115931
          ],
          [
            7.647559,
            46.11595
          ],
          [
            7.647565,
            46.115964
          ],
          [
            7.647571,
            46.115971
          ],
          [
            7.647573,
            46.115996
          ],
          [
            7.647575,
            46.116006
          ],
          [
            7.647581,
            46.116021
          ],
          [
            7.647581,
            46.116041
          ],
          [
            7.647583,
            46.116058
          ],
          [
            7.647578,
            46.116074
          ],
          [
            7.647581,
            46.116082
          ],
          [
            7.647578,
            46.116087
          ],
          [
            7.647581,
            46.11609
          ],
          [
            7.647592,
            46.11611
          ],
          [
            7.647599,
            46.116116
          ],
          [
            7.647607,
            46.116123
          ],
          [
            7.647617,
            46.11613
          ],
          [
            7.647645,
            46.116136
          ],
          [
            7.64766,
            46.116139
          ],
          [
            7.647707,
            46.116146
          ],
          [
            7.647714,
            46.116152
          ],
          [
            7.647719,
            46.116165
          ],
          [
            7.647726,
            46.116194
          ],
          [
            7.647724,
            46.116202
          ],
          [
            7.64772,
            46.116213
          ],
          [
            7.647705,
            46.116232
          ],
          [
            7.647682,
            46.116246
          ],
          [
            7.647663,
            46.116273
          ],
          [
            7.647671,
            46.116284
          ],
          [
            7.647693,
            46.116297
          ],
          [
            7.647715,
            46.116303
          ],
          [
            7.647735,
            46.116314
          ],
          [
            7.647743,
            46.116319
          ],
          [
            7.647766,
            46.116331
          ],
          [
            7.647787,
            46.116338
          ],
          [
            7.647798,
            46.116343
          ],
          [
            7.647817,
            46.116351
          ],
          [
            7.647837,
            46.116362
          ],
          [
            7.647839,
            46.116369
          ],
          [
            7.647841,
            46.116376
          ],
          [
            7.64784,
            46.116386
          ],
          [
            7.647843,
            46.116408
          ],
          [
            7.647847,
            46.116425
          ],
          [
            7.647854,
            46.116438
          ],
          [
            7.647859,
            46.116443
          ],
          [
            7.647862,
            46.116449
          ],
          [
            7.647877,
            46.116469
          ],
          [
            7.647884,
            46.116473
          ],
          [
            7.647919,
            46.116479
          ],
          [
            7.647942,
            46.116491
          ],
          [
            7.647945,
            46.116496
          ],
          [
            7.647953,
            46.116515
          ],
          [
            7.64796,
            46.116542
          ],
          [
            7.64796,
            46.11655
          ],
          [
            7.647958,
            46.116571
          ],
          [
            7.647951,
            46.11659
          ],
          [
            7.647943,
            46.116606
          ],
          [
            7.647933,
            46.116625
          ],
          [
            7.647925,
            46.11664
          ],
          [
            7.647955,
            46.116649
          ],
          [
            7.648006,
            46.116651
          ],
          [
            7.648015,
            46.116653
          ],
          [
            7.648068,
            46.116671
          ],
          [
            7.648089,
            46.116677
          ],
          [
            7.648131,
            46.116698
          ],
          [
            7.648147,
            46.116705
          ],
          [
            7.648208,
            46.116727
          ],
          [
            7.648217,
            46.11673
          ],
          [
            7.648279,
            46.116768
          ],
          [
            7.648314,
            46.116769
          ],
          [
            7.648316,
            46.11677
          ],
          [
            7.648316,
            46.11677
          ],
          [
            7.648304,
            46.116772
          ],
          [
            7.648316,
            46.11677
          ],
          [
            7.648316,
            46.11677
          ],
          [
            7.648316,
            46.11677
          ],
          [
            7.648316,
            46.11677
          ],
          [
            7.648316,
            46.11677
          ],
          [
            7.648316,
            46.11677
          ],
          [
            7.648316,
            46.11677
          ],
          [
            7.648316,
            46.11677
          ],
          [
            7.648316,
            46.11677
          ],
          [
            7.648316,
            46.11677
          ],
          [
            7.648316,
            46.11677
          ],
          [
            7.648316,
            46.11677
          ],
          [
            7.648316,
            46.11677
          ],
          [
            7.648316,
            46.11677
          ],
          [
            7.648316,
            46.11677
          ],
          [
            7.648316,
            46.11677
          ],
          [
            7.648316,
            46.11677
          ],
          [
            7.648306,
            46.116771
          ],
          [
            7.648316,
            46.11677
          ],
          [
            7.648316,
            46.11677
          ],
          [
            7.648316,
            46.11677
          ],
          [
            7.648316,
            46.11677
          ],
          [
            7.648316,
            46.11677
          ],
          [
            7.648316,
            46.11677
          ],
          [
            7.648316,
            46.11677
          ],
          [
            7.648316,
            46.11677
          ],
          [
            7.648316,
            46.11677
          ],
          [
            7.648316,
            46.11677
          ],
          [
            7.648316,
            46.11677
          ],
          [
            7.648304,
            46.116777
          ],
          [
            7.648316,
            46.11677
          ],
          [
            7.648316,
            46.11677
          ],
          [
            7.648316,
            46.11677
          ],
          [
            7.648316,
            46.11677
          ],
          [
            7.648316,
            46.11677
          ],
          [
            7.648316,
            46.11677
          ],
          [
            7.648316,
            46.11677
          ],
          [
            7.648316,
            46.11677
          ],
          [
            7.648316,
            46.11677
          ],
          [
            7.648316,
            46.11677
          ],
          [
            7.648316,
            46.11677
          ],
          [
            7.648316,
            46.11677
          ],
          [
            7.648316,
            46.11677
          ],
          [
            7.648316,
            46.11677
          ],
          [
            7.648316,
            46.11677
          ],
          [
            7.648316,
            46.11677
          ],
          [
            7.648316,
            46.11677
          ],
          [
            7.648316,
            46.11677
          ],
          [
            7.648316,
            46.11677
          ],
          [
            7.648316,
            46.11677
          ],
          [
            7.648316,
            46.11677
          ],
          [
            7.648316,
            46.11677
          ],
          [
            7.648316,
            46.11677
          ],
          [
            7.648316,
            46.11677
          ],
          [
            7.648316,
            46.11677
          ],
          [
            7.648316,
            46.11677
          ],
          [
            7.648316,
            46.11677
          ],
          [
            7.648316,
            46.11677
          ],
          [
            7.648316,
            46.11677
          ],
          [
            7.648316,
            46.11677
          ],
          [
            7.648316,
            46.11677
          ],
          [
            7.648316,
            46.11677
          ],
          [
            7.648316,
            46.11677
          ],
          [
            7.648316,
            46.11677
          ],
          [
            7.648316,
            46.11677
          ],
          [
            7.648316,
            46.11677
          ],
          [
            7.648316,
            46.11677
          ],
          [
            7.648316,
            46.11677
          ],
          [
            7.648316,
            46.11677
          ],
          [
            7.648316,
            46.11677
          ],
          [
            7.648316,
            46.11677
          ],
          [
            7.648316,
            46.11677
          ],
          [
            7.648316,
            46.11677
          ],
          [
            7.648316,
            46.11677
          ],
          [
            7.648316,
            46.11677
          ],
          [
            7.648304,
            46.116777
          ],
          [
            7.648295,
            46.116772
          ],
          [
            7.648297,
            46.116779
          ],
          [
            7.648299,
            46.116788
          ],
          [
            7.648296,
            46.116784
          ],
          [
            7.648301,
            46.116787
          ],
          [
            7.648301,
            46.116787
          ],
          [
            7.648301,
            46.116787
          ],
          [
            7.648301,
            46.116787
          ],
          [
            7.648301,
            46.116787
          ],
          [
            7.648301,
            46.116787
          ],
          [
            7.648301,
            46.116787
          ],
          [
            7.648301,
            46.116787
          ],
          [
            7.648301,
            46.116787
          ],
          [
            7.648303,
            46.11678
          ],
          [
            7.648301,
            46.116787
          ],
          [
            7.648301,
            46.116787
          ],
          [
            7.648301,
            46.116787
          ],
          [
            7.648299,
            46.11677
          ],
          [
            7.648297,
            46.116773
          ],
          [
            7.648334,
            46.116795
          ],
          [
            7.648357,
            46.116807
          ],
          [
            7.648388,
            46.116817
          ],
          [
            7.648408,
            46.116824
          ],
          [
            7.648433,
            46.116826
          ],
          [
            7.648463,
            46.116825
          ],
          [
            7.648491,
            46.116823
          ],
          [
            7.648559,
            46.116827
          ],
          [
            7.648717,
            46.116845
          ],
          [
            7.648866,
            46.116878
          ],
          [
            7.649056,
            46.116923
          ],
          [
            7.649155,
            46.116966
          ],
          [
            7.649245,
            46.117004
          ],
          [
            7.649329,
            46.117033
          ],
          [
            7.649423,
            46.117064
          ],
          [
            7.64951,
            46.117092
          ],
          [
            7.649575,
            46.117114
          ],
          [
            7.649646,
            46.117138
          ],
          [
            7.64983,
            46.117187
          ],
          [
            7.649943,
            46.117232
          ],
          [
            7.650052,
            46.117279
          ],
          [
            7.650147,
            46.117301
          ],
          [
            7.650234,
            46.117305
          ],
          [
            7.650309,
            46.117287
          ],
          [
            7.650388,
            46.117278
          ],
          [
            7.650479,
            46.117286
          ],
          [
            7.650552,
            46.117392
          ],
          [
            7.650587,
            46.117469
          ],
          [
            7.650665,
            46.117531
          ],
          [
            7.650849,
            46.117607
          ],
          [
            7.650948,
            46.117646
          ],
          [
            7.651054,
            46.117691
          ],
          [
            7.651172,
            46.11775
          ],
          [
            7.651282,
            46.117806
          ],
          [
            7.651484,
            46.117882
          ],
          [
            7.651646,
            46.117929
          ],
          [
            7.651775,
            46.118004
          ],
          [
            7.65186,
            46.11806
          ],
          [
            7.651951,
            46.118119
          ],
          [
            7.652046,
            46.118168
          ],
          [
            7.652312,
            46.11827
          ],
          [
            7.652379,
            46.118295
          ],
          [
            7.65244,
            46.118321
          ],
          [
            7.652497,
            46.118352
          ],
          [
            7.652555,
            46.118392
          ],
          [
            7.652595,
            46.118426
          ],
          [
            7.652649,
            46.118473
          ],
          [
            7.652654,
            46.118475
          ],
          [
            7.652654,
            46.118475
          ],
          [
            7.652646,
            46.118467
          ],
          [
            7.652633,
            46.11846
          ],
          [
            7.65263,
            46.118461
          ],
          [
            7.652627,
            46.118458
          ],
          [
            7.652645,
            46.118452
          ],
          [
            7.652646,
            46.118457
          ],
          [
            7.652647,
            46.118457
          ],
          [
            7.652647,
            46.118457
          ],
          [
            7.652647,
            46.118457
          ],
          [
            7.652647,
            46.118457
          ],
          [
            7.652647,
            46.118457
          ],
          [
            7.652647,
            46.118457
          ],
          [
            7.652647,
            46.118457
          ],
          [
            7.652644,
            46.118458
          ],
          [
            7.652629,
            46.118461
          ],
          [
            7.652617,
            46.118468
          ],
          [
            7.652618,
            46.118468
          ],
          [
            7.652618,
            46.118468
          ],
          [
            7.652618,
            46.118468
          ],
          [
            7.652618,
            46.118468
          ],
          [
            7.652618,
            46.118468
          ],
          [
            7.652622,
            46.118465
          ],
          [
            7.652623,
            46.118459
          ],
          [
            7.652618,
            46.118468
          ],
          [
            7.652618,
            46.118468
          ],
          [
            7.652618,
            46.118468
          ],
          [
            7.652618,
            46.118468
          ],
          [
            7.652618,
            46.118468
          ],
          [
            7.652618,
            46.118468
          ],
          [
            7.652626,
            46.118454
          ],
          [
            7.652627,
            46.118454
          ],
          [
            7.652628,
            46.118452
          ],
          [
            7.652626,
            46.118454
          ],
          [
            7.652626,
            46.118454
          ],
          [
            7.652626,
            46.118454
          ],
          [
            7.652644,
            46.118449
          ],
          [
            7.652626,
            46.118454
          ],
          [
            7.652626,
            46.118454
          ],
          [
            7.652626,
            46.118454
          ],
          [
            7.652626,
            46.118454
          ],
          [
            7.652626,
            46.118454
          ],
          [
            7.652626,
            46.118454
          ],
          [
            7.652626,
            46.118454
          ],
          [
            7.652626,
            46.118454
          ],
          [
            7.652626,
            46.118454
          ],
          [
            7.652626,
            46.118454
          ],
          [
            7.652626,
            46.118454
          ],
          [
            7.652626,
            46.118454
          ],
          [
            7.652626,
            46.118454
          ],
          [
            7.652626,
            46.118454
          ],
          [
            7.652653,
            46.118452
          ],
          [
            7.652639,
            46.118443
          ],
          [
            7.652643,
            46.118445
          ],
          [
            7.652643,
            46.118445
          ],
          [
            7.652643,
            46.118445
          ],
          [
            7.652643,
            46.118445
          ],
          [
            7.652643,
            46.118445
          ],
          [
            7.652643,
            46.118445
          ],
          [
            7.652643,
            46.118445
          ],
          [
            7.652643,
            46.118445
          ],
          [
            7.652643,
            46.118445
          ],
          [
            7.652643,
            46.118445
          ],
          [
            7.652643,
            46.118445
          ],
          [
            7.652643,
            46.118445
          ],
          [
            7.652643,
            46.118445
          ],
          [
            7.652643,
            46.118445
          ],
          [
            7.652643,
            46.118445
          ],
          [
            7.652643,
            46.118445
          ],
          [
            7.652643,
            46.11845
          ],
          [
            7.652641,
            46.118451
          ],
          [
            7.652646,
            46.118449
          ],
          [
            7.652647,
            46.118451
          ],
          [
            7.652648,
            46.11845
          ],
          [
            7.652649,
            46.118447
          ],
          [
            7.652645,
            46.118444
          ],
          [
            7.652644,
            46.118443
          ],
          [
            7.652646,
            46.118442
          ],
          [
            7.652641,
            46.118446
          ],
          [
            7.652639,
            46.11845
          ],
          [
            7.652639,
            46.118453
          ],
          [
            7.652643,
            46.118445
          ],
          [
            7.652643,
            46.118445
          ],
          [
            7.652643,
            46.118445
          ],
          [
            7.652643,
            46.118445
          ],
          [
            7.652643,
            46.118445
          ],
          [
            7.652643,
            46.118445
          ],
          [
            7.652643,
            46.118445
          ],
          [
            7.652643,
            46.118445
          ],
          [
            7.652642,
            46.11846
          ],
          [
            7.652632,
            46.118468
          ],
          [
            7.652634,
            46.118462
          ],
          [
            7.652632,
            46.118463
          ],
          [
            7.652632,
            46.118463
          ],
          [
            7.652632,
            46.118463
          ],
          [
            7.652632,
            46.118463
          ],
          [
            7.652632,
            46.118463
          ],
          [
            7.652632,
            46.118463
          ],
          [
            7.652632,
            46.118463
          ],
          [
            7.652632,
            46.118463
          ],
          [
            7.652632,
            46.118463
          ],
          [
            7.652647,
            46.118451
          ],
          [
            7.652644,
            46.118446
          ],
          [
            7.652641,
            46.118443
          ],
          [
            7.652641,
            46.118443
          ],
          [
            7.652641,
            46.118443
          ],
          [
            7.652641,
            46.118443
          ],
          [
            7.652641,
            46.118443
          ],
          [
            7.652641,
            46.118443
          ],
          [
            7.652641,
            46.118443
          ],
          [
            7.652641,
            46.118443
          ],
          [
            7.652641,
            46.118443
          ],
          [
            7.652641,
            46.118443
          ],
          [
            7.652641,
            46.118443
          ],
          [
            7.652641,
            46.118443
          ],
          [
            7.652641,
            46.118443
          ],
          [
            7.652641,
            46.118443
          ],
          [
            7.652641,
            46.118443
          ],
          [
            7.652641,
            46.118443
          ],
          [
            7.652641,
            46.118443
          ],
          [
            7.652641,
            46.118443
          ],
          [
            7.652641,
            46.118443
          ],
          [
            7.652641,
            46.118443
          ],
          [
            7.652641,
            46.118443
          ],
          [
            7.652641,
            46.118443
          ],
          [
            7.652641,
            46.118443
          ],
          [
            7.652641,
            46.118443
          ],
          [
            7.652641,
            46.118443
          ],
          [
            7.652641,
            46.118443
          ],
          [
            7.652641,
            46.118443
          ],
          [
            7.652641,
            46.118443
          ],
          [
            7.652641,
            46.118443
          ],
          [
            7.652641,
            46.118443
          ],
          [
            7.652641,
            46.118443
          ],
          [
            7.652641,
            46.118443
          ],
          [
            7.652641,
            46.118443
          ],
          [
            7.652641,
            46.118443
          ],
          [
            7.652641,
            46.118443
          ],
          [
            7.652641,
            46.118443
          ],
          [
            7.652641,
            46.118443
          ],
          [
            7.65265,
            46.118456
          ],
          [
            7.652649,
            46.118455
          ],
          [
            7.652649,
            46.118455
          ],
          [
            7.652649,
            46.118455
          ],
          [
            7.652649,
            46.118455
          ],
          [
            7.652649,
            46.118455
          ],
          [
            7.652649,
            46.118463
          ],
          [
            7.652648,
            46.118459
          ],
          [
            7.652644,
            46.118464
          ],
          [
            7.652649,
            46.118455
          ],
          [
            7.652649,
            46.118455
          ],
          [
            7.652649,
            46.118455
          ],
          [
            7.652649,
            46.118455
          ],
          [
            7.652649,
            46.118455
          ],
          [
            7.652649,
            46.118455
          ],
          [
            7.652649,
            46.118455
          ],
          [
            7.652649,
            46.118455
          ],
          [
            7.652649,
            46.118455
          ],
          [
            7.652649,
            46.118455
          ],
          [
            7.652649,
            46.118455
          ],
          [
            7.652649,
            46.118455
          ],
          [
            7.652649,
            46.118455
          ],
          [
            7.652649,
            46.118455
          ],
          [
            7.652645,
            46.118454
          ],
          [
            7.652645,
            46.118455
          ],
          [
            7.652649,
            46.118455
          ],
          [
            7.652649,
            46.118455
          ],
          [
            7.652649,
            46.118455
          ],
          [
            7.652649,
            46.118455
          ],
          [
            7.652649,
            46.118455
          ],
          [
            7.652649,
            46.118455
          ],
          [
            7.652649,
            46.118455
          ],
          [
            7.652649,
            46.118455
          ],
          [
            7.652649,
            46.118455
          ],
          [
            7.652649,
            46.118455
          ],
          [
            7.652649,
            46.118455
          ],
          [
            7.652649,
            46.118455
          ],
          [
            7.652649,
            46.118455
          ],
          [
            7.652649,
            46.118455
          ],
          [
            7.652649,
            46.118455
          ],
          [
            7.652649,
            46.118455
          ],
          [
            7.652649,
            46.118455
          ],
          [
            7.652649,
            46.118455
          ],
          [
            7.652649,
            46.118455
          ],
          [
            7.652649,
            46.118455
          ],
          [
            7.652649,
            46.118455
          ],
          [
            7.652649,
            46.118455
          ],
          [
            7.652649,
            46.118455
          ],
          [
            7.652649,
            46.118455
          ],
          [
            7.652649,
            46.118455
          ],
          [
            7.652649,
            46.118455
          ],
          [
            7.652649,
            46.118455
          ],
          [
            7.652649,
            46.118455
          ],
          [
            7.652649,
            46.118455
          ],
          [
            7.652649,
            46.118455
          ],
          [
            7.652649,
            46.118455
          ],
          [
            7.652649,
            46.118455
          ],
          [
            7.652649,
            46.118455
          ],
          [
            7.652649,
            46.118455
          ],
          [
            7.652649,
            46.118455
          ],
          [
            7.652649,
            46.118455
          ],
          [
            7.652649,
            46.118455
          ],
          [
            7.652649,
            46.118455
          ],
          [
            7.652649,
            46.118455
          ],
          [
            7.652649,
            46.118455
          ],
          [
            7.652649,
            46.118455
          ],
          [
            7.652649,
            46.118455
          ],
          [
            7.652649,
            46.118455
          ],
          [
            7.652649,
            46.118455
          ],
          [
            7.652649,
            46.118455
          ],
          [
            7.652649,
            46.118455
          ],
          [
            7.652649,
            46.118455
          ],
          [
            7.652649,
            46.118455
          ],
          [
            7.652649,
            46.118455
          ],
          [
            7.652649,
            46.118455
          ],
          [
            7.652649,
            46.118455
          ],
          [
            7.652649,
            46.118455
          ],
          [
            7.652649,
            46.118455
          ],
          [
            7.652656,
            46.118455
          ],
          [
            7.652649,
            46.118455
          ],
          [
            7.652649,
            46.118455
          ],
          [
            7.652649,
            46.118455
          ],
          [
            7.652649,
            46.118455
          ],
          [
            7.652649,
            46.118455
          ],
          [
            7.652649,
            46.118455
          ],
          [
            7.652649,
            46.118455
          ],
          [
            7.652649,
            46.118455
          ],
          [
            7.652649,
            46.118455
          ],
          [
            7.652649,
            46.118455
          ],
          [
            7.652649,
            46.118455
          ],
          [
            7.652649,
            46.118455
          ],
          [
            7.652649,
            46.118455
          ],
          [
            7.652649,
            46.118455
          ],
          [
            7.652649,
            46.118455
          ],
          [
            7.652658,
            46.118458
          ],
          [
            7.652649,
            46.118455
          ],
          [
            7.652649,
            46.118455
          ],
          [
            7.652649,
            46.118455
          ],
          [
            7.652649,
            46.118455
          ],
          [
            7.652649,
            46.118455
          ],
          [
            7.652649,
            46.118455
          ],
          [
            7.652649,
            46.118455
          ],
          [
            7.652649,
            46.118455
          ],
          [
            7.652649,
            46.118455
          ],
          [
            7.652649,
            46.118455
          ],
          [
            7.652649,
            46.118455
          ],
          [
            7.652649,
            46.118455
          ],
          [
            7.652649,
            46.118455
          ],
          [
            7.652649,
            46.118455
          ],
          [
            7.652649,
            46.118455
          ],
          [
            7.652649,
            46.118455
          ],
          [
            7.652649,
            46.118455
          ],
          [
            7.652649,
            46.118455
          ],
          [
            7.652649,
            46.118455
          ],
          [
            7.652649,
            46.118455
          ],
          [
            7.652649,
            46.118455
          ],
          [
            7.652649,
            46.118455
          ],
          [
            7.652649,
            46.118455
          ],
          [
            7.652655,
            46.118456
          ],
          [
            7.652658,
            46.118457
          ],
          [
            7.652648,
            46.118458
          ],
          [
            7.652649,
            46.118455
          ],
          [
            7.652649,
            46.118455
          ],
          [
            7.652649,
            46.118455
          ],
          [
            7.652649,
            46.118455
          ],
          [
            7.652649,
            46.118455
          ],
          [
            7.652649,
            46.118455
          ],
          [
            7.652649,
            46.118455
          ],
          [
            7.652649,
            46.118455
          ],
          [
            7.652649,
            46.118455
          ],
          [
            7.652649,
            46.118455
          ],
          [
            7.652649,
            46.118455
          ],
          [
            7.652649,
            46.118455
          ],
          [
            7.652649,
            46.118455
          ],
          [
            7.652649,
            46.118455
          ],
          [
            7.652649,
            46.118455
          ],
          [
            7.652649,
            46.118455
          ],
          [
            7.652642,
            46.118464
          ],
          [
            7.652649,
            46.118455
          ],
          [
            7.652649,
            46.118455
          ],
          [
            7.652649,
            46.118455
          ],
          [
            7.652649,
            46.118455
          ],
          [
            7.652649,
            46.118455
          ],
          [
            7.652649,
            46.118455
          ],
          [
            7.652649,
            46.118463
          ],
          [
            7.652657,
            46.118461
          ],
          [
            7.652687,
            46.118456
          ],
          [
            7.652663,
            46.118458
          ],
          [
            7.65266,
            46.118458
          ],
          [
            7.652669,
            46.118465
          ],
          [
            7.652665,
            46.11846
          ],
          [
            7.652663,
            46.118462
          ],
          [
            7.652658,
            46.118458
          ],
          [
            7.652658,
            46.118447
          ],
          [
            7.652649,
            46.118455
          ],
          [
            7.652649,
            46.118455
          ],
          [
            7.652649,
            46.118455
          ],
          [
            7.652649,
            46.118455
          ],
          [
            7.652649,
            46.118455
          ],
          [
            7.652649,
            46.118455
          ],
          [
            7.652649,
            46.118455
          ],
          [
            7.65266,
            46.118454
          ],
          [
            7.652657,
            46.118452
          ],
          [
            7.652649,
            46.118455
          ],
          [
            7.652649,
            46.118455
          ],
          [
            7.652649,
            46.118455
          ],
          [
            7.652649,
            46.118455
          ],
          [
            7.652649,
            46.118455
          ],
          [
            7.652649,
            46.118455
          ],
          [
            7.652649,
            46.118455
          ],
          [
            7.652649,
            46.118455
          ],
          [
            7.652649,
            46.118455
          ],
          [
            7.652649,
            46.118455
          ],
          [
            7.652649,
            46.118455
          ],
          [
            7.652649,
            46.118455
          ],
          [
            7.652649,
            46.118455
          ],
          [
            7.652649,
            46.118455
          ],
          [
            7.652661,
            46.118451
          ],
          [
            7.652649,
            46.118455
          ],
          [
            7.652649,
            46.118455
          ],
          [
            7.652663,
            46.118456
          ],
          [
            7.652649,
            46.118455
          ],
          [
            7.652649,
            46.118455
          ],
          [
            7.652649,
            46.118455
          ],
          [
            7.652649,
            46.118455
          ],
          [
            7.652649,
            46.118455
          ],
          [
            7.652649,
            46.118455
          ],
          [
            7.652649,
            46.118455
          ],
          [
            7.652649,
            46.118455
          ],
          [
            7.652649,
            46.118455
          ],
          [
            7.652649,
            46.118455
          ],
          [
            7.652649,
            46.118455
          ],
          [
            7.652649,
            46.118455
          ],
          [
            7.652654,
            46.118449
          ],
          [
            7.652662,
            46.118458
          ],
          [
            7.652655,
            46.11846
          ],
          [
            7.652649,
            46.118455
          ],
          [
            7.652649,
            46.118455
          ],
          [
            7.652656,
            46.118466
          ],
          [
            7.652665,
            46.118481
          ],
          [
            7.652668,
            46.118488
          ],
          [
            7.652675,
            46.118493
          ],
          [
            7.652677,
            46.118497
          ],
          [
            7.652675,
            46.118497
          ],
          [
            7.652671,
            46.118491
          ],
          [
            7.652678,
            46.118522
          ],
          [
            7.652695,
            46.118545
          ],
          [
            7.652701,
            46.118547
          ],
          [
            7.652733,
            46.118569
          ],
          [
            7.652749,
            46.11859
          ],
          [
            7.65275,
            46.118591
          ],
          [
            7.65275,
            46.118591
          ],
          [
            7.652759,
            46.118604
          ],
          [
            7.652775,
            46.118614
          ],
          [
            7.652798,
            46.118621
          ],
          [
            7.652827,
            46.118624
          ],
          [
            7.652863,
            46.118638
          ],
          [
            7.652871,
            46.118643
          ],
          [
            7.652874,
            46.118643
          ],
          [
            7.652881,
            46.118647
          ],
          [
            7.652884,
            46.118649
          ],
          [
            7.652889,
            46.118651
          ],
          [
            7.652904,
            46.11866
          ],
          [
            7.652913,
            46.118665
          ],
          [
            7.652968,
            46.118696
          ],
          [
            7.652988,
            46.118708
          ],
          [
            7.653014,
            46.118725
          ],
          [
            7.653066,
            46.118757
          ],
          [
            7.653086,
            46.118768
          ],
          [
            7.65312,
            46.118786
          ],
          [
            7.653151,
            46.118806
          ],
          [
            7.653183,
            46.11883
          ],
          [
            7.653215,
            46.118858
          ],
          [
            7.653234,
            46.118874
          ],
          [
            7.653273,
            46.118908
          ],
          [
            7.653314,
            46.118935
          ],
          [
            7.65335,
            46.118969
          ],
          [
            7.653402,
            46.119001
          ],
          [
            7.653433,
            46.119015
          ],
          [
            7.653479,
            46.119049
          ],
          [
            7.65353,
            46.119083
          ],
          [
            7.653571,
            46.119135
          ],
          [
            7.653588,
            46.119142
          ],
          [
            7.653626,
            46.119176
          ],
          [
            7.653695,
            46.119207
          ],
          [
            7.653731,
            46.119222
          ],
          [
            7.653745,
            46.119226
          ],
          [
            7.653771,
            46.119233
          ],
          [
            7.653819,
            46.11925
          ],
          [
            7.653897,
            46.119273
          ],
          [
            7.653971,
            46.119308
          ],
          [
            7.653987,
            46.11932
          ],
          [
            7.654037,
            46.119345
          ],
          [
            7.654048,
            46.119351
          ],
          [
            7.654106,
            46.119377
          ],
          [
            7.654116,
            46.119381
          ],
          [
            7.654147,
            46.119391
          ],
          [
            7.654195,
            46.119403
          ],
          [
            7.654277,
            46.119423
          ],
          [
            7.654354,
            46.119437
          ],
          [
            7.654373,
            46.119444
          ],
          [
            7.654458,
            46.119476
          ],
          [
            7.654508,
            46.119509
          ],
          [
            7.654525,
            46.119524
          ],
          [
            7.65454,
            46.119543
          ],
          [
            7.654583,
            46.11958
          ],
          [
            7.654648,
            46.119619
          ],
          [
            7.654722,
            46.119656
          ],
          [
            7.654736,
            46.119662
          ],
          [
            7.654761,
            46.119672
          ],
          [
            7.654806,
            46.119695
          ],
          [
            7.654859,
            46.11973
          ],
          [
            7.654867,
            46.11974
          ],
          [
            7.654918,
            46.119784
          ],
          [
            7.654945,
            46.119803
          ],
          [
            7.654961,
            46.119818
          ],
          [
            7.654985,
            46.119834
          ],
          [
            7.655016,
            46.119851
          ],
          [
            7.655041,
            46.119862
          ],
          [
            7.655108,
            46.119886
          ],
          [
            7.655125,
            46.119897
          ],
          [
            7.655156,
            46.119912
          ],
          [
            7.655161,
            46.119915
          ],
          [
            7.65517,
            46.119919
          ],
          [
            7.655175,
            46.119923
          ],
          [
            7.655183,
            46.119928
          ],
          [
            7.655207,
            46.119947
          ],
          [
            7.655224,
            46.119977
          ],
          [
            7.655227,
            46.119987
          ],
          [
            7.655286,
            46.120025
          ],
          [
            7.655349,
            46.120045
          ],
          [
            7.655365,
            46.12005
          ],
          [
            7.655384,
            46.120059
          ],
          [
            7.65545,
            46.120079
          ],
          [
            7.655499,
            46.120089
          ],
          [
            7.655574,
            46.120104
          ],
          [
            7.655579,
            46.120104
          ],
          [
            7.655601,
            46.120107
          ],
          [
            7.655624,
            46.120107
          ],
          [
            7.655633,
            46.120106
          ],
          [
            7.655679,
            46.120106
          ],
          [
            7.655717,
            46.120111
          ],
          [
            7.655745,
            46.120121
          ],
          [
            7.655785,
            46.120151
          ],
          [
            7.655792,
            46.120157
          ],
          [
            7.655852,
            46.120194
          ],
          [
            7.655892,
            46.120219
          ],
          [
            7.655899,
            46.120223
          ],
          [
            7.655949,
            46.12025
          ],
          [
            7.655953,
            46.120254
          ],
          [
            7.656008,
            46.120302
          ],
          [
            7.656013,
            46.120305
          ],
          [
            7.656023,
            46.120316
          ],
          [
            7.656049,
            46.120342
          ],
          [
            7.656051,
            46.120345
          ],
          [
            7.65607,
            46.120366
          ],
          [
            7.656075,
            46.12037
          ],
          [
            7.656083,
            46.120377
          ],
          [
            7.656109,
            46.120394
          ],
          [
            7.656131,
            46.120412
          ],
          [
            7.656135,
            46.120416
          ],
          [
            7.656146,
            46.120423
          ],
          [
            7.656167,
            46.12044
          ],
          [
            7.656173,
            46.120445
          ],
          [
            7.656199,
            46.120485
          ],
          [
            7.656204,
            46.120495
          ],
          [
            7.656233,
            46.12053
          ],
          [
            7.656245,
            46.120539
          ],
          [
            7.656272,
            46.120571
          ],
          [
            7.656274,
            46.120573
          ],
          [
            7.656288,
            46.120586
          ],
          [
            7.656313,
            46.120609
          ],
          [
            7.656332,
            46.120636
          ],
          [
            7.656345,
            46.120653
          ],
          [
            7.656352,
            46.120664
          ],
          [
            7.656365,
            46.120684
          ],
          [
            7.656383,
            46.12071
          ],
          [
            7.656404,
            46.120739
          ],
          [
            7.656415,
            46.120754
          ],
          [
            7.65642,
            46.120761
          ],
          [
            7.656445,
            46.1208
          ],
          [
            7.656466,
            46.120821
          ],
          [
            7.656482,
            46.120838
          ],
          [
            7.656493,
            46.120853
          ],
          [
            7.656502,
            46.120863
          ],
          [
            7.656528,
            46.120892
          ],
          [
            7.65654,
            46.120902
          ],
          [
            7.656554,
            46.120918
          ],
          [
            7.656572,
            46.120928
          ],
          [
            7.656595,
            46.12095
          ],
          [
            7.656607,
            46.120958
          ],
          [
            7.656604,
            46.120958
          ],
          [
            7.656604,
            46.120958
          ],
          [
            7.656607,
            46.120958
          ],
          [
            7.656635,
            46.120982
          ],
          [
            7.656676,
            46.121023
          ],
          [
            7.656708,
            46.121047
          ],
          [
            7.656727,
            46.121067
          ],
          [
            7.656757,
            46.121102
          ],
          [
            7.65679,
            46.121121
          ],
          [
            7.656808,
            46.121141
          ],
          [
            7.656844,
            46.121182
          ],
          [
            7.656853,
            46.121196
          ],
          [
            7.656877,
            46.121254
          ],
          [
            7.656884,
            46.121309
          ],
          [
            7.656875,
            46.121346
          ],
          [
            7.656853,
            46.121393
          ],
          [
            7.656842,
            46.121413
          ],
          [
            7.656826,
            46.121439
          ],
          [
            7.656808,
            46.12146
          ],
          [
            7.656796,
            46.121481
          ],
          [
            7.656778,
            46.12153
          ],
          [
            7.656771,
            46.121569
          ],
          [
            7.656776,
            46.121598
          ],
          [
            7.656793,
            46.12165
          ],
          [
            7.656808,
            46.121693
          ],
          [
            7.65681,
            46.121702
          ],
          [
            7.656822,
            46.121755
          ],
          [
            7.656827,
            46.121769
          ],
          [
            7.656833,
            46.121794
          ],
          [
            7.656843,
            46.121825
          ],
          [
            7.656845,
            46.121828
          ],
          [
            7.656847,
            46.121834
          ],
          [
            7.656848,
            46.12184
          ],
          [
            7.65685,
            46.121848
          ],
          [
            7.656859,
            46.121882
          ],
          [
            7.65686,
            46.121905
          ],
          [
            7.656864,
            46.121916
          ],
          [
            7.656866,
            46.121923
          ],
          [
            7.656873,
            46.121946
          ],
          [
            7.656873,
            46.121958
          ],
          [
            7.656872,
            46.12199
          ],
          [
            7.656874,
            46.122006
          ],
          [
            7.656875,
            46.122036
          ],
          [
            7.656876,
            46.122041
          ],
          [
            7.656878,
            46.122065
          ],
          [
            7.65688,
            46.122071
          ],
          [
            7.656877,
            46.122078
          ],
          [
            7.656876,
            46.122087
          ],
          [
            7.656884,
            46.122109
          ],
          [
            7.65689,
            46.122117
          ],
          [
            7.656896,
            46.12213
          ],
          [
            7.656898,
            46.122135
          ],
          [
            7.656908,
            46.122151
          ],
          [
            7.656908,
            46.122152
          ],
          [
            7.656914,
            46.12216
          ],
          [
            7.656933,
            46.122182
          ],
          [
            7.656952,
            46.122197
          ],
          [
            7.656967,
            46.122204
          ],
          [
            7.656998,
            46.122209
          ],
          [
            7.657021,
            46.122221
          ],
          [
            7.657035,
            46.122234
          ],
          [
            7.657044,
            46.122253
          ],
          [
            7.657047,
            46.122258
          ],
          [
            7.657052,
            46.122265
          ],
          [
            7.657065,
            46.122279
          ],
          [
            7.6571,
            46.122293
          ],
          [
            7.657128,
            46.122304
          ],
          [
            7.657141,
            46.122316
          ],
          [
            7.657154,
            46.122323
          ],
          [
            7.657154,
            46.122323
          ],
          [
            7.657157,
            46.122324
          ],
          [
            7.657187,
            46.122341
          ],
          [
            7.657196,
            46.122344
          ],
          [
            7.657221,
            46.122358
          ],
          [
            7.657235,
            46.122362
          ],
          [
            7.657249,
            46.12237
          ],
          [
            7.657274,
            46.122381
          ],
          [
            7.657277,
            46.122385
          ],
          [
            7.657309,
            46.122399
          ],
          [
            7.657315,
            46.122402
          ],
          [
            7.657324,
            46.122413
          ],
          [
            7.657322,
            46.122434
          ],
          [
            7.657324,
            46.122453
          ],
          [
            7.657323,
            46.122456
          ],
          [
            7.657311,
            46.122487
          ],
          [
            7.657295,
            46.122509
          ],
          [
            7.657274,
            46.122532
          ],
          [
            7.657247,
            46.122554
          ],
          [
            7.657215,
            46.122608
          ],
          [
            7.657213,
            46.122615
          ],
          [
            7.657211,
            46.122622
          ],
          [
            7.657208,
            46.122629
          ],
          [
            7.657203,
            46.122632
          ],
          [
            7.657192,
            46.122654
          ],
          [
            7.657187,
            46.122665
          ],
          [
            7.657183,
            46.122672
          ],
          [
            7.657187,
            46.122682
          ],
          [
            7.657214,
            46.122697
          ],
          [
            7.657222,
            46.1227
          ],
          [
            7.657255,
            46.122704
          ],
          [
            7.657275,
            46.122705
          ],
          [
            7.657315,
            46.122707
          ],
          [
            7.657334,
            46.122705
          ],
          [
            7.657379,
            46.122704
          ],
          [
            7.657385,
            46.122705
          ],
          [
            7.657448,
            46.12271
          ],
          [
            7.657486,
            46.122718
          ],
          [
            7.657494,
            46.122721
          ],
          [
            7.65751,
            46.122727
          ],
          [
            7.657525,
            46.122728
          ],
          [
            7.657532,
            46.122729
          ],
          [
            7.657539,
            46.122728
          ],
          [
            7.657543,
            46.122729
          ],
          [
            7.657611,
            46.122735
          ],
          [
            7.65764,
            46.122739
          ],
          [
            7.657669,
            46.122736
          ],
          [
            7.657693,
            46.122746
          ],
          [
            7.65771,
            46.122745
          ],
          [
            7.657716,
            46.122745
          ],
          [
            7.657722,
            46.122746
          ],
          [
            7.657749,
            46.122743
          ],
          [
            7.657784,
            46.122739
          ],
          [
            7.657791,
            46.122739
          ],
          [
            7.657822,
            46.122734
          ],
          [
            7.65784,
            46.122735
          ],
          [
            7.657846,
            46.122733
          ],
          [
            7.657918,
            46.122728
          ],
          [
            7.657938,
            46.122727
          ],
          [
            7.65798,
            46.122723
          ],
          [
            7.657997,
            46.122722
          ],
          [
            7.658033,
            46.122725
          ],
          [
            7.658061,
            46.122724
          ],
          [
            7.658092,
            46.122727
          ],
          [
            7.658123,
            46.122728
          ],
          [
            7.658138,
            46.122728
          ],
          [
            7.658172,
            46.122723
          ],
          [
            7.658203,
            46.122718
          ],
          [
            7.65823,
            46.122709
          ],
          [
            7.658254,
            46.122711
          ],
          [
            7.658284,
            46.122719
          ],
          [
            7.658297,
            46.12273
          ],
          [
            7.658306,
            46.122739
          ],
          [
            7.658335,
            46.122764
          ],
          [
            7.65834,
            46.122772
          ],
          [
            7.658343,
            46.122775
          ],
          [
            7.658346,
            46.122783
          ],
          [
            7.658348,
            46.122784
          ],
          [
            7.658348,
            46.12279
          ],
          [
            7.658347,
            46.122797
          ],
          [
            7.658342,
            46.122816
          ],
          [
            7.658338,
            46.122843
          ],
          [
            7.658334,
            46.122863
          ],
          [
            7.65833,
            46.122874
          ],
          [
            7.658319,
            46.122901
          ],
          [
            7.658317,
            46.122909
          ],
          [
            7.658313,
            46.122915
          ],
          [
            7.658311,
            46.122919
          ],
          [
            7.658302,
            46.122947
          ],
          [
            7.658298,
            46.122965
          ],
          [
            7.658298,
            46.122963
          ],
          [
            7.658295,
            46.122975
          ],
          [
            7.658301,
            46.122984
          ],
          [
            7.658299,
            46.122992
          ],
          [
            7.658302,
            46.122998
          ],
          [
            7.658328,
            46.123013
          ],
          [
            7.658336,
            46.123017
          ],
          [
            7.658358,
            46.123024
          ],
          [
            7.658364,
            46.123026
          ],
          [
            7.658369,
            46.123028
          ],
          [
            7.658402,
            46.123034
          ],
          [
            7.658407,
            46.123035
          ],
          [
            7.65841,
            46.123037
          ],
          [
            7.658413,
            46.123036
          ],
          [
            7.658413,
            46.123034
          ],
          [
            7.658425,
            46.123037
          ],
          [
            7.658431,
            46.123039
          ],
          [
            7.658436,
            46.123043
          ],
          [
            7.658434,
            46.123045
          ],
          [
            7.658438,
            46.123049
          ],
          [
            7.658443,
            46.123057
          ],
          [
            7.65844,
            46.123057
          ],
          [
            7.658439,
            46.123057
          ],
          [
            7.658439,
            46.123057
          ],
          [
            7.658439,
            46.123056
          ],
          [
            7.65844,
            46.123064
          ],
          [
            7.658439,
            46.123057
          ],
          [
            7.658439,
            46.123057
          ],
          [
            7.658439,
            46.123057
          ],
          [
            7.658439,
            46.123057
          ],
          [
            7.658439,
            46.123057
          ],
          [
            7.658439,
            46.123057
          ],
          [
            7.658439,
            46.123057
          ],
          [
            7.658439,
            46.123057
          ],
          [
            7.658439,
            46.123057
          ],
          [
            7.658446,
            46.123066
          ],
          [
            7.658444,
            46.123061
          ],
          [
            7.658438,
            46.123061
          ],
          [
            7.658437,
            46.123062
          ],
          [
            7.658435,
            46.123061
          ],
          [
            7.658434,
            46.12306
          ],
          [
            7.658434,
            46.123059
          ],
          [
            7.658434,
            46.123058
          ],
          [
            7.658432,
            46.123058
          ],
          [
            7.65844,
            46.123061
          ],
          [
            7.658443,
            46.123062
          ],
          [
            7.658438,
            46.123057
          ],
          [
            7.65845,
            46.12305
          ],
          [
            7.658449,
            46.123064
          ],
          [
            7.658451,
            46.123068
          ],
          [
            7.658452,
            46.123071
          ],
          [
            7.65846,
            46.123083
          ],
          [
            7.658463,
            46.123087
          ],
          [
            7.658465,
            46.123091
          ],
          [
            7.658473,
            46.123103
          ],
          [
            7.658479,
            46.123106
          ],
          [
            7.658513,
            46.123122
          ],
          [
            7.658518,
            46.123122
          ],
          [
            7.658556,
            46.123137
          ],
          [
            7.658564,
            46.123139
          ],
          [
            7.658595,
            46.123139
          ],
          [
            7.658601,
            46.123138
          ],
          [
            7.65861,
            46.123138
          ],
          [
            7.658611,
            46.123137
          ],
          [
            7.658634,
            46.123143
          ],
          [
            7.658648,
            46.12315
          ],
          [
            7.65867,
            46.123167
          ],
          [
            7.658685,
            46.123175
          ],
          [
            7.658705,
            46.123182
          ],
          [
            7.65871,
            46.123191
          ],
          [
            7.658715,
            46.123197
          ],
          [
            7.658743,
            46.123223
          ],
          [
            7.658753,
            46.12323
          ],
          [
            7.658755,
            46.123233
          ],
          [
            7.658766,
            46.123243
          ],
          [
            7.658772,
            46.12325
          ],
          [
            7.658787,
            46.123285
          ],
          [
            7.658806,
            46.123312
          ],
          [
            7.658809,
            46.123325
          ],
          [
            7.658818,
            46.123347
          ],
          [
            7.658827,
            46.123359
          ],
          [
            7.658837,
            46.123372
          ],
          [
            7.658871,
            46.123388
          ],
          [
            7.658901,
            46.123395
          ],
          [
            7.658915,
            46.123397
          ],
          [
            7.658926,
            46.1234
          ],
          [
            7.65894,
            46.123403
          ],
          [
            7.658945,
            46.123406
          ],
          [
            7.658951,
            46.123408
          ],
          [
            7.658973,
            46.12341
          ],
          [
            7.658986,
            46.123416
          ],
          [
            7.658986,
            46.123417
          ],
          [
            7.658995,
            46.123437
          ],
          [
            7.658994,
            46.123439
          ],
          [
            7.658988,
            46.123454
          ],
          [
            7.658978,
            46.123486
          ],
          [
            7.658976,
            46.123489
          ],
          [
            7.658972,
            46.123521
          ],
          [
            7.658973,
            46.123541
          ],
          [
            7.658986,
            46.12356
          ],
          [
            7.659025,
            46.123592
          ],
          [
            7.65903,
            46.123597
          ],
          [
            7.659037,
            46.123602
          ],
          [
            7.659052,
            46.123613
          ],
          [
            7.659088,
            46.123635
          ],
          [
            7.659096,
            46.123635
          ],
          [
            7.65913,
            46.123647
          ],
          [
            7.659137,
            46.123649
          ],
          [
            7.659167,
            46.123652
          ],
          [
            7.659172,
            46.123652
          ],
          [
            7.659183,
            46.123654
          ],
          [
            7.659202,
            46.123656
          ],
          [
            7.659236,
            46.123663
          ],
          [
            7.659244,
            46.123666
          ],
          [
            7.659292,
            46.123683
          ],
          [
            7.659313,
            46.123698
          ],
          [
            7.659316,
            46.123705
          ],
          [
            7.65931,
            46.123725
          ],
          [
            7.659296,
            46.123751
          ],
          [
            7.659291,
            46.12376
          ],
          [
            7.659283,
            46.123776
          ],
          [
            7.659274,
            46.123787
          ],
          [
            7.659265,
            46.123798
          ],
          [
            7.659257,
            46.12382
          ],
          [
            7.659252,
            46.123833
          ],
          [
            7.65925,
            46.123847
          ],
          [
            7.659248,
            46.123876
          ],
          [
            7.659256,
            46.123879
          ],
          [
            7.659302,
            46.1239
          ],
          [
            7.65931,
            46.123903
          ],
          [
            7.659356,
            46.123921
          ],
          [
            7.659374,
            46.123925
          ],
          [
            7.659416,
            46.123933
          ],
          [
            7.659435,
            46.123939
          ],
          [
            7.659486,
            46.12395
          ],
          [
            7.659496,
            46.123953
          ],
          [
            7.65957,
            46.123976
          ],
          [
            7.659605,
            46.123988
          ],
          [
            7.659682,
            46.124003
          ],
          [
            7.659711,
            46.124008
          ],
          [
            7.659742,
            46.124013
          ],
          [
            7.659784,
            46.124026
          ],
          [
            7.659817,
            46.124034
          ],
          [
            7.659917,
            46.124063
          ],
          [
            7.659979,
            46.124061
          ],
          [
            7.659993,
            46.124058
          ],
          [
            7.660018,
            46.124055
          ],
          [
            7.660044,
            46.124065
          ],
          [
            7.660049,
            46.124071
          ],
          [
            7.660051,
            46.124103
          ],
          [
            7.66004,
            46.124142
          ],
          [
            7.660033,
            46.124153
          ],
          [
            7.660029,
            46.124171
          ],
          [
            7.660024,
            46.124199
          ],
          [
            7.660022,
            46.124205
          ],
          [
            7.660009,
            46.124236
          ],
          [
            7.660007,
            46.124254
          ],
          [
            7.660005,
            46.124263
          ],
          [
            7.660012,
            46.124292
          ],
          [
            7.660036,
            46.124303
          ],
          [
            7.660065,
            46.124278
          ],
          [
            7.660075,
            46.124274
          ],
          [
            7.660123,
            46.124259
          ],
          [
            7.660169,
            46.12425
          ],
          [
            7.660177,
            46.124247
          ],
          [
            7.660195,
            46.124243
          ],
          [
            7.660199,
            46.124242
          ],
          [
            7.660217,
            46.124239
          ],
          [
            7.660218,
            46.124243
          ],
          [
            7.660204,
            46.124263
          ],
          [
            7.660198,
            46.12429
          ],
          [
            7.660202,
            46.124303
          ],
          [
            7.660205,
            46.124329
          ],
          [
            7.660202,
            46.12434
          ],
          [
            7.660202,
            46.124363
          ],
          [
            7.660222,
            46.124371
          ],
          [
            7.660235,
            46.124368
          ],
          [
            7.660257,
            46.124363
          ],
          [
            7.660284,
            46.124356
          ],
          [
            7.660294,
            46.124351
          ],
          [
            7.660314,
            46.124346
          ],
          [
            7.660355,
            46.124332
          ],
          [
            7.660391,
            46.124317
          ],
          [
            7.660398,
            46.124314
          ],
          [
            7.660435,
            46.124301
          ],
          [
            7.660452,
            46.124293
          ],
          [
            7.660461,
            46.12429
          ],
          [
            7.660485,
            46.124285
          ],
          [
            7.6605,
            46.124285
          ],
          [
            7.660533,
            46.124283
          ],
          [
            7.660574,
            46.124277
          ],
          [
            7.660579,
            46.124278
          ],
          [
            7.660637,
            46.12428
          ],
          [
            7.660666,
            46.12428
          ],
          [
            7.660676,
            46.12428
          ],
          [
            7.660678,
            46.124293
          ],
          [
            7.660688,
            46.124285
          ],
          [
            7.660688,
            46.124285
          ],
          [
            7.660688,
            46.124285
          ],
          [
            7.660688,
            46.124285
          ],
          [
            7.660678,
            46.124302
          ],
          [
            7.660669,
            46.124328
          ],
          [
            7.660667,
            46.124338
          ],
          [
            7.660667,
            46.124338
          ],
          [
            7.660667,
            46.124338
          ],
          [
            7.660667,
            46.124338
          ],
          [
            7.660667,
            46.124338
          ],
          [
            7.660667,
            46.124338
          ],
          [
            7.660667,
            46.124338
          ],
          [
            7.660667,
            46.124338
          ],
          [
            7.660667,
            46.124338
          ],
          [
            7.660667,
            46.124338
          ],
          [
            7.660667,
            46.124338
          ],
          [
            7.660667,
            46.124338
          ],
          [
            7.660667,
            46.124338
          ],
          [
            7.660667,
            46.124338
          ],
          [
            7.660667,
            46.124338
          ],
          [
            7.660667,
            46.124338
          ],
          [
            7.660667,
            46.124338
          ],
          [
            7.660672,
            46.124352
          ],
          [
            7.66067,
            46.124358
          ],
          [
            7.660659,
            46.124381
          ],
          [
            7.660672,
            46.124392
          ],
          [
            7.660692,
            46.12439
          ],
          [
            7.660693,
            46.12439
          ],
          [
            7.660742,
            46.124381
          ],
          [
            7.660748,
            46.124382
          ],
          [
            7.660774,
            46.124372
          ],
          [
            7.660794,
            46.124367
          ],
          [
            7.660812,
            46.124367
          ],
          [
            7.66082,
            46.124366
          ],
          [
            7.660848,
            46.124359
          ],
          [
            7.660855,
            46.124357
          ],
          [
            7.660888,
            46.124355
          ],
          [
            7.660898,
            46.124354
          ],
          [
            7.660922,
            46.124352
          ],
          [
            7.660957,
            46.124352
          ],
          [
            7.660987,
            46.124347
          ],
          [
            7.661008,
            46.124345
          ],
          [
            7.661034,
            46.124343
          ],
          [
            7.661062,
            46.124344
          ],
          [
            7.661084,
            46.124345
          ],
          [
            7.661092,
            46.124347
          ],
          [
            7.661102,
            46.124348
          ],
          [
            7.66117,
            46.124346
          ],
          [
            7.661174,
            46.124346
          ],
          [
            7.661196,
            46.124346
          ],
          [
            7.6612,
            46.124346
          ],
          [
            7.661222,
            46.124346
          ],
          [
            7.661268,
            46.124343
          ],
          [
            7.661271,
            46.124341
          ],
          [
            7.661285,
            46.124347
          ],
          [
            7.661286,
            46.124348
          ],
          [
            7.661259,
            46.124368
          ],
          [
            7.661243,
            46.124379
          ],
          [
            7.661227,
            46.124396
          ],
          [
            7.661222,
            46.124402
          ],
          [
            7.661197,
            46.124427
          ],
          [
            7.661193,
            46.124434
          ],
          [
            7.66117,
            46.12446
          ],
          [
            7.661171,
            46.124461
          ],
          [
            7.661156,
            46.124485
          ],
          [
            7.661152,
            46.12449
          ],
          [
            7.661118,
            46.12453
          ],
          [
            7.661113,
            46.124534
          ],
          [
            7.661091,
            46.124559
          ],
          [
            7.661073,
            46.124581
          ],
          [
            7.661068,
            46.124586
          ],
          [
            7.661049,
            46.124609
          ],
          [
            7.661049,
            46.124618
          ],
          [
            7.661058,
            46.124625
          ],
          [
            7.66112,
            46.124637
          ],
          [
            7.661131,
            46.124638
          ],
          [
            7.661161,
            46.124637
          ],
          [
            7.661169,
            46.124637
          ],
          [
            7.661191,
            46.124634
          ],
          [
            7.661205,
            46.124631
          ],
          [
            7.661227,
            46.12463
          ],
          [
            7.66125,
            46.124628
          ],
          [
            7.661264,
            46.124627
          ],
          [
            7.661277,
            46.124625
          ],
          [
            7.661292,
            46.124623
          ],
          [
            7.661305,
            46.124622
          ],
          [
            7.661305,
            46.124622
          ],
          [
            7.661319,
            46.124619
          ],
          [
            7.66133,
            46.124616
          ],
          [
            7.661338,
            46.124615
          ],
          [
            7.661338,
            46.124615
          ],
          [
            7.661396,
            46.124606
          ],
          [
            7.661413,
            46.124608
          ],
          [
            7.661419,
            46.124614
          ],
          [
            7.661413,
            46.124648
          ],
          [
            7.661409,
            46.124656
          ],
          [
            7.66139,
            46.124698
          ],
          [
            7.661379,
            46.124738
          ],
          [
            7.661375,
            46.124751
          ],
          [
            7.661366,
            46.124779
          ],
          [
            7.66136,
            46.124792
          ],
          [
            7.661349,
            46.124815
          ],
          [
            7.661349,
            46.124831
          ],
          [
            7.661357,
            46.124854
          ],
          [
            7.661371,
            46.124863
          ],
          [
            7.661384,
            46.124868
          ],
          [
            7.661401,
            46.124875
          ],
          [
            7.661426,
            46.124877
          ],
          [
            7.661448,
            46.124873
          ],
          [
            7.661485,
            46.124868
          ],
          [
            7.661503,
            46.124864
          ],
          [
            7.661509,
            46.124863
          ],
          [
            7.661542,
            46.124859
          ],
          [
            7.661569,
            46.124857
          ],
          [
            7.66159,
            46.124854
          ],
          [
            7.661601,
            46.124852
          ],
          [
            7.661628,
            46.124845
          ],
          [
            7.661645,
            46.124844
          ],
          [
            7.661661,
            46.124842
          ],
          [
            7.661697,
            46.124836
          ],
          [
            7.661771,
            46.124823
          ],
          [
            7.661774,
            46.124825
          ],
          [
            7.661792,
            46.124829
          ],
          [
            7.661792,
            46.124829
          ],
          [
            7.6618,
            46.124846
          ],
          [
            7.6618,
            46.124856
          ],
          [
            7.661793,
            46.124881
          ],
          [
            7.661783,
            46.124901
          ],
          [
            7.66178,
            46.124918
          ],
          [
            7.66178,
            46.124931
          ],
          [
            7.661778,
            46.124963
          ],
          [
            7.661779,
            46.124968
          ],
          [
            7.661778,
            46.124974
          ],
          [
            7.661775,
            46.125002
          ],
          [
            7.661772,
            46.125007
          ],
          [
            7.661768,
            46.125027
          ],
          [
            7.66177,
            46.125039
          ],
          [
            7.661768,
            46.125066
          ],
          [
            7.661768,
            46.125071
          ],
          [
            7.661762,
            46.1251
          ],
          [
            7.661759,
            46.125112
          ],
          [
            7.661754,
            46.125124
          ],
          [
            7.661744,
            46.125149
          ],
          [
            7.661754,
            46.125169
          ],
          [
            7.661771,
            46.125169
          ],
          [
            7.6618,
            46.125172
          ],
          [
            7.661818,
            46.125173
          ],
          [
            7.661847,
            46.125174
          ],
          [
            7.661878,
            46.125176
          ],
          [
            7.661904,
            46.125169
          ],
          [
            7.661907,
            46.125167
          ],
          [
            7.661953,
            46.125157
          ],
          [
            7.661959,
            46.125154
          ],
          [
            7.661987,
            46.125155
          ],
          [
            7.661995,
            46.125155
          ],
          [
            7.662025,
            46.125144
          ],
          [
            7.662048,
            46.125139
          ],
          [
            7.662065,
            46.125132
          ],
          [
            7.662093,
            46.125126
          ],
          [
            7.662106,
            46.12512
          ],
          [
            7.662132,
            46.125107
          ],
          [
            7.662151,
            46.125101
          ],
          [
            7.662188,
            46.125088
          ],
          [
            7.662194,
            46.125087
          ],
          [
            7.662228,
            46.12509
          ],
          [
            7.662236,
            46.125093
          ],
          [
            7.662247,
            46.125095
          ],
          [
            7.662254,
            46.125099
          ],
          [
            7.662291,
            46.125114
          ],
          [
            7.662295,
            46.125117
          ],
          [
            7.662297,
            46.12512
          ],
          [
            7.662309,
            46.125132
          ],
          [
            7.662315,
            46.125138
          ],
          [
            7.662316,
            46.125154
          ],
          [
            7.662314,
            46.125184
          ],
          [
            7.662312,
            46.125202
          ],
          [
            7.662316,
            46.125225
          ],
          [
            7.662314,
            46.125235
          ],
          [
            7.662321,
            46.125254
          ],
          [
            7.662356,
            46.125279
          ],
          [
            7.662392,
            46.125301
          ],
          [
            7.662448,
            46.125321
          ],
          [
            7.66249,
            46.125335
          ],
          [
            7.662502,
            46.125342
          ],
          [
            7.662528,
            46.125356
          ],
          [
            7.662539,
            46.125363
          ],
          [
            7.662547,
            46.125366
          ],
          [
            7.662571,
            46.125375
          ],
          [
            7.662587,
            46.125382
          ],
          [
            7.662632,
            46.125404
          ],
          [
            7.662635,
            46.125407
          ],
          [
            7.662651,
            46.125424
          ],
          [
            7.662675,
            46.125458
          ],
          [
            7.662695,
            46.125484
          ],
          [
            7.662695,
            46.125484
          ],
          [
            7.662702,
            46.125514
          ],
          [
            7.662702,
            46.125518
          ],
          [
            7.662717,
            46.125573
          ],
          [
            7.662724,
            46.125588
          ],
          [
            7.662746,
            46.12562
          ],
          [
            7.662766,
            46.125648
          ],
          [
            7.662764,
            46.12565
          ],
          [
            7.662767,
            46.125657
          ],
          [
            7.662783,
            46.125678
          ],
          [
            7.662809,
            46.125704
          ],
          [
            7.662815,
            46.125712
          ],
          [
            7.662837,
            46.125737
          ],
          [
            7.66284,
            46.125739
          ],
          [
            7.662867,
            46.125772
          ],
          [
            7.662871,
            46.125777
          ],
          [
            7.6629,
            46.125815
          ],
          [
            7.662908,
            46.125823
          ],
          [
            7.662918,
            46.125848
          ],
          [
            7.662936,
            46.125865
          ],
          [
            7.662941,
            46.12587
          ],
          [
            7.662953,
            46.125895
          ],
          [
            7.662959,
            46.125904
          ],
          [
            7.662985,
            46.125938
          ],
          [
            7.662983,
            46.125935
          ],
          [
            7.662989,
            46.125968
          ],
          [
            7.663006,
            46.125984
          ],
          [
            7.663005,
            46.125988
          ],
          [
            7.663014,
            46.126026
          ],
          [
            7.66301,
            46.126035
          ],
          [
            7.663016,
            46.126058
          ],
          [
            7.663024,
            46.12607
          ],
          [
            7.66305,
            46.1261
          ],
          [
            7.66305,
            46.126102
          ],
          [
            7.663059,
            46.126111
          ],
          [
            7.663059,
            46.126111
          ],
          [
            7.663059,
            46.126111
          ],
          [
            7.663059,
            46.126111
          ],
          [
            7.663059,
            46.126111
          ],
          [
            7.663059,
            46.126111
          ],
          [
            7.663059,
            46.126111
          ],
          [
            7.663059,
            46.126111
          ],
          [
            7.663059,
            46.126111
          ],
          [
            7.663059,
            46.126111
          ],
          [
            7.663059,
            46.126111
          ],
          [
            7.663059,
            46.126111
          ],
          [
            7.663059,
            46.126111
          ],
          [
            7.663059,
            46.126111
          ],
          [
            7.663059,
            46.126111
          ],
          [
            7.663059,
            46.126111
          ],
          [
            7.663059,
            46.126111
          ],
          [
            7.663059,
            46.126111
          ],
          [
            7.663059,
            46.126111
          ],
          [
            7.663059,
            46.126111
          ],
          [
            7.663059,
            46.126111
          ],
          [
            7.663059,
            46.126111
          ],
          [
            7.663059,
            46.126111
          ],
          [
            7.663059,
            46.126111
          ],
          [
            7.663059,
            46.126111
          ],
          [
            7.663059,
            46.126111
          ],
          [
            7.663059,
            46.126111
          ],
          [
            7.663059,
            46.126111
          ],
          [
            7.663059,
            46.126111
          ],
          [
            7.663059,
            46.126111
          ],
          [
            7.663059,
            46.126111
          ],
          [
            7.663059,
            46.126111
          ],
          [
            7.663059,
            46.126111
          ],
          [
            7.663059,
            46.126111
          ],
          [
            7.663059,
            46.126111
          ],
          [
            7.663059,
            46.126111
          ],
          [
            7.663059,
            46.126111
          ],
          [
            7.663059,
            46.126111
          ],
          [
            7.663059,
            46.126111
          ],
          [
            7.663059,
            46.126111
          ],
          [
            7.663059,
            46.126111
          ],
          [
            7.663059,
            46.126111
          ],
          [
            7.663059,
            46.126111
          ],
          [
            7.663059,
            46.126111
          ],
          [
            7.663059,
            46.126111
          ],
          [
            7.663059,
            46.126111
          ],
          [
            7.663059,
            46.126111
          ],
          [
            7.663059,
            46.126111
          ],
          [
            7.663059,
            46.126111
          ],
          [
            7.663059,
            46.126111
          ],
          [
            7.663059,
            46.126111
          ],
          [
            7.663059,
            46.126111
          ],
          [
            7.663059,
            46.126111
          ],
          [
            7.663059,
            46.126111
          ],
          [
            7.663059,
            46.126111
          ],
          [
            7.663059,
            46.126111
          ],
          [
            7.663059,
            46.126111
          ],
          [
            7.663059,
            46.126111
          ],
          [
            7.663059,
            46.126111
          ],
          [
            7.663059,
            46.126111
          ],
          [
            7.663059,
            46.126111
          ],
          [
            7.663059,
            46.126111
          ],
          [
            7.663059,
            46.126111
          ],
          [
            7.663059,
            46.126111
          ],
          [
            7.663059,
            46.126111
          ],
          [
            7.663059,
            46.126111
          ],
          [
            7.663059,
            46.126111
          ],
          [
            7.663059,
            46.126111
          ],
          [
            7.663059,
            46.126111
          ],
          [
            7.663059,
            46.126111
          ],
          [
            7.663059,
            46.126111
          ],
          [
            7.663059,
            46.126111
          ],
          [
            7.663059,
            46.126111
          ],
          [
            7.663059,
            46.126111
          ],
          [
            7.663059,
            46.126111
          ],
          [
            7.663059,
            46.126111
          ],
          [
            7.663059,
            46.126111
          ],
          [
            7.663059,
            46.126111
          ],
          [
            7.663059,
            46.126111
          ],
          [
            7.663059,
            46.126111
          ],
          [
            7.663059,
            46.126111
          ],
          [
            7.663059,
            46.126111
          ],
          [
            7.663059,
            46.126111
          ],
          [
            7.663059,
            46.126111
          ],
          [
            7.663059,
            46.126111
          ],
          [
            7.663059,
            46.126111
          ],
          [
            7.663059,
            46.126111
          ],
          [
            7.663059,
            46.126111
          ],
          [
            7.663059,
            46.126111
          ],
          [
            7.663059,
            46.126111
          ],
          [
            7.663052,
            46.126117
          ],
          [
            7.663049,
            46.1261
          ],
          [
            7.663047,
            46.126099
          ],
          [
            7.663047,
            46.126099
          ],
          [
            7.663047,
            46.126099
          ],
          [
            7.663047,
            46.126099
          ],
          [
            7.663047,
            46.126099
          ],
          [
            7.663056,
            46.126104
          ],
          [
            7.66306,
            46.126113
          ],
          [
            7.663058,
            46.126106
          ],
          [
            7.663057,
            46.126103
          ],
          [
            7.66306,
            46.126113
          ],
          [
            7.66306,
            46.126113
          ],
          [
            7.66306,
            46.126113
          ],
          [
            7.66306,
            46.126113
          ],
          [
            7.66306,
            46.126113
          ],
          [
            7.66306,
            46.126113
          ],
          [
            7.66306,
            46.126113
          ],
          [
            7.66306,
            46.126113
          ],
          [
            7.66306,
            46.126113
          ],
          [
            7.66306,
            46.126113
          ],
          [
            7.66306,
            46.126113
          ],
          [
            7.663057,
            46.126107
          ],
          [
            7.66306,
            46.126113
          ],
          [
            7.66306,
            46.126113
          ],
          [
            7.663051,
            46.126103
          ],
          [
            7.663048,
            46.126103
          ],
          [
            7.663048,
            46.126105
          ],
          [
            7.66306,
            46.126113
          ],
          [
            7.663063,
            46.126123
          ],
          [
            7.663065,
            46.126127
          ],
          [
            7.663064,
            46.126129
          ],
          [
            7.663066,
            46.12613
          ],
          [
            7.663076,
            46.126145
          ],
          [
            7.663086,
            46.126168
          ],
          [
            7.66309,
            46.126187
          ],
          [
            7.663104,
            46.126226
          ],
          [
            7.663126,
            46.126258
          ],
          [
            7.663136,
            46.126268
          ],
          [
            7.663162,
            46.126298
          ],
          [
            7.66318,
            46.126316
          ],
          [
            7.663182,
            46.126317
          ],
          [
            7.6632,
            46.12633
          ],
          [
            7.663217,
            46.126342
          ],
          [
            7.663242,
            46.126354
          ],
          [
            7.663259,
            46.126358
          ],
          [
            7.663293,
            46.126369
          ],
          [
            7.663304,
            46.126373
          ],
          [
            7.663316,
            46.126377
          ],
          [
            7.663338,
            46.126385
          ],
          [
            7.663342,
            46.126387
          ],
          [
            7.663355,
            46.126393
          ],
          [
            7.663365,
            46.126398
          ],
          [
            7.663371,
            46.126403
          ],
          [
            7.663378,
            46.126407
          ],
          [
            7.663394,
            46.126421
          ],
          [
            7.663397,
            46.126425
          ],
          [
            7.663402,
            46.126431
          ],
          [
            7.663414,
            46.126448
          ],
          [
            7.663413,
            46.126453
          ],
          [
            7.663412,
            46.126458
          ],
          [
            7.663404,
            46.126489
          ],
          [
            7.663398,
            46.126497
          ],
          [
            7.663399,
            46.126515
          ],
          [
            7.663399,
            46.126523
          ],
          [
            7.663422,
            46.126548
          ],
          [
            7.663428,
            46.126552
          ],
          [
            7.663448,
            46.126559
          ],
          [
            7.663473,
            46.126564
          ],
          [
            7.663478,
            46.126566
          ],
          [
            7.663521,
            46.126567
          ],
          [
            7.663541,
            46.12657
          ],
          [
            7.663569,
            46.126572
          ],
          [
            7.663583,
            46.126572
          ],
          [
            7.663593,
            46.126573
          ],
          [
            7.663602,
            46.126574
          ],
          [
            7.663613,
            46.126575
          ],
          [
            7.663648,
            46.126582
          ],
          [
            7.663667,
            46.126589
          ],
          [
            7.663715,
            46.126605
          ],
          [
            7.66374,
            46.12661
          ],
          [
            7.663765,
            46.126617
          ],
          [
            7.663799,
            46.126629
          ],
          [
            7.663802,
            46.126629
          ],
          [
            7.663844,
            46.126636
          ],
          [
            7.66385,
            46.126638
          ],
          [
            7.663896,
            46.126651
          ],
          [
            7.663902,
            46.126653
          ],
          [
            7.663954,
            46.126676
          ],
          [
            7.663963,
            46.126681
          ],
          [
            7.663977,
            46.126687
          ],
          [
            7.66399,
            46.126694
          ],
          [
            7.664006,
            46.126705
          ],
          [
            7.664044,
            46.126726
          ],
          [
            7.664059,
            46.126739
          ],
          [
            7.664089,
            46.126777
          ],
          [
            7.664106,
            46.126823
          ],
          [
            7.664105,
            46.126843
          ],
          [
            7.664116,
            46.126866
          ],
          [
            7.664125,
            46.126879
          ],
          [
            7.664157,
            46.126908
          ],
          [
            7.664174,
            46.126915
          ],
          [
            7.664217,
            46.126935
          ],
          [
            7.664252,
            46.126942
          ],
          [
            7.664256,
            46.126945
          ],
          [
            7.664291,
            46.126953
          ],
          [
            7.6643,
            46.126953
          ],
          [
            7.664334,
            46.12696
          ],
          [
            7.664366,
            46.126967
          ],
          [
            7.664374,
            46.126968
          ],
          [
            7.664397,
            46.126972
          ],
          [
            7.664427,
            46.126976
          ],
          [
            7.664446,
            46.126979
          ],
          [
            7.664481,
            46.126983
          ],
          [
            7.664493,
            46.126983
          ],
          [
            7.664534,
            46.126987
          ],
          [
            7.664566,
            46.126991
          ],
          [
            7.664612,
            46.126999
          ],
          [
            7.664642,
            46.127005
          ],
          [
            7.664661,
            46.127008
          ],
          [
            7.664691,
            46.127013
          ],
          [
            7.664697,
            46.127015
          ],
          [
            7.664728,
            46.127021
          ],
          [
            7.664774,
            46.127031
          ],
          [
            7.664807,
            46.127036
          ],
          [
            7.664815,
            46.127037
          ],
          [
            7.664829,
            46.127039
          ],
          [
            7.66484,
            46.127042
          ],
          [
            7.664883,
            46.127045
          ],
          [
            7.664894,
            46.127047
          ],
          [
            7.664909,
            46.127051
          ],
          [
            7.664909,
            46.127051
          ],
          [
            7.664896,
            46.12708
          ],
          [
            7.664895,
            46.127084
          ],
          [
            7.664891,
            46.1271
          ],
          [
            7.664886,
            46.127127
          ],
          [
            7.664885,
            46.127139
          ],
          [
            7.664885,
            46.127147
          ],
          [
            7.664873,
            46.127174
          ],
          [
            7.664874,
            46.127177
          ],
          [
            7.664863,
            46.127206
          ],
          [
            7.664861,
            46.127206
          ],
          [
            7.664852,
            46.12722
          ],
          [
            7.664853,
            46.127222
          ],
          [
            7.66485,
            46.127229
          ],
          [
            7.664846,
            46.127241
          ],
          [
            7.664846,
            46.127245
          ],
          [
            7.664844,
            46.127255
          ],
          [
            7.664857,
            46.127254
          ],
          [
            7.664859,
            46.127252
          ],
          [
            7.664862,
            46.127253
          ],
          [
            7.664888,
            46.127264
          ],
          [
            7.664894,
            46.127268
          ],
          [
            7.664909,
            46.127272
          ],
          [
            7.664966,
            46.127278
          ],
          [
            7.664981,
            46.127279
          ],
          [
            7.664995,
            46.127279
          ],
          [
            7.665,
            46.127279
          ],
          [
            7.665009,
            46.127281
          ],
          [
            7.665019,
            46.127281
          ],
          [
            7.665044,
            46.127283
          ],
          [
            7.665053,
            46.127284
          ],
          [
            7.665065,
            46.127286
          ],
          [
            7.665052,
            46.127291
          ],
          [
            7.664996,
            46.127333
          ],
          [
            7.66499,
            46.127338
          ],
          [
            7.664946,
            46.127368
          ],
          [
            7.664924,
            46.127381
          ],
          [
            7.664905,
            46.12739
          ],
          [
            7.664875,
            46.127401
          ],
          [
            7.664857,
            46.127411
          ],
          [
            7.664822,
            46.127433
          ],
          [
            7.664799,
            46.127459
          ],
          [
            7.664774,
            46.127495
          ],
          [
            7.664765,
            46.127506
          ],
          [
            7.664753,
            46.127518
          ],
          [
            7.664739,
            46.127532
          ],
          [
            7.664728,
            46.127545
          ],
          [
            7.664724,
            46.127549
          ],
          [
            7.664709,
            46.127565
          ],
          [
            7.664721,
            46.12758
          ],
          [
            7.664791,
            46.127586
          ],
          [
            7.6648,
            46.127588
          ],
          [
            7.66484,
            46.127585
          ],
          [
            7.664851,
            46.127587
          ],
          [
            7.664872,
            46.127588
          ],
          [
            7.664901,
            46.127592
          ],
          [
            7.664918,
            46.127591
          ],
          [
            7.664954,
            46.127593
          ],
          [
            7.664984,
            46.127597
          ],
          [
            7.665001,
            46.1276
          ],
          [
            7.665008,
            46.1276
          ],
          [
            7.665049,
            46.127602
          ],
          [
            7.66507,
            46.127604
          ],
          [
            7.665109,
            46.127608
          ],
          [
            7.665121,
            46.127609
          ],
          [
            7.665162,
            46.127607
          ],
          [
            7.665177,
            46.127605
          ],
          [
            7.665216,
            46.127598
          ],
          [
            7.665249,
            46.127593
          ],
          [
            7.665267,
            46.127589
          ],
          [
            7.665324,
            46.127561
          ],
          [
            7.665333,
            46.127555
          ],
          [
            7.665354,
            46.127545
          ],
          [
            7.665366,
            46.127537
          ],
          [
            7.665372,
            46.127533
          ],
          [
            7.665382,
            46.127527
          ],
          [
            7.665387,
            46.127524
          ],
          [
            7.665411,
            46.127513
          ],
          [
            7.665435,
            46.127504
          ],
          [
            7.665457,
            46.127495
          ],
          [
            7.665468,
            46.127489
          ],
          [
            7.665483,
            46.127484
          ],
          [
            7.665501,
            46.127478
          ],
          [
            7.66552,
            46.127474
          ],
          [
            7.66552,
            46.127474
          ],
          [
            7.665523,
            46.127473
          ],
          [
            7.665532,
            46.127471
          ],
          [
            7.665558,
            46.127464
          ],
          [
            7.665558,
            46.127464
          ],
          [
            7.665558,
            46.127464
          ],
          [
            7.665558,
            46.127464
          ],
          [
            7.665558,
            46.127464
          ],
          [
            7.665558,
            46.127464
          ],
          [
            7.665558,
            46.127464
          ],
          [
            7.665558,
            46.127464
          ],
          [
            7.665558,
            46.127464
          ],
          [
            7.665558,
            46.127464
          ],
          [
            7.665558,
            46.127464
          ],
          [
            7.665571,
            46.127462
          ],
          [
            7.665607,
            46.127476
          ],
          [
            7.665621,
            46.127486
          ],
          [
            7.665638,
            46.127494
          ],
          [
            7.665651,
            46.127502
          ],
          [
            7.665654,
            46.127504
          ],
          [
            7.66566,
            46.127508
          ],
          [
            7.665671,
            46.127519
          ],
          [
            7.665676,
            46.127524
          ],
          [
            7.665699,
            46.127554
          ],
          [
            7.665704,
            46.127561
          ],
          [
            7.665712,
            46.127568
          ],
          [
            7.665718,
            46.127574
          ],
          [
            7.665725,
            46.127579
          ],
          [
            7.665746,
            46.127592
          ],
          [
            7.665752,
            46.127598
          ],
          [
            7.665773,
            46.127609
          ],
          [
            7.665782,
            46.127614
          ],
          [
            7.665787,
            46.127614
          ],
          [
            7.665808,
            46.12763
          ],
          [
            7.665836,
            46.127642
          ],
          [
            7.665851,
            46.127651
          ],
          [
            7.665865,
            46.127657
          ],
          [
            7.665881,
            46.127667
          ],
          [
            7.665893,
            46.127679
          ],
          [
            7.665903,
            46.127685
          ],
          [
            7.665923,
            46.127698
          ],
          [
            7.665927,
            46.127703
          ],
          [
            7.665941,
            46.127714
          ],
          [
            7.665952,
            46.127723
          ],
          [
            7.665978,
            46.127742
          ],
          [
            7.665989,
            46.127751
          ],
          [
            7.666016,
            46.127771
          ],
          [
            7.666021,
            46.127776
          ],
          [
            7.666057,
            46.127797
          ],
          [
            7.666062,
            46.127799
          ],
          [
            7.666067,
            46.127802
          ],
          [
            7.666077,
            46.12781
          ],
          [
            7.666095,
            46.12783
          ],
          [
            7.6661,
            46.127835
          ],
          [
            7.666106,
            46.127839
          ],
          [
            7.666132,
            46.127864
          ],
          [
            7.666138,
            46.12787
          ],
          [
            7.666141,
            46.127875
          ],
          [
            7.666158,
            46.127898
          ],
          [
            7.666162,
            46.127904
          ],
          [
            7.666183,
            46.127927
          ],
          [
            7.666187,
            46.127931
          ],
          [
            7.666212,
            46.127948
          ],
          [
            7.666224,
            46.127959
          ],
          [
            7.666232,
            46.127962
          ],
          [
            7.666244,
            46.127971
          ],
          [
            7.66625,
            46.127974
          ],
          [
            7.666273,
            46.127987
          ],
          [
            7.6663,
            46.128009
          ],
          [
            7.666318,
            46.12802
          ],
          [
            7.66635,
            46.128036
          ],
          [
            7.666366,
            46.128044
          ],
          [
            7.666373,
            46.128047
          ],
          [
            7.666394,
            46.128056
          ],
          [
            7.666428,
            46.12807
          ],
          [
            7.666446,
            46.128076
          ],
          [
            7.666515,
            46.128097
          ],
          [
            7.666532,
            46.128099
          ],
          [
            7.666537,
            46.128101
          ],
          [
            7.666545,
            46.128102
          ],
          [
            7.666551,
            46.128101
          ],
          [
            7.66656,
            46.1281
          ],
          [
            7.666588,
            46.128104
          ],
          [
            7.666609,
            46.128107
          ],
          [
            7.66662,
            46.128107
          ],
          [
            7.666656,
            46.128117
          ],
          [
            7.666712,
            46.128123
          ],
          [
            7.666721,
            46.128124
          ],
          [
            7.666747,
            46.128125
          ],
          [
            7.666761,
            46.128126
          ],
          [
            7.666786,
            46.128128
          ],
          [
            7.666816,
            46.128128
          ],
          [
            7.666822,
            46.128126
          ],
          [
            7.666828,
            46.128126
          ],
          [
            7.666838,
            46.128128
          ],
          [
            7.666878,
            46.128127
          ],
          [
            7.666888,
            46.128125
          ],
          [
            7.666954,
            46.12812
          ],
          [
            7.666978,
            46.128116
          ],
          [
            7.666984,
            46.128116
          ],
          [
            7.666993,
            46.128114
          ],
          [
            7.667002,
            46.128115
          ],
          [
            7.667019,
            46.128117
          ],
          [
            7.667033,
            46.128122
          ],
          [
            7.667039,
            46.128122
          ],
          [
            7.667075,
            46.128132
          ],
          [
            7.66709,
            46.128135
          ],
          [
            7.667104,
            46.128139
          ],
          [
            7.667134,
            46.128151
          ],
          [
            7.667143,
            46.128154
          ],
          [
            7.667159,
            46.128157
          ],
          [
            7.667196,
            46.128173
          ],
          [
            7.667207,
            46.128179
          ],
          [
            7.667239,
            46.128188
          ],
          [
            7.667241,
            46.128188
          ],
          [
            7.667267,
            46.128198
          ],
          [
            7.667272,
            46.1282
          ],
          [
            7.667286,
            46.128206
          ],
          [
            7.66733,
            46.128216
          ],
          [
            7.667339,
            46.128218
          ],
          [
            7.667343,
            46.128219
          ],
          [
            7.667376,
            46.128224
          ],
          [
            7.667383,
            46.128225
          ],
          [
            7.667404,
            46.128233
          ],
          [
            7.667432,
            46.12824
          ],
          [
            7.667466,
            46.128253
          ],
          [
            7.66752,
            46.128257
          ],
          [
            7.66753,
            46.128258
          ],
          [
            7.667554,
            46.128264
          ],
          [
            7.667571,
            46.128271
          ],
          [
            7.667612,
            46.128292
          ],
          [
            7.667656,
            46.128305
          ],
          [
            7.667697,
            46.128306
          ],
          [
            7.667716,
            46.128304
          ],
          [
            7.667733,
            46.128302
          ],
          [
            7.667786,
            46.128301
          ],
          [
            7.667802,
            46.128299
          ],
          [
            7.667846,
            46.128306
          ],
          [
            7.667847,
            46.128307
          ],
          [
            7.667858,
            46.128309
          ],
          [
            7.667893,
            46.128317
          ],
          [
            7.667903,
            46.12832
          ],
          [
            7.667929,
            46.128323
          ],
          [
            7.668015,
            46.128323
          ],
          [
            7.668023,
            46.128323
          ],
          [
            7.668034,
            46.128322
          ],
          [
            7.668045,
            46.128321
          ],
          [
            7.668073,
            46.128323
          ],
          [
            7.668093,
            46.12832
          ],
          [
            7.668129,
            46.128319
          ],
          [
            7.668134,
            46.128318
          ],
          [
            7.668144,
            46.128319
          ],
          [
            7.668155,
            46.12832
          ],
          [
            7.668197,
            46.128327
          ],
          [
            7.668211,
            46.12833
          ],
          [
            7.668261,
            46.128332
          ],
          [
            7.668285,
            46.128331
          ],
          [
            7.668303,
            46.128331
          ],
          [
            7.66832,
            46.128331
          ],
          [
            7.668348,
            46.128333
          ],
          [
            7.668376,
            46.128332
          ],
          [
            7.668387,
            46.128331
          ],
          [
            7.668396,
            46.128331
          ],
          [
            7.668396,
            46.12833
          ],
          [
            7.668398,
            46.12833
          ],
          [
            7.668431,
            46.128326
          ],
          [
            7.668445,
            46.128323
          ],
          [
            7.66849,
            46.128319
          ],
          [
            7.66852,
            46.128317
          ],
          [
            7.66856,
            46.128316
          ],
          [
            7.668565,
            46.128314
          ],
          [
            7.668574,
            46.128318
          ],
          [
            7.668601,
            46.12831
          ],
          [
            7.668646,
            46.12831
          ],
          [
            7.668661,
            46.12831
          ],
          [
            7.668681,
            46.128309
          ],
          [
            7.668689,
            46.128311
          ],
          [
            7.668709,
            46.12831
          ],
          [
            7.668718,
            46.128312
          ],
          [
            7.668727,
            46.128308
          ],
          [
            7.668734,
            46.128309
          ],
          [
            7.668786,
            46.128318
          ],
          [
            7.66882,
            46.128322
          ],
          [
            7.668848,
            46.128322
          ],
          [
            7.66888,
            46.128332
          ],
          [
            7.66889,
            46.128334
          ],
          [
            7.668927,
            46.128349
          ],
          [
            7.668943,
            46.128355
          ],
          [
            7.668965,
            46.128359
          ],
          [
            7.668987,
            46.128364
          ],
          [
            7.669017,
            46.128369
          ],
          [
            7.669053,
            46.128377
          ],
          [
            7.669069,
            46.128383
          ],
          [
            7.669072,
            46.128387
          ],
          [
            7.669075,
            46.12839
          ],
          [
            7.669087,
            46.128393
          ],
          [
            7.669104,
            46.128395
          ],
          [
            7.669112,
            46.128397
          ],
          [
            7.669164,
            46.128397
          ],
          [
            7.669192,
            46.128398
          ],
          [
            7.669214,
            46.128401
          ],
          [
            7.669214,
            46.128401
          ],
          [
            7.669214,
            46.128401
          ],
          [
            7.669214,
            46.128401
          ],
          [
            7.669214,
            46.128401
          ],
          [
            7.669214,
            46.128401
          ],
          [
            7.669214,
            46.128401
          ],
          [
            7.669214,
            46.128401
          ],
          [
            7.669243,
            46.128414
          ],
          [
            7.669243,
            46.12843
          ],
          [
            7.669231,
            46.12844
          ],
          [
            7.669212,
            46.128464
          ],
          [
            7.669234,
            46.128465
          ],
          [
            7.669247,
            46.128465
          ],
          [
            7.669259,
            46.128466
          ],
          [
            7.669262,
            46.128465
          ],
          [
            7.669282,
            46.128467
          ],
          [
            7.669316,
            46.128479
          ],
          [
            7.669335,
            46.128481
          ],
          [
            7.669362,
            46.128485
          ],
          [
            7.669378,
            46.128486
          ],
          [
            7.669397,
            46.128487
          ],
          [
            7.66941,
            46.12849
          ],
          [
            7.669418,
            46.12849
          ],
          [
            7.669462,
            46.128489
          ],
          [
            7.669473,
            46.128489
          ],
          [
            7.669509,
            46.128488
          ],
          [
            7.66952,
            46.128489
          ],
          [
            7.66952,
            46.128488
          ],
          [
            7.66952,
            46.128488
          ],
          [
            7.66952,
            46.128488
          ],
          [
            7.66952,
            46.128488
          ],
          [
            7.66952,
            46.128488
          ],
          [
            7.66957,
            46.128492
          ],
          [
            7.669578,
            46.128492
          ],
          [
            7.669602,
            46.128494
          ],
          [
            7.669621,
            46.128494
          ],
          [
            7.669641,
            46.128487
          ],
          [
            7.669657,
            46.128481
          ],
          [
            7.669667,
            46.12848
          ],
          [
            7.669702,
            46.128473
          ],
          [
            7.669705,
            46.128472
          ],
          [
            7.669748,
            46.12847
          ],
          [
            7.669779,
            46.128467
          ],
          [
            7.669789,
            46.128467
          ],
          [
            7.669843,
            46.128459
          ],
          [
            7.669894,
            46.128449
          ],
          [
            7.669901,
            46.128448
          ],
          [
            7.669905,
            46.128445
          ],
          [
            7.669946,
            46.128441
          ],
          [
            7.669972,
            46.128436
          ],
          [
            7.669979,
            46.128433
          ],
          [
            7.670011,
            46.128434
          ],
          [
            7.670014,
            46.128435
          ],
          [
            7.670036,
            46.128436
          ],
          [
            7.670056,
            46.128438
          ],
          [
            7.670063,
            46.128439
          ],
          [
            7.670081,
            46.12844
          ],
          [
            7.670095,
            46.128441
          ],
          [
            7.670131,
            46.128447
          ],
          [
            7.67015,
            46.128462
          ],
          [
            7.670161,
            46.128473
          ],
          [
            7.670185,
            46.128496
          ],
          [
            7.670193,
            46.128503
          ],
          [
            7.670207,
            46.128516
          ],
          [
            7.670211,
            46.12852
          ],
          [
            7.670215,
            46.128523
          ],
          [
            7.670218,
            46.128526
          ],
          [
            7.670235,
            46.128541
          ],
          [
            7.670246,
            46.128557
          ],
          [
            7.670251,
            46.128567
          ],
          [
            7.670263,
            46.128584
          ],
          [
            7.670264,
            46.128586
          ],
          [
            7.670279,
            46.128598
          ],
          [
            7.670299,
            46.128609
          ],
          [
            7.670305,
            46.128613
          ],
          [
            7.670318,
            46.128634
          ],
          [
            7.670324,
            46.128648
          ],
          [
            7.670325,
            46.128649
          ],
          [
            7.670324,
            46.128673
          ],
          [
            7.670323,
            46.128679
          ],
          [
            7.670322,
            46.128693
          ],
          [
            7.670317,
            46.128715
          ],
          [
            7.670314,
            46.128723
          ],
          [
            7.670307,
            46.128736
          ],
          [
            7.670302,
            46.128756
          ],
          [
            7.670298,
            46.12877
          ],
          [
            7.670293,
            46.128784
          ],
          [
            7.670289,
            46.128787
          ],
          [
            7.670284,
            46.128796
          ],
          [
            7.670283,
            46.12881
          ],
          [
            7.670282,
            46.128829
          ],
          [
            7.670275,
            46.128848
          ],
          [
            7.670273,
            46.128864
          ],
          [
            7.670265,
            46.128877
          ],
          [
            7.670263,
            46.128883
          ],
          [
            7.670261,
            46.128887
          ],
          [
            7.670254,
            46.128919
          ],
          [
            7.670252,
            46.128924
          ],
          [
            7.670268,
            46.128938
          ],
          [
            7.670279,
            46.128942
          ],
          [
            7.670316,
            46.128945
          ],
          [
            7.670319,
            46.128944
          ],
          [
            7.670324,
            46.128945
          ],
          [
            7.670389,
            46.128954
          ],
          [
            7.670449,
            46.128964
          ],
          [
            7.670467,
            46.128965
          ],
          [
            7.670477,
            46.128965
          ],
          [
            7.670515,
            46.12897
          ],
          [
            7.670541,
            46.128975
          ],
          [
            7.670557,
            46.128977
          ],
          [
            7.670552,
            46.128977
          ],
          [
            7.670552,
            46.128977
          ],
          [
            7.670552,
            46.128977
          ],
          [
            7.670552,
            46.128977
          ],
          [
            7.670566,
            46.128975
          ],
          [
            7.670605,
            46.128976
          ],
          [
            7.670637,
            46.128974
          ],
          [
            7.670661,
            46.128975
          ],
          [
            7.670691,
            46.128973
          ],
          [
            7.670729,
            46.128974
          ],
          [
            7.670769,
            46.128973
          ],
          [
            7.670785,
            46.128975
          ],
          [
            7.670839,
            46.128975
          ],
          [
            7.670855,
            46.128978
          ],
          [
            7.670905,
            46.128982
          ],
          [
            7.670941,
            46.12898
          ],
          [
            7.670986,
            46.128976
          ],
          [
            7.671025,
            46.128968
          ],
          [
            7.671045,
            46.128967
          ],
          [
            7.671093,
            46.128961
          ],
          [
            7.671121,
            46.128958
          ],
          [
            7.671124,
            46.128957
          ],
          [
            7.671142,
            46.128958
          ],
          [
            7.671194,
            46.128954
          ],
          [
            7.671203,
            46.128952
          ],
          [
            7.671216,
            46.128952
          ],
          [
            7.671225,
            46.12895
          ],
          [
            7.671234,
            46.128948
          ],
          [
            7.671245,
            46.128949
          ],
          [
            7.671284,
            46.128947
          ],
          [
            7.67132,
            46.12894
          ],
          [
            7.671333,
            46.128936
          ],
          [
            7.671373,
            46.128934
          ],
          [
            7.671376,
            46.128933
          ],
          [
            7.671387,
            46.128935
          ],
          [
            7.671421,
            46.128944
          ],
          [
            7.671422,
            46.128947
          ],
          [
            7.671422,
            46.128949
          ],
          [
            7.671405,
            46.128949
          ],
          [
            7.671422,
            46.128947
          ],
          [
            7.671422,
            46.128947
          ],
          [
            7.671422,
            46.128947
          ],
          [
            7.671422,
            46.128947
          ],
          [
            7.671422,
            46.128947
          ],
          [
            7.671422,
            46.128947
          ],
          [
            7.671422,
            46.128947
          ],
          [
            7.671422,
            46.128947
          ],
          [
            7.671422,
            46.128947
          ],
          [
            7.671422,
            46.128947
          ],
          [
            7.671422,
            46.128947
          ],
          [
            7.671422,
            46.128947
          ],
          [
            7.671422,
            46.128947
          ],
          [
            7.671422,
            46.128947
          ],
          [
            7.671422,
            46.128947
          ],
          [
            7.671422,
            46.128947
          ],
          [
            7.671422,
            46.128947
          ],
          [
            7.671422,
            46.128947
          ],
          [
            7.671422,
            46.128947
          ],
          [
            7.671422,
            46.128947
          ],
          [
            7.671422,
            46.128947
          ],
          [
            7.671422,
            46.128947
          ],
          [
            7.671422,
            46.128947
          ],
          [
            7.671422,
            46.128947
          ],
          [
            7.671422,
            46.128947
          ],
          [
            7.671422,
            46.128947
          ],
          [
            7.671422,
            46.128947
          ],
          [
            7.671422,
            46.128947
          ],
          [
            7.671422,
            46.128947
          ],
          [
            7.671422,
            46.128947
          ],
          [
            7.671422,
            46.128947
          ],
          [
            7.671422,
            46.128947
          ],
          [
            7.671422,
            46.128947
          ],
          [
            7.671422,
            46.128947
          ],
          [
            7.671422,
            46.128947
          ],
          [
            7.671422,
            46.128947
          ],
          [
            7.671422,
            46.128947
          ],
          [
            7.671422,
            46.128947
          ],
          [
            7.671422,
            46.128947
          ],
          [
            7.671422,
            46.128947
          ],
          [
            7.671422,
            46.128947
          ],
          [
            7.671422,
            46.128947
          ],
          [
            7.671422,
            46.128947
          ],
          [
            7.671422,
            46.128947
          ],
          [
            7.671422,
            46.128947
          ],
          [
            7.671415,
            46.128961
          ],
          [
            7.671448,
            46.128926
          ],
          [
            7.671449,
            46.128926
          ],
          [
            7.671448,
            46.128922
          ],
          [
            7.671448,
            46.128922
          ],
          [
            7.671448,
            46.128922
          ],
          [
            7.671448,
            46.128922
          ],
          [
            7.671448,
            46.128922
          ],
          [
            7.671448,
            46.128922
          ],
          [
            7.671448,
            46.128922
          ],
          [
            7.671448,
            46.128922
          ],
          [
            7.671448,
            46.128922
          ],
          [
            7.671448,
            46.128922
          ],
          [
            7.671448,
            46.128922
          ],
          [
            7.671448,
            46.128922
          ],
          [
            7.671415,
            46.128932
          ],
          [
            7.671419,
            46.128934
          ],
          [
            7.671419,
            46.128934
          ],
          [
            7.671419,
            46.128934
          ],
          [
            7.671419,
            46.128934
          ],
          [
            7.671419,
            46.128934
          ],
          [
            7.671417,
            46.128949
          ],
          [
            7.671425,
            46.128958
          ],
          [
            7.671443,
            46.128978
          ],
          [
            7.671448,
            46.128981
          ],
          [
            7.671453,
            46.128984
          ],
          [
            7.671455,
            46.128986
          ],
          [
            7.671458,
            46.128988
          ],
          [
            7.671487,
            46.129006
          ],
          [
            7.671505,
            46.129021
          ],
          [
            7.671511,
            46.129024
          ],
          [
            7.671517,
            46.129034
          ],
          [
            7.671528,
            46.12904
          ],
          [
            7.671552,
            46.129055
          ],
          [
            7.671565,
            46.129059
          ],
          [
            7.671565,
            46.12906
          ],
          [
            7.671578,
            46.129068
          ],
          [
            7.67159,
            46.129076
          ],
          [
            7.671602,
            46.129079
          ],
          [
            7.671615,
            46.129086
          ],
          [
            7.671654,
            46.129101
          ],
          [
            7.671658,
            46.129102
          ],
          [
            7.671717,
            46.129121
          ],
          [
            7.671734,
            46.129125
          ],
          [
            7.671765,
            46.129133
          ],
          [
            7.671796,
            46.129146
          ],
          [
            7.671811,
            46.129149
          ],
          [
            7.67183,
            46.12915
          ],
          [
            7.671863,
            46.129159
          ],
          [
            7.671899,
            46.129183
          ],
          [
            7.671907,
            46.129187
          ],
          [
            7.671949,
            46.129202
          ],
          [
            7.671959,
            46.129205
          ],
          [
            7.671966,
            46.129207
          ],
          [
            7.671978,
            46.129211
          ],
          [
            7.671993,
            46.129217
          ],
          [
            7.672006,
            46.129222
          ],
          [
            7.672007,
            46.129224
          ],
          [
            7.672019,
            46.129229
          ],
          [
            7.672031,
            46.129233
          ],
          [
            7.672039,
            46.129238
          ],
          [
            7.672048,
            46.12924
          ],
          [
            7.672055,
            46.129243
          ],
          [
            7.672069,
            46.12925
          ],
          [
            7.672091,
            46.129259
          ],
          [
            7.672108,
            46.129267
          ],
          [
            7.672119,
            46.129273
          ],
          [
            7.672128,
            46.129278
          ],
          [
            7.672135,
            46.129282
          ],
          [
            7.672141,
            46.129286
          ],
          [
            7.672173,
            46.1293
          ],
          [
            7.672196,
            46.129308
          ],
          [
            7.672203,
            46.129311
          ],
          [
            7.672224,
            46.129316
          ],
          [
            7.67224,
            46.129319
          ],
          [
            7.672254,
            46.129323
          ],
          [
            7.672266,
            46.129325
          ],
          [
            7.672301,
            46.129333
          ],
          [
            7.672311,
            46.129335
          ],
          [
            7.672321,
            46.129339
          ],
          [
            7.672326,
            46.129341
          ],
          [
            7.672334,
            46.129345
          ],
          [
            7.672351,
            46.129352
          ],
          [
            7.672377,
            46.129356
          ],
          [
            7.672407,
            46.129362
          ],
          [
            7.672442,
            46.12937
          ],
          [
            7.672457,
            46.12937
          ],
          [
            7.672485,
            46.129372
          ],
          [
            7.672512,
            46.129375
          ],
          [
            7.672541,
            46.129374
          ],
          [
            7.672572,
            46.12938
          ],
          [
            7.672593,
            46.129385
          ],
          [
            7.672613,
            46.129396
          ],
          [
            7.672626,
            46.129407
          ],
          [
            7.67263,
            46.129407
          ],
          [
            7.672641,
            46.129411
          ],
          [
            7.67265,
            46.129417
          ],
          [
            7.672667,
            46.129432
          ],
          [
            7.672677,
            46.129445
          ],
          [
            7.672696,
            46.129454
          ],
          [
            7.672719,
            46.129471
          ],
          [
            7.67273,
            46.129482
          ],
          [
            7.672741,
            46.12949
          ],
          [
            7.672773,
            46.129508
          ],
          [
            7.672778,
            46.129511
          ],
          [
            7.672807,
            46.129534
          ],
          [
            7.672831,
            46.129551
          ],
          [
            7.672837,
            46.129555
          ],
          [
            7.672843,
            46.129557
          ],
          [
            7.672856,
            46.129565
          ],
          [
            7.672865,
            46.129571
          ],
          [
            7.672908,
            46.129603
          ],
          [
            7.672946,
            46.129627
          ],
          [
            7.672958,
            46.129635
          ],
          [
            7.672982,
            46.129648
          ],
          [
            7.672998,
            46.129662
          ],
          [
            7.673028,
            46.129689
          ],
          [
            7.673036,
            46.129697
          ],
          [
            7.673067,
            46.129707
          ],
          [
            7.673076,
            46.12971
          ],
          [
            7.673086,
            46.129715
          ],
          [
            7.673095,
            46.12972
          ],
          [
            7.673118,
            46.129733
          ],
          [
            7.673136,
            46.129739
          ],
          [
            7.673145,
            46.129747
          ],
          [
            7.673178,
            46.129763
          ],
          [
            7.673186,
            46.129767
          ],
          [
            7.673219,
            46.129784
          ],
          [
            7.673224,
            46.129791
          ],
          [
            7.673237,
            46.129793
          ],
          [
            7.673256,
            46.129798
          ],
          [
            7.673264,
            46.129801
          ],
          [
            7.673288,
            46.12981
          ],
          [
            7.673302,
            46.129815
          ],
          [
            7.673312,
            46.129818
          ],
          [
            7.673352,
            46.129845
          ],
          [
            7.673363,
            46.129852
          ],
          [
            7.673396,
            46.129877
          ],
          [
            7.673403,
            46.12988
          ],
          [
            7.673431,
            46.129901
          ],
          [
            7.673461,
            46.12992
          ],
          [
            7.673469,
            46.129931
          ],
          [
            7.673478,
            46.129938
          ],
          [
            7.673493,
            46.12995
          ],
          [
            7.673497,
            46.129953
          ],
          [
            7.673515,
            46.12997
          ],
          [
            7.673532,
            46.129979
          ],
          [
            7.673536,
            46.129984
          ],
          [
            7.673546,
            46.129999
          ],
          [
            7.673554,
            46.130008
          ],
          [
            7.673558,
            46.130012
          ],
          [
            7.673577,
            46.130032
          ],
          [
            7.673582,
            46.130037
          ],
          [
            7.673611,
            46.13005
          ],
          [
            7.673615,
            46.130055
          ],
          [
            7.673636,
            46.130074
          ],
          [
            7.673651,
            46.130083
          ],
          [
            7.673661,
            46.13009
          ],
          [
            7.673686,
            46.130099
          ],
          [
            7.673696,
            46.130103
          ],
          [
            7.673707,
            46.130112
          ],
          [
            7.673731,
            46.130125
          ],
          [
            7.673743,
            46.130131
          ],
          [
            7.673738,
            46.130127
          ],
          [
            7.673738,
            46.130127
          ],
          [
            7.673738,
            46.130127
          ],
          [
            7.673738,
            46.130127
          ],
          [
            7.673738,
            46.130127
          ],
          [
            7.673738,
            46.130127
          ],
          [
            7.673738,
            46.130127
          ],
          [
            7.673738,
            46.130127
          ],
          [
            7.673738,
            46.130127
          ],
          [
            7.673738,
            46.130127
          ],
          [
            7.673738,
            46.130127
          ],
          [
            7.673744,
            46.130132
          ],
          [
            7.673768,
            46.130128
          ],
          [
            7.673779,
            46.130125
          ],
          [
            7.673787,
            46.130122
          ],
          [
            7.673802,
            46.130117
          ],
          [
            7.673807,
            46.130114
          ],
          [
            7.673812,
            46.130111
          ],
          [
            7.673824,
            46.130107
          ],
          [
            7.673829,
            46.130106
          ],
          [
            7.673837,
            46.130104
          ],
          [
            7.673842,
            46.130104
          ],
          [
            7.673856,
            46.1301
          ],
          [
            7.67386,
            46.130101
          ],
          [
            7.673871,
            46.130099
          ],
          [
            7.673875,
            46.1301
          ],
          [
            7.673904,
            46.130103
          ],
          [
            7.673912,
            46.130105
          ],
          [
            7.673922,
            46.130107
          ],
          [
            7.673969,
            46.130117
          ],
          [
            7.673987,
            46.130122
          ],
          [
            7.674004,
            46.13013
          ],
          [
            7.67402,
            46.130136
          ],
          [
            7.674062,
            46.130145
          ],
          [
            7.674092,
            46.130157
          ],
          [
            7.674101,
            46.130158
          ],
          [
            7.674113,
            46.130161
          ],
          [
            7.674121,
            46.130165
          ],
          [
            7.674132,
            46.130166
          ],
          [
            7.674156,
            46.130169
          ],
          [
            7.674163,
            46.130171
          ],
          [
            7.674168,
            46.130172
          ],
          [
            7.674176,
            46.130171
          ],
          [
            7.674194,
            46.130182
          ],
          [
            7.674205,
            46.13019
          ],
          [
            7.67421,
            46.130193
          ],
          [
            7.674223,
            46.130198
          ],
          [
            7.674231,
            46.130202
          ],
          [
            7.67426,
            46.130209
          ],
          [
            7.674268,
            46.130212
          ],
          [
            7.674324,
            46.130218
          ],
          [
            7.674334,
            46.13022
          ],
          [
            7.67434,
            46.130221
          ],
          [
            7.674369,
            46.130227
          ],
          [
            7.674391,
            46.130227
          ],
          [
            7.6744,
            46.13023
          ],
          [
            7.674438,
            46.130232
          ],
          [
            7.674465,
            46.13023
          ],
          [
            7.674475,
            46.130232
          ],
          [
            7.674493,
            46.130239
          ],
          [
            7.674534,
            46.130242
          ],
          [
            7.674533,
            46.130243
          ],
          [
            7.674533,
            46.130243
          ],
          [
            7.674533,
            46.130243
          ],
          [
            7.674533,
            46.130243
          ],
          [
            7.674538,
            46.130243
          ],
          [
            7.674567,
            46.130251
          ],
          [
            7.674585,
            46.130257
          ],
          [
            7.674636,
            46.130273
          ],
          [
            7.674648,
            46.130277
          ],
          [
            7.674663,
            46.130281
          ],
          [
            7.674724,
            46.130296
          ],
          [
            7.67474,
            46.130298
          ],
          [
            7.674751,
            46.1303
          ],
          [
            7.674801,
            46.130316
          ],
          [
            7.674816,
            46.130322
          ],
          [
            7.674852,
            46.130336
          ],
          [
            7.674886,
            46.130347
          ],
          [
            7.674922,
            46.130364
          ],
          [
            7.674966,
            46.130374
          ],
          [
            7.675036,
            46.130396
          ],
          [
            7.67505,
            46.130399
          ],
          [
            7.675101,
            46.130409
          ],
          [
            7.675134,
            46.130417
          ],
          [
            7.675147,
            46.130418
          ],
          [
            7.675152,
            46.130421
          ],
          [
            7.675162,
            46.130423
          ],
          [
            7.675202,
            46.130434
          ],
          [
            7.675213,
            46.130441
          ],
          [
            7.675244,
            46.13045
          ],
          [
            7.675261,
            46.130451
          ],
          [
            7.675293,
            46.130457
          ],
          [
            7.675304,
            46.130458
          ],
          [
            7.675324,
            46.130469
          ],
          [
            7.675341,
            46.130477
          ],
          [
            7.675347,
            46.130481
          ],
          [
            7.67542,
            46.13049
          ],
          [
            7.675437,
            46.130487
          ],
          [
            7.67552,
            46.130475
          ],
          [
            7.675533,
            46.130469
          ],
          [
            7.675568,
            46.130458
          ],
          [
            7.675573,
            46.130457
          ],
          [
            7.675602,
            46.130445
          ],
          [
            7.675609,
            46.130439
          ],
          [
            7.675617,
            46.130438
          ],
          [
            7.675649,
            46.130433
          ],
          [
            7.675666,
            46.130429
          ],
          [
            7.675698,
            46.130422
          ],
          [
            7.675711,
            46.130417
          ],
          [
            7.675731,
            46.130416
          ],
          [
            7.675758,
            46.130406
          ],
          [
            7.675764,
            46.130403
          ],
          [
            7.675771,
            46.130398
          ],
          [
            7.675781,
            46.130394
          ],
          [
            7.675813,
            46.130398
          ],
          [
            7.67581,
            46.130397
          ],
          [
            7.675793,
            46.130417
          ],
          [
            7.675787,
            46.13042
          ],
          [
            7.675783,
            46.130428
          ],
          [
            7.675768,
            46.130454
          ],
          [
            7.675777,
            46.130458
          ],
          [
            7.675809,
            46.13045
          ],
          [
            7.675836,
            46.130431
          ],
          [
            7.675872,
            46.130438
          ],
          [
            7.675884,
            46.13044
          ],
          [
            7.675908,
            46.130436
          ],
          [
            7.675919,
            46.130432
          ],
          [
            7.675925,
            46.13043
          ],
          [
            7.675971,
            46.130421
          ],
          [
            7.675973,
            46.130421
          ],
          [
            7.676012,
            46.130401
          ],
          [
            7.676044,
            46.130392
          ],
          [
            7.676055,
            46.130388
          ],
          [
            7.676076,
            46.130387
          ],
          [
            7.676086,
            46.130387
          ],
          [
            7.676115,
            46.130378
          ],
          [
            7.67612,
            46.130377
          ],
          [
            7.676142,
            46.130369
          ],
          [
            7.676166,
            46.130362
          ],
          [
            7.676175,
            46.130359
          ],
          [
            7.676168,
            46.13036
          ],
          [
            7.676159,
            46.130366
          ],
          [
            7.676158,
            46.130366
          ],
          [
            7.67616,
            46.130369
          ],
          [
            7.676158,
            46.130399
          ],
          [
            7.676151,
            46.130428
          ],
          [
            7.676149,
            46.13045
          ],
          [
            7.676142,
            46.130477
          ],
          [
            7.676143,
            46.13048
          ],
          [
            7.676143,
            46.130493
          ],
          [
            7.676141,
            46.130502
          ],
          [
            7.676136,
            46.130527
          ],
          [
            7.67614,
            46.130541
          ],
          [
            7.676142,
            46.130554
          ],
          [
            7.676139,
            46.130579
          ],
          [
            7.676136,
            46.130584
          ],
          [
            7.676142,
            46.130595
          ],
          [
            7.676141,
            46.130606
          ],
          [
            7.676124,
            46.130639
          ],
          [
            7.676128,
            46.130667
          ],
          [
            7.676124,
            46.130688
          ],
          [
            7.676127,
            46.130708
          ],
          [
            7.676128,
            46.130715
          ],
          [
            7.676127,
            46.130719
          ],
          [
            7.676141,
            46.13075
          ],
          [
            7.676147,
            46.130756
          ],
          [
            7.676148,
            46.130768
          ],
          [
            7.676165,
            46.130783
          ],
          [
            7.676172,
            46.130791
          ],
          [
            7.676194,
            46.130816
          ],
          [
            7.676204,
            46.130828
          ],
          [
            7.676214,
            46.130844
          ],
          [
            7.676223,
            46.130868
          ],
          [
            7.676223,
            46.130871
          ],
          [
            7.676227,
            46.130893
          ],
          [
            7.676227,
            46.130903
          ],
          [
            7.676228,
            46.130927
          ],
          [
            7.676226,
            46.130937
          ],
          [
            7.676222,
            46.130947
          ],
          [
            7.676213,
            46.130962
          ],
          [
            7.676212,
            46.13097
          ],
          [
            7.676217,
            46.130977
          ],
          [
            7.676261,
            46.130962
          ],
          [
            7.676263,
            46.130958
          ],
          [
            7.67628,
            46.130957
          ],
          [
            7.676292,
            46.130952
          ],
          [
            7.67631,
            46.130947
          ],
          [
            7.676329,
            46.130936
          ],
          [
            7.67636,
            46.130925
          ],
          [
            7.676363,
            46.130925
          ],
          [
            7.676416,
            46.130888
          ],
          [
            7.676422,
            46.13088
          ],
          [
            7.676441,
            46.130871
          ],
          [
            7.676442,
            46.130872
          ],
          [
            7.676463,
            46.130857
          ],
          [
            7.676501,
            46.13084
          ],
          [
            7.676513,
            46.130832
          ],
          [
            7.676556,
            46.130818
          ],
          [
            7.676558,
            46.130818
          ],
          [
            7.676601,
            46.1308
          ],
          [
            7.676598,
            46.130797
          ],
          [
            7.676616,
            46.130779
          ],
          [
            7.676624,
            46.130779
          ],
          [
            7.676677,
            46.130755
          ],
          [
            7.676681,
            46.130752
          ],
          [
            7.676678,
            46.13075
          ],
          [
            7.676692,
            46.130739
          ],
          [
            7.676709,
            46.130733
          ],
          [
            7.676753,
            46.130717
          ],
          [
            7.676765,
            46.130712
          ],
          [
            7.676771,
            46.130708
          ],
          [
            7.676817,
            46.130684
          ],
          [
            7.676817,
            46.130682
          ],
          [
            7.676863,
            46.130651
          ],
          [
            7.676886,
            46.130632
          ],
          [
            7.676905,
            46.130613
          ],
          [
            7.676908,
            46.130611
          ],
          [
            7.676927,
            46.130592
          ],
          [
            7.676973,
            46.13056
          ],
          [
            7.67698,
            46.130556
          ],
          [
            7.676998,
            46.130543
          ],
          [
            7.67701,
            46.130528
          ],
          [
            7.677014,
            46.130525
          ],
          [
            7.67703,
            46.130499
          ],
          [
            7.677036,
            46.130495
          ],
          [
            7.67704,
            46.130491
          ],
          [
            7.677046,
            46.130486
          ],
          [
            7.677058,
            46.130466
          ],
          [
            7.677055,
            46.130462
          ],
          [
            7.677061,
            46.130435
          ],
          [
            7.677068,
            46.130429
          ],
          [
            7.677073,
            46.130417
          ],
          [
            7.677078,
            46.13041
          ],
          [
            7.677081,
            46.130406
          ],
          [
            7.677098,
            46.130395
          ],
          [
            7.677107,
            46.130395
          ],
          [
            7.677144,
            46.130374
          ],
          [
            7.67716,
            46.130366
          ],
          [
            7.677165,
            46.130368
          ],
          [
            7.677186,
            46.130378
          ],
          [
            7.677182,
            46.130378
          ],
          [
            7.677182,
            46.130379
          ],
          [
            7.677182,
            46.13038
          ],
          [
            7.677183,
            46.130385
          ],
          [
            7.677186,
            46.130393
          ],
          [
            7.677187,
            46.130399
          ],
          [
            7.677192,
            46.13041
          ],
          [
            7.677198,
            46.130425
          ],
          [
            7.677198,
            46.130432
          ],
          [
            7.677207,
            46.130453
          ],
          [
            7.677217,
            46.130474
          ],
          [
            7.677226,
            46.130487
          ],
          [
            7.677226,
            46.13049
          ],
          [
            7.677235,
            46.130515
          ],
          [
            7.677238,
            46.13053
          ],
          [
            7.67724,
            46.130542
          ],
          [
            7.677257,
            46.130536
          ],
          [
            7.677259,
            46.130535
          ],
          [
            7.677278,
            46.130515
          ],
          [
            7.677292,
            46.130509
          ],
          [
            7.677315,
            46.130504
          ],
          [
            7.677311,
            46.130503
          ],
          [
            7.677309,
            46.130499
          ],
          [
            7.677315,
            46.130499
          ],
          [
            7.677315,
            46.130499
          ],
          [
            7.677321,
            46.130496
          ],
          [
            7.677315,
            46.1305
          ],
          [
            7.677316,
            46.130501
          ],
          [
            7.67735,
            46.130495
          ],
          [
            7.677351,
            46.130495
          ],
          [
            7.677361,
            46.130495
          ],
          [
            7.677361,
            46.130495
          ],
          [
            7.67735,
            46.130495
          ],
          [
            7.67735,
            46.130495
          ],
          [
            7.677352,
            46.130509
          ],
          [
            7.677351,
            46.13052
          ],
          [
            7.677348,
            46.130527
          ],
          [
            7.677346,
            46.130536
          ],
          [
            7.677343,
            46.130543
          ],
          [
            7.677344,
            46.130545
          ],
          [
            7.677347,
            46.13055
          ],
          [
            7.677352,
            46.130566
          ],
          [
            7.677355,
            46.130579
          ],
          [
            7.677355,
            46.130593
          ],
          [
            7.677348,
            46.130606
          ],
          [
            7.677353,
            46.130614
          ],
          [
            7.677353,
            46.130623
          ],
          [
            7.677352,
            46.13062
          ],
          [
            7.677353,
            46.13062
          ],
          [
            7.677353,
            46.130619
          ],
          [
            7.677359,
            46.130626
          ],
          [
            7.677361,
            46.130632
          ],
          [
            7.677362,
            46.130634
          ],
          [
            7.677365,
            46.130645
          ],
          [
            7.677366,
            46.130647
          ],
          [
            7.67737,
            46.130655
          ],
          [
            7.677394,
            46.130656
          ],
          [
            7.677421,
            46.130629
          ],
          [
            7.677423,
            46.130625
          ],
          [
            7.677421,
            46.130628
          ],
          [
            7.67745,
            46.130618
          ],
          [
            7.677457,
            46.130617
          ],
          [
            7.677453,
            46.13062
          ],
          [
            7.677454,
            46.130622
          ],
          [
            7.677447,
            46.130622
          ],
          [
            7.677453,
            46.130636
          ],
          [
            7.677457,
            46.130635
          ],
          [
            7.677457,
            46.130635
          ],
          [
            7.677457,
            46.130635
          ],
          [
            7.677457,
            46.130635
          ],
          [
            7.677457,
            46.130635
          ],
          [
            7.677457,
            46.130635
          ],
          [
            7.677457,
            46.130635
          ],
          [
            7.677446,
            46.130657
          ],
          [
            7.677443,
            46.130667
          ],
          [
            7.677444,
            46.130673
          ],
          [
            7.677449,
            46.130688
          ],
          [
            7.677448,
            46.130704
          ],
          [
            7.677446,
            46.130714
          ],
          [
            7.677445,
            46.130739
          ],
          [
            7.677448,
            46.13074
          ],
          [
            7.677451,
            46.130748
          ],
          [
            7.677455,
            46.130767
          ],
          [
            7.677458,
            46.130778
          ],
          [
            7.67746,
            46.130783
          ],
          [
            7.677464,
            46.130805
          ],
          [
            7.677467,
            46.130811
          ],
          [
            7.677479,
            46.130823
          ],
          [
            7.677479,
            46.130823
          ],
          [
            7.677482,
            46.130823
          ],
          [
            7.677497,
            46.130826
          ],
          [
            7.677497,
            46.130814
          ],
          [
            7.677508,
            46.130795
          ],
          [
            7.677534,
            46.130776
          ],
          [
            7.677539,
            46.13077
          ],
          [
            7.67756,
            46.130737
          ],
          [
            7.677572,
            46.130729
          ],
          [
            7.677599,
            46.130722
          ],
          [
            7.677622,
            46.130721
          ],
          [
            7.677684,
            46.130719
          ],
          [
            7.677688,
            46.13072
          ],
          [
            7.677669,
            46.130721
          ],
          [
            7.677659,
            46.130728
          ],
          [
            7.67766,
            46.130727
          ],
          [
            7.677657,
            46.130731
          ],
          [
            7.67764,
            46.130751
          ],
          [
            7.677642,
            46.13075
          ],
          [
            7.677632,
            46.130758
          ],
          [
            7.677633,
            46.130768
          ],
          [
            7.677628,
            46.130778
          ],
          [
            7.677619,
            46.130797
          ],
          [
            7.677622,
            46.130822
          ],
          [
            7.677638,
            46.130814
          ],
          [
            7.677651,
            46.130803
          ],
          [
            7.677683,
            46.130794
          ],
          [
            7.677703,
            46.130794
          ],
          [
            7.677703,
            46.130794
          ],
          [
            7.677703,
            46.130794
          ],
          [
            7.677737,
            46.130793
          ],
          [
            7.67774,
            46.130793
          ],
          [
            7.677767,
            46.130794
          ],
          [
            7.677781,
            46.13079
          ],
          [
            7.677785,
            46.13079
          ],
          [
            7.677796,
            46.130792
          ],
          [
            7.677799,
            46.130794
          ],
          [
            7.677784,
            46.130797
          ],
          [
            7.677767,
            46.130802
          ],
          [
            7.677756,
            46.130811
          ],
          [
            7.677756,
            46.130824
          ],
          [
            7.677751,
            46.130831
          ],
          [
            7.677744,
            46.130839
          ],
          [
            7.677744,
            46.130846
          ],
          [
            7.677743,
            46.130849
          ],
          [
            7.677737,
            46.130861
          ],
          [
            7.677734,
            46.130872
          ],
          [
            7.677735,
            46.130874
          ],
          [
            7.677735,
            46.130882
          ],
          [
            7.677729,
            46.130891
          ],
          [
            7.677719,
            46.130927
          ],
          [
            7.677717,
            46.130931
          ],
          [
            7.677719,
            46.130936
          ],
          [
            7.677748,
            46.130919
          ],
          [
            7.67776,
            46.130918
          ],
          [
            7.677772,
            46.130917
          ],
          [
            7.677806,
            46.130905
          ],
          [
            7.677818,
            46.1309
          ],
          [
            7.677863,
            46.130876
          ],
          [
            7.677911,
            46.130863
          ],
          [
            7.677925,
            46.130862
          ],
          [
            7.677958,
            46.130858
          ],
          [
            7.677965,
            46.130856
          ],
          [
            7.678013,
            46.130838
          ],
          [
            7.678019,
            46.130837
          ],
          [
            7.678019,
            46.130837
          ],
          [
            7.678019,
            46.130837
          ],
          [
            7.678019,
            46.130837
          ],
          [
            7.678019,
            46.130837
          ],
          [
            7.678019,
            46.130837
          ],
          [
            7.678012,
            46.130826
          ],
          [
            7.678019,
            46.130837
          ],
          [
            7.678019,
            46.130837
          ],
          [
            7.678019,
            46.130837
          ],
          [
            7.678019,
            46.130837
          ],
          [
            7.678019,
            46.130837
          ],
          [
            7.678022,
            46.130828
          ],
          [
            7.678035,
            46.130835
          ],
          [
            7.678023,
            46.130831
          ],
          [
            7.678026,
            46.130833
          ],
          [
            7.678028,
            46.130835
          ],
          [
            7.678019,
            46.130837
          ],
          [
            7.678019,
            46.130837
          ],
          [
            7.678019,
            46.130837
          ],
          [
            7.678019,
            46.130837
          ],
          [
            7.678019,
            46.130837
          ],
          [
            7.678027,
            46.130838
          ],
          [
            7.678032,
            46.130839
          ],
          [
            7.678024,
            46.130838
          ],
          [
            7.67802,
            46.130829
          ],
          [
            7.678019,
            46.130823
          ],
          [
            7.678022,
            46.130825
          ],
          [
            7.678025,
            46.130827
          ],
          [
            7.678025,
            46.130826
          ],
          [
            7.678025,
            46.130826
          ],
          [
            7.678024,
            46.130828
          ],
          [
            7.678043,
            46.130826
          ],
          [
            7.678043,
            46.130826
          ],
          [
            7.678069,
            46.130838
          ],
          [
            7.678078,
            46.13084
          ],
          [
            7.678091,
            46.130846
          ],
          [
            7.678091,
            46.130846
          ],
          [
            7.678091,
            46.130846
          ],
          [
            7.678091,
            46.130846
          ],
          [
            7.6781,
            46.130846
          ],
          [
            7.678113,
            46.13085
          ],
          [
            7.67812,
            46.130851
          ],
          [
            7.67812,
            46.130851
          ],
          [
            7.67812,
            46.130851
          ],
          [
            7.67812,
            46.130851
          ],
          [
            7.67812,
            46.130851
          ],
          [
            7.678125,
            46.130855
          ],
          [
            7.678125,
            46.130855
          ],
          [
            7.678138,
            46.130856
          ],
          [
            7.67815,
            46.130855
          ],
          [
            7.678144,
            46.130854
          ],
          [
            7.678145,
            46.130857
          ],
          [
            7.678135,
            46.130866
          ],
          [
            7.678125,
            46.130867
          ],
          [
            7.678121,
            46.130867
          ],
          [
            7.678119,
            46.130867
          ],
          [
            7.678119,
            46.130867
          ],
          [
            7.678119,
            46.130867
          ],
          [
            7.678119,
            46.130867
          ],
          [
            7.678119,
            46.130867
          ],
          [
            7.678119,
            46.130867
          ],
          [
            7.678119,
            46.130867
          ],
          [
            7.678145,
            46.130861
          ],
          [
            7.678152,
            46.130863
          ],
          [
            7.67815,
            46.130861
          ],
          [
            7.678153,
            46.130861
          ],
          [
            7.678153,
            46.130861
          ],
          [
            7.678153,
            46.130861
          ],
          [
            7.678153,
            46.130861
          ],
          [
            7.678153,
            46.130861
          ],
          [
            7.678153,
            46.130861
          ],
          [
            7.678153,
            46.130861
          ],
          [
            7.678153,
            46.130861
          ],
          [
            7.678153,
            46.130861
          ],
          [
            7.678153,
            46.130861
          ],
          [
            7.678153,
            46.130861
          ],
          [
            7.678153,
            46.130861
          ],
          [
            7.678153,
            46.130861
          ],
          [
            7.678149,
            46.13086
          ],
          [
            7.678157,
            46.130862
          ],
          [
            7.678153,
            46.130861
          ],
          [
            7.678155,
            46.130862
          ],
          [
            7.678165,
            46.130861
          ],
          [
            7.678172,
            46.130857
          ],
          [
            7.678163,
            46.130863
          ],
          [
            7.678178,
            46.13086
          ],
          [
            7.678183,
            46.130862
          ],
          [
            7.678179,
            46.130862
          ],
          [
            7.678179,
            46.130862
          ],
          [
            7.678179,
            46.130862
          ],
          [
            7.678179,
            46.130862
          ],
          [
            7.678179,
            46.130862
          ],
          [
            7.678179,
            46.130862
          ],
          [
            7.678179,
            46.130862
          ],
          [
            7.678179,
            46.130862
          ],
          [
            7.678179,
            46.130862
          ],
          [
            7.678179,
            46.130862
          ],
          [
            7.678179,
            46.130862
          ],
          [
            7.678179,
            46.130862
          ],
          [
            7.678179,
            46.130862
          ],
          [
            7.678179,
            46.130862
          ],
          [
            7.678179,
            46.130862
          ],
          [
            7.678179,
            46.130862
          ],
          [
            7.678179,
            46.130862
          ],
          [
            7.678179,
            46.130862
          ],
          [
            7.678179,
            46.130862
          ],
          [
            7.678179,
            46.130862
          ],
          [
            7.678179,
            46.130862
          ],
          [
            7.678179,
            46.130862
          ],
          [
            7.678179,
            46.130862
          ],
          [
            7.678179,
            46.130862
          ],
          [
            7.678176,
            46.130847
          ],
          [
            7.678176,
            46.130847
          ],
          [
            7.678176,
            46.130847
          ],
          [
            7.678176,
            46.130847
          ],
          [
            7.678176,
            46.130847
          ],
          [
            7.678176,
            46.130847
          ],
          [
            7.678215,
            46.13084
          ],
          [
            7.678222,
            46.130838
          ],
          [
            7.678269,
            46.130805
          ],
          [
            7.678278,
            46.130799
          ],
          [
            7.678322,
            46.130778
          ],
          [
            7.678357,
            46.130761
          ],
          [
            7.678363,
            46.130757
          ],
          [
            7.678377,
            46.13075
          ],
          [
            7.678431,
            46.130731
          ],
          [
            7.678465,
            46.130714
          ],
          [
            7.678469,
            46.13071
          ],
          [
            7.678478,
            46.130705
          ],
          [
            7.678509,
            46.130684
          ],
          [
            7.678564,
            46.130657
          ],
          [
            7.678583,
            46.130652
          ],
          [
            7.678601,
            46.130646
          ],
          [
            7.678617,
            46.130641
          ],
          [
            7.678673,
            46.130615
          ],
          [
            7.678698,
            46.130601
          ],
          [
            7.678717,
            46.130593
          ],
          [
            7.678742,
            46.130579
          ],
          [
            7.678763,
            46.130574
          ],
          [
            7.67878,
            46.130569
          ],
          [
            7.67878,
            46.130569
          ],
          [
            7.67878,
            46.130569
          ],
          [
            7.678782,
            46.130565
          ],
          [
            7.678813,
            46.130545
          ],
          [
            7.678818,
            46.130542
          ],
          [
            7.678821,
            46.130545
          ],
          [
            7.678824,
            46.130548
          ],
          [
            7.678864,
            46.130545
          ],
          [
            7.678865,
            46.130543
          ],
          [
            7.678886,
            46.130526
          ],
          [
            7.67892,
            46.13051
          ],
          [
            7.67894,
            46.130508
          ],
          [
            7.678946,
            46.130507
          ],
          [
            7.678986,
            46.130499
          ],
          [
            7.678997,
            46.130496
          ],
          [
            7.67901,
            46.130491
          ],
          [
            7.679048,
            46.130488
          ],
          [
            7.67906,
            46.130486
          ],
          [
            7.679104,
            46.13048
          ],
          [
            7.679155,
            46.130478
          ],
          [
            7.679172,
            46.130474
          ],
          [
            7.679203,
            46.130463
          ],
          [
            7.679253,
            46.130427
          ],
          [
            7.67926,
            46.130425
          ],
          [
            7.679276,
            46.130413
          ],
          [
            7.67929,
            46.130405
          ],
          [
            7.679309,
            46.130387
          ],
          [
            7.679314,
            46.130385
          ],
          [
            7.679349,
            46.130375
          ],
          [
            7.67935,
            46.130374
          ],
          [
            7.679361,
            46.130367
          ],
          [
            7.679366,
            46.130364
          ],
          [
            7.679383,
            46.130364
          ],
          [
            7.679388,
            46.130361
          ],
          [
            7.679397,
            46.130361
          ],
          [
            7.67941,
            46.130364
          ],
          [
            7.679416,
            46.130365
          ],
          [
            7.679421,
            46.130365
          ],
          [
            7.679448,
            46.130344
          ],
          [
            7.679471,
            46.130328
          ],
          [
            7.679484,
            46.130323
          ],
          [
            7.679526,
            46.130309
          ],
          [
            7.679524,
            46.1303
          ],
          [
            7.679525,
            46.130281
          ],
          [
            7.679516,
            46.130232
          ],
          [
            7.679513,
            46.130214
          ],
          [
            7.679507,
            46.130174
          ],
          [
            7.679514,
            46.130165
          ],
          [
            7.679546,
            46.130147
          ],
          [
            7.679552,
            46.130144
          ],
          [
            7.679562,
            46.130131
          ],
          [
            7.679562,
            46.130131
          ],
          [
            7.679562,
            46.130131
          ],
          [
            7.679562,
            46.130131
          ],
          [
            7.679562,
            46.130131
          ],
          [
            7.679562,
            46.130131
          ],
          [
            7.679562,
            46.130131
          ],
          [
            7.679562,
            46.130131
          ],
          [
            7.679562,
            46.130131
          ],
          [
            7.679562,
            46.130131
          ]
        ]
      },
      "properties": {
        "name": "18152768831"
      }
    }
  ]
}