{
  "type": "FeatureCollection",
  "features": [
    {
      "type": "Feature",
      "geometry": {
        "type": "LineString",
        "coordinates": [
          [
            9.876306,
            46.676254
          ],
          [
            9.876306,
            46.676254
          ],
          [
            9.876306,
            46.676254
          ],
          [
            9.876306,
            46.676254
          ],
          [
            9.876321,
            46.676247
          ],
          [
            9.876453,
            46.67621
          ],
          [
            9.876557,
            46.676184
          ],
          [
            9.87665,
            46.676156
          ],
          [
            9.87678,
            46.676136
          ],
          [
            9.876848,
            46.676114
          ],
          [
            9.876875,
            46.676107
          ],
          [
            9.87698,
            46.676093
          ],
          [
            9.877083,
            46.676073
          ],
          [
            9.877113,
            46.676061
          ],
          [
            9.877214,
            46.676041
          ],
          [
            9.877254,
            46.676034
          ],
          [
            9.877321,
            46.676021
          ],
          [
            9.877347,
            46.67602
          ],
          [
            9.8774,
            46.676006
          ],
          [
            9.877412,
            46.676005
          ],
          [
            9.877438,
            46.676013
          ],
          [
            9.877483,
            46.676017
          ],
          [
            9.8776,
            46.676029
          ],
          [
            9.877638,
            46.676039
          ],
          [
            9.877653,
            46.676034
          ],
          [
            9.877737,
            46.676017
          ],
          [
            9.877773,
            46.676004
          ],
          [
            9.877863,
            46.675999
          ],
          [
            9.8779,
            46.676001
          ],
          [
            9.87805,
            46.676005
          ],
          [
            9.878187,
            46.67602
          ],
          [
            9.878205,
            46.67602
          ],
          [
            9.8783,
            46.676005
          ],
          [
            9.878411,
            46.676027
          ],
          [
            9.878427,
            46.676026
          ],
          [
            9.878436,
            46.676026
          ],
          [
            9.878436,
            46.676026
          ],
          [
            9.878436,
            46.676026
          ],
          [
            9.878436,
            46.676026
          ],
          [
            9.878442,
            46.676029
          ],
          [
            9.878436,
            46.676026
          ],
          [
            9.878436,
            46.676026
          ],
          [
            9.878448,
            46.676036
          ],
          [
            9.878469,
            46.67603
          ],
          [
            9.878467,
            46.676024
          ],
          [
            9.878467,
            46.676024
          ],
          [
            9.87846,
            46.676015
          ],
          [
            9.878431,
            46.676027
          ],
          [
            9.878425,
            46.676033
          ],
          [
            9.87846,
            46.676036
          ],
          [
            9.878457,
            46.67602
          ],
          [
            9.878457,
            46.67602
          ],
          [
            9.878443,
            46.676032
          ],
          [
            9.878438,
            46.676038
          ],
          [
            9.878439,
            46.676038
          ],
          [
            9.878439,
            46.676038
          ],
          [
            9.878439,
            46.676038
          ],
          [
            9.878439,
            46.676038
          ],
          [
            9.878445,
            46.676042
          ],
          [
            9.878439,
            46.676038
          ],
          [
            9.878446,
            46.67604
          ],
          [
            9.878445,
            46.676037
          ],
          [
            9.878444,
            46.676038
          ],
          [
            9.878443,
            46.676033
          ],
          [
            9.878451,
            46.676043
          ],
          [
            9.878439,
            46.676038
          ],
          [
            9.878439,
            46.676038
          ],
          [
            9.878435,
            46.676047
          ],
          [
            9.878436,
            46.676039
          ],
          [
            9.878439,
            46.676038
          ],
          [
            9.878439,
            46.676038
          ],
          [
            9.878438,
            46.676035
          ],
          [
            9.878442,
            46.676037
          ],
          [
            9.878437,
            46.676044
          ],
          [
            9.878445,
            46.676045
          ],
          [
            9.878439,
            46.676038
          ],
          [
            9.878439,
            46.676038
          ],
          [
            9.878439,
            46.676038
          ],
          [
            9.87845,
            46.676041
          ],
          [
            9.878451,
            46.676042
          ],
          [
            9.878439,
            46.676038
          ],
          [
            9.878453,
            46.676033
          ],
          [
            9.878448,
            46.67604
          ],
          [
            9.878439,
            46.676038
          ],
          [
            9.878454,
            46.676041
          ],
          [
            9.878444,
            46.67604
          ],
          [
            9.878446,
            46.676038
          ],
          [
            9.878439,
            46.676038
          ],
          [
            9.878439,
            46.676038
          ],
          [
            9.878439,
            46.676038
          ],
          [
            9.878439,
            46.676038
          ],
          [
            9.878439,
            46.676038
          ],
          [
            9.878439,
            46.676038
          ],
          [
            9.878439,
            46.676038
          ],
          [
            9.878439,
            46.676038
          ],
          [
            9.878455,
            46.676044
          ],
          [
            9.878456,
            46.676042
          ],
          [
            9.878455,
            46.676047
          ],
          [
            9.878459,
            46.676045
          ],
          [
            9.878459,
            46.676045
          ],
          [
            9.878455,
            46.676043
          ],
          [
            9.878454,
            46.676035
          ],
          [
            9.878444,
            46.676034
          ],
          [
            9.878443,
            46.676043
          ],
          [
            9.878443,
            46.676034
          ],
          [
            9.878442,
            46.676034
          ],
          [
            9.878443,
            46.676032
          ],
          [
            9.878439,
            46.676033
          ],
          [
            9.878439,
            46.676035
          ],
          [
            9.878448,
            46.676033
          ],
          [
            9.878444,
            46.676031
          ],
          [
            9.878447,
            46.676033
          ],
          [
            9.878447,
            46.676033
          ],
          [
            9.878441,
            46.676034
          ],
          [
            9.878447,
            46.676033
          ],
          [
            9.878447,
            46.676033
          ],
          [
            9.878448,
            46.676042
          ],
          [
            9.878442,
            46.676033
          ],
          [
            9.878447,
            46.676033
          ],
          [
            9.878444,
            46.676045
          ],
          [
            9.878447,
            46.676033
          ],
          [
            9.878447,
            46.676033
          ],
          [
            9.878447,
            46.676033
          ],
          [
            9.878447,
            46.676033
          ],
          [
            9.878447,
            46.676033
          ],
          [
            9.878447,
            46.676033
          ],
          [
            9.878447,
            46.676033
          ],
          [
            9.878447,
            46.676033
          ],
          [
            9.878447,
            46.676033
          ],
          [
            9.878447,
            46.676033
          ],
          [
            9.878447,
            46.676033
          ],
          [
            9.878447,
            46.676033
          ],
          [
            9.878447,
            46.676033
          ],
          [
            9.878447,
            46.676033
          ],
          [
            9.878447,
            46.676033
          ],
          [
            9.878447,
            46.676033
          ],
          [
            9.878447,
            46.676033
          ],
          [
            9.878447,
            46.676033
          ],
          [
            9.878447,
            46.676033
          ],
          [
            9.878447,
            46.676033
          ],
          [
            9.878447,
            46.676033
          ],
          [
            9.878447,
            46.676033
          ],
          [
            9.878447,
            46.676033
          ],
          [
            9.878471,
            46.67606
          ],
          [
            9.878495,
            46.676071
          ],
          [
            9.87852,
            46.676073
          ],
          [
            9.878574,
            46.676051
          ],
          [
            9.878646,
            46.676065
          ],
          [
            9.878671,
            46.676076
          ],
          [
            9.878748,
            46.676063
          ],
          [
            9.878821,
            46.676027
          ],
          [
            9.878854,
            46.676006
          ],
          [
            9.878932,
            46.675972
          ],
          [
            9.879006,
            46.675965
          ],
          [
            9.879042,
            46.675956
          ],
          [
            9.879157,
            46.675922
          ],
          [
            9.879171,
            46.67592
          ],
          [
            9.879236,
            46.675942
          ],
          [
            9.879336,
            46.675996
          ],
          [
            9.879402,
            46.676054
          ],
          [
            9.879446,
            46.676134
          ],
          [
            9.879549,
            46.676137
          ],
          [
            9.879583,
            46.676133
          ],
          [
            9.879675,
            46.676138
          ],
          [
            9.879777,
            46.676169
          ],
          [
            9.879791,
            46.676176
          ],
          [
            9.879894,
            46.676191
          ],
          [
            9.879905,
            46.676178
          ],
          [
            9.87994,
            46.676154
          ],
          [
            9.880001,
            46.67612
          ],
          [
            9.880022,
            46.676104
          ],
          [
            9.880064,
            46.676068
          ],
          [
            9.880071,
            46.676053
          ],
          [
            9.880109,
            46.676014
          ],
          [
            9.880162,
            46.675979
          ],
          [
            9.88022,
            46.675926
          ],
          [
            9.880226,
            46.675918
          ],
          [
            9.880292,
            46.675878
          ],
          [
            9.880374,
            46.675826
          ],
          [
            9.880378,
            46.675816
          ],
          [
            9.880441,
            46.675717
          ],
          [
            9.880515,
            46.67563
          ],
          [
            9.880587,
            46.675558
          ],
          [
            9.880663,
            46.675468
          ],
          [
            9.880751,
            46.675391
          ],
          [
            9.880834,
            46.675302
          ],
          [
            9.880917,
            46.675215
          ],
          [
            9.880969,
            46.675118
          ],
          [
            9.880976,
            46.675107
          ],
          [
            9.880982,
            46.675043
          ],
          [
            9.880998,
            46.675022
          ],
          [
            9.881058,
            46.67497
          ],
          [
            9.881149,
            46.674906
          ],
          [
            9.881179,
            46.674834
          ],
          [
            9.881182,
            46.674821
          ],
          [
            9.881186,
            46.674725
          ],
          [
            9.881266,
            46.674606
          ],
          [
            9.881353,
            46.674552
          ],
          [
            9.881371,
            46.674518
          ],
          [
            9.88139,
            46.674469
          ],
          [
            9.881407,
            46.674448
          ],
          [
            9.881417,
            46.674397
          ],
          [
            9.881423,
            46.674329
          ],
          [
            9.881425,
            46.674311
          ],
          [
            9.881435,
            46.674283
          ],
          [
            9.881434,
            46.674219
          ],
          [
            9.881449,
            46.674122
          ],
          [
            9.88146,
            46.674057
          ],
          [
            9.881484,
            46.673979
          ],
          [
            9.881483,
            46.673897
          ],
          [
            9.881504,
            46.673805
          ],
          [
            9.881536,
            46.673741
          ],
          [
            9.881603,
            46.673665
          ],
          [
            9.881704,
            46.673597
          ],
          [
            9.881761,
            46.673521
          ],
          [
            9.88185,
            46.673421
          ],
          [
            9.881879,
            46.673341
          ],
          [
            9.881927,
            46.673257
          ],
          [
            9.881933,
            46.673219
          ],
          [
            9.881947,
            46.67318
          ],
          [
            9.881959,
            46.673156
          ],
          [
            9.881954,
            46.673104
          ],
          [
            9.881956,
            46.67305
          ],
          [
            9.88196,
            46.673022
          ],
          [
            9.881958,
            46.672969
          ],
          [
            9.881948,
            46.67294
          ],
          [
            9.881958,
            46.67283
          ],
          [
            9.882003,
            46.672753
          ],
          [
            9.882008,
            46.672742
          ],
          [
            9.882047,
            46.672662
          ],
          [
            9.882055,
            46.67258
          ],
          [
            9.882063,
            46.672562
          ],
          [
            9.882068,
            46.672514
          ],
          [
            9.882071,
            46.672468
          ],
          [
            9.882075,
            46.672432
          ],
          [
            9.882079,
            46.672358
          ],
          [
            9.882108,
            46.672277
          ],
          [
            9.88211,
            46.67221
          ],
          [
            9.882106,
            46.672184
          ],
          [
            9.882109,
            46.672112
          ],
          [
            9.882105,
            46.672042
          ],
          [
            9.8821,
            46.671933
          ],
          [
            9.882089,
            46.671866
          ],
          [
            9.882081,
            46.6718
          ],
          [
            9.8821,
            46.671777
          ],
          [
            9.882139,
            46.671708
          ],
          [
            9.882142,
            46.671672
          ],
          [
            9.882136,
            46.671639
          ],
          [
            9.882138,
            46.671621
          ],
          [
            9.882176,
            46.671544
          ],
          [
            9.882255,
            46.671443
          ],
          [
            9.882312,
            46.671341
          ],
          [
            9.882325,
            46.671276
          ],
          [
            9.882329,
            46.671247
          ],
          [
            9.882342,
            46.671211
          ],
          [
            9.882346,
            46.671204
          ],
          [
            9.882341,
            46.671197
          ],
          [
            9.882339,
            46.671189
          ],
          [
            9.882328,
            46.671144
          ],
          [
            9.882325,
            46.671137
          ],
          [
            9.882329,
            46.671107
          ],
          [
            9.882332,
            46.671098
          ],
          [
            9.882343,
            46.671038
          ],
          [
            9.882343,
            46.671029
          ],
          [
            9.882361,
            46.670974
          ],
          [
            9.882379,
            46.670958
          ],
          [
            9.882386,
            46.670943
          ],
          [
            9.882395,
            46.670918
          ],
          [
            9.882414,
            46.670881
          ],
          [
            9.882413,
            46.670858
          ],
          [
            9.882407,
            46.670832
          ],
          [
            9.882405,
            46.670816
          ],
          [
            9.882409,
            46.670798
          ],
          [
            9.882409,
            46.670769
          ],
          [
            9.882417,
            46.670749
          ],
          [
            9.882432,
            46.670726
          ],
          [
            9.882496,
            46.670687
          ],
          [
            9.882533,
            46.670638
          ],
          [
            9.882541,
            46.670618
          ],
          [
            9.882546,
            46.670546
          ],
          [
            9.882544,
            46.670534
          ],
          [
            9.882544,
            46.670484
          ],
          [
            9.882544,
            46.670459
          ],
          [
            9.882534,
            46.67043
          ],
          [
            9.882533,
            46.670378
          ],
          [
            9.882537,
            46.670353
          ],
          [
            9.882556,
            46.670315
          ],
          [
            9.882565,
            46.670273
          ],
          [
            9.882591,
            46.670185
          ],
          [
            9.882612,
            46.670134
          ],
          [
            9.882632,
            46.670088
          ],
          [
            9.882645,
            46.670051
          ],
          [
            9.882652,
            46.670034
          ],
          [
            9.882687,
            46.669966
          ],
          [
            9.882689,
            46.669956
          ],
          [
            9.882712,
            46.669863
          ],
          [
            9.882728,
            46.669822
          ],
          [
            9.882748,
            46.669772
          ],
          [
            9.882763,
            46.669669
          ],
          [
            9.882765,
            46.669659
          ],
          [
            9.882769,
            46.669579
          ],
          [
            9.882804,
            46.669499
          ],
          [
            9.882804,
            46.669449
          ],
          [
            9.882789,
            46.669408
          ],
          [
            9.88279,
            46.669313
          ],
          [
            9.882785,
            46.669237
          ],
          [
            9.882781,
            46.66922
          ],
          [
            9.882769,
            46.66914
          ],
          [
            9.882768,
            46.66912
          ],
          [
            9.882755,
            46.669
          ],
          [
            9.882761,
            46.668977
          ],
          [
            9.882752,
            46.668968
          ],
          [
            9.88274,
            46.668936
          ],
          [
            9.882752,
            46.668901
          ],
          [
            9.882767,
            46.668871
          ],
          [
            9.882788,
            46.668812
          ],
          [
            9.882791,
            46.6688
          ],
          [
            9.882814,
            46.668733
          ],
          [
            9.882856,
            46.668664
          ],
          [
            9.882858,
            46.668658
          ],
          [
            9.882863,
            46.668617
          ],
          [
            9.882869,
            46.66861
          ],
          [
            9.882879,
            46.668548
          ],
          [
            9.882866,
            46.668516
          ],
          [
            9.882867,
            46.66851
          ],
          [
            9.88287,
            46.668503
          ],
          [
            9.882877,
            46.668453
          ],
          [
            9.882874,
            46.668423
          ],
          [
            9.882868,
            46.668411
          ],
          [
            9.882831,
            46.668382
          ],
          [
            9.882814,
            46.668373
          ],
          [
            9.882773,
            46.668355
          ],
          [
            9.882727,
            46.668325
          ],
          [
            9.882719,
            46.668313
          ],
          [
            9.882705,
            46.668274
          ],
          [
            9.882711,
            46.668256
          ],
          [
            9.882707,
            46.668176
          ],
          [
            9.882729,
            46.668135
          ],
          [
            9.882741,
            46.66813
          ],
          [
            9.882747,
            46.668124
          ],
          [
            9.882769,
            46.668065
          ],
          [
            9.88279,
            46.668001
          ],
          [
            9.882797,
            46.667994
          ],
          [
            9.882835,
            46.667932
          ],
          [
            9.882871,
            46.667903
          ],
          [
            9.882884,
            46.66789
          ],
          [
            9.882892,
            46.667884
          ],
          [
            9.882917,
            46.667826
          ],
          [
            9.882936,
            46.667805
          ],
          [
            9.882942,
            46.667768
          ],
          [
            9.88294,
            46.667758
          ],
          [
            9.882943,
            46.66771
          ],
          [
            9.88295,
            46.667698
          ],
          [
            9.882969,
            46.667633
          ],
          [
            9.882969,
            46.667626
          ],
          [
            9.882973,
            46.667583
          ],
          [
            9.882981,
            46.667558
          ],
          [
            9.883012,
            46.667511
          ],
          [
            9.883015,
            46.667492
          ],
          [
            9.883036,
            46.667462
          ],
          [
            9.883034,
            46.667454
          ],
          [
            9.883041,
            46.667409
          ],
          [
            9.883042,
            46.667401
          ],
          [
            9.883056,
            46.667353
          ],
          [
            9.883057,
            46.667349
          ],
          [
            9.883064,
            46.667346
          ],
          [
            9.883098,
            46.6673
          ],
          [
            9.883114,
            46.667283
          ],
          [
            9.883125,
            46.667227
          ],
          [
            9.883139,
            46.667181
          ],
          [
            9.883139,
            46.667174
          ],
          [
            9.88314,
            46.667146
          ],
          [
            9.883138,
            46.667135
          ],
          [
            9.883138,
            46.667108
          ],
          [
            9.883134,
            46.667062
          ],
          [
            9.883135,
            46.667055
          ],
          [
            9.883135,
            46.667022
          ],
          [
            9.883163,
            46.667
          ],
          [
            9.883186,
            46.666947
          ],
          [
            9.88319,
            46.666927
          ],
          [
            9.883178,
            46.666858
          ],
          [
            9.883186,
            46.666833
          ],
          [
            9.883187,
            46.666799
          ],
          [
            9.88319,
            46.66678
          ],
          [
            9.883204,
            46.666721
          ],
          [
            9.883226,
            46.666672
          ],
          [
            9.88323,
            46.66666
          ],
          [
            9.883253,
            46.666604
          ],
          [
            9.883258,
            46.666597
          ],
          [
            9.883262,
            46.666571
          ],
          [
            9.883246,
            46.666529
          ],
          [
            9.883254,
            46.666523
          ],
          [
            9.883273,
            46.666501
          ],
          [
            9.883274,
            46.666474
          ],
          [
            9.88328,
            46.666403
          ],
          [
            9.883276,
            46.666354
          ],
          [
            9.88334,
            46.666308
          ],
          [
            9.883349,
            46.666304
          ],
          [
            9.88341,
            46.666279
          ],
          [
            9.883432,
            46.666255
          ],
          [
            9.883433,
            46.666244
          ],
          [
            9.883463,
            46.666147
          ],
          [
            9.883441,
            46.666094
          ],
          [
            9.883462,
            46.666041
          ],
          [
            9.883509,
            46.665973
          ],
          [
            9.883538,
            46.665917
          ],
          [
            9.883567,
            46.665844
          ],
          [
            9.883594,
            46.665736
          ],
          [
            9.883575,
            46.665682
          ],
          [
            9.883576,
            46.665682
          ],
          [
            9.88358,
            46.665675
          ],
          [
            9.88358,
            46.665641
          ],
          [
            9.883576,
            46.665633
          ],
          [
            9.883541,
            46.665587
          ],
          [
            9.883528,
            46.665566
          ],
          [
            9.883529,
            46.66554
          ],
          [
            9.883502,
            46.665501
          ],
          [
            9.883493,
            46.665491
          ],
          [
            9.883437,
            46.665446
          ],
          [
            9.883421,
            46.665438
          ],
          [
            9.883353,
            46.665418
          ],
          [
            9.883352,
            46.66541
          ],
          [
            9.883336,
            46.665377
          ],
          [
            9.883346,
            46.665362
          ],
          [
            9.883349,
            46.665335
          ],
          [
            9.883355,
            46.665274
          ],
          [
            9.883358,
            46.665242
          ],
          [
            9.88336,
            46.665235
          ],
          [
            9.883348,
            46.665164
          ],
          [
            9.883335,
            46.665142
          ],
          [
            9.883315,
            46.665109
          ],
          [
            9.883316,
            46.66511
          ],
          [
            9.883318,
            46.665109
          ],
          [
            9.883295,
            46.665078
          ],
          [
            9.883267,
            46.665054
          ],
          [
            9.883272,
            46.665042
          ],
          [
            9.88325,
            46.664993
          ],
          [
            9.883239,
            46.664984
          ],
          [
            9.883187,
            46.664915
          ],
          [
            9.883124,
            46.664868
          ],
          [
            9.883123,
            46.664859
          ],
          [
            9.88311,
            46.664846
          ],
          [
            9.883104,
            46.664835
          ],
          [
            9.883091,
            46.664789
          ],
          [
            9.883055,
            46.664753
          ],
          [
            9.883016,
            46.664711
          ],
          [
            9.88299,
            46.664644
          ],
          [
            9.882936,
            46.664593
          ],
          [
            9.882891,
            46.664525
          ],
          [
            9.88285,
            46.664458
          ],
          [
            9.882847,
            46.664446
          ],
          [
            9.882826,
            46.664385
          ],
          [
            9.882773,
            46.664342
          ],
          [
            9.88276,
            46.664332
          ],
          [
            9.882712,
            46.664255
          ],
          [
            9.882666,
            46.664191
          ],
          [
            9.882657,
            46.664178
          ],
          [
            9.882579,
            46.664128
          ],
          [
            9.882554,
            46.66412
          ],
          [
            9.88255,
            46.664105
          ],
          [
            9.882556,
            46.6641
          ],
          [
            9.882566,
            46.66409
          ],
          [
            9.882578,
            46.66405
          ],
          [
            9.882577,
            46.664036
          ],
          [
            9.882562,
            46.664005
          ],
          [
            9.882558,
            46.663982
          ],
          [
            9.88256,
            46.663976
          ],
          [
            9.882553,
            46.663972
          ],
          [
            9.882553,
            46.663974
          ],
          [
            9.882553,
            46.663971
          ],
          [
            9.882567,
            46.663951
          ],
          [
            9.882577,
            46.663929
          ],
          [
            9.882584,
            46.663915
          ],
          [
            9.882587,
            46.663904
          ],
          [
            9.882587,
            46.663878
          ],
          [
            9.882538,
            46.663829
          ],
          [
            9.882485,
            46.663776
          ],
          [
            9.882473,
            46.663764
          ],
          [
            9.882409,
            46.663727
          ],
          [
            9.882409,
            46.663713
          ],
          [
            9.88238,
            46.663671
          ],
          [
            9.882366,
            46.663663
          ],
          [
            9.88233,
            46.663651
          ],
          [
            9.882286,
            46.66363
          ],
          [
            9.882282,
            46.663621
          ],
          [
            9.882257,
            46.663609
          ],
          [
            9.882205,
            46.663594
          ],
          [
            9.88211,
            46.663514
          ],
          [
            9.882061,
            46.663484
          ],
          [
            9.882007,
            46.663441
          ],
          [
            9.881956,
            46.66339
          ],
          [
            9.881917,
            46.663345
          ],
          [
            9.881899,
            46.663318
          ],
          [
            9.881896,
            46.663302
          ],
          [
            9.881874,
            46.663274
          ],
          [
            9.881864,
            46.663258
          ],
          [
            9.881855,
            46.663238
          ],
          [
            9.88182,
            46.663174
          ],
          [
            9.881796,
            46.663148
          ],
          [
            9.881793,
            46.663132
          ],
          [
            9.881791,
            46.663121
          ],
          [
            9.881758,
            46.663055
          ],
          [
            9.88175,
            46.663039
          ],
          [
            9.881728,
            46.663003
          ],
          [
            9.881704,
            46.662922
          ],
          [
            9.881695,
            46.662886
          ],
          [
            9.881692,
            46.662877
          ],
          [
            9.881672,
            46.662811
          ],
          [
            9.881678,
            46.662801
          ],
          [
            9.881689,
            46.662768
          ],
          [
            9.881682,
            46.662739
          ],
          [
            9.881656,
            46.662711
          ],
          [
            9.881645,
            46.662672
          ],
          [
            9.881647,
            46.662634
          ],
          [
            9.881648,
            46.662611
          ],
          [
            9.881651,
            46.662591
          ],
          [
            9.881634,
            46.662513
          ],
          [
            9.881628,
            46.662451
          ],
          [
            9.881661,
            46.662387
          ],
          [
            9.881673,
            46.662294
          ],
          [
            9.881674,
            46.662282
          ],
          [
            9.881667,
            46.66222
          ],
          [
            9.88166,
            46.662192
          ],
          [
            9.881672,
            46.662152
          ],
          [
            9.881658,
            46.662122
          ],
          [
            9.881641,
            46.662074
          ],
          [
            9.881639,
            46.662062
          ],
          [
            9.881627,
            46.662013
          ],
          [
            9.881622,
            46.661942
          ],
          [
            9.881616,
            46.66193
          ],
          [
            9.881618,
            46.661866
          ],
          [
            9.881594,
            46.661805
          ],
          [
            9.881591,
            46.661784
          ],
          [
            9.881603,
            46.661725
          ],
          [
            9.881581,
            46.661635
          ],
          [
            9.881558,
            46.661575
          ],
          [
            9.881536,
            46.661542
          ],
          [
            9.881539,
            46.661491
          ],
          [
            9.881538,
            46.661421
          ],
          [
            9.881525,
            46.661365
          ],
          [
            9.881479,
            46.661302
          ],
          [
            9.881452,
            46.661265
          ],
          [
            9.881443,
            46.661229
          ],
          [
            9.881394,
            46.661145
          ],
          [
            9.881384,
            46.661135
          ],
          [
            9.881339,
            46.661051
          ],
          [
            9.881339,
            46.661043
          ],
          [
            9.88134,
            46.661
          ],
          [
            9.881329,
            46.660972
          ],
          [
            9.881306,
            46.660938
          ],
          [
            9.881279,
            46.660908
          ],
          [
            9.881272,
            46.660899
          ],
          [
            9.881265,
            46.660867
          ],
          [
            9.881272,
            46.660826
          ],
          [
            9.88127,
            46.66081
          ],
          [
            9.881268,
            46.660764
          ],
          [
            9.881254,
            46.660676
          ],
          [
            9.88126,
            46.660567
          ],
          [
            9.881259,
            46.660537
          ],
          [
            9.881239,
            46.660452
          ],
          [
            9.881244,
            46.660364
          ],
          [
            9.881269,
            46.660299
          ],
          [
            9.881283,
            46.660236
          ],
          [
            9.881282,
            46.660219
          ],
          [
            9.881299,
            46.66017
          ],
          [
            9.881303,
            46.660149
          ],
          [
            9.88134,
            46.66009
          ],
          [
            9.881377,
            46.660011
          ],
          [
            9.88139,
            46.659948
          ],
          [
            9.881405,
            46.659895
          ],
          [
            9.881418,
            46.65987
          ],
          [
            9.881457,
            46.659809
          ],
          [
            9.881495,
            46.659736
          ],
          [
            9.88151,
            46.659642
          ],
          [
            9.881508,
            46.659619
          ],
          [
            9.881532,
            46.659585
          ],
          [
            9.881553,
            46.659525
          ],
          [
            9.88155,
            46.659481
          ],
          [
            9.881546,
            46.659379
          ],
          [
            9.88155,
            46.659296
          ],
          [
            9.881529,
            46.659204
          ],
          [
            9.881521,
            46.65919
          ],
          [
            9.881495,
            46.659149
          ],
          [
            9.881493,
            46.659138
          ],
          [
            9.881488,
            46.659118
          ],
          [
            9.881491,
            46.659026
          ],
          [
            9.881474,
            46.658925
          ],
          [
            9.88147,
            46.658916
          ],
          [
            9.881456,
            46.658814
          ],
          [
            9.881482,
            46.65875
          ],
          [
            9.88148,
            46.658702
          ],
          [
            9.88153,
            46.658639
          ],
          [
            9.881579,
            46.658584
          ],
          [
            9.881581,
            46.658577
          ],
          [
            9.881586,
            46.658543
          ],
          [
            9.881587,
            46.658517
          ],
          [
            9.881617,
            46.658471
          ],
          [
            9.881622,
            46.658461
          ],
          [
            9.881626,
            46.658362
          ],
          [
            9.88161,
            46.658287
          ],
          [
            9.881613,
            46.658269
          ],
          [
            9.881624,
            46.65818
          ],
          [
            9.881607,
            46.658137
          ],
          [
            9.881605,
            46.65811
          ],
          [
            9.881604,
            46.658056
          ],
          [
            9.881588,
            46.65799
          ],
          [
            9.881585,
            46.657982
          ],
          [
            9.881539,
            46.657923
          ],
          [
            9.881505,
            46.657881
          ],
          [
            9.881488,
            46.657865
          ],
          [
            9.881446,
            46.65782
          ],
          [
            9.881437,
            46.657798
          ],
          [
            9.881424,
            46.657786
          ],
          [
            9.88141,
            46.657764
          ],
          [
            9.881411,
            46.657764
          ],
          [
            9.881389,
            46.657717
          ],
          [
            9.881354,
            46.657618
          ],
          [
            9.881353,
            46.657609
          ],
          [
            9.881347,
            46.657575
          ],
          [
            9.881341,
            46.657551
          ],
          [
            9.881338,
            46.657544
          ],
          [
            9.881328,
            46.657516
          ],
          [
            9.881318,
            46.657501
          ],
          [
            9.881308,
            46.65749
          ],
          [
            9.881293,
            46.657467
          ],
          [
            9.88129,
            46.657465
          ],
          [
            9.881299,
            46.657448
          ],
          [
            9.881274,
            46.657389
          ],
          [
            9.881264,
            46.65738
          ],
          [
            9.88126,
            46.657346
          ],
          [
            9.881229,
            46.657302
          ],
          [
            9.881222,
            46.657286
          ],
          [
            9.881218,
            46.657275
          ],
          [
            9.881211,
            46.657258
          ],
          [
            9.881212,
            46.657264
          ],
          [
            9.881209,
            46.657264
          ],
          [
            9.881223,
            46.657275
          ],
          [
            9.881223,
            46.657275
          ],
          [
            9.881214,
            46.657263
          ],
          [
            9.881207,
            46.657247
          ],
          [
            9.881182,
            46.657216
          ],
          [
            9.88117,
            46.657197
          ],
          [
            9.881166,
            46.657198
          ],
          [
            9.881133,
            46.657165
          ],
          [
            9.88109,
            46.657121
          ],
          [
            9.88105,
            46.657081
          ],
          [
            9.881035,
            46.657048
          ],
          [
            9.881018,
            46.657017
          ],
          [
            9.880974,
            46.656969
          ],
          [
            9.880965,
            46.65697
          ],
          [
            9.880953,
            46.656967
          ],
          [
            9.880942,
            46.656949
          ],
          [
            9.880905,
            46.656905
          ],
          [
            9.880837,
            46.656867
          ],
          [
            9.88083,
            46.656863
          ],
          [
            9.880824,
            46.656857
          ],
          [
            9.880805,
            46.656844
          ],
          [
            9.880782,
            46.65682
          ],
          [
            9.880728,
            46.656769
          ],
          [
            9.880723,
            46.656762
          ],
          [
            9.880682,
            46.656699
          ],
          [
            9.880646,
            46.656635
          ],
          [
            9.88063,
            46.656611
          ],
          [
            9.8806,
            46.656578
          ],
          [
            9.88055,
            46.65651
          ],
          [
            9.880541,
            46.656503
          ],
          [
            9.880522,
            46.656483
          ],
          [
            9.880503,
            46.65647
          ],
          [
            9.880483,
            46.65643
          ],
          [
            9.88044,
            46.656384
          ],
          [
            9.880429,
            46.656373
          ],
          [
            9.880388,
            46.656332
          ],
          [
            9.880355,
            46.656262
          ],
          [
            9.880321,
            46.656208
          ],
          [
            9.880317,
            46.656197
          ],
          [
            9.880292,
            46.656157
          ],
          [
            9.880263,
            46.656124
          ],
          [
            9.880252,
            46.656047
          ],
          [
            9.880237,
            46.655991
          ],
          [
            9.880228,
            46.655974
          ],
          [
            9.880212,
            46.655918
          ],
          [
            9.880195,
            46.65589
          ],
          [
            9.880159,
            46.655834
          ],
          [
            9.880129,
            46.655811
          ],
          [
            9.880098,
            46.655785
          ],
          [
            9.880056,
            46.655748
          ],
          [
            9.88005,
            46.655739
          ],
          [
            9.880026,
            46.655666
          ],
          [
            9.880017,
            46.655657
          ],
          [
            9.879939,
            46.655619
          ],
          [
            9.879931,
            46.655615
          ],
          [
            9.879887,
            46.655583
          ],
          [
            9.87986,
            46.655556
          ],
          [
            9.879836,
            46.655547
          ],
          [
            9.879787,
            46.655521
          ],
          [
            9.879748,
            46.6555
          ],
          [
            9.879699,
            46.655484
          ],
          [
            9.879598,
            46.655418
          ],
          [
            9.87958,
            46.655392
          ],
          [
            9.879567,
            46.655374
          ],
          [
            9.879492,
            46.655309
          ],
          [
            9.879469,
            46.655285
          ],
          [
            9.879425,
            46.655244
          ],
          [
            9.879339,
            46.655181
          ],
          [
            9.879286,
            46.655113
          ],
          [
            9.879254,
            46.65506
          ],
          [
            9.879235,
            46.655039
          ],
          [
            9.879193,
            46.65499
          ],
          [
            9.879134,
            46.654936
          ],
          [
            9.879124,
            46.654926
          ],
          [
            9.879081,
            46.654881
          ],
          [
            9.879063,
            46.654859
          ],
          [
            9.879019,
            46.654823
          ],
          [
            9.878979,
            46.654784
          ],
          [
            9.878966,
            46.654767
          ],
          [
            9.878958,
            46.654759
          ],
          [
            9.87892,
            46.654721
          ],
          [
            9.878885,
            46.654654
          ],
          [
            9.878891,
            46.654646
          ],
          [
            9.878892,
            46.654617
          ],
          [
            9.878891,
            46.654611
          ],
          [
            9.878874,
            46.654625
          ],
          [
            9.878874,
            46.654625
          ],
          [
            9.878874,
            46.654625
          ],
          [
            9.878874,
            46.654625
          ],
          [
            9.878874,
            46.654625
          ],
          [
            9.878874,
            46.654625
          ],
          [
            9.878874,
            46.654625
          ],
          [
            9.878874,
            46.654625
          ],
          [
            9.878874,
            46.654625
          ],
          [
            9.878839,
            46.654644
          ],
          [
            9.878805,
            46.654661
          ],
          [
            9.878805,
            46.654657
          ],
          [
            9.878797,
            46.654659
          ],
          [
            9.878807,
            46.65465
          ],
          [
            9.878822,
            46.654638
          ],
          [
            9.878822,
            46.654641
          ],
          [
            9.878822,
            46.654641
          ],
          [
            9.878822,
            46.654641
          ],
          [
            9.878822,
            46.654641
          ],
          [
            9.878824,
            46.654644
          ],
          [
            9.878819,
            46.654645
          ],
          [
            9.878817,
            46.654635
          ],
          [
            9.878822,
            46.654641
          ],
          [
            9.878822,
            46.654641
          ],
          [
            9.878818,
            46.654649
          ],
          [
            9.878814,
            46.654646
          ],
          [
            9.878811,
            46.654643
          ],
          [
            9.878809,
            46.654644
          ],
          [
            9.878803,
            46.654656
          ],
          [
            9.878802,
            46.65465
          ],
          [
            9.878795,
            46.654641
          ],
          [
            9.878827,
            46.654637
          ],
          [
            9.878822,
            46.654641
          ],
          [
            9.878822,
            46.654641
          ],
          [
            9.878822,
            46.654641
          ],
          [
            9.878822,
            46.654641
          ],
          [
            9.878822,
            46.654641
          ],
          [
            9.878822,
            46.654641
          ],
          [
            9.878822,
            46.654641
          ],
          [
            9.87883,
            46.654641
          ],
          [
            9.878814,
            46.654619
          ],
          [
            9.878784,
            46.654565
          ],
          [
            9.87877,
            46.654515
          ],
          [
            9.878767,
            46.654505
          ],
          [
            9.878766,
            46.654493
          ],
          [
            9.878766,
            46.654444
          ],
          [
            9.878769,
            46.654433
          ],
          [
            9.878757,
            46.654367
          ],
          [
            9.878763,
            46.654314
          ],
          [
            9.878762,
            46.654304
          ],
          [
            9.878758,
            46.654269
          ],
          [
            9.878741,
            46.654245
          ],
          [
            9.878661,
            46.654198
          ],
          [
            9.878636,
            46.654187
          ],
          [
            9.878562,
            46.654136
          ],
          [
            9.878542,
            46.654064
          ],
          [
            9.878546,
            46.654039
          ],
          [
            9.878539,
            46.653987
          ],
          [
            9.878541,
            46.65398
          ],
          [
            9.878551,
            46.653939
          ],
          [
            9.878555,
            46.65393
          ],
          [
            9.878568,
            46.65389
          ],
          [
            9.878563,
            46.653865
          ],
          [
            9.878544,
            46.653834
          ],
          [
            9.878521,
            46.65381
          ],
          [
            9.878484,
            46.653772
          ],
          [
            9.878485,
            46.653764
          ],
          [
            9.878477,
            46.653743
          ],
          [
            9.878429,
            46.653663
          ],
          [
            9.878412,
            46.653585
          ],
          [
            9.878392,
            46.653558
          ],
          [
            9.878375,
            46.653517
          ],
          [
            9.87836,
            46.653447
          ],
          [
            9.878325,
            46.653382
          ],
          [
            9.878273,
            46.653346
          ],
          [
            9.878254,
            46.653323
          ],
          [
            9.878252,
            46.653308
          ],
          [
            9.878248,
            46.653291
          ],
          [
            9.878236,
            46.653252
          ],
          [
            9.878229,
            46.653206
          ],
          [
            9.878223,
            46.653161
          ],
          [
            9.87823,
            46.653131
          ],
          [
            9.878227,
            46.65306
          ],
          [
            9.87823,
            46.65305
          ],
          [
            9.878225,
            46.652977
          ],
          [
            9.878209,
            46.652889
          ],
          [
            9.878199,
            46.652825
          ],
          [
            9.878199,
            46.652749
          ],
          [
            9.878196,
            46.652728
          ],
          [
            9.878206,
            46.652686
          ],
          [
            9.878233,
            46.65261
          ],
          [
            9.878229,
            46.652552
          ],
          [
            9.878226,
            46.652535
          ],
          [
            9.878238,
            46.652463
          ],
          [
            9.878242,
            46.652438
          ],
          [
            9.878252,
            46.652377
          ],
          [
            9.878273,
            46.65232
          ],
          [
            9.878274,
            46.652297
          ],
          [
            9.878274,
            46.652222
          ],
          [
            9.878268,
            46.65211
          ],
          [
            9.878267,
            46.652042
          ],
          [
            9.878256,
            46.651968
          ],
          [
            9.878257,
            46.6519
          ],
          [
            9.87827,
            46.651805
          ],
          [
            9.878266,
            46.651735
          ],
          [
            9.878264,
            46.651647
          ],
          [
            9.878287,
            46.65156
          ],
          [
            9.8783,
            46.651524
          ],
          [
            9.878314,
            46.651507
          ],
          [
            9.878333,
            46.651453
          ],
          [
            9.878344,
            46.651439
          ],
          [
            9.878366,
            46.651403
          ],
          [
            9.878373,
            46.651362
          ],
          [
            9.878374,
            46.65133
          ],
          [
            9.878379,
            46.651293
          ],
          [
            9.878395,
            46.651261
          ],
          [
            9.878405,
            46.651226
          ],
          [
            9.878412,
            46.651209
          ],
          [
            9.878412,
            46.651162
          ],
          [
            9.878415,
            46.651131
          ],
          [
            9.878408,
            46.651118
          ],
          [
            9.878404,
            46.651088
          ],
          [
            9.878403,
            46.651055
          ],
          [
            9.878404,
            46.651034
          ],
          [
            9.878397,
            46.651006
          ],
          [
            9.878395,
            46.650986
          ],
          [
            9.878397,
            46.650949
          ],
          [
            9.878392,
            46.650903
          ],
          [
            9.87839,
            46.650882
          ],
          [
            9.878387,
            46.650874
          ],
          [
            9.878387,
            46.650815
          ],
          [
            9.878391,
            46.650792
          ],
          [
            9.8784,
            46.650763
          ],
          [
            9.878407,
            46.650725
          ],
          [
            9.878362,
            46.650667
          ],
          [
            9.87836,
            46.650661
          ],
          [
            9.878335,
            46.650616
          ],
          [
            9.87832,
            46.650605
          ],
          [
            9.878295,
            46.650557
          ],
          [
            9.878297,
            46.65053
          ],
          [
            9.878318,
            46.650486
          ],
          [
            9.878346,
            46.650458
          ],
          [
            9.878347,
            46.65046
          ],
          [
            9.878347,
            46.650429
          ],
          [
            9.878336,
            46.650373
          ],
          [
            9.878329,
            46.650364
          ],
          [
            9.878295,
            46.650316
          ],
          [
            9.878297,
            46.650299
          ],
          [
            9.878293,
            46.650249
          ],
          [
            9.878317,
            46.650192
          ],
          [
            9.878318,
            46.650183
          ],
          [
            9.878315,
            46.650106
          ],
          [
            9.878314,
            46.650083
          ],
          [
            9.87833,
            46.650041
          ],
          [
            9.878335,
            46.650017
          ],
          [
            9.878339,
            46.649999
          ],
          [
            9.878351,
            46.649975
          ],
          [
            9.878361,
            46.649914
          ],
          [
            9.878363,
            46.649905
          ],
          [
            9.878371,
            46.64985
          ],
          [
            9.87837,
            46.649835
          ],
          [
            9.878349,
            46.649766
          ],
          [
            9.87834,
            46.64975
          ],
          [
            9.878302,
            46.6497
          ],
          [
            9.878304,
            46.649662
          ],
          [
            9.878299,
            46.649633
          ],
          [
            9.878314,
            46.649594
          ],
          [
            9.878312,
            46.649585
          ],
          [
            9.878323,
            46.649554
          ],
          [
            9.878326,
            46.649549
          ],
          [
            9.878336,
            46.649484
          ],
          [
            9.878313,
            46.649454
          ],
          [
            9.87831,
            46.649447
          ],
          [
            9.878312,
            46.649395
          ],
          [
            9.878314,
            46.649378
          ],
          [
            9.878312,
            46.649324
          ],
          [
            9.878295,
            46.649284
          ],
          [
            9.878303,
            46.649277
          ],
          [
            9.878319,
            46.649253
          ],
          [
            9.878339,
            46.649227
          ],
          [
            9.878353,
            46.649207
          ],
          [
            9.878354,
            46.649186
          ],
          [
            9.878363,
            46.64916
          ],
          [
            9.878362,
            46.649133
          ],
          [
            9.878372,
            46.649109
          ],
          [
            9.878381,
            46.649072
          ],
          [
            9.878381,
            46.649043
          ],
          [
            9.878387,
            46.649005
          ],
          [
            9.878387,
            46.648973
          ],
          [
            9.878391,
            46.648935
          ],
          [
            9.878391,
            46.648934
          ],
          [
            9.878393,
            46.648913
          ],
          [
            9.878402,
            46.648896
          ],
          [
            9.878403,
            46.648887
          ],
          [
            9.878405,
            46.648854
          ],
          [
            9.878404,
            46.648848
          ],
          [
            9.878409,
            46.648842
          ],
          [
            9.878406,
            46.648833
          ],
          [
            9.878397,
            46.648787
          ],
          [
            9.87839,
            46.648773
          ],
          [
            9.878393,
            46.648748
          ],
          [
            9.878412,
            46.648708
          ],
          [
            9.878431,
            46.648642
          ],
          [
            9.878432,
            46.648635
          ],
          [
            9.878439,
            46.648594
          ],
          [
            9.878449,
            46.648551
          ],
          [
            9.878452,
            46.648526
          ],
          [
            9.878464,
            46.648464
          ],
          [
            9.878462,
            46.648407
          ],
          [
            9.878463,
            46.648389
          ],
          [
            9.878461,
            46.648321
          ],
          [
            9.878452,
            46.648303
          ],
          [
            9.878425,
            46.648294
          ],
          [
            9.878382,
            46.648304
          ],
          [
            9.878332,
            46.648324
          ],
          [
            9.878266,
            46.648355
          ],
          [
            9.87821,
            46.648376
          ],
          [
            9.878187,
            46.648386
          ],
          [
            9.878105,
            46.648424
          ],
          [
            9.878098,
            46.648429
          ],
          [
            9.878047,
            46.648449
          ],
          [
            9.878027,
            46.648464
          ],
          [
            9.878018,
            46.648471
          ],
          [
            9.87797,
            46.648483
          ],
          [
            9.877957,
            46.648471
          ],
          [
            9.877959,
            46.648466
          ],
          [
            9.877978,
            46.648445
          ],
          [
            9.877983,
            46.648423
          ],
          [
            9.877987,
            46.648407
          ],
          [
            9.878007,
            46.648378
          ],
          [
            9.878008,
            46.648355
          ],
          [
            9.878012,
            46.648291
          ],
          [
            9.87801,
            46.648284
          ],
          [
            9.878024,
            46.648249
          ],
          [
            9.878028,
            46.648247
          ],
          [
            9.878049,
            46.648211
          ],
          [
            9.878051,
            46.648207
          ],
          [
            9.878056,
            46.648186
          ],
          [
            9.878065,
            46.648147
          ],
          [
            9.878068,
            46.648133
          ],
          [
            9.878064,
            46.648096
          ],
          [
            9.878061,
            46.648082
          ],
          [
            9.878038,
            46.648047
          ],
          [
            9.878027,
            46.648019
          ],
          [
            9.878022,
            46.648004
          ],
          [
            9.878018,
            46.647991
          ],
          [
            9.877994,
            46.647948
          ],
          [
            9.877987,
            46.647915
          ],
          [
            9.877981,
            46.647891
          ],
          [
            9.877983,
            46.647855
          ],
          [
            9.877973,
            46.647821
          ],
          [
            9.877976,
            46.64779
          ],
          [
            9.877982,
            46.647768
          ],
          [
            9.877984,
            46.647758
          ],
          [
            9.87797,
            46.647725
          ],
          [
            9.877963,
            46.64771
          ],
          [
            9.877962,
            46.647705
          ],
          [
            9.877961,
            46.647669
          ],
          [
            9.877972,
            46.647651
          ],
          [
            9.877971,
            46.647614
          ],
          [
            9.877967,
            46.647599
          ],
          [
            9.877959,
            46.647581
          ],
          [
            9.877974,
            46.647563
          ],
          [
            9.877979,
            46.647535
          ],
          [
            9.877978,
            46.64749
          ],
          [
            9.877964,
            46.647449
          ],
          [
            9.877963,
            46.64743
          ],
          [
            9.877963,
            46.647391
          ],
          [
            9.877963,
            46.647381
          ],
          [
            9.877957,
            46.647357
          ],
          [
            9.877949,
            46.647302
          ],
          [
            9.87792,
            46.647271
          ],
          [
            9.877908,
            46.647257
          ],
          [
            9.877885,
            46.647226
          ],
          [
            9.877859,
            46.647212
          ],
          [
            9.877821,
            46.647181
          ],
          [
            9.877807,
            46.647171
          ],
          [
            9.877789,
            46.64716
          ],
          [
            9.877769,
            46.647148
          ],
          [
            9.87776,
            46.647144
          ],
          [
            9.877693,
            46.647092
          ],
          [
            9.877631,
            46.647057
          ],
          [
            9.877611,
            46.647046
          ],
          [
            9.8776,
            46.647023
          ],
          [
            9.877562,
            46.647004
          ],
          [
            9.877483,
            46.646966
          ],
          [
            9.877472,
            46.646961
          ],
          [
            9.877442,
            46.646939
          ],
          [
            9.877415,
            46.64689
          ],
          [
            9.877418,
            46.646851
          ],
          [
            9.877421,
            46.646846
          ],
          [
            9.877411,
            46.646784
          ],
          [
            9.877397,
            46.646772
          ],
          [
            9.877386,
            46.646729
          ],
          [
            9.877389,
            46.646689
          ],
          [
            9.877389,
            46.646657
          ],
          [
            9.877383,
            46.646634
          ],
          [
            9.877382,
            46.646616
          ],
          [
            9.877383,
            46.6466
          ],
          [
            9.87738,
            46.646578
          ],
          [
            9.877369,
            46.646546
          ],
          [
            9.877363,
            46.646537
          ],
          [
            9.87734,
            46.646492
          ],
          [
            9.877308,
            46.646437
          ],
          [
            9.877309,
            46.646428
          ],
          [
            9.877303,
            46.646391
          ],
          [
            9.877304,
            46.646371
          ],
          [
            9.877293,
            46.646328
          ],
          [
            9.87729,
            46.646323
          ],
          [
            9.877291,
            46.646285
          ],
          [
            9.877288,
            46.646274
          ],
          [
            9.877276,
            46.646244
          ],
          [
            9.877267,
            46.646214
          ],
          [
            9.877269,
            46.646195
          ],
          [
            9.877268,
            46.64616
          ],
          [
            9.877275,
            46.646115
          ],
          [
            9.87727,
            46.646112
          ],
          [
            9.877263,
            46.646104
          ],
          [
            9.87726,
            46.646083
          ],
          [
            9.877259,
            46.646068
          ],
          [
            9.877258,
            46.646059
          ],
          [
            9.87725,
            46.64603
          ],
          [
            9.877249,
            46.646015
          ],
          [
            9.87725,
            46.645995
          ],
          [
            9.877258,
            46.645958
          ],
          [
            9.877257,
            46.645947
          ],
          [
            9.877235,
            46.645926
          ],
          [
            9.877234,
            46.64592
          ],
          [
            9.877238,
            46.645903
          ],
          [
            9.877224,
            46.645874
          ],
          [
            9.877222,
            46.645867
          ],
          [
            9.877207,
            46.645844
          ],
          [
            9.877209,
            46.64583
          ],
          [
            9.877192,
            46.645825
          ],
          [
            9.87719,
            46.645827
          ],
          [
            9.877189,
            46.645821
          ],
          [
            9.877183,
            46.645821
          ],
          [
            9.877184,
            46.645823
          ],
          [
            9.877187,
            46.645826
          ],
          [
            9.877191,
            46.645821
          ],
          [
            9.877196,
            46.645816
          ],
          [
            9.877187,
            46.645826
          ],
          [
            9.877187,
            46.645826
          ],
          [
            9.877187,
            46.645826
          ],
          [
            9.877187,
            46.645826
          ],
          [
            9.877187,
            46.645826
          ],
          [
            9.877195,
            46.645809
          ],
          [
            9.87719,
            46.64581
          ],
          [
            9.877189,
            46.645812
          ],
          [
            9.877193,
            46.645807
          ],
          [
            9.87719,
            46.64581
          ],
          [
            9.877188,
            46.645817
          ],
          [
            9.87719,
            46.64581
          ],
          [
            9.87719,
            46.64581
          ],
          [
            9.87719,
            46.64581
          ],
          [
            9.877186,
            46.645819
          ],
          [
            9.877187,
            46.645824
          ],
          [
            9.877187,
            46.645824
          ],
          [
            9.877187,
            46.645824
          ],
          [
            9.877187,
            46.645824
          ],
          [
            9.877187,
            46.645824
          ],
          [
            9.877187,
            46.645824
          ],
          [
            9.877187,
            46.645824
          ],
          [
            9.877187,
            46.645824
          ],
          [
            9.877187,
            46.645824
          ],
          [
            9.877187,
            46.645824
          ],
          [
            9.877187,
            46.645824
          ],
          [
            9.877187,
            46.645824
          ],
          [
            9.877187,
            46.645824
          ],
          [
            9.877187,
            46.645824
          ],
          [
            9.877187,
            46.645824
          ],
          [
            9.877187,
            46.645824
          ],
          [
            9.877197,
            46.645819
          ],
          [
            9.877197,
            46.645818
          ],
          [
            9.877187,
            46.645824
          ],
          [
            9.877187,
            46.645824
          ],
          [
            9.877186,
            46.645785
          ],
          [
            9.877173,
            46.645761
          ],
          [
            9.877176,
            46.645752
          ],
          [
            9.877169,
            46.645725
          ],
          [
            9.877165,
            46.645714
          ],
          [
            9.877162,
            46.645694
          ],
          [
            9.87716,
            46.645676
          ],
          [
            9.877168,
            46.645657
          ],
          [
            9.877166,
            46.645648
          ],
          [
            9.877156,
            46.645628
          ],
          [
            9.877152,
            46.64562
          ],
          [
            9.877152,
            46.645583
          ],
          [
            9.877149,
            46.645556
          ],
          [
            9.877149,
            46.645549
          ],
          [
            9.87714,
            46.645531
          ],
          [
            9.877127,
            46.645508
          ],
          [
            9.877124,
            46.645501
          ],
          [
            9.877125,
            46.645496
          ],
          [
            9.877115,
            46.645479
          ],
          [
            9.877093,
            46.645469
          ],
          [
            9.877065,
            46.64546
          ],
          [
            9.877037,
            46.645443
          ],
          [
            9.87701,
            46.645431
          ],
          [
            9.876995,
            46.645427
          ],
          [
            9.876958,
            46.645413
          ],
          [
            9.876921,
            46.645405
          ],
          [
            9.876897,
            46.645383
          ],
          [
            9.876885,
            46.645345
          ],
          [
            9.876883,
            46.645339
          ],
          [
            9.87683,
            46.645301
          ],
          [
            9.876819,
            46.645296
          ],
          [
            9.876816,
            46.645249
          ],
          [
            9.876813,
            46.645229
          ],
          [
            9.876811,
            46.645222
          ],
          [
            9.876801,
            46.645213
          ],
          [
            9.876797,
            46.645211
          ],
          [
            9.876763,
            46.645211
          ],
          [
            9.876753,
            46.645213
          ],
          [
            9.876748,
            46.645213
          ],
          [
            9.876708,
            46.645207
          ],
          [
            9.876659,
            46.645203
          ],
          [
            9.876645,
            46.645197
          ],
          [
            9.876629,
            46.645175
          ],
          [
            9.876572,
            46.64517
          ],
          [
            9.876556,
            46.645168
          ],
          [
            9.876528,
            46.64517
          ],
          [
            9.876498,
            46.645169
          ],
          [
            9.876492,
            46.645171
          ],
          [
            9.876458,
            46.645173
          ],
          [
            9.876447,
            46.645175
          ],
          [
            9.876436,
            46.645176
          ],
          [
            9.87637,
            46.645171
          ],
          [
            9.876356,
            46.645166
          ],
          [
            9.876325,
            46.645164
          ],
          [
            9.87626,
            46.645151
          ],
          [
            9.876188,
            46.64514
          ],
          [
            9.876147,
            46.645132
          ],
          [
            9.876026,
            46.645136
          ],
          [
            9.875983,
            46.645139
          ],
          [
            9.875928,
            46.64514
          ],
          [
            9.875903,
            46.64514
          ],
          [
            9.875811,
            46.645139
          ],
          [
            9.875781,
            46.645138
          ],
          [
            9.875719,
            46.645149
          ],
          [
            9.87567,
            46.645159
          ],
          [
            9.875557,
            46.645141
          ],
          [
            9.875518,
            46.645115
          ],
          [
            9.875504,
            46.645118
          ],
          [
            9.875461,
            46.645143
          ],
          [
            9.87544,
            46.645184
          ],
          [
            9.875407,
            46.645218
          ],
          [
            9.87538,
            46.645223
          ],
          [
            9.875351,
            46.645215
          ],
          [
            9.875341,
            46.645208
          ],
          [
            9.875325,
            46.645194
          ],
          [
            9.875316,
            46.645182
          ],
          [
            9.87532,
            46.645178
          ],
          [
            9.875322,
            46.645179
          ],
          [
            9.875323,
            46.645181
          ],
          [
            9.875324,
            46.645181
          ],
          [
            9.875315,
            46.645176
          ],
          [
            9.875315,
            46.645176
          ],
          [
            9.875295,
            46.645177
          ],
          [
            9.875295,
            46.645177
          ],
          [
            9.875315,
            46.645176
          ],
          [
            9.875315,
            46.645176
          ],
          [
            9.875342,
            46.645171
          ],
          [
            9.875342,
            46.645171
          ],
          [
            9.875342,
            46.645171
          ],
          [
            9.875361,
            46.645174
          ],
          [
            9.87538,
            46.645167
          ],
          [
            9.875371,
            46.645171
          ],
          [
            9.875362,
            46.645176
          ],
          [
            9.875363,
            46.645178
          ],
          [
            9.875365,
            46.645178
          ],
          [
            9.875349,
            46.645185
          ],
          [
            9.875343,
            46.645183
          ],
          [
            9.875339,
            46.645181
          ],
          [
            9.875341,
            46.645179
          ],
          [
            9.875342,
            46.645171
          ],
          [
            9.875342,
            46.645171
          ],
          [
            9.875324,
            46.645178
          ],
          [
            9.87533,
            46.645181
          ],
          [
            9.875326,
            46.645182
          ],
          [
            9.875313,
            46.645182
          ],
          [
            9.875311,
            46.645183
          ],
          [
            9.875302,
            46.645186
          ],
          [
            9.87531,
            46.645183
          ],
          [
            9.875301,
            46.645184
          ],
          [
            9.875295,
            46.645177
          ],
          [
            9.875292,
            46.645176
          ],
          [
            9.87529,
            46.64518
          ],
          [
            9.875284,
            46.645181
          ],
          [
            9.875293,
            46.645181
          ],
          [
            9.875282,
            46.645176
          ],
          [
            9.875281,
            46.645176
          ],
          [
            9.875273,
            46.645172
          ],
          [
            9.875278,
            46.645185
          ],
          [
            9.875277,
            46.645185
          ],
          [
            9.875277,
            46.645185
          ],
          [
            9.875255,
            46.645182
          ],
          [
            9.875247,
            46.645183
          ],
          [
            9.875252,
            46.645187
          ],
          [
            9.875262,
            46.64518
          ],
          [
            9.875231,
            46.645177
          ],
          [
            9.875223,
            46.645181
          ],
          [
            9.875211,
            46.645186
          ],
          [
            9.875211,
            46.645186
          ],
          [
            9.875196,
            46.645193
          ],
          [
            9.875195,
            46.645195
          ],
          [
            9.875198,
            46.645197
          ],
          [
            9.875198,
            46.645199
          ],
          [
            9.875221,
            46.645189
          ],
          [
            9.875215,
            46.645185
          ],
          [
            9.875253,
            46.645175
          ],
          [
            9.875256,
            46.645173
          ],
          [
            9.875259,
            46.645172
          ],
          [
            9.875272,
            46.645188
          ],
          [
            9.875293,
            46.645207
          ],
          [
            9.875277,
            46.645199
          ],
          [
            9.87527,
            46.645206
          ],
          [
            9.87527,
            46.645206
          ],
          [
            9.87527,
            46.645206
          ],
          [
            9.87527,
            46.645206
          ],
          [
            9.87527,
            46.645206
          ],
          [
            9.875258,
            46.645203
          ],
          [
            9.875251,
            46.645199
          ],
          [
            9.875247,
            46.645185
          ],
          [
            9.875239,
            46.645176
          ],
          [
            9.875221,
            46.645177
          ],
          [
            9.875228,
            46.64518
          ],
          [
            9.875234,
            46.645179
          ],
          [
            9.875235,
            46.645186
          ],
          [
            9.875232,
            46.645182
          ],
          [
            9.875221,
            46.645182
          ],
          [
            9.875215,
            46.645183
          ],
          [
            9.875222,
            46.645184
          ],
          [
            9.875235,
            46.645184
          ],
          [
            9.875236,
            46.645183
          ],
          [
            9.875227,
            46.64518
          ],
          [
            9.875226,
            46.645183
          ],
          [
            9.875227,
            46.645185
          ],
          [
            9.875223,
            46.645185
          ],
          [
            9.875222,
            46.645177
          ],
          [
            9.875222,
            46.645177
          ],
          [
            9.875222,
            46.645177
          ],
          [
            9.875222,
            46.645177
          ],
          [
            9.875257,
            46.64517
          ],
          [
            9.875272,
            46.645147
          ],
          [
            9.875277,
            46.645156
          ],
          [
            9.875269,
            46.645166
          ],
          [
            9.875256,
            46.645162
          ],
          [
            9.875345,
            46.645215
          ],
          [
            9.875376,
            46.645196
          ],
          [
            9.875459,
            46.645104
          ],
          [
            9.875501,
            46.645083
          ],
          [
            9.875552,
            46.645072
          ],
          [
            9.875583,
            46.645064
          ],
          [
            9.87561,
            46.645058
          ],
          [
            9.875618,
            46.645068
          ],
          [
            9.875631,
            46.645079
          ],
          [
            9.875631,
            46.645079
          ],
          [
            9.875631,
            46.645079
          ],
          [
            9.875631,
            46.645079
          ],
          [
            9.875514,
            46.645065
          ],
          [
            9.875479,
            46.645084
          ],
          [
            9.875426,
            46.645161
          ],
          [
            9.875359,
            46.645225
          ],
          [
            9.875312,
            46.645202
          ],
          [
            9.875273,
            46.645179
          ],
          [
            9.875273,
            46.645179
          ],
          [
            9.875273,
            46.645179
          ],
          [
            9.87525,
            46.645179
          ],
          [
            9.875255,
            46.645183
          ],
          [
            9.875258,
            46.64518
          ],
          [
            9.87524,
            46.645177
          ],
          [
            9.875238,
            46.645181
          ],
          [
            9.875231,
            46.645182
          ],
          [
            9.875245,
            46.645179
          ],
          [
            9.875243,
            46.645185
          ],
          [
            9.875239,
            46.645186
          ],
          [
            9.875237,
            46.645188
          ],
          [
            9.875261,
            46.645191
          ],
          [
            9.875243,
            46.645176
          ],
          [
            9.875244,
            46.645173
          ],
          [
            9.875219,
            46.645178
          ],
          [
            9.875228,
            46.645179
          ],
          [
            9.875238,
            46.645183
          ],
          [
            9.875255,
            46.645181
          ],
          [
            9.875239,
            46.645174
          ],
          [
            9.875241,
            46.64517
          ],
          [
            9.875241,
            46.645168
          ],
          [
            9.875251,
            46.645167
          ],
          [
            9.875254,
            46.645166
          ],
          [
            9.875256,
            46.645165
          ],
          [
            9.875235,
            46.645174
          ],
          [
            9.875248,
            46.645184
          ],
          [
            9.875245,
            46.645185
          ],
          [
            9.875236,
            46.645191
          ],
          [
            9.875238,
            46.645197
          ],
          [
            9.875243,
            46.645191
          ],
          [
            9.875267,
            46.645175
          ],
          [
            9.87525,
            46.645196
          ],
          [
            9.875263,
            46.645199
          ],
          [
            9.875267,
            46.645196
          ],
          [
            9.875291,
            46.645227
          ],
          [
            9.875357,
            46.645232
          ],
          [
            9.875426,
            46.645191
          ],
          [
            9.875454,
            46.64514
          ],
          [
            9.875461,
            46.645103
          ],
          [
            9.875456,
            46.64508
          ],
          [
            9.875438,
            46.645072
          ],
          [
            9.875419,
            46.645051
          ],
          [
            9.875425,
            46.645053
          ],
          [
            9.875413,
            46.645047
          ],
          [
            9.8754,
            46.645042
          ],
          [
            9.875316,
            46.64502
          ],
          [
            9.875228,
            46.645037
          ],
          [
            9.875215,
            46.645041
          ],
          [
            9.875189,
            46.645059
          ],
          [
            9.875108,
            46.645096
          ],
          [
            9.875071,
            46.645152
          ],
          [
            9.875057,
            46.645211
          ],
          [
            9.875052,
            46.645218
          ],
          [
            9.875033,
            46.645226
          ],
          [
            9.87496,
            46.645237
          ],
          [
            9.874931,
            46.645238
          ],
          [
            9.874831,
            46.645258
          ],
          [
            9.874774,
            46.645304
          ],
          [
            9.874772,
            46.645322
          ],
          [
            9.874787,
            46.645352
          ],
          [
            9.874837,
            46.645389
          ],
          [
            9.874894,
            46.645429
          ],
          [
            9.874947,
            46.645503
          ],
          [
            9.87494,
            46.645586
          ],
          [
            9.874917,
            46.645636
          ],
          [
            9.874871,
            46.645688
          ],
          [
            9.874852,
            46.645698
          ],
          [
            9.874825,
            46.645707
          ],
          [
            9.87475,
            46.645723
          ],
          [
            9.874721,
            46.645723
          ],
          [
            9.874564,
            46.645714
          ],
          [
            9.874547,
            46.645711
          ],
          [
            9.874437,
            46.645684
          ],
          [
            9.874409,
            46.645675
          ],
          [
            9.874327,
            46.645639
          ],
          [
            9.874282,
            46.645602
          ],
          [
            9.87427,
            46.645581
          ],
          [
            9.874222,
            46.645518
          ],
          [
            9.8742,
            46.645499
          ],
          [
            9.87412,
            46.645418
          ],
          [
            9.874105,
            46.645414
          ],
          [
            9.874028,
            46.645315
          ],
          [
            9.873954,
            46.645275
          ],
          [
            9.873879,
            46.645249
          ],
          [
            9.873838,
            46.645234
          ],
          [
            9.873796,
            46.645216
          ],
          [
            9.873714,
            46.645185
          ],
          [
            9.873514,
            46.645105
          ],
          [
            9.873445,
            46.645081
          ],
          [
            9.873392,
            46.645079
          ],
          [
            9.873393,
            46.645082
          ],
          [
            9.873406,
            46.645091
          ],
          [
            9.873424,
            46.645098
          ],
          [
            9.873426,
            46.645104
          ],
          [
            9.873428,
            46.645101
          ],
          [
            9.873428,
            46.645091
          ],
          [
            9.873404,
            46.645091
          ],
          [
            9.873236,
            46.645103
          ],
          [
            9.873197,
            46.645112
          ],
          [
            9.873169,
            46.645137
          ],
          [
            9.873108,
            46.645168
          ],
          [
            9.872928,
            46.645169
          ],
          [
            9.872884,
            46.645166
          ],
          [
            9.872863,
            46.645169
          ],
          [
            9.87286,
            46.64517
          ],
          [
            9.872859,
            46.645173
          ],
          [
            9.872852,
            46.64517
          ],
          [
            9.872864,
            46.645169
          ],
          [
            9.872858,
            46.64517
          ],
          [
            9.872805,
            46.645168
          ],
          [
            9.872653,
            46.645185
          ],
          [
            9.872619,
            46.645187
          ],
          [
            9.872585,
            46.64519
          ],
          [
            9.872481,
            46.645178
          ],
          [
            9.872441,
            46.645175
          ],
          [
            9.872359,
            46.645168
          ],
          [
            9.872254,
            46.645144
          ],
          [
            9.872221,
            46.645144
          ],
          [
            9.872159,
            46.645118
          ],
          [
            9.872091,
            46.645081
          ],
          [
            9.872016,
            46.645064
          ],
          [
            9.871945,
            46.645053
          ],
          [
            9.871918,
            46.645039
          ],
          [
            9.871864,
            46.645021
          ],
          [
            9.87178,
            46.644987
          ],
          [
            9.871728,
            46.64497
          ],
          [
            9.871679,
            46.644951
          ],
          [
            9.871603,
            46.644931
          ],
          [
            9.871559,
            46.644919
          ],
          [
            9.871509,
            46.644909
          ],
          [
            9.871435,
            46.644893
          ],
          [
            9.871377,
            46.644864
          ],
          [
            9.871349,
            46.644849
          ],
          [
            9.871272,
            46.644816
          ],
          [
            9.871231,
            46.644803
          ],
          [
            9.871195,
            46.644791
          ],
          [
            9.871056,
            46.644754
          ],
          [
            9.870976,
            46.644749
          ],
          [
            9.87093,
            46.644753
          ],
          [
            9.870875,
            46.644767
          ],
          [
            9.870817,
            46.644782
          ],
          [
            9.870701,
            46.644813
          ],
          [
            9.870653,
            46.644818
          ],
          [
            9.870612,
            46.644824
          ],
          [
            9.870476,
            46.644825
          ],
          [
            9.870434,
            46.644826
          ],
          [
            9.870301,
            46.644831
          ],
          [
            9.870207,
            46.64484
          ],
          [
            9.870118,
            46.644856
          ],
          [
            9.870039,
            46.644846
          ],
          [
            9.870003,
            46.644832
          ],
          [
            9.869939,
            46.644791
          ],
          [
            9.869911,
            46.644786
          ],
          [
            9.869864,
            46.644788
          ],
          [
            9.869807,
            46.644803
          ],
          [
            9.869728,
            46.644808
          ],
          [
            9.869654,
            46.644795
          ],
          [
            9.86966,
            46.644797
          ],
          [
            9.869672,
            46.644805
          ],
          [
            9.869662,
            46.64481
          ],
          [
            9.869651,
            46.644808
          ],
          [
            9.869658,
            46.644811
          ],
          [
            9.869653,
            46.644803
          ],
          [
            9.869664,
            46.644803
          ],
          [
            9.869664,
            46.644801
          ],
          [
            9.869666,
            46.644802
          ],
          [
            9.869665,
            46.6448
          ],
          [
            9.869667,
            46.644797
          ],
          [
            9.869674,
            46.644789
          ],
          [
            9.869666,
            46.64479
          ],
          [
            9.869664,
            46.644791
          ],
          [
            9.869659,
            46.644797
          ],
          [
            9.86959,
            46.644752
          ],
          [
            9.86955,
            46.644715
          ],
          [
            9.869491,
            46.644692
          ],
          [
            9.869471,
            46.644682
          ],
          [
            9.869442,
            46.644652
          ],
          [
            9.86941,
            46.644618
          ],
          [
            9.869383,
            46.644579
          ],
          [
            9.869368,
            46.644563
          ],
          [
            9.869306,
            46.644496
          ],
          [
            9.869295,
            46.644484
          ],
          [
            9.869248,
            46.644437
          ],
          [
            9.869185,
            46.644398
          ],
          [
            9.869172,
            46.644388
          ],
          [
            9.869164,
            46.644377
          ],
          [
            9.86914,
            46.644349
          ],
          [
            9.869127,
            46.64434
          ],
          [
            9.869099,
            46.644323
          ],
          [
            9.869079,
            46.644314
          ],
          [
            9.869022,
            46.644283
          ],
          [
            9.868991,
            46.644263
          ],
          [
            9.868978,
            46.644251
          ],
          [
            9.868924,
            46.644198
          ],
          [
            9.868896,
            46.64415
          ],
          [
            9.868777,
            46.64408
          ],
          [
            9.868668,
            46.643992
          ],
          [
            9.868599,
            46.643924
          ],
          [
            9.868536,
            46.643859
          ],
          [
            9.868527,
            46.643858
          ],
          [
            9.868517,
            46.643859
          ],
          [
            9.868515,
            46.643846
          ],
          [
            9.868516,
            46.643851
          ],
          [
            9.868518,
            46.643852
          ],
          [
            9.868516,
            46.643852
          ],
          [
            9.868517,
            46.643852
          ],
          [
            9.868513,
            46.643854
          ],
          [
            9.86851,
            46.64385
          ],
          [
            9.868532,
            46.643853
          ],
          [
            9.868538,
            46.64385
          ],
          [
            9.868533,
            46.643839
          ],
          [
            9.86852,
            46.643835
          ],
          [
            9.868525,
            46.643862
          ],
          [
            9.868513,
            46.643861
          ],
          [
            9.868514,
            46.643847
          ],
          [
            9.868527,
            46.643848
          ],
          [
            9.868524,
            46.643841
          ],
          [
            9.868524,
            46.643838
          ],
          [
            9.868537,
            46.64383
          ],
          [
            9.868534,
            46.643818
          ],
          [
            9.868532,
            46.64382
          ],
          [
            9.868529,
            46.643819
          ],
          [
            9.868523,
            46.643808
          ],
          [
            9.868517,
            46.64371
          ],
          [
            9.868518,
            46.643694
          ],
          [
            9.868521,
            46.643679
          ],
          [
            9.868565,
            46.643613
          ],
          [
            9.868579,
            46.643574
          ],
          [
            9.868564,
            46.643493
          ],
          [
            9.868565,
            46.643478
          ],
          [
            9.868548,
            46.643427
          ],
          [
            9.868532,
            46.643403
          ],
          [
            9.868512,
            46.643378
          ],
          [
            9.868479,
            46.643292
          ],
          [
            9.868454,
            46.643234
          ],
          [
            9.868435,
            46.6432
          ],
          [
            9.868396,
            46.643135
          ],
          [
            9.868394,
            46.643132
          ],
          [
            9.868376,
            46.643064
          ],
          [
            9.868373,
            46.643
          ],
          [
            9.868377,
            46.642974
          ],
          [
            9.868375,
            46.642949
          ],
          [
            9.868349,
            46.64287
          ],
          [
            9.868341,
            46.642847
          ],
          [
            9.868319,
            46.642767
          ],
          [
            9.868333,
            46.642732
          ],
          [
            9.868345,
            46.642717
          ],
          [
            9.868343,
            46.642678
          ],
          [
            9.868322,
            46.642661
          ],
          [
            9.868303,
            46.642659
          ],
          [
            9.868237,
            46.642637
          ],
          [
            9.86823,
            46.642627
          ],
          [
            9.868238,
            46.642608
          ],
          [
            9.868269,
            46.642585
          ],
          [
            9.868286,
            46.642582
          ],
          [
            9.868314,
            46.642561
          ],
          [
            9.868359,
            46.642538
          ],
          [
            9.868373,
            46.642503
          ],
          [
            9.868365,
            46.642493
          ],
          [
            9.868354,
            46.642485
          ],
          [
            9.868315,
            46.642468
          ],
          [
            9.868268,
            46.642428
          ],
          [
            9.868228,
            46.642398
          ],
          [
            9.86819,
            46.642388
          ],
          [
            9.868174,
            46.642386
          ],
          [
            9.868092,
            46.642388
          ],
          [
            9.868063,
            46.642388
          ],
          [
            9.868039,
            46.642387
          ],
          [
            9.867968,
            46.642386
          ],
          [
            9.867898,
            46.642393
          ],
          [
            9.867814,
            46.642402
          ],
          [
            9.867781,
            46.642398
          ],
          [
            9.867745,
            46.642382
          ],
          [
            9.867707,
            46.64236
          ],
          [
            9.867662,
            46.642344
          ],
          [
            9.867603,
            46.642336
          ],
          [
            9.867572,
            46.642326
          ],
          [
            9.867548,
            46.642312
          ],
          [
            9.867497,
            46.642285
          ],
          [
            9.867479,
            46.642279
          ],
          [
            9.867438,
            46.642279
          ],
          [
            9.86741,
            46.64228
          ],
          [
            9.867395,
            46.642286
          ],
          [
            9.867367,
            46.642298
          ],
          [
            9.867361,
            46.642303
          ],
          [
            9.867291,
            46.64231
          ],
          [
            9.867242,
            46.642303
          ],
          [
            9.867172,
            46.642289
          ],
          [
            9.867125,
            46.642286
          ],
          [
            9.867102,
            46.642284
          ],
          [
            9.867063,
            46.642282
          ],
          [
            9.867043,
            46.642279
          ],
          [
            9.866989,
            46.642274
          ],
          [
            9.866912,
            46.642277
          ],
          [
            9.866832,
            46.64228
          ],
          [
            9.866766,
            46.642281
          ],
          [
            9.86671,
            46.64228
          ],
          [
            9.866598,
            46.642291
          ],
          [
            9.866525,
            46.642288
          ],
          [
            9.866401,
            46.642281
          ],
          [
            9.86627,
            46.642282
          ],
          [
            9.866235,
            46.64228
          ],
          [
            9.866163,
            46.642275
          ],
          [
            9.866122,
            46.642277
          ],
          [
            9.866086,
            46.642279
          ],
          [
            9.866042,
            46.64229
          ],
          [
            9.86595,
            46.642306
          ],
          [
            9.865931,
            46.642312
          ],
          [
            9.865852,
            46.642327
          ],
          [
            9.865773,
            46.642352
          ],
          [
            9.865733,
            46.642355
          ],
          [
            9.865632,
            46.642361
          ],
          [
            9.865594,
            46.642364
          ],
          [
            9.865556,
            46.642369
          ],
          [
            9.865471,
            46.642368
          ],
          [
            9.865416,
            46.642377
          ],
          [
            9.865271,
            46.642429
          ],
          [
            9.865105,
            46.642415
          ],
          [
            9.864959,
            46.642453
          ],
          [
            9.864947,
            46.642459
          ],
          [
            9.864807,
            46.642458
          ],
          [
            9.864787,
            46.642453
          ],
          [
            9.864725,
            46.642392
          ],
          [
            9.86471,
            46.642298
          ],
          [
            9.864711,
            46.64228
          ],
          [
            9.864725,
            46.642222
          ],
          [
            9.864763,
            46.642148
          ],
          [
            9.864786,
            46.642136
          ],
          [
            9.864837,
            46.642098
          ],
          [
            9.864851,
            46.642004
          ],
          [
            9.864849,
            46.641943
          ],
          [
            9.864839,
            46.641904
          ],
          [
            9.864745,
            46.641818
          ],
          [
            9.864719,
            46.641803
          ],
          [
            9.864608,
            46.641734
          ],
          [
            9.864597,
            46.641721
          ],
          [
            9.864489,
            46.641594
          ],
          [
            9.864389,
            46.641494
          ],
          [
            9.864251,
            46.641467
          ],
          [
            9.864106,
            46.641455
          ],
          [
            9.864041,
            46.64146
          ],
          [
            9.864022,
            46.641464
          ],
          [
            9.863974,
            46.641479
          ],
          [
            9.863852,
            46.641498
          ],
          [
            9.863831,
            46.641496
          ],
          [
            9.863658,
            46.641514
          ],
          [
            9.86354,
            46.641523
          ],
          [
            9.863501,
            46.641521
          ],
          [
            9.863457,
            46.641515
          ],
          [
            9.863413,
            46.641487
          ],
          [
            9.863385,
            46.641448
          ],
          [
            9.863371,
            46.64143
          ],
          [
            9.863367,
            46.641423
          ],
          [
            9.863353,
            46.641394
          ],
          [
            9.863341,
            46.641345
          ],
          [
            9.863335,
            46.641333
          ],
          [
            9.8633,
            46.641275
          ],
          [
            9.863261,
            46.641241
          ],
          [
            9.863223,
            46.641211
          ],
          [
            9.863154,
            46.641189
          ],
          [
            9.863132,
            46.641186
          ],
          [
            9.863023,
            46.641202
          ],
          [
            9.862912,
            46.641212
          ],
          [
            9.862827,
            46.641204
          ],
          [
            9.862706,
            46.641191
          ],
          [
            9.862676,
            46.64119
          ],
          [
            9.86261,
            46.641206
          ],
          [
            9.862595,
            46.641207
          ],
          [
            9.862522,
            46.641208
          ],
          [
            9.862406,
            46.641228
          ],
          [
            9.862318,
            46.641233
          ],
          [
            9.862268,
            46.641232
          ],
          [
            9.862197,
            46.641211
          ],
          [
            9.862132,
            46.641196
          ],
          [
            9.862087,
            46.641187
          ],
          [
            9.861967,
            46.641161
          ],
          [
            9.861958,
            46.641159
          ],
          [
            9.861889,
            46.641128
          ],
          [
            9.861876,
            46.641122
          ],
          [
            9.861744,
            46.641079
          ],
          [
            9.861729,
            46.641074
          ],
          [
            9.861656,
            46.641025
          ],
          [
            9.861613,
            46.641003
          ],
          [
            9.861553,
            46.640979
          ],
          [
            9.861535,
            46.640971
          ],
          [
            9.861464,
            46.640937
          ],
          [
            9.861403,
            46.640916
          ],
          [
            9.861389,
            46.640916
          ],
          [
            9.86132,
            46.640892
          ],
          [
            9.86129,
            46.640873
          ],
          [
            9.861254,
            46.640849
          ],
          [
            9.861195,
            46.640808
          ],
          [
            9.861152,
            46.640786
          ],
          [
            9.861042,
            46.640757
          ],
          [
            9.861025,
            46.640756
          ],
          [
            9.860914,
            46.640755
          ],
          [
            9.86084,
            46.640755
          ],
          [
            9.860761,
            46.64076
          ],
          [
            9.860696,
            46.640773
          ],
          [
            9.860621,
            46.640775
          ],
          [
            9.860556,
            46.640772
          ],
          [
            9.860468,
            46.640772
          ],
          [
            9.860429,
            46.640773
          ],
          [
            9.860355,
            46.640779
          ],
          [
            9.860234,
            46.64079
          ],
          [
            9.86014,
            46.640808
          ],
          [
            9.860026,
            46.640824
          ],
          [
            9.859934,
            46.640826
          ],
          [
            9.859919,
            46.640828
          ],
          [
            9.859845,
            46.640842
          ],
          [
            9.859807,
            46.64085
          ],
          [
            9.859772,
            46.640851
          ],
          [
            9.859658,
            46.640854
          ],
          [
            9.859616,
            46.640861
          ],
          [
            9.859571,
            46.640865
          ],
          [
            9.859476,
            46.640879
          ],
          [
            9.8594,
            46.640882
          ],
          [
            9.859385,
            46.640882
          ],
          [
            9.859285,
            46.640853
          ],
          [
            9.85913,
            46.640859
          ],
          [
            9.859113,
            46.640864
          ],
          [
            9.859065,
            46.64087
          ],
          [
            9.859021,
            46.640878
          ],
          [
            9.858993,
            46.640881
          ],
          [
            9.858979,
            46.640881
          ],
          [
            9.858938,
            46.640882
          ],
          [
            9.858899,
            46.64088
          ],
          [
            9.85888,
            46.640877
          ],
          [
            9.858832,
            46.640884
          ],
          [
            9.858782,
            46.640882
          ],
          [
            9.858771,
            46.640882
          ],
          [
            9.858697,
            46.640878
          ],
          [
            9.858655,
            46.640878
          ],
          [
            9.858625,
            46.640872
          ],
          [
            9.858561,
            46.640866
          ],
          [
            9.858555,
            46.640863
          ],
          [
            9.858519,
            46.640848
          ],
          [
            9.858497,
            46.640833
          ],
          [
            9.858484,
            46.640815
          ],
          [
            9.858454,
            46.640785
          ],
          [
            9.858446,
            46.640774
          ],
          [
            9.858444,
            46.640769
          ],
          [
            9.858404,
            46.640735
          ],
          [
            9.858372,
            46.640713
          ],
          [
            9.858349,
            46.640694
          ],
          [
            9.8583,
            46.640673
          ],
          [
            9.858288,
            46.640671
          ],
          [
            9.858202,
            46.640629
          ],
          [
            9.858195,
            46.640623
          ],
          [
            9.858168,
            46.640605
          ],
          [
            9.858152,
            46.640591
          ],
          [
            9.858089,
            46.640556
          ],
          [
            9.858059,
            46.640546
          ],
          [
            9.858039,
            46.64055
          ],
          [
            9.857923,
            46.64055
          ],
          [
            9.857887,
            46.64055
          ],
          [
            9.857802,
            46.640546
          ],
          [
            9.857702,
            46.640558
          ],
          [
            9.857626,
            46.640562
          ],
          [
            9.857585,
            46.640562
          ],
          [
            9.857488,
            46.640562
          ],
          [
            9.857368,
            46.640568
          ],
          [
            9.857277,
            46.640572
          ],
          [
            9.857246,
            46.640573
          ],
          [
            9.857119,
            46.640587
          ],
          [
            9.857058,
            46.640591
          ],
          [
            9.856978,
            46.640591
          ],
          [
            9.856867,
            46.64059
          ],
          [
            9.85683,
            46.640592
          ],
          [
            9.856741,
            46.640601
          ],
          [
            9.8567,
            46.640599
          ],
          [
            9.856588,
            46.640611
          ],
          [
            9.856569,
            46.640613
          ],
          [
            9.856491,
            46.640614
          ],
          [
            9.856442,
            46.640617
          ],
          [
            9.85641,
            46.640617
          ],
          [
            9.856332,
            46.640611
          ],
          [
            9.856313,
            46.640609
          ],
          [
            9.856181,
            46.640592
          ],
          [
            9.856164,
            46.640589
          ],
          [
            9.856079,
            46.640584
          ],
          [
            9.856064,
            46.640582
          ],
          [
            9.855992,
            46.640588
          ],
          [
            9.855962,
            46.640588
          ],
          [
            9.855914,
            46.640586
          ],
          [
            9.855847,
            46.640587
          ],
          [
            9.855817,
            46.640588
          ],
          [
            9.855772,
            46.640588
          ],
          [
            9.855712,
            46.640594
          ],
          [
            9.855691,
            46.640598
          ],
          [
            9.855616,
            46.640613
          ],
          [
            9.855602,
            46.640614
          ],
          [
            9.855537,
            46.640617
          ],
          [
            9.855508,
            46.640617
          ],
          [
            9.855431,
            46.640626
          ],
          [
            9.855418,
            46.640622
          ],
          [
            9.855367,
            46.640629
          ],
          [
            9.855321,
            46.640643
          ],
          [
            9.855313,
            46.64065
          ],
          [
            9.855247,
            46.640667
          ],
          [
            9.85519,
            46.64068
          ],
          [
            9.855125,
            46.640693
          ],
          [
            9.855108,
            46.640695
          ],
          [
            9.855057,
            46.640705
          ],
          [
            9.855,
            46.640707
          ],
          [
            9.854958,
            46.640721
          ],
          [
            9.854927,
            46.640727
          ],
          [
            9.854872,
            46.640732
          ],
          [
            9.854795,
            46.640745
          ],
          [
            9.854775,
            46.640749
          ],
          [
            9.854696,
            46.640762
          ],
          [
            9.854679,
            46.640766
          ],
          [
            9.854596,
            46.640782
          ],
          [
            9.85458,
            46.640785
          ],
          [
            9.854483,
            46.640778
          ],
          [
            9.854438,
            46.640771
          ],
          [
            9.854379,
            46.640765
          ],
          [
            9.854313,
            46.640757
          ],
          [
            9.854277,
            46.640753
          ],
          [
            9.854252,
            46.640746
          ],
          [
            9.854214,
            46.640737
          ],
          [
            9.854194,
            46.640737
          ],
          [
            9.854092,
            46.640737
          ],
          [
            9.854059,
            46.640742
          ],
          [
            9.854003,
            46.640738
          ],
          [
            9.85396,
            46.64073
          ],
          [
            9.853855,
            46.640733
          ],
          [
            9.853767,
            46.640762
          ],
          [
            9.853757,
            46.640767
          ],
          [
            9.8537,
            46.640774
          ],
          [
            9.853654,
            46.640785
          ],
          [
            9.853606,
            46.640794
          ],
          [
            9.853548,
            46.640804
          ],
          [
            9.853417,
            46.640818
          ],
          [
            9.853317,
            46.640817
          ],
          [
            9.853273,
            46.640828
          ],
          [
            9.85324,
            46.640835
          ],
          [
            9.853147,
            46.640853
          ],
          [
            9.853022,
            46.640848
          ],
          [
            9.853,
            46.640846
          ],
          [
            9.852903,
            46.640822
          ],
          [
            9.852827,
            46.640803
          ],
          [
            9.852799,
            46.640796
          ],
          [
            9.852742,
            46.640776
          ],
          [
            9.85268,
            46.640759
          ],
          [
            9.852661,
            46.640754
          ],
          [
            9.852543,
            46.640722
          ],
          [
            9.852533,
            46.640717
          ],
          [
            9.852458,
            46.640696
          ],
          [
            9.852435,
            46.640688
          ],
          [
            9.852367,
            46.640668
          ],
          [
            9.852355,
            46.640664
          ],
          [
            9.852306,
            46.640662
          ],
          [
            9.852229,
            46.64066
          ],
          [
            9.852197,
            46.640649
          ],
          [
            9.852132,
            46.640651
          ],
          [
            9.852121,
            46.640652
          ],
          [
            9.852042,
            46.640642
          ],
          [
            9.852029,
            46.640639
          ],
          [
            9.851948,
            46.640634
          ],
          [
            9.851929,
            46.640635
          ],
          [
            9.851853,
            46.640616
          ],
          [
            9.851822,
            46.640608
          ],
          [
            9.851789,
            46.640612
          ],
          [
            9.851751,
            46.640622
          ],
          [
            9.851723,
            46.640625
          ],
          [
            9.851668,
            46.640619
          ],
          [
            9.851656,
            46.640612
          ],
          [
            9.851616,
            46.640594
          ],
          [
            9.851593,
            46.640584
          ],
          [
            9.85151,
            46.640577
          ],
          [
            9.851452,
            46.640577
          ],
          [
            9.851393,
            46.640563
          ],
          [
            9.851382,
            46.64056
          ],
          [
            9.85131,
            46.64055
          ],
          [
            9.851295,
            46.640547
          ],
          [
            9.851236,
            46.640547
          ],
          [
            9.851151,
            46.640569
          ],
          [
            9.851092,
            46.640601
          ],
          [
            9.851057,
            46.640616
          ],
          [
            9.85098,
            46.640642
          ],
          [
            9.850932,
            46.640647
          ],
          [
            9.85088,
            46.640649
          ],
          [
            9.850797,
            46.64066
          ],
          [
            9.850756,
            46.640674
          ],
          [
            9.85069,
            46.640691
          ],
          [
            9.850641,
            46.640701
          ],
          [
            9.850543,
            46.640709
          ],
          [
            9.850477,
            46.640711
          ],
          [
            9.850385,
            46.640709
          ],
          [
            9.850334,
            46.640707
          ],
          [
            9.850228,
            46.640707
          ],
          [
            9.85021,
            46.640707
          ],
          [
            9.850064,
            46.640719
          ],
          [
            9.850019,
            46.640721
          ],
          [
            9.849947,
            46.640716
          ],
          [
            9.849874,
            46.640687
          ],
          [
            9.849854,
            46.640669
          ],
          [
            9.849785,
            46.640617
          ],
          [
            9.849764,
            46.640555
          ],
          [
            9.849757,
            46.640544
          ],
          [
            9.849687,
            46.640513
          ],
          [
            9.84961,
            46.64047
          ],
          [
            9.849594,
            46.64045
          ],
          [
            9.849509,
            46.640412
          ],
          [
            9.8494,
            46.640387
          ],
          [
            9.849372,
            46.640388
          ],
          [
            9.849305,
            46.640373
          ],
          [
            9.849289,
            46.64037
          ],
          [
            9.849235,
            46.640358
          ],
          [
            9.84918,
            46.640343
          ],
          [
            9.849118,
            46.640317
          ],
          [
            9.849078,
            46.640306
          ],
          [
            9.849052,
            46.640306
          ],
          [
            9.849023,
            46.640312
          ],
          [
            9.848989,
            46.640305
          ],
          [
            9.848962,
            46.640295
          ],
          [
            9.848918,
            46.640278
          ],
          [
            9.848914,
            46.640275
          ],
          [
            9.848878,
            46.640265
          ],
          [
            9.848827,
            46.640251
          ],
          [
            9.848754,
            46.640249
          ],
          [
            9.848702,
            46.640255
          ],
          [
            9.848685,
            46.640254
          ],
          [
            9.848623,
            46.640244
          ],
          [
            9.848585,
            46.640226
          ],
          [
            9.848543,
            46.640217
          ],
          [
            9.848489,
            46.6402
          ],
          [
            9.848426,
            46.640176
          ],
          [
            9.848291,
            46.64013
          ],
          [
            9.848273,
            46.640127
          ],
          [
            9.84819,
            46.640111
          ],
          [
            9.848186,
            46.640112
          ],
          [
            9.84818,
            46.640109
          ],
          [
            9.848169,
            46.640107
          ],
          [
            9.848164,
            46.640105
          ],
          [
            9.848164,
            46.640105
          ],
          [
            9.848164,
            46.640105
          ],
          [
            9.848163,
            46.640112
          ],
          [
            9.848169,
            46.640111
          ],
          [
            9.848164,
            46.640105
          ],
          [
            9.848127,
            46.6401
          ],
          [
            9.848123,
            46.640099
          ],
          [
            9.848123,
            46.640099
          ],
          [
            9.848141,
            46.6401
          ],
          [
            9.848147,
            46.640097
          ],
          [
            9.848147,
            46.640097
          ],
          [
            9.848147,
            46.640097
          ],
          [
            9.848147,
            46.640097
          ],
          [
            9.848147,
            46.640097
          ],
          [
            9.848147,
            46.640097
          ],
          [
            9.848147,
            46.640097
          ],
          [
            9.848147,
            46.640097
          ],
          [
            9.848149,
            46.640104
          ],
          [
            9.848162,
            46.640106
          ],
          [
            9.848163,
            46.640105
          ],
          [
            9.848169,
            46.640103
          ],
          [
            9.848163,
            46.640101
          ],
          [
            9.848113,
            46.640072
          ],
          [
            9.848065,
            46.640039
          ],
          [
            9.848037,
            46.64002
          ],
          [
            9.847975,
            46.639983
          ],
          [
            9.847948,
            46.639967
          ],
          [
            9.847866,
            46.639925
          ],
          [
            9.847802,
            46.639872
          ],
          [
            9.847794,
            46.639871
          ],
          [
            9.847738,
            46.639844
          ],
          [
            9.847717,
            46.639839
          ],
          [
            9.847701,
            46.639833
          ],
          [
            9.847663,
            46.639793
          ],
          [
            9.847664,
            46.63979
          ],
          [
            9.847629,
            46.639756
          ],
          [
            9.847557,
            46.63973
          ],
          [
            9.847538,
            46.639724
          ],
          [
            9.847484,
            46.639716
          ],
          [
            9.847469,
            46.639707
          ],
          [
            9.847408,
            46.639698
          ],
          [
            9.847385,
            46.63969
          ],
          [
            9.847341,
            46.639669
          ],
          [
            9.847298,
            46.639648
          ],
          [
            9.847248,
            46.639647
          ],
          [
            9.847233,
            46.639649
          ],
          [
            9.847195,
            46.639651
          ],
          [
            9.847064,
            46.639655
          ],
          [
            9.84705,
            46.639655
          ],
          [
            9.846948,
            46.639656
          ],
          [
            9.846919,
            46.639655
          ],
          [
            9.846861,
            46.639657
          ],
          [
            9.846808,
            46.639658
          ],
          [
            9.846766,
            46.639652
          ],
          [
            9.846677,
            46.639645
          ],
          [
            9.846663,
            46.639644
          ],
          [
            9.846575,
            46.639673
          ],
          [
            9.846495,
            46.639694
          ],
          [
            9.846473,
            46.639692
          ],
          [
            9.846389,
            46.639688
          ],
          [
            9.846371,
            46.6397
          ],
          [
            9.846297,
            46.639729
          ],
          [
            9.84626,
            46.639742
          ],
          [
            9.846183,
            46.639746
          ],
          [
            9.846147,
            46.639743
          ],
          [
            9.84612,
            46.639742
          ],
          [
            9.846028,
            46.639746
          ],
          [
            9.846014,
            46.639746
          ],
          [
            9.845966,
            46.639764
          ],
          [
            9.84593,
            46.639777
          ],
          [
            9.845871,
            46.639785
          ],
          [
            9.845787,
            46.639783
          ],
          [
            9.845775,
            46.639781
          ],
          [
            9.845708,
            46.639779
          ],
          [
            9.845692,
            46.639782
          ],
          [
            9.84564,
            46.639794
          ],
          [
            9.845543,
            46.639796
          ],
          [
            9.845478,
            46.63979
          ],
          [
            9.845384,
            46.639766
          ],
          [
            9.845335,
            46.639759
          ],
          [
            9.845304,
            46.639758
          ],
          [
            9.845236,
            46.639761
          ],
          [
            9.845224,
            46.639762
          ],
          [
            9.845164,
            46.639758
          ],
          [
            9.845149,
            46.639758
          ],
          [
            9.845092,
            46.639762
          ],
          [
            9.845056,
            46.639759
          ],
          [
            9.84502,
            46.639755
          ],
          [
            9.844951,
            46.639755
          ],
          [
            9.844928,
            46.639753
          ],
          [
            9.84487,
            46.639748
          ],
          [
            9.844838,
            46.639752
          ],
          [
            9.844805,
            46.639745
          ],
          [
            9.844739,
            46.639739
          ],
          [
            9.844708,
            46.639716
          ],
          [
            9.844659,
            46.639717
          ],
          [
            9.844612,
            46.639723
          ],
          [
            9.844589,
            46.63973
          ],
          [
            9.844523,
            46.639752
          ],
          [
            9.844511,
            46.639758
          ],
          [
            9.844458,
            46.639776
          ],
          [
            9.84444,
            46.639787
          ],
          [
            9.844411,
            46.639806
          ],
          [
            9.844324,
            46.639845
          ],
          [
            9.844284,
            46.639834
          ],
          [
            9.844247,
            46.639821
          ],
          [
            9.844183,
            46.639809
          ],
          [
            9.844131,
            46.639797
          ],
          [
            9.844126,
            46.639796
          ],
          [
            9.844082,
            46.639794
          ],
          [
            9.84407,
            46.639796
          ],
          [
            9.844026,
            46.639796
          ],
          [
            9.843951,
            46.639785
          ],
          [
            9.843938,
            46.639783
          ],
          [
            9.843887,
            46.639776
          ],
          [
            9.843831,
            46.63976
          ],
          [
            9.843821,
            46.639758
          ],
          [
            9.843791,
            46.639755
          ],
          [
            9.843739,
            46.639758
          ],
          [
            9.843737,
            46.639757
          ],
          [
            9.843681,
            46.639753
          ],
          [
            9.843621,
            46.639752
          ],
          [
            9.84356,
            46.639773
          ],
          [
            9.843551,
            46.639779
          ],
          [
            9.843508,
            46.639796
          ],
          [
            9.843442,
            46.639804
          ],
          [
            9.843318,
            46.639806
          ],
          [
            9.843276,
            46.63981
          ],
          [
            9.84326,
            46.63981
          ],
          [
            9.843197,
            46.639819
          ],
          [
            9.843159,
            46.639824
          ],
          [
            9.843147,
            46.639824
          ],
          [
            9.843067,
            46.639829
          ],
          [
            9.843023,
            46.639825
          ],
          [
            9.843009,
            46.639823
          ],
          [
            9.842965,
            46.639827
          ],
          [
            9.842932,
            46.639829
          ],
          [
            9.842897,
            46.639831
          ],
          [
            9.842857,
            46.639836
          ],
          [
            9.842815,
            46.639838
          ],
          [
            9.842772,
            46.639846
          ],
          [
            9.842721,
            46.63985
          ],
          [
            9.842692,
            46.639854
          ],
          [
            9.842636,
            46.639862
          ],
          [
            9.842577,
            46.639871
          ],
          [
            9.842548,
            46.639876
          ],
          [
            9.842497,
            46.639894
          ],
          [
            9.842465,
            46.639897
          ],
          [
            9.84243,
            46.639894
          ],
          [
            9.842379,
            46.639887
          ],
          [
            9.842342,
            46.639894
          ],
          [
            9.842301,
            46.639895
          ],
          [
            9.842281,
            46.639899
          ],
          [
            9.842251,
            46.639903
          ],
          [
            9.842166,
            46.639896
          ],
          [
            9.842152,
            46.639894
          ],
          [
            9.842108,
            46.639886
          ],
          [
            9.842087,
            46.639885
          ],
          [
            9.842055,
            46.639888
          ],
          [
            9.842007,
            46.639886
          ],
          [
            9.841993,
            46.639887
          ],
          [
            9.841942,
            46.639893
          ],
          [
            9.841931,
            46.639894
          ],
          [
            9.841901,
            46.639891
          ],
          [
            9.84186,
            46.639893
          ],
          [
            9.841841,
            46.639889
          ],
          [
            9.841791,
            46.639885
          ],
          [
            9.84175,
            46.639884
          ],
          [
            9.84174,
            46.639885
          ],
          [
            9.841665,
            46.639891
          ],
          [
            9.841614,
            46.639902
          ],
          [
            9.841558,
            46.639919
          ],
          [
            9.841527,
            46.639911
          ],
          [
            9.841541,
            46.639891
          ],
          [
            9.841548,
            46.639885
          ],
          [
            9.841628,
            46.639835
          ],
          [
            9.841638,
            46.639828
          ],
          [
            9.841685,
            46.639792
          ],
          [
            9.841745,
            46.639766
          ],
          [
            9.841783,
            46.639746
          ],
          [
            9.841872,
            46.639712
          ],
          [
            9.841902,
            46.639665
          ],
          [
            9.841905,
            46.63964
          ],
          [
            9.841888,
            46.639622
          ],
          [
            9.841862,
            46.639611
          ],
          [
            9.841791,
            46.639604
          ],
          [
            9.841697,
            46.639622
          ],
          [
            9.841667,
            46.639629
          ],
          [
            9.841642,
            46.639632
          ],
          [
            9.8416,
            46.639643
          ],
          [
            9.841569,
            46.639648
          ],
          [
            9.841526,
            46.639652
          ],
          [
            9.841478,
            46.639654
          ],
          [
            9.841425,
            46.63965
          ],
          [
            9.841371,
            46.639646
          ],
          [
            9.841312,
            46.639646
          ],
          [
            9.84127,
            46.63965
          ],
          [
            9.841253,
            46.63965
          ],
          [
            9.841187,
            46.639667
          ],
          [
            9.841184,
            46.639666
          ],
          [
            9.841149,
            46.639675
          ],
          [
            9.84107,
            46.63971
          ],
          [
            9.841007,
            46.639719
          ],
          [
            9.840954,
            46.639724
          ],
          [
            9.840876,
            46.639725
          ],
          [
            9.840806,
            46.639745
          ],
          [
            9.84079,
            46.639749
          ],
          [
            9.840711,
            46.639766
          ],
          [
            9.840663,
            46.639773
          ],
          [
            9.840644,
            46.639778
          ],
          [
            9.840588,
            46.63978
          ],
          [
            9.840519,
            46.639785
          ],
          [
            9.840506,
            46.639788
          ],
          [
            9.840459,
            46.639798
          ],
          [
            9.840365,
            46.639831
          ],
          [
            9.840344,
            46.639838
          ],
          [
            9.840298,
            46.639854
          ],
          [
            9.840233,
            46.639866
          ],
          [
            9.840207,
            46.639871
          ],
          [
            9.840153,
            46.639882
          ],
          [
            9.840085,
            46.639918
          ],
          [
            9.840051,
            46.639967
          ],
          [
            9.840025,
            46.639981
          ],
          [
            9.839961,
            46.640005
          ],
          [
            9.839897,
            46.640016
          ],
          [
            9.839874,
            46.640018
          ],
          [
            9.839825,
            46.640023
          ],
          [
            9.839756,
            46.64003
          ],
          [
            9.839665,
            46.64006
          ],
          [
            9.83964,
            46.640067
          ],
          [
            9.839608,
            46.64007
          ],
          [
            9.839452,
            46.640103
          ],
          [
            9.83942,
            46.640113
          ],
          [
            9.839278,
            46.640163
          ],
          [
            9.839206,
            46.640194
          ],
          [
            9.839157,
            46.640205
          ],
          [
            9.839147,
            46.640208
          ],
          [
            9.83912,
            46.640217
          ],
          [
            9.839063,
            46.640221
          ],
          [
            9.839045,
            46.640209
          ],
          [
            9.839041,
            46.640201
          ],
          [
            9.839039,
            46.640172
          ],
          [
            9.839043,
            46.640146
          ],
          [
            9.839087,
            46.64011
          ],
          [
            9.839104,
            46.640129
          ],
          [
            9.839101,
            46.640118
          ],
          [
            9.839093,
            46.640118
          ],
          [
            9.839082,
            46.640124
          ],
          [
            9.839085,
            46.640131
          ],
          [
            9.839121,
            46.64011
          ],
          [
            9.839126,
            46.640102
          ],
          [
            9.839148,
            46.64007
          ],
          [
            9.839159,
            46.640042
          ],
          [
            9.839163,
            46.640026
          ],
          [
            9.839178,
            46.639999
          ],
          [
            9.83921,
            46.639969
          ],
          [
            9.839283,
            46.639917
          ],
          [
            9.839305,
            46.639856
          ],
          [
            9.839296,
            46.639836
          ],
          [
            9.839276,
            46.639817
          ],
          [
            9.839226,
            46.639801
          ],
          [
            9.839168,
            46.639799
          ],
          [
            9.839157,
            46.639803
          ],
          [
            9.839114,
            46.639822
          ],
          [
            9.839046,
            46.639831
          ],
          [
            9.839035,
            46.639831
          ],
          [
            9.839029,
            46.639817
          ],
          [
            9.838967,
            46.639811
          ],
          [
            9.838926,
            46.639833
          ],
          [
            9.838912,
            46.639868
          ],
          [
            9.838906,
            46.639879
          ],
          [
            9.838895,
            46.639901
          ],
          [
            9.838892,
            46.639905
          ],
          [
            9.838885,
            46.639904
          ],
          [
            9.838883,
            46.639906
          ],
          [
            9.83892,
            46.639905
          ],
          [
            9.838923,
            46.639904
          ],
          [
            9.838924,
            46.639902
          ],
          [
            9.838927,
            46.639895
          ],
          [
            9.838924,
            46.639902
          ],
          [
            9.838916,
            46.639896
          ],
          [
            9.838946,
            46.639893
          ],
          [
            9.838945,
            46.639879
          ],
          [
            9.838918,
            46.639891
          ],
          [
            9.838909,
            46.639895
          ],
          [
            9.838939,
            46.639874
          ],
          [
            9.838907,
            46.639884
          ],
          [
            9.838914,
            46.639898
          ],
          [
            9.838921,
            46.639902
          ],
          [
            9.838918,
            46.639921
          ],
          [
            9.838919,
            46.639925
          ],
          [
            9.838925,
            46.639908
          ],
          [
            9.838944,
            46.639901
          ],
          [
            9.838938,
            46.63991
          ],
          [
            9.838909,
            46.639915
          ],
          [
            9.838891,
            46.639925
          ],
          [
            9.838919,
            46.639922
          ],
          [
            9.838957,
            46.639866
          ],
          [
            9.838959,
            46.639864
          ],
          [
            9.838953,
            46.639849
          ],
          [
            9.838937,
            46.639803
          ],
          [
            9.838915,
            46.639805
          ],
          [
            9.838929,
            46.639801
          ],
          [
            9.838957,
            46.63982
          ],
          [
            9.838929,
            46.639849
          ],
          [
            9.838932,
            46.63988
          ],
          [
            9.838939,
            46.639882
          ],
          [
            9.838934,
            46.639838
          ],
          [
            9.838928,
            46.639814
          ],
          [
            9.838928,
            46.639809
          ],
          [
            9.838932,
            46.639804
          ],
          [
            9.838934,
            46.639807
          ],
          [
            9.838938,
            46.639812
          ],
          [
            9.838951,
            46.639844
          ],
          [
            9.838955,
            46.639859
          ],
          [
            9.838959,
            46.639841
          ],
          [
            9.838973,
            46.639814
          ],
          [
            9.838979,
            46.639803
          ],
          [
            9.838981,
            46.639797
          ],
          [
            9.838972,
            46.639817
          ],
          [
            9.838986,
            46.639817
          ],
          [
            9.83898,
            46.639822
          ],
          [
            9.838977,
            46.639832
          ],
          [
            9.838975,
            46.639834
          ],
          [
            9.838967,
            46.639842
          ],
          [
            9.838962,
            46.639848
          ],
          [
            9.838968,
            46.639863
          ],
          [
            9.839001,
            46.639864
          ],
          [
            9.838951,
            46.639854
          ],
          [
            9.838925,
            46.639841
          ],
          [
            9.838938,
            46.639846
          ],
          [
            9.838942,
            46.639843
          ],
          [
            9.838938,
            46.639847
          ],
          [
            9.838942,
            46.639854
          ],
          [
            9.838944,
            46.639843
          ],
          [
            9.838946,
            46.639838
          ],
          [
            9.838898,
            46.639813
          ],
          [
            9.838839,
            46.639814
          ],
          [
            9.83878,
            46.639829
          ],
          [
            9.838761,
            46.639835
          ],
          [
            9.83871,
            46.63985
          ],
          [
            9.83864,
            46.639881
          ],
          [
            9.838563,
            46.639904
          ],
          [
            9.838478,
            46.639917
          ],
          [
            9.838391,
            46.639933
          ],
          [
            9.838307,
            46.639948
          ],
          [
            9.838239,
            46.639951
          ],
          [
            9.838193,
            46.639955
          ],
          [
            9.838177,
            46.639962
          ],
          [
            9.838171,
            46.639953
          ],
          [
            9.838166,
            46.639943
          ],
          [
            9.838168,
            46.639946
          ],
          [
            9.838189,
            46.639952
          ],
          [
            9.83819,
            46.639959
          ],
          [
            9.838174,
            46.639969
          ],
          [
            9.83815,
            46.639981
          ],
          [
            9.838097,
            46.639986
          ],
          [
            9.838077,
            46.639984
          ],
          [
            9.838014,
            46.639996
          ],
          [
            9.837972,
            46.640011
          ],
          [
            9.83794,
            46.640012
          ],
          [
            9.837922,
            46.64001
          ],
          [
            9.837885,
            46.640005
          ],
          [
            9.837868,
            46.640002
          ],
          [
            9.837842,
            46.639999
          ],
          [
            9.837777,
            46.639989
          ],
          [
            9.837763,
            46.639989
          ],
          [
            9.837722,
            46.639995
          ],
          [
            9.837676,
            46.639999
          ],
          [
            9.837621,
            46.640012
          ],
          [
            9.837581,
            46.64002
          ],
          [
            9.837553,
            46.640033
          ],
          [
            9.83753,
            46.64004
          ],
          [
            9.83749,
            46.640074
          ],
          [
            9.837488,
            46.640079
          ],
          [
            9.837448,
            46.640097
          ],
          [
            9.837436,
            46.640103
          ],
          [
            9.837413,
            46.64012
          ],
          [
            9.837402,
            46.640129
          ],
          [
            9.837361,
            46.640147
          ],
          [
            9.83733,
            46.64016
          ],
          [
            9.837317,
            46.640165
          ],
          [
            9.837263,
            46.640172
          ],
          [
            9.837254,
            46.640167
          ],
          [
            9.83723,
            46.640161
          ],
          [
            9.837189,
            46.640159
          ],
          [
            9.837175,
            46.640157
          ],
          [
            9.837131,
            46.640159
          ],
          [
            9.837112,
            46.640182
          ],
          [
            9.837104,
            46.640194
          ],
          [
            9.837096,
            46.640204
          ],
          [
            9.837044,
            46.640222
          ],
          [
            9.837003,
            46.640232
          ],
          [
            9.836975,
            46.64024
          ],
          [
            9.83692,
            46.640243
          ],
          [
            9.836907,
            46.640244
          ],
          [
            9.83687,
            46.64025
          ],
          [
            9.83683,
            46.64027
          ],
          [
            9.836822,
            46.640274
          ],
          [
            9.836808,
            46.640274
          ],
          [
            9.836785,
            46.64027
          ],
          [
            9.836731,
            46.640271
          ],
          [
            9.836701,
            46.640272
          ],
          [
            9.836691,
            46.640274
          ],
          [
            9.836658,
            46.64027
          ],
          [
            9.836638,
            46.640259
          ],
          [
            9.836608,
            46.64024
          ],
          [
            9.836602,
            46.640232
          ],
          [
            9.836602,
            46.640194
          ],
          [
            9.836601,
            46.640155
          ],
          [
            9.83659,
            46.640132
          ],
          [
            9.83659,
            46.640124
          ],
          [
            9.836587,
            46.640095
          ],
          [
            9.836591,
            46.640071
          ],
          [
            9.836594,
            46.640048
          ],
          [
            9.836594,
            46.640041
          ],
          [
            9.836592,
            46.640012
          ],
          [
            9.836596,
            46.63998
          ],
          [
            9.836563,
            46.639948
          ],
          [
            9.836525,
            46.639942
          ],
          [
            9.836505,
            46.639951
          ],
          [
            9.836497,
            46.639955
          ],
          [
            9.836457,
            46.639962
          ],
          [
            9.83641,
            46.639972
          ],
          [
            9.836399,
            46.639974
          ],
          [
            9.836367,
            46.639974
          ],
          [
            9.836326,
            46.639976
          ],
          [
            9.836305,
            46.639984
          ],
          [
            9.83627,
            46.639995
          ],
          [
            9.83622,
            46.640001
          ],
          [
            9.836177,
            46.639997
          ],
          [
            9.836168,
            46.639998
          ],
          [
            9.836077,
            46.640005
          ],
          [
            9.836065,
            46.640007
          ],
          [
            9.836047,
            46.640012
          ],
          [
            9.836011,
            46.640029
          ],
          [
            9.835957,
            46.640039
          ],
          [
            9.835942,
            46.640042
          ],
          [
            9.835891,
            46.640026
          ],
          [
            9.835856,
            46.640022
          ],
          [
            9.835823,
            46.640016
          ],
          [
            9.835814,
            46.640016
          ],
          [
            9.835769,
            46.64001
          ],
          [
            9.835726,
            46.640009
          ],
          [
            9.835697,
            46.640013
          ],
          [
            9.835647,
            46.640016
          ],
          [
            9.835587,
            46.640023
          ],
          [
            9.835573,
            46.640023
          ],
          [
            9.835513,
            46.64003
          ],
          [
            9.835484,
            46.640029
          ],
          [
            9.835458,
            46.64003
          ],
          [
            9.835416,
            46.640037
          ],
          [
            9.835402,
            46.640038
          ],
          [
            9.835365,
            46.640051
          ],
          [
            9.835335,
            46.640062
          ],
          [
            9.835323,
            46.640066
          ],
          [
            9.835283,
            46.640082
          ],
          [
            9.835259,
            46.640083
          ],
          [
            9.835209,
            46.640078
          ],
          [
            9.835141,
            46.640079
          ],
          [
            9.835089,
            46.6401
          ],
          [
            9.83503,
            46.640109
          ],
          [
            9.835021,
            46.640106
          ],
          [
            9.834997,
            46.640098
          ],
          [
            9.834939,
            46.640095
          ],
          [
            9.834913,
            46.640096
          ],
          [
            9.834892,
            46.6401
          ],
          [
            9.834839,
            46.640113
          ],
          [
            9.834793,
            46.640122
          ],
          [
            9.834769,
            46.640131
          ],
          [
            9.834703,
            46.640139
          ],
          [
            9.83469,
            46.640137
          ],
          [
            9.834646,
            46.640139
          ],
          [
            9.834558,
            46.640147
          ],
          [
            9.83449,
            46.640169
          ],
          [
            9.834448,
            46.640184
          ],
          [
            9.834431,
            46.640191
          ],
          [
            9.834387,
            46.640223
          ],
          [
            9.834344,
            46.640249
          ],
          [
            9.834337,
            46.640258
          ],
          [
            9.834289,
            46.640293
          ],
          [
            9.834245,
            46.640314
          ],
          [
            9.834212,
            46.640313
          ],
          [
            9.834169,
            46.640316
          ],
          [
            9.834142,
            46.64032
          ],
          [
            9.83411,
            46.640329
          ],
          [
            9.834096,
            46.640333
          ],
          [
            9.834032,
            46.640355
          ],
          [
            9.834007,
            46.640361
          ],
          [
            9.833969,
            46.640376
          ],
          [
            9.833937,
            46.640412
          ],
          [
            9.833877,
            46.640447
          ],
          [
            9.83383,
            46.640474
          ],
          [
            9.833818,
            46.640479
          ],
          [
            9.833775,
            46.640498
          ],
          [
            9.83375,
            46.640498
          ],
          [
            9.833728,
            46.640496
          ],
          [
            9.833682,
            46.640497
          ],
          [
            9.833655,
            46.640494
          ],
          [
            9.833626,
            46.640484
          ],
          [
            9.833545,
            46.640489
          ],
          [
            9.833474,
            46.64051
          ],
          [
            9.833443,
            46.640524
          ],
          [
            9.833421,
            46.640535
          ],
          [
            9.833365,
            46.640565
          ],
          [
            9.833332,
            46.640597
          ],
          [
            9.833319,
            46.640602
          ],
          [
            9.833249,
            46.640614
          ],
          [
            9.83323,
            46.640617
          ],
          [
            9.833128,
            46.640654
          ],
          [
            9.833072,
            46.640666
          ],
          [
            9.833011,
            46.640667
          ],
          [
            9.832967,
            46.640655
          ],
          [
            9.832896,
            46.64065
          ],
          [
            9.832839,
            46.640641
          ],
          [
            9.83279,
            46.64065
          ],
          [
            9.832752,
            46.640655
          ],
          [
            9.832739,
            46.640656
          ],
          [
            9.832692,
            46.640661
          ],
          [
            9.832676,
            46.640664
          ],
          [
            9.832656,
            46.64067
          ],
          [
            9.83262,
            46.64069
          ],
          [
            9.832572,
            46.640703
          ],
          [
            9.83256,
            46.640705
          ],
          [
            9.832507,
            46.640696
          ],
          [
            9.832481,
            46.640691
          ],
          [
            9.83247,
            46.64069
          ],
          [
            9.83242,
            46.640683
          ],
          [
            9.832375,
            46.640687
          ],
          [
            9.832334,
            46.640696
          ],
          [
            9.832284,
            46.640708
          ],
          [
            9.832259,
            46.640709
          ],
          [
            9.832194,
            46.64071
          ],
          [
            9.832135,
            46.640709
          ],
          [
            9.832065,
            46.640718
          ],
          [
            9.832007,
            46.640731
          ],
          [
            9.831997,
            46.640736
          ],
          [
            9.831994,
            46.640734
          ],
          [
            9.832001,
            46.640738
          ],
          [
            9.832001,
            46.640738
          ],
          [
            9.832001,
            46.640738
          ],
          [
            9.831989,
            46.64074
          ],
          [
            9.831991,
            46.640743
          ],
          [
            9.831992,
            46.640741
          ],
          [
            9.831997,
            46.640741
          ],
          [
            9.831991,
            46.64074
          ],
          [
            9.832001,
            46.640738
          ],
          [
            9.832006,
            46.64074
          ],
          [
            9.83202,
            46.640745
          ],
          [
            9.832011,
            46.640756
          ],
          [
            9.832011,
            46.640756
          ],
          [
            9.832011,
            46.640756
          ],
          [
            9.832011,
            46.640756
          ],
          [
            9.832011,
            46.640756
          ],
          [
            9.832011,
            46.640756
          ],
          [
            9.832011,
            46.640756
          ],
          [
            9.83199,
            46.640746
          ],
          [
            9.832006,
            46.640745
          ],
          [
            9.83202,
            46.640752
          ],
          [
            9.832014,
            46.640754
          ],
          [
            9.832015,
            46.640754
          ],
          [
            9.832033,
            46.640749
          ],
          [
            9.832026,
            46.640737
          ],
          [
            9.832023,
            46.640736
          ],
          [
            9.83202,
            46.640736
          ],
          [
            9.831997,
            46.640746
          ],
          [
            9.831994,
            46.640743
          ],
          [
            9.831995,
            46.640744
          ],
          [
            9.831991,
            46.640747
          ],
          [
            9.831997,
            46.64073
          ],
          [
            9.831997,
            46.64073
          ],
          [
            9.831993,
            46.640734
          ],
          [
            9.832,
            46.640738
          ],
          [
            9.832,
            46.640738
          ],
          [
            9.832014,
            46.640741
          ],
          [
            9.832,
            46.640738
          ],
          [
            9.831992,
            46.640741
          ],
          [
            9.831983,
            46.640735
          ],
          [
            9.831972,
            46.640753
          ],
          [
            9.831968,
            46.640751
          ],
          [
            9.831968,
            46.640751
          ],
          [
            9.831977,
            46.640773
          ],
          [
            9.831983,
            46.640769
          ],
          [
            9.83197,
            46.640765
          ],
          [
            9.831965,
            46.640765
          ],
          [
            9.831965,
            46.640765
          ],
          [
            9.83198,
            46.640775
          ],
          [
            9.831965,
            46.640764
          ],
          [
            9.831884,
            46.640771
          ],
          [
            9.83187,
            46.640775
          ],
          [
            9.831854,
            46.640781
          ],
          [
            9.831792,
            46.640788
          ],
          [
            9.831758,
            46.640794
          ],
          [
            9.831691,
            46.640819
          ],
          [
            9.831626,
            46.640851
          ],
          [
            9.831586,
            46.640879
          ],
          [
            9.831475,
            46.640939
          ],
          [
            9.831397,
            46.640976
          ],
          [
            9.831354,
            46.641
          ],
          [
            9.831347,
            46.641007
          ],
          [
            9.831308,
            46.641029
          ],
          [
            9.831286,
            46.641038
          ],
          [
            9.831289,
            46.641033
          ],
          [
            9.831273,
            46.641037
          ],
          [
            9.83126,
            46.641045
          ],
          [
            9.831221,
            46.641056
          ],
          [
            9.831172,
            46.641084
          ],
          [
            9.831167,
            46.64109
          ],
          [
            9.831153,
            46.641106
          ],
          [
            9.831118,
            46.641123
          ],
          [
            9.831094,
            46.641132
          ],
          [
            9.83104,
            46.641151
          ],
          [
            9.830973,
            46.641172
          ],
          [
            9.8309,
            46.641204
          ],
          [
            9.83087,
            46.641232
          ],
          [
            9.830865,
            46.641242
          ],
          [
            9.830844,
            46.641288
          ],
          [
            9.830832,
            46.641309
          ],
          [
            9.830807,
            46.641336
          ],
          [
            9.830768,
            46.641383
          ],
          [
            9.830761,
            46.641411
          ],
          [
            9.830733,
            46.641453
          ],
          [
            9.830719,
            46.641463
          ],
          [
            9.83067,
            46.641511
          ],
          [
            9.830667,
            46.641526
          ],
          [
            9.830637,
            46.641537
          ],
          [
            9.830631,
            46.641537
          ],
          [
            9.830621,
            46.641579
          ],
          [
            9.830624,
            46.641594
          ],
          [
            9.830614,
            46.641635
          ],
          [
            9.830597,
            46.641653
          ],
          [
            9.830568,
            46.641674
          ],
          [
            9.830541,
            46.641692
          ],
          [
            9.830536,
            46.641696
          ],
          [
            9.830488,
            46.641733
          ],
          [
            9.830456,
            46.641747
          ],
          [
            9.830443,
            46.641754
          ],
          [
            9.830404,
            46.641787
          ],
          [
            9.830391,
            46.641806
          ],
          [
            9.830392,
            46.641819
          ],
          [
            9.830416,
            46.641847
          ],
          [
            9.830427,
            46.64186
          ],
          [
            9.830424,
            46.641875
          ],
          [
            9.830408,
            46.64189
          ],
          [
            9.830393,
            46.6419
          ],
          [
            9.830366,
            46.641938
          ],
          [
            9.830342,
            46.641955
          ],
          [
            9.830333,
            46.641962
          ],
          [
            9.830318,
            46.64199
          ],
          [
            9.830313,
            46.641997
          ],
          [
            9.830291,
            46.642019
          ],
          [
            9.830264,
            46.642028
          ],
          [
            9.83025,
            46.642028
          ],
          [
            9.830199,
            46.642046
          ],
          [
            9.830189,
            46.642093
          ],
          [
            9.830174,
            46.642097
          ],
          [
            9.83017,
            46.642096
          ],
          [
            9.830147,
            46.642108
          ],
          [
            9.830141,
            46.64211
          ],
          [
            9.830124,
            46.642127
          ],
          [
            9.830101,
            46.642156
          ],
          [
            9.830095,
            46.642181
          ],
          [
            9.830094,
            46.642201
          ],
          [
            9.830117,
            46.642226
          ],
          [
            9.830128,
            46.642233
          ],
          [
            9.83015,
            46.642251
          ],
          [
            9.830168,
            46.642271
          ],
          [
            9.830182,
            46.64229
          ],
          [
            9.830184,
            46.642295
          ],
          [
            9.83019,
            46.642324
          ],
          [
            9.830182,
            46.642346
          ],
          [
            9.830183,
            46.642352
          ],
          [
            9.830195,
            46.642368
          ],
          [
            9.8302,
            46.642391
          ],
          [
            9.83019,
            46.642435
          ],
          [
            9.830183,
            46.642443
          ],
          [
            9.830192,
            46.642484
          ],
          [
            9.830189,
            46.642499
          ],
          [
            9.830183,
            46.642519
          ],
          [
            9.830161,
            46.642533
          ],
          [
            9.830126,
            46.642533
          ],
          [
            9.830092,
            46.642546
          ],
          [
            9.83009,
            46.642594
          ],
          [
            9.830104,
            46.642625
          ],
          [
            9.830099,
            46.64262
          ],
          [
            9.830091,
            46.642619
          ],
          [
            9.830037,
            46.6426
          ],
          [
            9.830021,
            46.642596
          ],
          [
            9.829916,
            46.64257
          ],
          [
            9.829882,
            46.642578
          ],
          [
            9.829863,
            46.642595
          ],
          [
            9.829878,
            46.642634
          ],
          [
            9.829882,
            46.642646
          ],
          [
            9.829936,
            46.642678
          ],
          [
            9.829955,
            46.642694
          ],
          [
            9.830001,
            46.642726
          ],
          [
            9.830064,
            46.642735
          ],
          [
            9.830209,
            46.642733
          ],
          [
            9.830251,
            46.642783
          ],
          [
            9.83024,
            46.642797
          ],
          [
            9.830217,
            46.642813
          ],
          [
            9.830187,
            46.642831
          ],
          [
            9.830146,
            46.642846
          ],
          [
            9.830092,
            46.64287
          ],
          [
            9.830004,
            46.642924
          ],
          [
            9.829991,
            46.642932
          ],
          [
            9.829949,
            46.64296
          ],
          [
            9.829896,
            46.643001
          ],
          [
            9.829876,
            46.643013
          ],
          [
            9.829827,
            46.643046
          ],
          [
            9.829826,
            46.643049
          ],
          [
            9.829833,
            46.643045
          ],
          [
            9.829838,
            46.643036
          ],
          [
            9.829813,
            46.643061
          ],
          [
            9.829799,
            46.64306
          ],
          [
            9.829758,
            46.643087
          ],
          [
            9.829699,
            46.643114
          ],
          [
            9.829638,
            46.643136
          ],
          [
            9.829617,
            46.643148
          ],
          [
            9.829552,
            46.643179
          ],
          [
            9.829544,
            46.643183
          ],
          [
            9.829465,
            46.643228
          ],
          [
            9.82945,
            46.643235
          ],
          [
            9.82939,
            46.643275
          ],
          [
            9.829364,
            46.643295
          ],
          [
            9.829355,
            46.643304
          ],
          [
            9.829286,
            46.643358
          ],
          [
            9.829219,
            46.643402
          ],
          [
            9.829208,
            46.643408
          ],
          [
            9.829147,
            46.643444
          ],
          [
            9.829077,
            46.643478
          ],
          [
            9.829066,
            46.643485
          ],
          [
            9.829003,
            46.643522
          ],
          [
            9.828964,
            46.643553
          ],
          [
            9.828956,
            46.643562
          ],
          [
            9.828924,
            46.643603
          ],
          [
            9.828881,
            46.643629
          ],
          [
            9.828872,
            46.643639
          ],
          [
            9.828857,
            46.643638
          ],
          [
            9.828822,
            46.643634
          ],
          [
            9.828822,
            46.643633
          ],
          [
            9.82878,
            46.643644
          ],
          [
            9.828761,
            46.643649
          ],
          [
            9.828742,
            46.643661
          ],
          [
            9.82873,
            46.643662
          ],
          [
            9.828717,
            46.643656
          ],
          [
            9.828686,
            46.643663
          ],
          [
            9.828671,
            46.643668
          ],
          [
            9.828632,
            46.643683
          ],
          [
            9.828599,
            46.64367
          ],
          [
            9.828591,
            46.643668
          ],
          [
            9.828556,
            46.643675
          ],
          [
            9.828543,
            46.643675
          ],
          [
            9.828499,
            46.643676
          ],
          [
            9.828451,
            46.643694
          ],
          [
            9.828445,
            46.643696
          ],
          [
            9.828435,
            46.64369
          ],
          [
            9.828407,
            46.643691
          ],
          [
            9.828391,
            46.643689
          ],
          [
            9.828391,
            46.643689
          ],
          [
            9.828357,
            46.643687
          ],
          [
            9.828356,
            46.643689
          ],
          [
            9.828383,
            46.643698
          ],
          [
            9.828353,
            46.643695
          ],
          [
            9.828329,
            46.64369
          ],
          [
            9.828313,
            46.643694
          ],
          [
            9.828266,
            46.643706
          ],
          [
            9.828214,
            46.643725
          ],
          [
            9.828121,
            46.643781
          ],
          [
            9.828109,
            46.643795
          ],
          [
            9.828081,
            46.643805
          ],
          [
            9.828075,
            46.643806
          ],
          [
            9.828066,
            46.643804
          ],
          [
            9.82804,
            46.643824
          ],
          [
            9.828018,
            46.643836
          ],
          [
            9.828012,
            46.643837
          ],
          [
            9.827982,
            46.643851
          ],
          [
            9.827981,
            46.643846
          ],
          [
            9.827956,
            46.643851
          ],
          [
            9.827898,
            46.643869
          ],
          [
            9.827853,
            46.643872
          ],
          [
            9.827791,
            46.643886
          ],
          [
            9.827774,
            46.643901
          ],
          [
            9.827768,
            46.643906
          ],
          [
            9.827721,
            46.643918
          ],
          [
            9.827709,
            46.643917
          ],
          [
            9.827669,
            46.643909
          ],
          [
            9.82763,
            46.643901
          ],
          [
            9.827616,
            46.6439
          ],
          [
            9.827588,
            46.64386
          ],
          [
            9.827578,
            46.643856
          ],
          [
            9.827519,
            46.643867
          ],
          [
            9.827511,
            46.643872
          ],
          [
            9.82747,
            46.643889
          ],
          [
            9.827456,
            46.643896
          ],
          [
            9.827445,
            46.643898
          ],
          [
            9.827424,
            46.64391
          ],
          [
            9.827372,
            46.643919
          ],
          [
            9.827352,
            46.643928
          ],
          [
            9.827341,
            46.643931
          ],
          [
            9.827311,
            46.64394
          ],
          [
            9.827267,
            46.643959
          ],
          [
            9.827265,
            46.643966
          ],
          [
            9.827269,
            46.643991
          ],
          [
            9.827273,
            46.643991
          ],
          [
            9.827275,
            46.644024
          ],
          [
            9.827271,
            46.644025
          ],
          [
            9.82728,
            46.64404
          ],
          [
            9.827292,
            46.64404
          ],
          [
            9.827281,
            46.644039
          ],
          [
            9.827263,
            46.644044
          ],
          [
            9.82723,
            46.644026
          ],
          [
            9.827211,
            46.644016
          ],
          [
            9.827093,
            46.643981
          ],
          [
            9.827081,
            46.643981
          ],
          [
            9.82704,
            46.643979
          ],
          [
            9.826996,
            46.644008
          ],
          [
            9.826972,
            46.644005
          ],
          [
            9.826966,
            46.644003
          ],
          [
            9.826961,
            46.644004
          ],
          [
            9.826957,
            46.64401
          ],
          [
            9.826965,
            46.643999
          ],
          [
            9.826943,
            46.643978
          ],
          [
            9.826939,
            46.643974
          ],
          [
            9.82693,
            46.643953
          ],
          [
            9.826929,
            46.643917
          ],
          [
            9.826823,
            46.643877
          ],
          [
            9.826763,
            46.64384
          ],
          [
            9.826714,
            46.643773
          ],
          [
            9.826706,
            46.643728
          ],
          [
            9.826712,
            46.643713
          ],
          [
            9.826704,
            46.643688
          ],
          [
            9.826668,
            46.643668
          ],
          [
            9.826649,
            46.643663
          ],
          [
            9.82659,
            46.643655
          ],
          [
            9.8265,
            46.643682
          ],
          [
            9.826426,
            46.64373
          ],
          [
            9.826411,
            46.64374
          ],
          [
            9.826381,
            46.643752
          ],
          [
            9.826344,
            46.643759
          ],
          [
            9.826324,
            46.643766
          ],
          [
            9.826282,
            46.64378
          ],
          [
            9.826278,
            46.643771
          ],
          [
            9.826242,
            46.643759
          ],
          [
            9.826147,
            46.643783
          ],
          [
            9.826038,
            46.643801
          ],
          [
            9.826003,
            46.643815
          ],
          [
            9.825957,
            46.643832
          ],
          [
            9.825935,
            46.64384
          ],
          [
            9.825849,
            46.643852
          ],
          [
            9.825809,
            46.643859
          ],
          [
            9.825771,
            46.643867
          ],
          [
            9.825681,
            46.643892
          ],
          [
            9.825667,
            46.643895
          ],
          [
            9.825553,
            46.643932
          ],
          [
            9.82554,
            46.643934
          ],
          [
            9.825439,
            46.643938
          ],
          [
            9.825364,
            46.643942
          ],
          [
            9.825341,
            46.643951
          ],
          [
            9.825316,
            46.643951
          ],
          [
            9.825293,
            46.643956
          ],
          [
            9.825254,
            46.643966
          ],
          [
            9.825234,
            46.643968
          ],
          [
            9.825224,
            46.643973
          ],
          [
            9.825207,
            46.643975
          ],
          [
            9.825187,
            46.643985
          ],
          [
            9.825148,
            46.643997
          ],
          [
            9.825145,
            46.644
          ],
          [
            9.825167,
            46.643993
          ],
          [
            9.825166,
            46.643996
          ],
          [
            9.825131,
            46.644001
          ],
          [
            9.825107,
            46.643996
          ],
          [
            9.825105,
            46.643997
          ],
          [
            9.825127,
            46.643993
          ],
          [
            9.82516,
            46.643995
          ],
          [
            9.82515,
            46.643994
          ],
          [
            9.82515,
            46.643994
          ],
          [
            9.825149,
            46.643995
          ],
          [
            9.82509,
            46.644001
          ],
          [
            9.825103,
            46.644003
          ],
          [
            9.825137,
            46.643992
          ],
          [
            9.825115,
            46.643992
          ],
          [
            9.825122,
            46.643994
          ],
          [
            9.825161,
            46.643995
          ],
          [
            9.825164,
            46.644005
          ],
          [
            9.825198,
            46.643991
          ],
          [
            9.825192,
            46.643991
          ],
          [
            9.825189,
            46.64399
          ],
          [
            9.825191,
            46.643996
          ],
          [
            9.825171,
            46.644015
          ],
          [
            9.825176,
            46.64402
          ],
          [
            9.825177,
            46.644021
          ],
          [
            9.825178,
            46.644024
          ],
          [
            9.825191,
            46.644015
          ],
          [
            9.825199,
            46.643985
          ],
          [
            9.825197,
            46.64398
          ],
          [
            9.825185,
            46.643976
          ],
          [
            9.825187,
            46.643975
          ],
          [
            9.825181,
            46.644002
          ],
          [
            9.825179,
            46.644015
          ],
          [
            9.825175,
            46.644023
          ],
          [
            9.825174,
            46.644016
          ],
          [
            9.82517,
            46.643996
          ],
          [
            9.825187,
            46.643979
          ],
          [
            9.825183,
            46.643989
          ],
          [
            9.825185,
            46.643995
          ],
          [
            9.825185,
            46.643998
          ],
          [
            9.825189,
            46.643998
          ],
          [
            9.825193,
            46.644
          ],
          [
            9.825185,
            46.644004
          ],
          [
            9.825184,
            46.644008
          ],
          [
            9.825181,
            46.644005
          ],
          [
            9.825197,
            46.644007
          ],
          [
            9.825186,
            46.644
          ],
          [
            9.825214,
            46.643993
          ],
          [
            9.825193,
            46.643989
          ],
          [
            9.825192,
            46.64399
          ],
          [
            9.825181,
            46.64399
          ],
          [
            9.825182,
            46.64399
          ],
          [
            9.825182,
            46.643995
          ],
          [
            9.825182,
            46.644001
          ],
          [
            9.82519,
            46.644017
          ],
          [
            9.825194,
            46.644016
          ],
          [
            9.825193,
            46.643993
          ],
          [
            9.825185,
            46.64399
          ],
          [
            9.825182,
            46.643989
          ],
          [
            9.825178,
            46.643978
          ],
          [
            9.825178,
            46.643978
          ],
          [
            9.825179,
            46.643984
          ],
          [
            9.825184,
            46.643988
          ],
          [
            9.825178,
            46.643991
          ],
          [
            9.825193,
            46.643989
          ],
          [
            9.825193,
            46.643989
          ],
          [
            9.825193,
            46.643989
          ],
          [
            9.82518,
            46.643987
          ],
          [
            9.825174,
            46.643986
          ],
          [
            9.825179,
            46.644
          ],
          [
            9.825175,
            46.644
          ],
          [
            9.825175,
            46.644002
          ],
          [
            9.825173,
            46.643999
          ],
          [
            9.825173,
            46.643996
          ],
          [
            9.825172,
            46.643994
          ],
          [
            9.825173,
            46.643991
          ],
          [
            9.825173,
            46.643991
          ],
          [
            9.825173,
            46.643991
          ],
          [
            9.825173,
            46.643991
          ],
          [
            9.825172,
            46.64399
          ],
          [
            9.825171,
            46.643982
          ],
          [
            9.825192,
            46.643997
          ],
          [
            9.825187,
            46.643998
          ],
          [
            9.825168,
            46.643982
          ],
          [
            9.825159,
            46.643978
          ],
          [
            9.82515,
            46.643983
          ],
          [
            9.825158,
            46.643992
          ],
          [
            9.825183,
            46.643992
          ],
          [
            9.825187,
            46.643979
          ],
          [
            9.825163,
            46.643986
          ],
          [
            9.825154,
            46.643976
          ],
          [
            9.825145,
            46.643991
          ],
          [
            9.825054,
            46.643995
          ],
          [
            9.825023,
            46.643997
          ],
          [
            9.824954,
            46.644011
          ],
          [
            9.824924,
            46.644018
          ],
          [
            9.824894,
            46.644024
          ],
          [
            9.824804,
            46.644044
          ],
          [
            9.824776,
            46.644049
          ],
          [
            9.824687,
            46.644069
          ],
          [
            9.824635,
            46.644084
          ],
          [
            9.824553,
            46.64411
          ],
          [
            9.824526,
            46.644117
          ],
          [
            9.824449,
            46.64413
          ],
          [
            9.824437,
            46.64413
          ],
          [
            9.824343,
            46.644128
          ],
          [
            9.824328,
            46.64413
          ],
          [
            9.824219,
            46.644131
          ],
          [
            9.824206,
            46.644132
          ],
          [
            9.824087,
            46.644144
          ],
          [
            9.824072,
            46.644149
          ],
          [
            9.823938,
            46.644159
          ],
          [
            9.823921,
            46.644163
          ],
          [
            9.823842,
            46.644192
          ],
          [
            9.823826,
            46.644197
          ],
          [
            9.823793,
            46.644213
          ],
          [
            9.823802,
            46.644222
          ],
          [
            9.823823,
            46.644241
          ],
          [
            9.823822,
            46.644237
          ],
          [
            9.823814,
            46.644229
          ],
          [
            9.823788,
            46.644223
          ],
          [
            9.823796,
            46.644238
          ],
          [
            9.823774,
            46.644302
          ],
          [
            9.823773,
            46.644308
          ],
          [
            9.823774,
            46.644323
          ],
          [
            9.823772,
            46.644334
          ],
          [
            9.823762,
            46.644341
          ],
          [
            9.823746,
            46.644355
          ],
          [
            9.823738,
            46.644355
          ],
          [
            9.823707,
            46.644358
          ],
          [
            9.823686,
            46.64436
          ],
          [
            9.823681,
            46.644361
          ],
          [
            9.823655,
            46.644361
          ],
          [
            9.82362,
            46.644369
          ],
          [
            9.823593,
            46.644376
          ],
          [
            9.823575,
            46.644381
          ],
          [
            9.823522,
            46.644407
          ],
          [
            9.82351,
            46.644421
          ],
          [
            9.823492,
            46.644432
          ],
          [
            9.823471,
            46.644452
          ],
          [
            9.823467,
            46.644458
          ],
          [
            9.823431,
            46.644471
          ],
          [
            9.823411,
            46.64447
          ],
          [
            9.823366,
            46.644485
          ],
          [
            9.823334,
            46.644511
          ],
          [
            9.823342,
            46.644521
          ],
          [
            9.82334,
            46.644525
          ],
          [
            9.823327,
            46.644524
          ],
          [
            9.823264,
            46.644545
          ],
          [
            9.823228,
            46.644563
          ],
          [
            9.823217,
            46.644567
          ],
          [
            9.823148,
            46.644573
          ],
          [
            9.823138,
            46.64457
          ],
          [
            9.823075,
            46.644563
          ],
          [
            9.82305,
            46.644563
          ],
          [
            9.823018,
            46.644562
          ],
          [
            9.822974,
            46.644554
          ],
          [
            9.822893,
            46.644521
          ],
          [
            9.822831,
            46.644502
          ],
          [
            9.822718,
            46.644459
          ],
          [
            9.822599,
            46.644452
          ],
          [
            9.822553,
            46.644432
          ],
          [
            9.822496,
            46.644445
          ],
          [
            9.822476,
            46.644447
          ],
          [
            9.822452,
            46.644454
          ],
          [
            9.822375,
            46.644476
          ],
          [
            9.822323,
            46.644487
          ],
          [
            9.822238,
            46.644494
          ],
          [
            9.82217,
            46.644504
          ],
          [
            9.822117,
            46.644501
          ],
          [
            9.82198,
            46.644494
          ],
          [
            9.821859,
            46.644454
          ],
          [
            9.821775,
            46.644436
          ],
          [
            9.82171,
            46.644431
          ],
          [
            9.821622,
            46.644428
          ],
          [
            9.821602,
            46.644439
          ],
          [
            9.821603,
            46.644443
          ],
          [
            9.821598,
            46.644467
          ],
          [
            9.8216,
            46.644462
          ],
          [
            9.821576,
            46.64446
          ],
          [
            9.821565,
            46.644472
          ],
          [
            9.821591,
            46.644487
          ],
          [
            9.821589,
            46.644486
          ],
          [
            9.821588,
            46.644482
          ],
          [
            9.821592,
            46.644476
          ],
          [
            9.821583,
            46.644472
          ],
          [
            9.821587,
            46.644473
          ],
          [
            9.821589,
            46.644474
          ],
          [
            9.821585,
            46.644478
          ],
          [
            9.8216,
            46.644387
          ],
          [
            9.821735,
            46.644361
          ],
          [
            9.821672,
            46.644454
          ],
          [
            9.821642,
            46.644455
          ],
          [
            9.821645,
            46.644449
          ],
          [
            9.821644,
            46.644449
          ],
          [
            9.8216,
            46.644465
          ],
          [
            9.821594,
            46.644467
          ],
          [
            9.821594,
            46.644467
          ],
          [
            9.82156,
            46.644475
          ],
          [
            9.821556,
            46.644482
          ],
          [
            9.821557,
            46.644484
          ],
          [
            9.821554,
            46.644479
          ],
          [
            9.821554,
            46.644473
          ],
          [
            9.821554,
            46.644473
          ],
          [
            9.821554,
            46.644473
          ],
          [
            9.821556,
            46.644458
          ],
          [
            9.821564,
            46.644454
          ],
          [
            9.821566,
            46.644451
          ],
          [
            9.821571,
            46.644448
          ],
          [
            9.821571,
            46.644448
          ],
          [
            9.821543,
            46.644468
          ],
          [
            9.821549,
            46.64448
          ],
          [
            9.821582,
            46.644436
          ],
          [
            9.821571,
            46.644448
          ],
          [
            9.821571,
            46.644448
          ],
          [
            9.821571,
            46.644448
          ],
          [
            9.821564,
            46.644448
          ],
          [
            9.821583,
            46.644443
          ],
          [
            9.821571,
            46.644448
          ],
          [
            9.821578,
            46.644445
          ],
          [
            9.821547,
            46.644449
          ],
          [
            9.821559,
            46.644449
          ],
          [
            9.821574,
            46.644431
          ],
          [
            9.82155,
            46.644443
          ],
          [
            9.821547,
            46.644448
          ],
          [
            9.821561,
            46.644446
          ],
          [
            9.821554,
            46.644439
          ],
          [
            9.821561,
            46.644446
          ],
          [
            9.821533,
            46.644441
          ],
          [
            9.821529,
            46.644433
          ],
          [
            9.821446,
            46.644389
          ],
          [
            9.821387,
            46.644372
          ],
          [
            9.821288,
            46.644341
          ],
          [
            9.821261,
            46.64433
          ],
          [
            9.821177,
            46.644307
          ],
          [
            9.821038,
            46.64429
          ],
          [
            9.820944,
            46.644298
          ],
          [
            9.820875,
            46.644308
          ],
          [
            9.82072,
            46.644353
          ],
          [
            9.820695,
            46.644364
          ],
          [
            9.820697,
            46.644363
          ]
        ]
      },
      "properties": {
        "name": "19574164220"
      }
    }
  ]
}