{
  "type": "FeatureCollection",
  "features": [
    {
      "type": "Feature",
      "geometry": {
        "type": "LineString",
        "coordinates": [
          [
            7.935964,
            45.719171
          ],
          [
            7.935974,
            45.719178
          ],
          [
            7.935981,
            45.719185
          ],
          [
            7.935945,
            45.71918
          ],
          [
            7.935954,
            45.719179
          ],
          [
            7.935988,
            45.719156
          ],
          [
            7.935994,
            45.719152
          ],
          [
            7.935973,
            45.719135
          ],
          [
            7.935905,
            45.719094
          ],
          [
            7.935895,
            45.719089
          ],
          [
            7.935868,
            45.71909
          ],
          [
            7.935797,
            45.719104
          ],
          [
            7.935741,
            45.719098
          ],
          [
            7.935717,
            45.719095
          ],
          [
            7.935651,
            45.719098
          ],
          [
            7.935603,
            45.719108
          ],
          [
            7.935488,
            45.719129
          ],
          [
            7.935465,
            45.719133
          ],
          [
            7.935434,
            45.719132
          ],
          [
            7.935423,
            45.719135
          ],
          [
            7.935392,
            45.719141
          ],
          [
            7.935378,
            45.719138
          ],
          [
            7.935331,
            45.719112
          ],
          [
            7.935279,
            45.719103
          ],
          [
            7.935278,
            45.719096
          ],
          [
            7.935258,
            45.719076
          ],
          [
            7.935242,
            45.719073
          ],
          [
            7.935214,
            45.719069
          ],
          [
            7.935176,
            45.719059
          ],
          [
            7.935108,
            45.71905
          ],
          [
            7.93505,
            45.719023
          ],
          [
            7.935035,
            45.71901
          ],
          [
            7.934965,
            45.718986
          ],
          [
            7.934897,
            45.718959
          ],
          [
            7.934882,
            45.71894
          ],
          [
            7.934862,
            45.718905
          ],
          [
            7.934825,
            45.718886
          ],
          [
            7.93478,
            45.718873
          ],
          [
            7.934738,
            45.718866
          ],
          [
            7.934699,
            45.71885
          ],
          [
            7.934663,
            45.718811
          ],
          [
            7.934604,
            45.718789
          ],
          [
            7.934584,
            45.718774
          ],
          [
            7.934583,
            45.718764
          ],
          [
            7.934581,
            45.718754
          ],
          [
            7.934562,
            45.718738
          ],
          [
            7.934559,
            45.71873
          ],
          [
            7.93458,
            45.71869
          ],
          [
            7.934588,
            45.71867
          ],
          [
            7.934597,
            45.71866
          ],
          [
            7.934607,
            45.718645
          ],
          [
            7.934612,
            45.718629
          ],
          [
            7.934632,
            45.718587
          ],
          [
            7.934638,
            45.71857
          ],
          [
            7.934658,
            45.71854
          ],
          [
            7.934666,
            45.718536
          ],
          [
            7.934669,
            45.718512
          ],
          [
            7.934674,
            45.718485
          ],
          [
            7.934654,
            45.718459
          ],
          [
            7.934647,
            45.718441
          ],
          [
            7.93465,
            45.71841
          ],
          [
            7.934646,
            45.718403
          ],
          [
            7.934624,
            45.718391
          ],
          [
            7.934608,
            45.718371
          ],
          [
            7.9346,
            45.718358
          ],
          [
            7.934602,
            45.718352
          ],
          [
            7.934594,
            45.718339
          ],
          [
            7.934574,
            45.718319
          ],
          [
            7.934552,
            45.718286
          ],
          [
            7.934543,
            45.718271
          ],
          [
            7.934529,
            45.718247
          ],
          [
            7.934526,
            45.718222
          ],
          [
            7.934528,
            45.718216
          ],
          [
            7.934519,
            45.718217
          ],
          [
            7.934519,
            45.718217
          ],
          [
            7.934519,
            45.718217
          ],
          [
            7.934519,
            45.718217
          ],
          [
            7.934519,
            45.718217
          ],
          [
            7.93451,
            45.718214
          ],
          [
            7.934519,
            45.718217
          ],
          [
            7.934505,
            45.718175
          ],
          [
            7.934487,
            45.718155
          ],
          [
            7.934465,
            45.718137
          ],
          [
            7.934432,
            45.718079
          ],
          [
            7.934428,
            45.718073
          ],
          [
            7.934428,
            45.718054
          ],
          [
            7.934422,
            45.718037
          ],
          [
            7.934372,
            45.718006
          ],
          [
            7.93435,
            45.717979
          ],
          [
            7.934343,
            45.717985
          ],
          [
            7.934348,
            45.717978
          ],
          [
            7.934348,
            45.717978
          ],
          [
            7.934348,
            45.717978
          ],
          [
            7.934348,
            45.717978
          ],
          [
            7.934348,
            45.717978
          ],
          [
            7.934348,
            45.717978
          ],
          [
            7.934348,
            45.717978
          ],
          [
            7.934348,
            45.717978
          ],
          [
            7.934348,
            45.717978
          ],
          [
            7.934345,
            45.717951
          ],
          [
            7.934296,
            45.71791
          ],
          [
            7.934277,
            45.717902
          ],
          [
            7.934266,
            45.717886
          ],
          [
            7.934269,
            45.717869
          ],
          [
            7.934277,
            45.717846
          ],
          [
            7.934274,
            45.717797
          ],
          [
            7.934275,
            45.717787
          ],
          [
            7.934271,
            45.717753
          ],
          [
            7.934271,
            45.717733
          ],
          [
            7.93427,
            45.717723
          ],
          [
            7.93425,
            45.71769
          ],
          [
            7.934191,
            45.717658
          ],
          [
            7.934178,
            45.717628
          ],
          [
            7.934187,
            45.717591
          ],
          [
            7.934191,
            45.717579
          ],
          [
            7.93421,
            45.717539
          ],
          [
            7.934215,
            45.717508
          ],
          [
            7.934215,
            45.717497
          ],
          [
            7.9342,
            45.717447
          ],
          [
            7.934172,
            45.717432
          ],
          [
            7.93414,
            45.71741
          ],
          [
            7.934107,
            45.717373
          ],
          [
            7.934102,
            45.717339
          ],
          [
            7.934098,
            45.717336
          ],
          [
            7.934065,
            45.717313
          ],
          [
            7.93405,
            45.717283
          ],
          [
            7.934051,
            45.717275
          ],
          [
            7.934046,
            45.717254
          ],
          [
            7.934034,
            45.717233
          ],
          [
            7.934018,
            45.71722
          ],
          [
            7.934004,
            45.717205
          ],
          [
            7.934015,
            45.717173
          ],
          [
            7.934022,
            45.717172
          ],
          [
            7.934036,
            45.717178
          ],
          [
            7.934046,
            45.717181
          ],
          [
            7.934064,
            45.717173
          ],
          [
            7.93406,
            45.717166
          ],
          [
            7.93405,
            45.717162
          ],
          [
            7.934034,
            45.71713
          ],
          [
            7.934033,
            45.717114
          ],
          [
            7.934019,
            45.717091
          ],
          [
            7.934036,
            45.717079
          ],
          [
            7.934047,
            45.717084
          ],
          [
            7.934044,
            45.717085
          ],
          [
            7.934044,
            45.717085
          ],
          [
            7.934044,
            45.717085
          ],
          [
            7.93404,
            45.717087
          ],
          [
            7.934045,
            45.717085
          ],
          [
            7.934044,
            45.717085
          ],
          [
            7.93404,
            45.717087
          ],
          [
            7.934044,
            45.717085
          ],
          [
            7.934073,
            45.717102
          ],
          [
            7.934084,
            45.717102
          ],
          [
            7.934088,
            45.71708
          ],
          [
            7.934086,
            45.717077
          ],
          [
            7.934082,
            45.717074
          ],
          [
            7.934082,
            45.717069
          ],
          [
            7.934082,
            45.717069
          ],
          [
            7.934082,
            45.717069
          ],
          [
            7.934082,
            45.717069
          ],
          [
            7.934082,
            45.717069
          ],
          [
            7.934082,
            45.717069
          ],
          [
            7.93408,
            45.717083
          ],
          [
            7.934053,
            45.717054
          ],
          [
            7.934012,
            45.717022
          ],
          [
            7.933998,
            45.717004
          ],
          [
            7.933983,
            45.716999
          ],
          [
            7.933954,
            45.716973
          ],
          [
            7.933931,
            45.716949
          ],
          [
            7.933909,
            45.716939
          ],
          [
            7.933864,
            45.716912
          ],
          [
            7.933856,
            45.716886
          ],
          [
            7.933854,
            45.716877
          ],
          [
            7.933866,
            45.71684
          ],
          [
            7.933873,
            45.716832
          ],
          [
            7.933877,
            45.716804
          ],
          [
            7.933866,
            45.716775
          ],
          [
            7.93386,
            45.716765
          ],
          [
            7.93383,
            45.716727
          ],
          [
            7.933832,
            45.71671
          ],
          [
            7.933832,
            45.716697
          ],
          [
            7.93383,
            45.716639
          ],
          [
            7.933841,
            45.716611
          ],
          [
            7.933836,
            45.716583
          ],
          [
            7.933823,
            45.716542
          ],
          [
            7.933838,
            45.716513
          ],
          [
            7.933848,
            45.716496
          ],
          [
            7.933848,
            45.716492
          ],
          [
            7.933854,
            45.716479
          ],
          [
            7.933843,
            45.716483
          ],
          [
            7.933835,
            45.716481
          ],
          [
            7.933818,
            45.716444
          ],
          [
            7.933812,
            45.716433
          ],
          [
            7.933798,
            45.716415
          ],
          [
            7.933791,
            45.716379
          ],
          [
            7.933786,
            45.716376
          ],
          [
            7.933782,
            45.716372
          ],
          [
            7.933741,
            45.716348
          ],
          [
            7.933737,
            45.716331
          ],
          [
            7.933728,
            45.716318
          ],
          [
            7.933717,
            45.716276
          ],
          [
            7.933711,
            45.716233
          ],
          [
            7.933724,
            45.716223
          ],
          [
            7.933726,
            45.716222
          ],
          [
            7.933728,
            45.716221
          ],
          [
            7.933728,
            45.716221
          ],
          [
            7.933728,
            45.716221
          ],
          [
            7.933728,
            45.716221
          ],
          [
            7.93375,
            45.716219
          ],
          [
            7.933751,
            45.716216
          ],
          [
            7.933743,
            45.716186
          ],
          [
            7.933742,
            45.716166
          ],
          [
            7.933742,
            45.716154
          ],
          [
            7.933758,
            45.716129
          ],
          [
            7.933778,
            45.716122
          ],
          [
            7.933798,
            45.716121
          ],
          [
            7.933825,
            45.716141
          ],
          [
            7.933829,
            45.716146
          ],
          [
            7.933836,
            45.716163
          ],
          [
            7.933844,
            45.716168
          ],
          [
            7.933898,
            45.71618
          ],
          [
            7.933909,
            45.716182
          ],
          [
            7.933939,
            45.716189
          ],
          [
            7.933967,
            45.716194
          ],
          [
            7.933999,
            45.716197
          ],
          [
            7.934043,
            45.716204
          ],
          [
            7.934072,
            45.716218
          ],
          [
            7.934083,
            45.716218
          ],
          [
            7.934098,
            45.716215
          ],
          [
            7.934099,
            45.716201
          ],
          [
            7.934105,
            45.716172
          ],
          [
            7.934126,
            45.716172
          ],
          [
            7.93416,
            45.716177
          ],
          [
            7.93418,
            45.716171
          ],
          [
            7.934196,
            45.71618
          ],
          [
            7.934208,
            45.716183
          ],
          [
            7.934214,
            45.716183
          ],
          [
            7.934217,
            45.71618
          ],
          [
            7.934241,
            45.716171
          ],
          [
            7.934279,
            45.716173
          ],
          [
            7.934317,
            45.716184
          ],
          [
            7.934325,
            45.716186
          ],
          [
            7.934364,
            45.71619
          ],
          [
            7.934375,
            45.716189
          ],
          [
            7.934399,
            45.716191
          ],
          [
            7.934399,
            45.71619
          ],
          [
            7.934438,
            45.716194
          ],
          [
            7.934465,
            45.716192
          ],
          [
            7.934468,
            45.716197
          ],
          [
            7.934499,
            45.716179
          ],
          [
            7.934523,
            45.716172
          ],
          [
            7.934543,
            45.716151
          ],
          [
            7.93454,
            45.716128
          ],
          [
            7.934544,
            45.716125
          ],
          [
            7.93457,
            45.71613
          ],
          [
            7.934603,
            45.716131
          ],
          [
            7.934614,
            45.716135
          ],
          [
            7.934652,
            45.716124
          ],
          [
            7.934636,
            45.716085
          ],
          [
            7.934634,
            45.716058
          ],
          [
            7.934626,
            45.716045
          ],
          [
            7.934628,
            45.716039
          ],
          [
            7.934628,
            45.716024
          ],
          [
            7.934629,
            45.715996
          ],
          [
            7.934632,
            45.715969
          ],
          [
            7.934632,
            45.715959
          ],
          [
            7.934631,
            45.715931
          ],
          [
            7.934632,
            45.715917
          ],
          [
            7.934641,
            45.715893
          ],
          [
            7.93464,
            45.715882
          ],
          [
            7.93463,
            45.715868
          ],
          [
            7.934621,
            45.715826
          ],
          [
            7.934613,
            45.715814
          ],
          [
            7.934607,
            45.715811
          ],
          [
            7.934609,
            45.715813
          ],
          [
            7.93462,
            45.715757
          ],
          [
            7.934622,
            45.715747
          ],
          [
            7.934614,
            45.715734
          ],
          [
            7.934633,
            45.715721
          ],
          [
            7.934673,
            45.715729
          ],
          [
            7.934724,
            45.715714
          ],
          [
            7.934734,
            45.715703
          ],
          [
            7.934756,
            45.71567
          ],
          [
            7.934758,
            45.715671
          ],
          [
            7.934766,
            45.71567
          ],
          [
            7.934819,
            45.715653
          ],
          [
            7.934831,
            45.715645
          ],
          [
            7.934875,
            45.71562
          ],
          [
            7.934901,
            45.715613
          ],
          [
            7.934908,
            45.715604
          ],
          [
            7.934927,
            45.715577
          ],
          [
            7.934937,
            45.715567
          ],
          [
            7.934985,
            45.715532
          ],
          [
            7.934977,
            45.715528
          ],
          [
            7.934988,
            45.715519
          ],
          [
            7.935026,
            45.715523
          ],
          [
            7.935032,
            45.715516
          ],
          [
            7.935062,
            45.715505
          ],
          [
            7.935079,
            45.715497
          ],
          [
            7.935122,
            45.715498
          ],
          [
            7.935132,
            45.715489
          ],
          [
            7.935137,
            45.715468
          ],
          [
            7.935129,
            45.715451
          ],
          [
            7.935124,
            45.715443
          ],
          [
            7.935115,
            45.715437
          ],
          [
            7.935121,
            45.715416
          ],
          [
            7.935163,
            45.715371
          ],
          [
            7.935198,
            45.71536
          ],
          [
            7.935217,
            45.715347
          ],
          [
            7.935222,
            45.715332
          ],
          [
            7.935195,
            45.715287
          ],
          [
            7.935198,
            45.715278
          ],
          [
            7.935199,
            45.715231
          ],
          [
            7.935185,
            45.715197
          ],
          [
            7.935169,
            45.715174
          ],
          [
            7.935154,
            45.715154
          ],
          [
            7.935144,
            45.715139
          ],
          [
            7.935154,
            45.715107
          ],
          [
            7.935183,
            45.715078
          ],
          [
            7.935184,
            45.715063
          ],
          [
            7.935153,
            45.714996
          ],
          [
            7.93515,
            45.714988
          ],
          [
            7.935128,
            45.714928
          ],
          [
            7.935112,
            45.714911
          ],
          [
            7.93512,
            45.714897
          ],
          [
            7.93513,
            45.714893
          ],
          [
            7.935128,
            45.714888
          ],
          [
            7.935132,
            45.714889
          ],
          [
            7.935145,
            45.714866
          ],
          [
            7.93514,
            45.714841
          ],
          [
            7.935145,
            45.714834
          ],
          [
            7.935135,
            45.714801
          ],
          [
            7.935133,
            45.714764
          ],
          [
            7.935137,
            45.71476
          ],
          [
            7.935161,
            45.714742
          ],
          [
            7.935168,
            45.714742
          ],
          [
            7.935158,
            45.714737
          ],
          [
            7.93515,
            45.71474
          ],
          [
            7.935161,
            45.714738
          ],
          [
            7.935159,
            45.714741
          ],
          [
            7.935159,
            45.714741
          ],
          [
            7.935168,
            45.714739
          ],
          [
            7.935167,
            45.714742
          ],
          [
            7.935165,
            45.714735
          ],
          [
            7.935168,
            45.714742
          ],
          [
            7.935159,
            45.714741
          ],
          [
            7.935159,
            45.714741
          ],
          [
            7.935159,
            45.714741
          ],
          [
            7.935159,
            45.714741
          ],
          [
            7.935159,
            45.714741
          ],
          [
            7.935159,
            45.714741
          ],
          [
            7.935159,
            45.714741
          ],
          [
            7.935147,
            45.714754
          ],
          [
            7.93518,
            45.714738
          ],
          [
            7.935245,
            45.714717
          ],
          [
            7.935263,
            45.714697
          ],
          [
            7.93525,
            45.714686
          ],
          [
            7.935244,
            45.714677
          ],
          [
            7.935245,
            45.714647
          ],
          [
            7.935231,
            45.714628
          ],
          [
            7.935213,
            45.714599
          ],
          [
            7.935225,
            45.714583
          ],
          [
            7.935226,
            45.714583
          ],
          [
            7.935239,
            45.714581
          ],
          [
            7.935276,
            45.714559
          ],
          [
            7.935285,
            45.714553
          ],
          [
            7.935301,
            45.714531
          ],
          [
            7.935306,
            45.714519
          ],
          [
            7.935286,
            45.714506
          ],
          [
            7.935289,
            45.714503
          ],
          [
            7.9353,
            45.714496
          ],
          [
            7.935301,
            45.714496
          ],
          [
            7.935321,
            45.714499
          ],
          [
            7.935321,
            45.714499
          ],
          [
            7.935338,
            45.71449
          ],
          [
            7.935362,
            45.714493
          ],
          [
            7.935403,
            45.714505
          ],
          [
            7.935414,
            45.714493
          ],
          [
            7.935442,
            45.714465
          ],
          [
            7.935438,
            45.714457
          ],
          [
            7.935447,
            45.71442
          ],
          [
            7.935461,
            45.714407
          ],
          [
            7.935469,
            45.714401
          ],
          [
            7.935474,
            45.714394
          ],
          [
            7.935484,
            45.714368
          ],
          [
            7.935489,
            45.714376
          ],
          [
            7.935493,
            45.714369
          ],
          [
            7.935498,
            45.714348
          ],
          [
            7.935521,
            45.714333
          ],
          [
            7.935553,
            45.714315
          ],
          [
            7.935551,
            45.714312
          ],
          [
            7.935544,
            45.714317
          ],
          [
            7.935547,
            45.714307
          ],
          [
            7.935547,
            45.714307
          ],
          [
            7.935543,
            45.714279
          ],
          [
            7.93554,
            45.714275
          ],
          [
            7.935534,
            45.714265
          ],
          [
            7.935535,
            45.71426
          ],
          [
            7.935543,
            45.714256
          ],
          [
            7.935549,
            45.714251
          ],
          [
            7.935562,
            45.714244
          ],
          [
            7.93557,
            45.714242
          ],
          [
            7.935578,
            45.714239
          ],
          [
            7.935608,
            45.714228
          ],
          [
            7.935644,
            45.714222
          ],
          [
            7.935673,
            45.714218
          ],
          [
            7.935697,
            45.714201
          ],
          [
            7.93572,
            45.7142
          ],
          [
            7.935749,
            45.714188
          ],
          [
            7.935777,
            45.714157
          ],
          [
            7.935775,
            45.714159
          ],
          [
            7.935811,
            45.714142
          ],
          [
            7.935842,
            45.714137
          ],
          [
            7.935873,
            45.714125
          ],
          [
            7.935889,
            45.714123
          ],
          [
            7.935872,
            45.714124
          ],
          [
            7.935863,
            45.714116
          ],
          [
            7.935866,
            45.714108
          ],
          [
            7.935869,
            45.714064
          ],
          [
            7.935907,
            45.714016
          ],
          [
            7.935907,
            45.714008
          ],
          [
            7.935891,
            45.713979
          ],
          [
            7.935914,
            45.713956
          ],
          [
            7.935923,
            45.713935
          ],
          [
            7.935926,
            45.713928
          ],
          [
            7.93594,
            45.713904
          ],
          [
            7.935952,
            45.713886
          ],
          [
            7.935964,
            45.713877
          ],
          [
            7.935977,
            45.713868
          ],
          [
            7.935986,
            45.713854
          ],
          [
            7.93599,
            45.713851
          ],
          [
            7.935994,
            45.71384
          ],
          [
            7.935994,
            45.71384
          ],
          [
            7.936026,
            45.713811
          ],
          [
            7.93603,
            45.713784
          ],
          [
            7.936035,
            45.713725
          ],
          [
            7.936033,
            45.713716
          ],
          [
            7.936038,
            45.713714
          ],
          [
            7.936062,
            45.713694
          ],
          [
            7.936089,
            45.713656
          ],
          [
            7.936096,
            45.71362
          ],
          [
            7.936113,
            45.713607
          ],
          [
            7.936124,
            45.713584
          ],
          [
            7.936131,
            45.713569
          ],
          [
            7.93614,
            45.713561
          ],
          [
            7.936147,
            45.713553
          ],
          [
            7.936148,
            45.713526
          ],
          [
            7.936144,
            45.713483
          ],
          [
            7.93612,
            45.713436
          ],
          [
            7.936072,
            45.713396
          ],
          [
            7.936068,
            45.713396
          ],
          [
            7.93607,
            45.713397
          ],
          [
            7.93607,
            45.713397
          ],
          [
            7.93607,
            45.713397
          ],
          [
            7.936073,
            45.713399
          ],
          [
            7.936068,
            45.713392
          ],
          [
            7.936058,
            45.713396
          ],
          [
            7.936055,
            45.713377
          ],
          [
            7.93605,
            45.713373
          ],
          [
            7.936049,
            45.713371
          ],
          [
            7.936048,
            45.713371
          ],
          [
            7.936036,
            45.71336
          ],
          [
            7.936013,
            45.713349
          ],
          [
            7.935996,
            45.713329
          ],
          [
            7.935986,
            45.713323
          ],
          [
            7.935952,
            45.713306
          ],
          [
            7.935949,
            45.71329
          ],
          [
            7.935921,
            45.713261
          ],
          [
            7.935872,
            45.71324
          ],
          [
            7.935845,
            45.713227
          ],
          [
            7.935769,
            45.713197
          ],
          [
            7.935766,
            45.713189
          ],
          [
            7.935718,
            45.713153
          ],
          [
            7.935652,
            45.713103
          ],
          [
            7.935637,
            45.713104
          ],
          [
            7.93558,
            45.713087
          ],
          [
            7.935544,
            45.713034
          ],
          [
            7.93553,
            45.713027
          ],
          [
            7.935467,
            45.712993
          ],
          [
            7.93537,
            45.712996
          ],
          [
            7.935289,
            45.713003
          ],
          [
            7.935263,
            45.713014
          ],
          [
            7.935228,
            45.713055
          ],
          [
            7.935231,
            45.713067
          ],
          [
            7.935236,
            45.713069
          ],
          [
            7.935234,
            45.713069
          ],
          [
            7.935241,
            45.71305
          ],
          [
            7.935242,
            45.713045
          ],
          [
            7.935271,
            45.713024
          ],
          [
            7.935286,
            45.713013
          ],
          [
            7.935296,
            45.713006
          ],
          [
            7.935294,
            45.713007
          ],
          [
            7.935251,
            45.712996
          ],
          [
            7.935235,
            45.712993
          ],
          [
            7.935214,
            45.712997
          ],
          [
            7.93516,
            45.712992
          ],
          [
            7.935091,
            45.713001
          ],
          [
            7.935082,
            45.712999
          ],
          [
            7.935031,
            45.712991
          ],
          [
            7.934999,
            45.71299
          ],
          [
            7.935014,
            45.712992
          ],
          [
            7.934955,
            45.712989
          ],
          [
            7.934927,
            45.71298
          ],
          [
            7.934896,
            45.71297
          ],
          [
            7.934885,
            45.712969
          ],
          [
            7.934856,
            45.712963
          ],
          [
            7.934825,
            45.71295
          ],
          [
            7.934799,
            45.712944
          ],
          [
            7.934751,
            45.712944
          ],
          [
            7.934699,
            45.712936
          ],
          [
            7.934648,
            45.712929
          ],
          [
            7.934605,
            45.712922
          ],
          [
            7.934597,
            45.71292
          ],
          [
            7.934583,
            45.712925
          ],
          [
            7.934569,
            45.712928
          ],
          [
            7.934537,
            45.712908
          ],
          [
            7.934507,
            45.712909
          ],
          [
            7.9345,
            45.712908
          ],
          [
            7.934467,
            45.7129
          ],
          [
            7.93446,
            45.712896
          ],
          [
            7.934453,
            45.71289
          ],
          [
            7.934443,
            45.712876
          ],
          [
            7.934414,
            45.712867
          ],
          [
            7.934373,
            45.71285
          ],
          [
            7.934345,
            45.712839
          ],
          [
            7.934343,
            45.712836
          ],
          [
            7.934359,
            45.712836
          ],
          [
            7.934391,
            45.712831
          ],
          [
            7.93436,
            45.712812
          ],
          [
            7.934339,
            45.712805
          ],
          [
            7.93435,
            45.712801
          ],
          [
            7.934346,
            45.712796
          ],
          [
            7.934341,
            45.712798
          ],
          [
            7.934301,
            45.712795
          ],
          [
            7.934291,
            45.712791
          ],
          [
            7.934284,
            45.712785
          ],
          [
            7.934247,
            45.712768
          ],
          [
            7.934205,
            45.712743
          ],
          [
            7.934166,
            45.712731
          ],
          [
            7.93413,
            45.712707
          ],
          [
            7.934109,
            45.712698
          ],
          [
            7.934109,
            45.712685
          ],
          [
            7.934105,
            45.712682
          ],
          [
            7.934077,
            45.712647
          ],
          [
            7.934068,
            45.712637
          ],
          [
            7.934032,
            45.712618
          ],
          [
            7.934021,
            45.712616
          ],
          [
            7.933995,
            45.712607
          ],
          [
            7.933993,
            45.712603
          ],
          [
            7.933972,
            45.712596
          ],
          [
            7.93396,
            45.71259
          ],
          [
            7.933925,
            45.71256
          ],
          [
            7.93391,
            45.712552
          ],
          [
            7.933857,
            45.712542
          ],
          [
            7.933841,
            45.712537
          ],
          [
            7.933768,
            45.712522
          ],
          [
            7.933725,
            45.712521
          ],
          [
            7.933661,
            45.712513
          ],
          [
            7.933634,
            45.712507
          ],
          [
            7.933593,
            45.712495
          ],
          [
            7.933554,
            45.712478
          ],
          [
            7.93352,
            45.712466
          ],
          [
            7.933489,
            45.712459
          ],
          [
            7.933483,
            45.712455
          ],
          [
            7.933451,
            45.712447
          ],
          [
            7.933443,
            45.712442
          ],
          [
            7.9334,
            45.712423
          ],
          [
            7.933375,
            45.712399
          ],
          [
            7.933358,
            45.712388
          ],
          [
            7.93333,
            45.71237
          ],
          [
            7.93331,
            45.712353
          ],
          [
            7.933264,
            45.712351
          ],
          [
            7.933248,
            45.712351
          ],
          [
            7.933212,
            45.712359
          ],
          [
            7.933189,
            45.712357
          ],
          [
            7.933148,
            45.71235
          ],
          [
            7.933088,
            45.712346
          ],
          [
            7.93309,
            45.712321
          ],
          [
            7.933085,
            45.712278
          ],
          [
            7.933079,
            45.712268
          ],
          [
            7.933063,
            45.712239
          ],
          [
            7.933032,
            45.712211
          ],
          [
            7.933023,
            45.712205
          ],
          [
            7.932995,
            45.712188
          ],
          [
            7.932971,
            45.712173
          ],
          [
            7.932972,
            45.712165
          ],
          [
            7.933005,
            45.712158
          ],
          [
            7.933021,
            45.712157
          ],
          [
            7.933049,
            45.712152
          ],
          [
            7.933003,
            45.712149
          ],
          [
            7.932988,
            45.712145
          ],
          [
            7.932966,
            45.712122
          ],
          [
            7.932936,
            45.7121
          ],
          [
            7.932932,
            45.71209
          ],
          [
            7.932886,
            45.712081
          ],
          [
            7.932875,
            45.712078
          ],
          [
            7.93283,
            45.712065
          ],
          [
            7.932791,
            45.712063
          ],
          [
            7.932746,
            45.712062
          ],
          [
            7.932744,
            45.712064
          ],
          [
            7.932709,
            45.712061
          ],
          [
            7.932704,
            45.712066
          ],
          [
            7.932669,
            45.712061
          ],
          [
            7.932584,
            45.71204
          ],
          [
            7.932515,
            45.71204
          ],
          [
            7.932479,
            45.712033
          ],
          [
            7.932457,
            45.712001
          ],
          [
            7.932455,
            45.711995
          ],
          [
            7.93243,
            45.711976
          ],
          [
            7.932408,
            45.711972
          ],
          [
            7.932387,
            45.711963
          ],
          [
            7.932386,
            45.711945
          ],
          [
            7.93238,
            45.711929
          ],
          [
            7.932351,
            45.711905
          ],
          [
            7.932341,
            45.71189
          ],
          [
            7.932347,
            45.711865
          ],
          [
            7.932333,
            45.711798
          ],
          [
            7.932333,
            45.711795
          ],
          [
            7.932333,
            45.711795
          ],
          [
            7.932333,
            45.711795
          ],
          [
            7.932333,
            45.711795
          ],
          [
            7.932333,
            45.711795
          ],
          [
            7.932334,
            45.711785
          ],
          [
            7.932315,
            45.711752
          ],
          [
            7.932319,
            45.711745
          ],
          [
            7.932326,
            45.711738
          ],
          [
            7.932325,
            45.71172
          ],
          [
            7.932328,
            45.711713
          ],
          [
            7.932297,
            45.711647
          ],
          [
            7.932282,
            45.711622
          ],
          [
            7.932267,
            45.711607
          ],
          [
            7.932241,
            45.711593
          ],
          [
            7.932224,
            45.711552
          ],
          [
            7.932207,
            45.711531
          ],
          [
            7.932197,
            45.711524
          ],
          [
            7.932138,
            45.71148
          ],
          [
            7.93212,
            45.711464
          ],
          [
            7.932057,
            45.711443
          ],
          [
            7.93205,
            45.711434
          ],
          [
            7.932022,
            45.711388
          ],
          [
            7.931984,
            45.711352
          ],
          [
            7.931969,
            45.711298
          ],
          [
            7.931965,
            45.711298
          ],
          [
            7.93196,
            45.711269
          ],
          [
            7.931956,
            45.711226
          ],
          [
            7.931959,
            45.711193
          ],
          [
            7.931961,
            45.711181
          ],
          [
            7.931958,
            45.711151
          ],
          [
            7.931955,
            45.711116
          ],
          [
            7.931962,
            45.711113
          ],
          [
            7.931973,
            45.711117
          ],
          [
            7.931993,
            45.711116
          ],
          [
            7.932018,
            45.71114
          ],
          [
            7.932029,
            45.711149
          ],
          [
            7.932075,
            45.711189
          ],
          [
            7.932149,
            45.71122
          ],
          [
            7.932166,
            45.711221
          ],
          [
            7.932272,
            45.711218
          ],
          [
            7.932328,
            45.711235
          ],
          [
            7.932354,
            45.71124
          ],
          [
            7.932384,
            45.711245
          ],
          [
            7.932459,
            45.711253
          ],
          [
            7.932507,
            45.711269
          ],
          [
            7.932547,
            45.711282
          ],
          [
            7.932585,
            45.711291
          ],
          [
            7.932624,
            45.711308
          ],
          [
            7.932652,
            45.711316
          ],
          [
            7.932705,
            45.711334
          ],
          [
            7.932704,
            45.711337
          ],
          [
            7.93271,
            45.711345
          ],
          [
            7.932742,
            45.711341
          ],
          [
            7.93274,
            45.711335
          ],
          [
            7.932752,
            45.711333
          ],
          [
            7.93279,
            45.711341
          ],
          [
            7.932877,
            45.711367
          ],
          [
            7.932877,
            45.711356
          ],
          [
            7.932834,
            45.711342
          ],
          [
            7.932808,
            45.711333
          ],
          [
            7.932786,
            45.7113
          ],
          [
            7.932767,
            45.711282
          ],
          [
            7.932737,
            45.711236
          ],
          [
            7.932722,
            45.711209
          ],
          [
            7.932716,
            45.711191
          ],
          [
            7.932679,
            45.711147
          ],
          [
            7.932625,
            45.711086
          ],
          [
            7.932627,
            45.711079
          ],
          [
            7.93263,
            45.711081
          ],
          [
            7.932614,
            45.711037
          ],
          [
            7.932605,
            45.711012
          ],
          [
            7.932602,
            45.710986
          ],
          [
            7.932606,
            45.710961
          ],
          [
            7.932606,
            45.710959
          ],
          [
            7.932586,
            45.710948
          ],
          [
            7.932585,
            45.710947
          ],
          [
            7.932499,
            45.71095
          ],
          [
            7.932487,
            45.710943
          ],
          [
            7.932454,
            45.710918
          ],
          [
            7.932411,
            45.710897
          ],
          [
            7.932397,
            45.710885
          ],
          [
            7.932371,
            45.710822
          ],
          [
            7.932351,
            45.710774
          ],
          [
            7.932333,
            45.710757
          ],
          [
            7.932323,
            45.710752
          ],
          [
            7.932296,
            45.710735
          ],
          [
            7.932296,
            45.710722
          ],
          [
            7.932294,
            45.710713
          ],
          [
            7.932261,
            45.710684
          ],
          [
            7.932259,
            45.710684
          ],
          [
            7.932225,
            45.710667
          ],
          [
            7.93224,
            45.710622
          ],
          [
            7.932262,
            45.710583
          ],
          [
            7.932273,
            45.710547
          ],
          [
            7.932283,
            45.71049
          ],
          [
            7.932278,
            45.710436
          ],
          [
            7.932251,
            45.710414
          ],
          [
            7.93225,
            45.710414
          ],
          [
            7.932223,
            45.710382
          ],
          [
            7.932209,
            45.710366
          ],
          [
            7.932209,
            45.710366
          ],
          [
            7.932209,
            45.710366
          ],
          [
            7.932209,
            45.710366
          ],
          [
            7.932209,
            45.710366
          ],
          [
            7.932209,
            45.710366
          ],
          [
            7.932209,
            45.710366
          ],
          [
            7.93221,
            45.710346
          ],
          [
            7.932169,
            45.710306
          ],
          [
            7.932169,
            45.710298
          ],
          [
            7.932182,
            45.710258
          ],
          [
            7.9322,
            45.710228
          ],
          [
            7.93219,
            45.710196
          ],
          [
            7.932208,
            45.710159
          ],
          [
            7.932208,
            45.71015
          ],
          [
            7.932211,
            45.71013
          ],
          [
            7.932237,
            45.710098
          ],
          [
            7.932262,
            45.710076
          ],
          [
            7.932298,
            45.710046
          ],
          [
            7.932329,
            45.710033
          ],
          [
            7.932369,
            45.709978
          ],
          [
            7.932453,
            45.709918
          ],
          [
            7.932535,
            45.709901
          ],
          [
            7.932656,
            45.709882
          ],
          [
            7.932667,
            45.709877
          ],
          [
            7.932692,
            45.709864
          ],
          [
            7.932701,
            45.709864
          ],
          [
            7.932734,
            45.709842
          ],
          [
            7.932761,
            45.709837
          ],
          [
            7.932812,
            45.709826
          ],
          [
            7.932818,
            45.709824
          ],
          [
            7.932858,
            45.709816
          ],
          [
            7.932896,
            45.709814
          ],
          [
            7.932945,
            45.709807
          ],
          [
            7.932956,
            45.709804
          ],
          [
            7.93296,
            45.709801
          ],
          [
            7.932979,
            45.709779
          ],
          [
            7.932981,
            45.70977
          ],
          [
            7.932997,
            45.709735
          ],
          [
            7.933003,
            45.709725
          ],
          [
            7.932998,
            45.709678
          ],
          [
            7.932999,
            45.709678
          ],
          [
            7.933032,
            45.709658
          ],
          [
            7.933067,
            45.709633
          ],
          [
            7.933089,
            45.709643
          ],
          [
            7.933092,
            45.709645
          ],
          [
            7.933104,
            45.709619
          ],
          [
            7.933101,
            45.709607
          ],
          [
            7.933049,
            45.70955
          ],
          [
            7.933049,
            45.709548
          ],
          [
            7.933064,
            45.709568
          ],
          [
            7.933069,
            45.709555
          ],
          [
            7.93308,
            45.709552
          ],
          [
            7.933084,
            45.709535
          ],
          [
            7.93306,
            45.709521
          ],
          [
            7.933053,
            45.709506
          ],
          [
            7.933064,
            45.709495
          ],
          [
            7.933071,
            45.709493
          ],
          [
            7.933092,
            45.709477
          ],
          [
            7.933088,
            45.709477
          ],
          [
            7.933066,
            45.70948
          ],
          [
            7.933064,
            45.709477
          ],
          [
            7.933067,
            45.709464
          ],
          [
            7.933067,
            45.709465
          ],
          [
            7.933075,
            45.709474
          ],
          [
            7.933074,
            45.709472
          ],
          [
            7.933075,
            45.709474
          ],
          [
            7.933083,
            45.709476
          ],
          [
            7.933073,
            45.709467
          ],
          [
            7.933069,
            45.709468
          ],
          [
            7.933049,
            45.709461
          ],
          [
            7.933022,
            45.70946
          ],
          [
            7.933006,
            45.709454
          ],
          [
            7.932981,
            45.709438
          ],
          [
            7.932969,
            45.709434
          ],
          [
            7.932944,
            45.709415
          ],
          [
            7.932946,
            45.709415
          ],
          [
            7.932925,
            45.709402
          ],
          [
            7.932925,
            45.709402
          ],
          [
            7.932884,
            45.709376
          ],
          [
            7.93288,
            45.709372
          ],
          [
            7.932831,
            45.709344
          ],
          [
            7.932786,
            45.709298
          ],
          [
            7.93273,
            45.709264
          ],
          [
            7.932698,
            45.709237
          ],
          [
            7.932676,
            45.709218
          ],
          [
            7.932677,
            45.709212
          ],
          [
            7.932639,
            45.709183
          ],
          [
            7.932639,
            45.709183
          ],
          [
            7.932617,
            45.709145
          ],
          [
            7.932611,
            45.709133
          ],
          [
            7.932601,
            45.709116
          ],
          [
            7.932585,
            45.709087
          ],
          [
            7.932585,
            45.709081
          ],
          [
            7.93256,
            45.709049
          ],
          [
            7.932538,
            45.709029
          ],
          [
            7.932538,
            45.709019
          ],
          [
            7.932535,
            45.709003
          ],
          [
            7.93252,
            45.70897
          ],
          [
            7.932521,
            45.708962
          ],
          [
            7.932511,
            45.708933
          ],
          [
            7.932494,
            45.708899
          ],
          [
            7.932476,
            45.70888
          ],
          [
            7.932456,
            45.708835
          ],
          [
            7.93244,
            45.708766
          ],
          [
            7.932437,
            45.708733
          ],
          [
            7.932437,
            45.70873
          ],
          [
            7.932437,
            45.708722
          ],
          [
            7.932442,
            45.708728
          ],
          [
            7.932442,
            45.708729
          ],
          [
            7.932442,
            45.708729
          ],
          [
            7.932399,
            45.708705
          ],
          [
            7.93239,
            45.708706
          ],
          [
            7.932343,
            45.708688
          ],
          [
            7.932334,
            45.708691
          ],
          [
            7.932322,
            45.708688
          ],
          [
            7.9323,
            45.70868
          ],
          [
            7.932265,
            45.708654
          ],
          [
            7.93223,
            45.708652
          ],
          [
            7.932232,
            45.708682
          ],
          [
            7.932232,
            45.708681
          ],
          [
            7.932229,
            45.708698
          ],
          [
            7.93222,
            45.708694
          ],
          [
            7.932216,
            45.708687
          ],
          [
            7.932175,
            45.708657
          ],
          [
            7.932162,
            45.708654
          ],
          [
            7.932144,
            45.708649
          ],
          [
            7.932138,
            45.708646
          ],
          [
            7.932117,
            45.708627
          ],
          [
            7.932079,
            45.708606
          ],
          [
            7.932076,
            45.708603
          ],
          [
            7.932073,
            45.70863
          ],
          [
            7.932074,
            45.708648
          ],
          [
            7.932079,
            45.708666
          ],
          [
            7.932079,
            45.70867
          ],
          [
            7.932077,
            45.708695
          ],
          [
            7.932069,
            45.708702
          ],
          [
            7.932071,
            45.708715
          ],
          [
            7.932076,
            45.70873
          ],
          [
            7.932082,
            45.708742
          ],
          [
            7.932101,
            45.708773
          ],
          [
            7.932103,
            45.708788
          ],
          [
            7.932076,
            45.708787
          ],
          [
            7.932066,
            45.708783
          ],
          [
            7.932021,
            45.708764
          ],
          [
            7.931994,
            45.70875
          ],
          [
            7.931958,
            45.708737
          ],
          [
            7.931941,
            45.708727
          ],
          [
            7.931913,
            45.708717
          ],
          [
            7.931865,
            45.708706
          ],
          [
            7.931844,
            45.70869
          ],
          [
            7.931836,
            45.708678
          ],
          [
            7.931838,
            45.708678
          ],
          [
            7.931837,
            45.70868
          ],
          [
            7.931834,
            45.708675
          ],
          [
            7.931805,
            45.708644
          ],
          [
            7.9318,
            45.708634
          ],
          [
            7.93178,
            45.708609
          ],
          [
            7.931772,
            45.708604
          ],
          [
            7.931747,
            45.708593
          ],
          [
            7.93174,
            45.708594
          ],
          [
            7.93171,
            45.708585
          ],
          [
            7.931691,
            45.708575
          ],
          [
            7.931684,
            45.708569
          ],
          [
            7.931678,
            45.708562
          ],
          [
            7.931664,
            45.708542
          ],
          [
            7.93166,
            45.708531
          ],
          [
            7.931646,
            45.708524
          ],
          [
            7.931636,
            45.708507
          ],
          [
            7.931637,
            45.708505
          ],
          [
            7.931634,
            45.708496
          ],
          [
            7.931619,
            45.708436
          ],
          [
            7.931605,
            45.708409
          ],
          [
            7.9316,
            45.708391
          ],
          [
            7.931618,
            45.708343
          ],
          [
            7.931616,
            45.708339
          ],
          [
            7.931608,
            45.708337
          ],
          [
            7.931597,
            45.708327
          ],
          [
            7.931586,
            45.708324
          ],
          [
            7.931573,
            45.708316
          ],
          [
            7.931561,
            45.708311
          ],
          [
            7.931536,
            45.708291
          ],
          [
            7.931519,
            45.708292
          ],
          [
            7.931518,
            45.708299
          ],
          [
            7.931514,
            45.708294
          ],
          [
            7.931511,
            45.708292
          ],
          [
            7.931521,
            45.708297
          ],
          [
            7.931521,
            45.708297
          ],
          [
            7.931521,
            45.708297
          ],
          [
            7.931521,
            45.708297
          ],
          [
            7.93152,
            45.708298
          ],
          [
            7.931516,
            45.708296
          ],
          [
            7.931502,
            45.70832
          ],
          [
            7.931492,
            45.708347
          ],
          [
            7.931481,
            45.70834
          ],
          [
            7.931468,
            45.70833
          ],
          [
            7.931446,
            45.708316
          ],
          [
            7.931426,
            45.70831
          ],
          [
            7.93142,
            45.70831
          ],
          [
            7.931399,
            45.708303
          ],
          [
            7.931395,
            45.7083
          ],
          [
            7.931374,
            45.708293
          ],
          [
            7.931367,
            45.708288
          ],
          [
            7.931331,
            45.70827
          ],
          [
            7.931324,
            45.70827
          ],
          [
            7.931311,
            45.708253
          ],
          [
            7.931291,
            45.708234
          ],
          [
            7.931289,
            45.708228
          ],
          [
            7.931266,
            45.708201
          ],
          [
            7.931261,
            45.708195
          ],
          [
            7.931226,
            45.708209
          ],
          [
            7.931204,
            45.708242
          ],
          [
            7.931198,
            45.708248
          ],
          [
            7.931152,
            45.708241
          ],
          [
            7.931138,
            45.708234
          ],
          [
            7.931122,
            45.708223
          ],
          [
            7.931115,
            45.708214
          ],
          [
            7.931113,
            45.708211
          ],
          [
            7.931113,
            45.708184
          ],
          [
            7.931107,
            45.70818
          ],
          [
            7.931088,
            45.70817
          ],
          [
            7.931086,
            45.708165
          ],
          [
            7.931071,
            45.708142
          ],
          [
            7.931053,
            45.708134
          ],
          [
            7.931024,
            45.708127
          ],
          [
            7.930993,
            45.708128
          ],
          [
            7.930968,
            45.708115
          ],
          [
            7.930956,
            45.708116
          ],
          [
            7.93094,
            45.708113
          ],
          [
            7.930928,
            45.708105
          ],
          [
            7.9309,
            45.70812
          ],
          [
            7.9309,
            45.708126
          ],
          [
            7.930895,
            45.708152
          ],
          [
            7.930894,
            45.70816
          ],
          [
            7.930893,
            45.708166
          ],
          [
            7.93089,
            45.708177
          ],
          [
            7.93089,
            45.708186
          ],
          [
            7.930891,
            45.708191
          ],
          [
            7.930906,
            45.708214
          ],
          [
            7.930908,
            45.708218
          ],
          [
            7.930898,
            45.708228
          ],
          [
            7.930903,
            45.708231
          ],
          [
            7.930904,
            45.708265
          ],
          [
            7.930907,
            45.708269
          ],
          [
            7.930918,
            45.708296
          ],
          [
            7.930907,
            45.708336
          ],
          [
            7.930908,
            45.708352
          ],
          [
            7.930901,
            45.70836
          ],
          [
            7.930899,
            45.708372
          ],
          [
            7.930898,
            45.708394
          ],
          [
            7.930891,
            45.708398
          ],
          [
            7.930894,
            45.708395
          ],
          [
            7.930891,
            45.708407
          ],
          [
            7.930876,
            45.708419
          ],
          [
            7.930877,
            45.708431
          ],
          [
            7.930876,
            45.708437
          ],
          [
            7.930863,
            45.708473
          ],
          [
            7.930863,
            45.708493
          ],
          [
            7.930857,
            45.708501
          ],
          [
            7.930856,
            45.708516
          ],
          [
            7.93086,
            45.708533
          ],
          [
            7.930865,
            45.708565
          ],
          [
            7.930869,
            45.70857
          ],
          [
            7.930888,
            45.708591
          ],
          [
            7.930904,
            45.708615
          ],
          [
            7.930895,
            45.708641
          ],
          [
            7.930894,
            45.708652
          ],
          [
            7.930891,
            45.708683
          ],
          [
            7.930889,
            45.708694
          ],
          [
            7.930883,
            45.708698
          ],
          [
            7.930869,
            45.708715
          ],
          [
            7.930865,
            45.708737
          ],
          [
            7.930866,
            45.708737
          ],
          [
            7.930855,
            45.708745
          ],
          [
            7.930844,
            45.708785
          ],
          [
            7.930842,
            45.708799
          ],
          [
            7.930857,
            45.708851
          ],
          [
            7.930858,
            45.708855
          ],
          [
            7.930864,
            45.708866
          ],
          [
            7.930864,
            45.708867
          ],
          [
            7.930871,
            45.708884
          ],
          [
            7.930884,
            45.70891
          ],
          [
            7.930902,
            45.708933
          ],
          [
            7.930907,
            45.708941
          ],
          [
            7.930907,
            45.708938
          ],
          [
            7.930907,
            45.708938
          ],
          [
            7.930907,
            45.708938
          ],
          [
            7.930907,
            45.708938
          ],
          [
            7.930907,
            45.708938
          ],
          [
            7.930907,
            45.708938
          ],
          [
            7.930907,
            45.708938
          ],
          [
            7.930907,
            45.708938
          ],
          [
            7.930907,
            45.708938
          ],
          [
            7.930907,
            45.708938
          ],
          [
            7.930907,
            45.708938
          ],
          [
            7.930907,
            45.708938
          ],
          [
            7.930907,
            45.708938
          ],
          [
            7.930907,
            45.708938
          ],
          [
            7.930907,
            45.708938
          ],
          [
            7.930906,
            45.708935
          ],
          [
            7.930909,
            45.708938
          ],
          [
            7.930878,
            45.708937
          ],
          [
            7.93087,
            45.708933
          ],
          [
            7.930848,
            45.70893
          ],
          [
            7.930811,
            45.708919
          ],
          [
            7.930795,
            45.708912
          ],
          [
            7.930762,
            45.7089
          ],
          [
            7.930754,
            45.708888
          ],
          [
            7.930743,
            45.708886
          ],
          [
            7.930708,
            45.708871
          ],
          [
            7.930694,
            45.708861
          ],
          [
            7.930675,
            45.708847
          ],
          [
            7.93066,
            45.708821
          ],
          [
            7.930658,
            45.708803
          ],
          [
            7.930646,
            45.708747
          ],
          [
            7.930623,
            45.70872
          ],
          [
            7.930588,
            45.708707
          ],
          [
            7.930564,
            45.708685
          ],
          [
            7.930552,
            45.708666
          ],
          [
            7.930525,
            45.708656
          ],
          [
            7.930517,
            45.708651
          ],
          [
            7.930491,
            45.70862
          ],
          [
            7.930479,
            45.708607
          ],
          [
            7.930444,
            45.708583
          ],
          [
            7.930424,
            45.708573
          ],
          [
            7.930421,
            45.708568
          ],
          [
            7.930408,
            45.708546
          ],
          [
            7.930387,
            45.708533
          ],
          [
            7.930379,
            45.708529
          ],
          [
            7.930341,
            45.708495
          ],
          [
            7.930324,
            45.708493
          ],
          [
            7.930318,
            45.708491
          ],
          [
            7.930297,
            45.708471
          ],
          [
            7.930288,
            45.708456
          ],
          [
            7.930232,
            45.708408
          ],
          [
            7.930198,
            45.708382
          ],
          [
            7.930191,
            45.708361
          ],
          [
            7.930186,
            45.708356
          ],
          [
            7.930178,
            45.70835
          ],
          [
            7.930184,
            45.708328
          ],
          [
            7.930171,
            45.708278
          ],
          [
            7.930162,
            45.708254
          ],
          [
            7.930141,
            45.708246
          ],
          [
            7.930121,
            45.708244
          ],
          [
            7.930113,
            45.708243
          ],
          [
            7.930068,
            45.708245
          ],
          [
            7.930041,
            45.708257
          ],
          [
            7.930013,
            45.708284
          ],
          [
            7.929998,
            45.708281
          ],
          [
            7.929994,
            45.708276
          ],
          [
            7.929995,
            45.708281
          ],
          [
            7.929995,
            45.708281
          ],
          [
            7.929996,
            45.708279
          ],
          [
            7.929995,
            45.708281
          ],
          [
            7.929988,
            45.708271
          ],
          [
            7.929953,
            45.708252
          ],
          [
            7.929941,
            45.708246
          ],
          [
            7.929912,
            45.70825
          ],
          [
            7.929883,
            45.708257
          ],
          [
            7.929861,
            45.708266
          ],
          [
            7.929844,
            45.708286
          ],
          [
            7.929843,
            45.708287
          ],
          [
            7.929833,
            45.708284
          ],
          [
            7.92982,
            45.708276
          ],
          [
            7.929807,
            45.708276
          ],
          [
            7.929787,
            45.708293
          ],
          [
            7.929788,
            45.7083
          ],
          [
            7.929782,
            45.708326
          ],
          [
            7.929752,
            45.708321
          ],
          [
            7.929741,
            45.708316
          ],
          [
            7.92973,
            45.708297
          ],
          [
            7.929717,
            45.708281
          ],
          [
            7.929722,
            45.708227
          ],
          [
            7.929701,
            45.708214
          ],
          [
            7.92968,
            45.708208
          ],
          [
            7.929655,
            45.708184
          ],
          [
            7.929636,
            45.708162
          ],
          [
            7.929614,
            45.708146
          ],
          [
            7.92956,
            45.708119
          ],
          [
            7.929535,
            45.70811
          ],
          [
            7.929488,
            45.708101
          ],
          [
            7.929434,
            45.708086
          ],
          [
            7.929412,
            45.708072
          ],
          [
            7.929394,
            45.708049
          ],
          [
            7.92939,
            45.708037
          ],
          [
            7.929379,
            45.708013
          ],
          [
            7.929372,
            45.708002
          ],
          [
            7.929367,
            45.707978
          ],
          [
            7.929359,
            45.707965
          ],
          [
            7.929349,
            45.707957
          ],
          [
            7.929299,
            45.707942
          ],
          [
            7.929242,
            45.707916
          ],
          [
            7.929221,
            45.707895
          ],
          [
            7.929222,
            45.707862
          ],
          [
            7.929222,
            45.707826
          ],
          [
            7.929209,
            45.707803
          ],
          [
            7.929206,
            45.707792
          ],
          [
            7.929214,
            45.707772
          ],
          [
            7.92921,
            45.707761
          ],
          [
            7.929211,
            45.707757
          ],
          [
            7.929206,
            45.707739
          ],
          [
            7.929209,
            45.707713
          ],
          [
            7.929216,
            45.707644
          ],
          [
            7.929224,
            45.707609
          ],
          [
            7.929242,
            45.707584
          ],
          [
            7.929255,
            45.707567
          ],
          [
            7.929262,
            45.707532
          ],
          [
            7.929249,
            45.70751
          ],
          [
            7.929241,
            45.707485
          ],
          [
            7.929246,
            45.707457
          ],
          [
            7.929238,
            45.707432
          ],
          [
            7.92923,
            45.707412
          ],
          [
            7.929225,
            45.707409
          ],
          [
            7.929224,
            45.707405
          ],
          [
            7.929215,
            45.707387
          ],
          [
            7.929213,
            45.707384
          ],
          [
            7.929213,
            45.707384
          ],
          [
            7.929213,
            45.707384
          ],
          [
            7.929213,
            45.707384
          ],
          [
            7.929213,
            45.707384
          ],
          [
            7.929213,
            45.707384
          ],
          [
            7.929213,
            45.707384
          ],
          [
            7.929213,
            45.707384
          ],
          [
            7.929213,
            45.707384
          ],
          [
            7.929213,
            45.707384
          ],
          [
            7.929213,
            45.707384
          ],
          [
            7.929213,
            45.707384
          ],
          [
            7.929213,
            45.707384
          ],
          [
            7.929213,
            45.707384
          ],
          [
            7.929213,
            45.707384
          ],
          [
            7.929213,
            45.707384
          ],
          [
            7.929213,
            45.707384
          ],
          [
            7.929213,
            45.707384
          ],
          [
            7.929213,
            45.707384
          ],
          [
            7.929189,
            45.707353
          ],
          [
            7.929182,
            45.707328
          ],
          [
            7.929171,
            45.707286
          ],
          [
            7.929142,
            45.707251
          ],
          [
            7.929138,
            45.707248
          ],
          [
            7.929136,
            45.707247
          ],
          [
            7.92914,
            45.707246
          ],
          [
            7.929115,
            45.707238
          ],
          [
            7.929044,
            45.707235
          ],
          [
            7.92901,
            45.707249
          ],
          [
            7.928996,
            45.707253
          ],
          [
            7.928992,
            45.707261
          ],
          [
            7.928958,
            45.707264
          ],
          [
            7.928926,
            45.707264
          ],
          [
            7.928905,
            45.707271
          ],
          [
            7.928878,
            45.707289
          ],
          [
            7.928863,
            45.707295
          ],
          [
            7.92881,
            45.707292
          ],
          [
            7.928803,
            45.707294
          ],
          [
            7.928759,
            45.707314
          ],
          [
            7.928753,
            45.707318
          ],
          [
            7.928703,
            45.707326
          ],
          [
            7.928694,
            45.707327
          ],
          [
            7.928707,
            45.707371
          ],
          [
            7.928708,
            45.707383
          ],
          [
            7.92871,
            45.707387
          ],
          [
            7.928685,
            45.707407
          ],
          [
            7.928686,
            45.707419
          ],
          [
            7.928684,
            45.707436
          ],
          [
            7.928687,
            45.707432
          ],
          [
            7.928688,
            45.707436
          ],
          [
            7.928689,
            45.707438
          ],
          [
            7.928689,
            45.707438
          ],
          [
            7.928687,
            45.707444
          ],
          [
            7.928656,
            45.707455
          ],
          [
            7.928654,
            45.707457
          ],
          [
            7.92862,
            45.707484
          ],
          [
            7.928627,
            45.707496
          ],
          [
            7.928613,
            45.707494
          ],
          [
            7.928561,
            45.707491
          ],
          [
            7.928559,
            45.707489
          ],
          [
            7.92856,
            45.707489
          ],
          [
            7.92856,
            45.707489
          ],
          [
            7.928534,
            45.707513
          ],
          [
            7.92852,
            45.707518
          ],
          [
            7.928488,
            45.70752
          ],
          [
            7.928482,
            45.707522
          ],
          [
            7.928462,
            45.707541
          ],
          [
            7.928464,
            45.707542
          ],
          [
            7.928463,
            45.707544
          ],
          [
            7.928465,
            45.707557
          ],
          [
            7.928465,
            45.707555
          ],
          [
            7.928468,
            45.707555
          ],
          [
            7.928464,
            45.70756
          ],
          [
            7.928447,
            45.707563
          ],
          [
            7.928439,
            45.707563
          ],
          [
            7.928413,
            45.707572
          ],
          [
            7.928411,
            45.707586
          ],
          [
            7.928398,
            45.707595
          ],
          [
            7.928382,
            45.707613
          ],
          [
            7.928379,
            45.707623
          ],
          [
            7.928359,
            45.707647
          ],
          [
            7.928358,
            45.707658
          ],
          [
            7.928336,
            45.707675
          ],
          [
            7.928332,
            45.70768
          ],
          [
            7.9283,
            45.707715
          ],
          [
            7.928296,
            45.707718
          ],
          [
            7.928275,
            45.707737
          ],
          [
            7.928278,
            45.707755
          ],
          [
            7.928277,
            45.707772
          ],
          [
            7.928268,
            45.707805
          ],
          [
            7.928258,
            45.707807
          ],
          [
            7.928225,
            45.707829
          ],
          [
            7.928225,
            45.707842
          ],
          [
            7.928213,
            45.707857
          ],
          [
            7.928206,
            45.707883
          ],
          [
            7.928198,
            45.707918
          ],
          [
            7.928187,
            45.707941
          ],
          [
            7.928154,
            45.707985
          ],
          [
            7.928144,
            45.707999
          ],
          [
            7.928127,
            45.708033
          ],
          [
            7.928138,
            45.708032
          ],
          [
            7.928138,
            45.708032
          ],
          [
            7.92812,
            45.708039
          ],
          [
            7.928106,
            45.708063
          ],
          [
            7.928097,
            45.708083
          ],
          [
            7.928087,
            45.708123
          ],
          [
            7.928086,
            45.708136
          ],
          [
            7.928085,
            45.708144
          ],
          [
            7.928093,
            45.708153
          ],
          [
            7.928107,
            45.708187
          ],
          [
            7.928102,
            45.708219
          ],
          [
            7.928106,
            45.708245
          ],
          [
            7.928108,
            45.708254
          ],
          [
            7.928123,
            45.708311
          ],
          [
            7.928133,
            45.708333
          ],
          [
            7.928134,
            45.708358
          ],
          [
            7.928119,
            45.708376
          ],
          [
            7.928121,
            45.708379
          ],
          [
            7.928134,
            45.708391
          ],
          [
            7.928124,
            45.708395
          ],
          [
            7.928127,
            45.708403
          ],
          [
            7.928131,
            45.708426
          ],
          [
            7.928123,
            45.708436
          ],
          [
            7.928108,
            45.708433
          ],
          [
            7.928099,
            45.70843
          ],
          [
            7.928078,
            45.708429
          ],
          [
            7.928081,
            45.708428
          ],
          [
            7.928076,
            45.708425
          ],
          [
            7.928083,
            45.708415
          ],
          [
            7.928074,
            45.708396
          ],
          [
            7.928054,
            45.708378
          ],
          [
            7.928027,
            45.708362
          ],
          [
            7.928014,
            45.708342
          ],
          [
            7.928009,
            45.70833
          ],
          [
            7.928005,
            45.708327
          ],
          [
            7.928002,
            45.708324
          ],
          [
            7.927996,
            45.708321
          ],
          [
            7.927998,
            45.708319
          ],
          [
            7.927998,
            45.708319
          ],
          [
            7.927983,
            45.708303
          ],
          [
            7.927971,
            45.708297
          ],
          [
            7.927949,
            45.708285
          ],
          [
            7.927948,
            45.708288
          ],
          [
            7.927938,
            45.70828
          ],
          [
            7.927923,
            45.708266
          ],
          [
            7.927922,
            45.708263
          ],
          [
            7.927883,
            45.708204
          ],
          [
            7.927883,
            45.708197
          ],
          [
            7.927881,
            45.708179
          ],
          [
            7.927875,
            45.708154
          ],
          [
            7.927863,
            45.708129
          ],
          [
            7.927858,
            45.708102
          ],
          [
            7.927831,
            45.708037
          ],
          [
            7.92782,
            45.708007
          ],
          [
            7.927819,
            45.707999
          ],
          [
            7.927818,
            45.707991
          ],
          [
            7.927821,
            45.707972
          ],
          [
            7.927821,
            45.707906
          ],
          [
            7.92779,
            45.707865
          ],
          [
            7.927785,
            45.707858
          ],
          [
            7.927765,
            45.707816
          ],
          [
            7.927774,
            45.70779
          ],
          [
            7.927772,
            45.707762
          ],
          [
            7.927765,
            45.707755
          ],
          [
            7.927749,
            45.707741
          ],
          [
            7.927716,
            45.707721
          ],
          [
            7.927715,
            45.707715
          ],
          [
            7.92771,
            45.70771
          ],
          [
            7.927699,
            45.707704
          ],
          [
            7.927693,
            45.707695
          ],
          [
            7.927687,
            45.707688
          ],
          [
            7.927676,
            45.707676
          ],
          [
            7.927666,
            45.707656
          ],
          [
            7.927669,
            45.707643
          ],
          [
            7.927651,
            45.707602
          ],
          [
            7.92764,
            45.707597
          ],
          [
            7.927638,
            45.707598
          ],
          [
            7.927629,
            45.707565
          ],
          [
            7.92762,
            45.70756
          ],
          [
            7.927613,
            45.707528
          ],
          [
            7.927591,
            45.707494
          ],
          [
            7.927583,
            45.70748
          ],
          [
            7.927575,
            45.707477
          ],
          [
            7.927557,
            45.70748
          ],
          [
            7.927574,
            45.707451
          ],
          [
            7.927583,
            45.707395
          ],
          [
            7.927584,
            45.707325
          ],
          [
            7.927546,
            45.707293
          ],
          [
            7.927531,
            45.70728
          ],
          [
            7.927526,
            45.707266
          ],
          [
            7.927506,
            45.707254
          ],
          [
            7.927474,
            45.70724
          ],
          [
            7.927468,
            45.707237
          ],
          [
            7.927459,
            45.707202
          ],
          [
            7.927454,
            45.707197
          ],
          [
            7.927433,
            45.707181
          ],
          [
            7.927425,
            45.707175
          ],
          [
            7.927397,
            45.707172
          ],
          [
            7.927393,
            45.707167
          ],
          [
            7.927372,
            45.707164
          ],
          [
            7.927369,
            45.707165
          ],
          [
            7.927332,
            45.707145
          ],
          [
            7.927333,
            45.707142
          ],
          [
            7.927336,
            45.707144
          ],
          [
            7.927316,
            45.707133
          ],
          [
            7.927285,
            45.707134
          ],
          [
            7.927268,
            45.707138
          ],
          [
            7.92727,
            45.707134
          ],
          [
            7.927236,
            45.707134
          ],
          [
            7.927231,
            45.707133
          ],
          [
            7.927237,
            45.707135
          ],
          [
            7.927224,
            45.707129
          ],
          [
            7.927182,
            45.707118
          ],
          [
            7.927173,
            45.707118
          ],
          [
            7.927174,
            45.70711
          ],
          [
            7.92718,
            45.707097
          ],
          [
            7.92717,
            45.707084
          ],
          [
            7.92717,
            45.707084
          ],
          [
            7.92717,
            45.707084
          ],
          [
            7.92717,
            45.707084
          ],
          [
            7.92717,
            45.707084
          ],
          [
            7.92717,
            45.707084
          ],
          [
            7.92717,
            45.707084
          ],
          [
            7.92717,
            45.707084
          ],
          [
            7.92717,
            45.707084
          ],
          [
            7.92717,
            45.707084
          ],
          [
            7.927154,
            45.7071
          ],
          [
            7.92714,
            45.707113
          ],
          [
            7.927143,
            45.707117
          ],
          [
            7.927141,
            45.707125
          ],
          [
            7.927143,
            45.707127
          ],
          [
            7.927147,
            45.707125
          ],
          [
            7.92713,
            45.707129
          ],
          [
            7.927093,
            45.707132
          ],
          [
            7.927071,
            45.707141
          ],
          [
            7.927067,
            45.707143
          ],
          [
            7.927058,
            45.707156
          ],
          [
            7.927034,
            45.70716
          ],
          [
            7.927014,
            45.707163
          ],
          [
            7.927017,
            45.707161
          ],
          [
            7.927029,
            45.707148
          ],
          [
            7.927025,
            45.707148
          ],
          [
            7.926996,
            45.707147
          ],
          [
            7.926986,
            45.707146
          ],
          [
            7.926985,
            45.707143
          ],
          [
            7.92698,
            45.707142
          ],
          [
            7.926959,
            45.707135
          ],
          [
            7.92693,
            45.707138
          ],
          [
            7.926922,
            45.707142
          ],
          [
            7.926922,
            45.707148
          ],
          [
            7.926936,
            45.707148
          ],
          [
            7.926938,
            45.707148
          ],
          [
            7.926921,
            45.707151
          ],
          [
            7.92689,
            45.707155
          ],
          [
            7.92688,
            45.707158
          ],
          [
            7.926861,
            45.707159
          ],
          [
            7.926858,
            45.70716
          ],
          [
            7.92686,
            45.707167
          ],
          [
            7.926851,
            45.70718
          ],
          [
            7.926831,
            45.70716
          ],
          [
            7.926824,
            45.707154
          ],
          [
            7.926818,
            45.707152
          ],
          [
            7.926794,
            45.707151
          ],
          [
            7.926789,
            45.707154
          ],
          [
            7.926759,
            45.707146
          ],
          [
            7.92676,
            45.707138
          ],
          [
            7.926779,
            45.707128
          ],
          [
            7.926787,
            45.707122
          ],
          [
            7.926817,
            45.707095
          ],
          [
            7.926821,
            45.707086
          ],
          [
            7.926827,
            45.707072
          ],
          [
            7.926831,
            45.707051
          ],
          [
            7.926835,
            45.707045
          ],
          [
            7.92686,
            45.707019
          ],
          [
            7.926861,
            45.707014
          ],
          [
            7.92686,
            45.706997
          ],
          [
            7.926854,
            45.706995
          ],
          [
            7.926853,
            45.706996
          ],
          [
            7.926856,
            45.706991
          ],
          [
            7.926855,
            45.706991
          ],
          [
            7.926858,
            45.706991
          ],
          [
            7.926885,
            45.706984
          ],
          [
            7.926885,
            45.706976
          ],
          [
            7.926886,
            45.706977
          ],
          [
            7.926886,
            45.706977
          ],
          [
            7.926887,
            45.706952
          ],
          [
            7.926903,
            45.706924
          ],
          [
            7.92691,
            45.706916
          ],
          [
            7.926904,
            45.706923
          ],
          [
            7.926909,
            45.706912
          ],
          [
            7.926912,
            45.706904
          ],
          [
            7.926922,
            45.706896
          ],
          [
            7.926928,
            45.706887
          ],
          [
            7.926945,
            45.706866
          ],
          [
            7.92693,
            45.706854
          ],
          [
            7.9269,
            45.706857
          ],
          [
            7.926887,
            45.706861
          ],
          [
            7.926877,
            45.706856
          ],
          [
            7.926868,
            45.706839
          ],
          [
            7.926867,
            45.706828
          ],
          [
            7.926865,
            45.706826
          ],
          [
            7.926863,
            45.706833
          ],
          [
            7.926847,
            45.706835
          ],
          [
            7.926827,
            45.706835
          ],
          [
            7.926798,
            45.706829
          ],
          [
            7.926801,
            45.706829
          ],
          [
            7.926801,
            45.706829
          ],
          [
            7.926801,
            45.706829
          ],
          [
            7.926801,
            45.706829
          ],
          [
            7.926801,
            45.706829
          ],
          [
            7.926803,
            45.706825
          ],
          [
            7.9268,
            45.706821
          ],
          [
            7.926801,
            45.706829
          ],
          [
            7.926795,
            45.70681
          ],
          [
            7.926807,
            45.70679
          ],
          [
            7.926801,
            45.70679
          ],
          [
            7.926792,
            45.70679
          ],
          [
            7.92674,
            45.70678
          ],
          [
            7.926754,
            45.706744
          ],
          [
            7.926743,
            45.706737
          ],
          [
            7.926745,
            45.706721
          ],
          [
            7.926754,
            45.706679
          ],
          [
            7.926741,
            45.706679
          ],
          [
            7.926697,
            45.706664
          ],
          [
            7.926677,
            45.706665
          ],
          [
            7.926611,
            45.70665
          ],
          [
            7.926574,
            45.706638
          ],
          [
            7.926532,
            45.70664
          ],
          [
            7.926481,
            45.706643
          ],
          [
            7.926441,
            45.706652
          ],
          [
            7.926417,
            45.706647
          ],
          [
            7.926391,
            45.706643
          ],
          [
            7.926358,
            45.706652
          ],
          [
            7.926337,
            45.70665
          ],
          [
            7.926317,
            45.706636
          ],
          [
            7.926248,
            45.706618
          ],
          [
            7.926222,
            45.706596
          ],
          [
            7.926207,
            45.706584
          ],
          [
            7.926178,
            45.706574
          ],
          [
            7.92615,
            45.706558
          ],
          [
            7.92611,
            45.70653
          ],
          [
            7.926096,
            45.706536
          ],
          [
            7.926096,
            45.706536
          ],
          [
            7.926096,
            45.706536
          ],
          [
            7.926094,
            45.706534
          ],
          [
            7.926098,
            45.706529
          ],
          [
            7.926075,
            45.706517
          ],
          [
            7.926071,
            45.706517
          ],
          [
            7.926071,
            45.706517
          ],
          [
            7.926071,
            45.706517
          ],
          [
            7.92607,
            45.706512
          ],
          [
            7.926071,
            45.706517
          ],
          [
            7.926071,
            45.706517
          ],
          [
            7.926071,
            45.706517
          ],
          [
            7.926071,
            45.706517
          ],
          [
            7.926071,
            45.706517
          ],
          [
            7.926071,
            45.706517
          ],
          [
            7.926084,
            45.706519
          ],
          [
            7.926074,
            45.706519
          ],
          [
            7.926077,
            45.706522
          ],
          [
            7.926087,
            45.706517
          ],
          [
            7.926085,
            45.706516
          ],
          [
            7.926079,
            45.706519
          ],
          [
            7.92607,
            45.70653
          ],
          [
            7.926064,
            45.70652
          ],
          [
            7.926058,
            45.706518
          ],
          [
            7.926049,
            45.706516
          ],
          [
            7.926061,
            45.706517
          ],
          [
            7.926056,
            45.706519
          ],
          [
            7.926056,
            45.70652
          ],
          [
            7.926055,
            45.706511
          ],
          [
            7.926047,
            45.706507
          ],
          [
            7.926054,
            45.706512
          ],
          [
            7.926081,
            45.706522
          ],
          [
            7.926081,
            45.706523
          ],
          [
            7.926082,
            45.706521
          ],
          [
            7.926088,
            45.706517
          ],
          [
            7.926078,
            45.706514
          ],
          [
            7.926071,
            45.706517
          ],
          [
            7.926071,
            45.706517
          ],
          [
            7.926071,
            45.706517
          ],
          [
            7.926071,
            45.706517
          ],
          [
            7.926071,
            45.706517
          ],
          [
            7.926071,
            45.706517
          ],
          [
            7.926071,
            45.706517
          ],
          [
            7.926071,
            45.706517
          ],
          [
            7.926071,
            45.706517
          ],
          [
            7.926071,
            45.706517
          ],
          [
            7.926087,
            45.706521
          ],
          [
            7.926087,
            45.706519
          ],
          [
            7.926086,
            45.706526
          ],
          [
            7.926075,
            45.706531
          ],
          [
            7.926076,
            45.706532
          ],
          [
            7.926073,
            45.70651
          ],
          [
            7.926081,
            45.706539
          ],
          [
            7.926082,
            45.706544
          ],
          [
            7.926084,
            45.706536
          ],
          [
            7.926071,
            45.706528
          ],
          [
            7.926055,
            45.706515
          ],
          [
            7.926052,
            45.706518
          ],
          [
            7.926043,
            45.706514
          ],
          [
            7.926043,
            45.706514
          ],
          [
            7.926043,
            45.706514
          ],
          [
            7.926045,
            45.706505
          ],
          [
            7.926043,
            45.706514
          ],
          [
            7.926043,
            45.706514
          ],
          [
            7.926043,
            45.706514
          ],
          [
            7.926043,
            45.706514
          ],
          [
            7.926043,
            45.706514
          ],
          [
            7.926043,
            45.706514
          ],
          [
            7.926043,
            45.706514
          ],
          [
            7.926043,
            45.706514
          ],
          [
            7.926043,
            45.706514
          ],
          [
            7.926043,
            45.706514
          ],
          [
            7.926009,
            45.706507
          ],
          [
            7.926009,
            45.706507
          ],
          [
            7.926009,
            45.706507
          ],
          [
            7.926009,
            45.706507
          ],
          [
            7.926009,
            45.706507
          ],
          [
            7.926009,
            45.706507
          ],
          [
            7.926018,
            45.706521
          ],
          [
            7.926023,
            45.706518
          ],
          [
            7.926025,
            45.706517
          ],
          [
            7.925974,
            45.706529
          ],
          [
            7.925907,
            45.70657
          ],
          [
            7.925893,
            45.70657
          ],
          [
            7.925827,
            45.706531
          ],
          [
            7.925772,
            45.7065
          ],
          [
            7.925758,
            45.7065
          ],
          [
            7.925729,
            45.706495
          ],
          [
            7.925653,
            45.706495
          ],
          [
            7.925639,
            45.706496
          ],
          [
            7.925573,
            45.706492
          ],
          [
            7.925493,
            45.706466
          ],
          [
            7.925475,
            45.706461
          ],
          [
            7.925468,
            45.706453
          ],
          [
            7.925427,
            45.706453
          ],
          [
            7.925415,
            45.706443
          ],
          [
            7.92541,
            45.706434
          ],
          [
            7.925409,
            45.706428
          ],
          [
            7.925407,
            45.706421
          ],
          [
            7.925393,
            45.706416
          ],
          [
            7.925369,
            45.706414
          ],
          [
            7.925354,
            45.706406
          ],
          [
            7.925346,
            45.7064
          ],
          [
            7.925339,
            45.706393
          ],
          [
            7.925337,
            45.706388
          ],
          [
            7.925286,
            45.706373
          ],
          [
            7.92527,
            45.706369
          ],
          [
            7.925259,
            45.706378
          ],
          [
            7.925262,
            45.706376
          ],
          [
            7.925264,
            45.706373
          ],
          [
            7.925259,
            45.706371
          ],
          [
            7.925252,
            45.70637
          ],
          [
            7.925222,
            45.706366
          ],
          [
            7.925219,
            45.706364
          ],
          [
            7.925215,
            45.706347
          ],
          [
            7.925206,
            45.706336
          ],
          [
            7.925208,
            45.706326
          ],
          [
            7.925217,
            45.706311
          ],
          [
            7.925224,
            45.706292
          ],
          [
            7.925233,
            45.706275
          ],
          [
            7.925256,
            45.706236
          ],
          [
            7.925282,
            45.706204
          ],
          [
            7.92529,
            45.706208
          ],
          [
            7.925292,
            45.70617
          ],
          [
            7.925293,
            45.706162
          ],
          [
            7.92532,
            45.706115
          ],
          [
            7.925331,
            45.706105
          ],
          [
            7.92533,
            45.706099
          ],
          [
            7.925325,
            45.706074
          ],
          [
            7.925346,
            45.706046
          ],
          [
            7.92535,
            45.706038
          ],
          [
            7.925369,
            45.705997
          ],
          [
            7.925392,
            45.705975
          ],
          [
            7.925389,
            45.70597
          ],
          [
            7.925402,
            45.705952
          ],
          [
            7.925405,
            45.705922
          ],
          [
            7.9254,
            45.705925
          ],
          [
            7.925403,
            45.705908
          ],
          [
            7.925392,
            45.705913
          ],
          [
            7.92538,
            45.705912
          ],
          [
            7.925414,
            45.70588
          ],
          [
            7.925436,
            45.705849
          ],
          [
            7.925438,
            45.705843
          ],
          [
            7.925449,
            45.705812
          ],
          [
            7.925456,
            45.705804
          ],
          [
            7.925462,
            45.705784
          ],
          [
            7.925466,
            45.705774
          ],
          [
            7.925486,
            45.705744
          ],
          [
            7.925502,
            45.705731
          ],
          [
            7.925523,
            45.705704
          ],
          [
            7.925521,
            45.7057
          ],
          [
            7.925534,
            45.705678
          ],
          [
            7.925537,
            45.705673
          ],
          [
            7.925536,
            45.70566
          ],
          [
            7.925534,
            45.705654
          ],
          [
            7.925569,
            45.705636
          ],
          [
            7.925595,
            45.705619
          ],
          [
            7.92564,
            45.705537
          ],
          [
            7.925641,
            45.705528
          ],
          [
            7.925641,
            45.705528
          ],
          [
            7.925641,
            45.705528
          ],
          [
            7.925649,
            45.705486
          ],
          [
            7.925642,
            45.705464
          ],
          [
            7.925629,
            45.705441
          ],
          [
            7.925607,
            45.705432
          ],
          [
            7.925617,
            45.705435
          ],
          [
            7.925597,
            45.705391
          ],
          [
            7.925599,
            45.705352
          ],
          [
            7.925596,
            45.705341
          ],
          [
            7.925596,
            45.705305
          ],
          [
            7.925594,
            45.705291
          ],
          [
            7.925603,
            45.70528
          ],
          [
            7.925604,
            45.705265
          ],
          [
            7.925619,
            45.705247
          ],
          [
            7.925665,
            45.705202
          ],
          [
            7.92571,
            45.705137
          ],
          [
            7.925712,
            45.705128
          ],
          [
            7.92573,
            45.705108
          ],
          [
            7.925728,
            45.705106
          ],
          [
            7.925713,
            45.705083
          ],
          [
            7.925709,
            45.705077
          ],
          [
            7.925645,
            45.705035
          ],
          [
            7.925599,
            45.705025
          ],
          [
            7.925562,
            45.705023
          ],
          [
            7.925525,
            45.705036
          ],
          [
            7.925475,
            45.705041
          ],
          [
            7.925449,
            45.705039
          ],
          [
            7.925423,
            45.705037
          ],
          [
            7.925392,
            45.705034
          ],
          [
            7.925341,
            45.705027
          ],
          [
            7.925305,
            45.705025
          ],
          [
            7.925219,
            45.70502
          ],
          [
            7.925212,
            45.70502
          ],
          [
            7.925206,
            45.705024
          ],
          [
            7.925206,
            45.705024
          ],
          [
            7.925198,
            45.705028
          ],
          [
            7.925142,
            45.705035
          ],
          [
            7.92513,
            45.705034
          ],
          [
            7.925081,
            45.705046
          ],
          [
            7.925071,
            45.705047
          ],
          [
            7.925029,
            45.705024
          ],
          [
            7.924975,
            45.705006
          ],
          [
            7.924931,
            45.704998
          ],
          [
            7.924884,
            45.704975
          ],
          [
            7.924805,
            45.704949
          ],
          [
            7.924705,
            45.704903
          ],
          [
            7.924649,
            45.704852
          ],
          [
            7.924584,
            45.704825
          ],
          [
            7.924568,
            45.70482
          ],
          [
            7.924517,
            45.704791
          ],
          [
            7.924474,
            45.704769
          ],
          [
            7.924454,
            45.704762
          ],
          [
            7.924458,
            45.704751
          ],
          [
            7.924454,
            45.704729
          ],
          [
            7.924422,
            45.704685
          ],
          [
            7.924402,
            45.704681
          ],
          [
            7.924384,
            45.704646
          ],
          [
            7.924367,
            45.70463
          ],
          [
            7.924363,
            45.70463
          ],
          [
            7.924364,
            45.70463
          ],
          [
            7.924333,
            45.704606
          ],
          [
            7.924301,
            45.704581
          ],
          [
            7.92427,
            45.704554
          ],
          [
            7.924266,
            45.704554
          ],
          [
            7.924237,
            45.704539
          ],
          [
            7.924228,
            45.704528
          ],
          [
            7.9242,
            45.704512
          ],
          [
            7.924167,
            45.704501
          ],
          [
            7.924085,
            45.704463
          ],
          [
            7.924054,
            45.704472
          ],
          [
            7.92404,
            45.70445
          ],
          [
            7.924026,
            45.70443
          ],
          [
            7.923991,
            45.704396
          ],
          [
            7.92396,
            45.704387
          ],
          [
            7.923939,
            45.70438
          ],
          [
            7.92391,
            45.704367
          ],
          [
            7.923886,
            45.704343
          ],
          [
            7.923863,
            45.704303
          ],
          [
            7.923852,
            45.704292
          ],
          [
            7.923812,
            45.70426
          ],
          [
            7.923783,
            45.704238
          ],
          [
            7.923733,
            45.704219
          ],
          [
            7.92369,
            45.704191
          ],
          [
            7.923648,
            45.704177
          ],
          [
            7.923644,
            45.704173
          ],
          [
            7.923645,
            45.704164
          ],
          [
            7.923644,
            45.704162
          ],
          [
            7.923639,
            45.704158
          ],
          [
            7.923623,
            45.704138
          ],
          [
            7.923633,
            45.704132
          ],
          [
            7.923629,
            45.704126
          ],
          [
            7.923618,
            45.704095
          ],
          [
            7.92361,
            45.704085
          ],
          [
            7.9236,
            45.704073
          ],
          [
            7.923585,
            45.704054
          ],
          [
            7.923563,
            45.704033
          ],
          [
            7.923556,
            45.704022
          ],
          [
            7.923556,
            45.704008
          ],
          [
            7.92355,
            45.703991
          ],
          [
            7.923542,
            45.703987
          ],
          [
            7.92351,
            45.70396
          ],
          [
            7.923508,
            45.703946
          ],
          [
            7.92349,
            45.703934
          ],
          [
            7.923493,
            45.703933
          ],
          [
            7.923475,
            45.703923
          ],
          [
            7.923463,
            45.703911
          ],
          [
            7.923434,
            45.703885
          ],
          [
            7.923427,
            45.703879
          ],
          [
            7.923386,
            45.703862
          ],
          [
            7.923359,
            45.703852
          ],
          [
            7.923349,
            45.703851
          ],
          [
            7.923324,
            45.703832
          ],
          [
            7.923317,
            45.703804
          ],
          [
            7.923318,
            45.703791
          ],
          [
            7.923288,
            45.703749
          ],
          [
            7.923267,
            45.703707
          ],
          [
            7.923224,
            45.703676
          ],
          [
            7.923202,
            45.703644
          ],
          [
            7.923198,
            45.703639
          ],
          [
            7.923158,
            45.703615
          ],
          [
            7.923141,
            45.703601
          ],
          [
            7.923132,
            45.7036
          ],
          [
            7.923134,
            45.703596
          ],
          [
            7.92313,
            45.703586
          ],
          [
            7.923111,
            45.703566
          ],
          [
            7.923111,
            45.703567
          ],
          [
            7.923109,
            45.703556
          ],
          [
            7.923085,
            45.703538
          ],
          [
            7.923066,
            45.703533
          ],
          [
            7.923054,
            45.703514
          ],
          [
            7.923038,
            45.703494
          ],
          [
            7.923001,
            45.703459
          ],
          [
            7.922998,
            45.703456
          ],
          [
            7.922966,
            45.703433
          ],
          [
            7.922948,
            45.703428
          ],
          [
            7.922929,
            45.703413
          ],
          [
            7.92291,
            45.703398
          ],
          [
            7.922883,
            45.703362
          ],
          [
            7.92288,
            45.703358
          ],
          [
            7.922876,
            45.703354
          ],
          [
            7.922857,
            45.703324
          ],
          [
            7.922851,
            45.703322
          ],
          [
            7.92285,
            45.703292
          ],
          [
            7.92285,
            45.70328
          ],
          [
            7.922846,
            45.703257
          ],
          [
            7.922821,
            45.703243
          ],
          [
            7.922812,
            45.703237
          ],
          [
            7.922811,
            45.70323
          ],
          [
            7.922807,
            45.70322
          ],
          [
            7.922812,
            45.703223
          ],
          [
            7.922812,
            45.703223
          ],
          [
            7.922806,
            45.703212
          ],
          [
            7.9228,
            45.703205
          ],
          [
            7.922796,
            45.703191
          ],
          [
            7.922789,
            45.703188
          ],
          [
            7.922778,
            45.703189
          ],
          [
            7.922773,
            45.703183
          ],
          [
            7.922775,
            45.703183
          ],
          [
            7.922777,
            45.703185
          ],
          [
            7.922781,
            45.703188
          ],
          [
            7.922782,
            45.703189
          ],
          [
            7.922773,
            45.703183
          ],
          [
            7.922785,
            45.703186
          ],
          [
            7.922773,
            45.703183
          ],
          [
            7.922773,
            45.703183
          ],
          [
            7.922773,
            45.703183
          ],
          [
            7.922773,
            45.703183
          ],
          [
            7.922778,
            45.703182
          ],
          [
            7.922778,
            45.703181
          ],
          [
            7.922773,
            45.703183
          ],
          [
            7.922773,
            45.703183
          ],
          [
            7.922773,
            45.703183
          ],
          [
            7.922773,
            45.703183
          ],
          [
            7.922773,
            45.703183
          ],
          [
            7.922773,
            45.703183
          ],
          [
            7.922773,
            45.703183
          ],
          [
            7.922765,
            45.703184
          ],
          [
            7.922773,
            45.703183
          ],
          [
            7.922773,
            45.703183
          ],
          [
            7.922773,
            45.703183
          ],
          [
            7.922746,
            45.703186
          ],
          [
            7.922735,
            45.703187
          ],
          [
            7.922724,
            45.703201
          ],
          [
            7.922711,
            45.703203
          ],
          [
            7.922708,
            45.703203
          ],
          [
            7.922686,
            45.703205
          ],
          [
            7.922678,
            45.7032
          ],
          [
            7.922666,
            45.703205
          ],
          [
            7.922664,
            45.703208
          ],
          [
            7.922658,
            45.703214
          ],
          [
            7.922654,
            45.703216
          ],
          [
            7.922649,
            45.703218
          ],
          [
            7.922643,
            45.703209
          ],
          [
            7.922638,
            45.703205
          ],
          [
            7.922615,
            45.703197
          ],
          [
            7.922612,
            45.703195
          ],
          [
            7.922606,
            45.703186
          ],
          [
            7.922594,
            45.703178
          ],
          [
            7.922586,
            45.703173
          ],
          [
            7.922578,
            45.703163
          ],
          [
            7.922577,
            45.703156
          ],
          [
            7.92256,
            45.703137
          ],
          [
            7.922556,
            45.703131
          ],
          [
            7.922559,
            45.70313
          ],
          [
            7.92256,
            45.703128
          ],
          [
            7.92256,
            45.703117
          ],
          [
            7.922551,
            45.703098
          ],
          [
            7.922532,
            45.703093
          ],
          [
            7.922515,
            45.703083
          ],
          [
            7.922492,
            45.703062
          ],
          [
            7.92248,
            45.703055
          ],
          [
            7.922471,
            45.703038
          ],
          [
            7.922451,
            45.703021
          ],
          [
            7.922425,
            45.703011
          ],
          [
            7.922421,
            45.703007
          ],
          [
            7.922409,
            45.703003
          ],
          [
            7.922403,
            45.702999
          ],
          [
            7.922391,
            45.702999
          ],
          [
            7.922378,
            45.702996
          ],
          [
            7.922349,
            45.702993
          ],
          [
            7.922343,
            45.702999
          ],
          [
            7.922333,
            45.703
          ],
          [
            7.922328,
            45.702994
          ],
          [
            7.922335,
            45.702997
          ],
          [
            7.92234,
            45.702999
          ],
          [
            7.92234,
            45.702999
          ],
          [
            7.92234,
            45.702999
          ],
          [
            7.92234,
            45.702999
          ],
          [
            7.922322,
            45.702988
          ],
          [
            7.922309,
            45.70297
          ],
          [
            7.922302,
            45.702967
          ],
          [
            7.922277,
            45.702955
          ],
          [
            7.922266,
            45.70295
          ],
          [
            7.922275,
            45.702953
          ],
          [
            7.922275,
            45.702953
          ],
          [
            7.922276,
            45.702953
          ],
          [
            7.922289,
            45.702955
          ],
          [
            7.922279,
            45.702955
          ],
          [
            7.922277,
            45.702956
          ],
          [
            7.922281,
            45.702955
          ],
          [
            7.922267,
            45.702943
          ],
          [
            7.92225,
            45.702935
          ],
          [
            7.922255,
            45.702926
          ],
          [
            7.922251,
            45.70292
          ],
          [
            7.922239,
            45.702924
          ],
          [
            7.922239,
            45.70292
          ],
          [
            7.922237,
            45.702919
          ],
          [
            7.92223,
            45.702919
          ],
          [
            7.922219,
            45.702915
          ],
          [
            7.922228,
            45.702907
          ],
          [
            7.922241,
            45.702916
          ],
          [
            7.922232,
            45.702914
          ],
          [
            7.922232,
            45.702914
          ],
          [
            7.922223,
            45.702916
          ],
          [
            7.922211,
            45.702923
          ],
          [
            7.922216,
            45.70292
          ],
          [
            7.92221,
            45.702919
          ],
          [
            7.92222,
            45.702911
          ],
          [
            7.92222,
            45.702911
          ],
          [
            7.922227,
            45.7029
          ],
          [
            7.922225,
            45.702892
          ],
          [
            7.922216,
            45.702878
          ],
          [
            7.922211,
            45.702874
          ],
          [
            7.922194,
            45.702867
          ],
          [
            7.922179,
            45.702851
          ],
          [
            7.92217,
            45.702836
          ],
          [
            7.922167,
            45.702831
          ],
          [
            7.922162,
            45.702821
          ],
          [
            7.922165,
            45.702808
          ],
          [
            7.922175,
            45.702789
          ],
          [
            7.92217,
            45.702774
          ],
          [
            7.922166,
            45.702767
          ],
          [
            7.922166,
            45.70275
          ],
          [
            7.922167,
            45.702744
          ],
          [
            7.92217,
            45.702726
          ],
          [
            7.922179,
            45.702713
          ],
          [
            7.922189,
            45.702684
          ],
          [
            7.92216,
            45.702664
          ],
          [
            7.922136,
            45.702673
          ],
          [
            7.922126,
            45.702661
          ],
          [
            7.922128,
            45.702651
          ],
          [
            7.922111,
            45.702641
          ],
          [
            7.922089,
            45.702634
          ],
          [
            7.922088,
            45.702634
          ],
          [
            7.922043,
            45.702628
          ],
          [
            7.922016,
            45.702628
          ],
          [
            7.922011,
            45.702632
          ],
          [
            7.922019,
            45.70265
          ],
          [
            7.921997,
            45.702683
          ],
          [
            7.921991,
            45.702686
          ],
          [
            7.921958,
            45.702685
          ],
          [
            7.921945,
            45.702689
          ],
          [
            7.921944,
            45.702693
          ],
          [
            7.921933,
            45.702704
          ],
          [
            7.921922,
            45.702725
          ],
          [
            7.921915,
            45.702731
          ],
          [
            7.921904,
            45.702736
          ],
          [
            7.921882,
            45.702742
          ],
          [
            7.921878,
            45.702758
          ],
          [
            7.921871,
            45.702758
          ],
          [
            7.921858,
            45.702761
          ],
          [
            7.921855,
            45.702762
          ],
          [
            7.921856,
            45.702757
          ],
          [
            7.921828,
            45.702753
          ],
          [
            7.921826,
            45.702751
          ],
          [
            7.921827,
            45.702751
          ],
          [
            7.921827,
            45.702751
          ],
          [
            7.921827,
            45.702751
          ],
          [
            7.921807,
            45.702748
          ],
          [
            7.92178,
            45.702749
          ],
          [
            7.921763,
            45.702755
          ],
          [
            7.921758,
            45.70276
          ],
          [
            7.92174,
            45.70277
          ],
          [
            7.921734,
            45.702771
          ],
          [
            7.921726,
            45.702772
          ],
          [
            7.921702,
            45.702781
          ],
          [
            7.921692,
            45.702781
          ],
          [
            7.921667,
            45.702762
          ],
          [
            7.921621,
            45.702747
          ],
          [
            7.921616,
            45.702748
          ],
          [
            7.921602,
            45.702732
          ],
          [
            7.921584,
            45.702722
          ],
          [
            7.921583,
            45.702722
          ],
          [
            7.921553,
            45.702711
          ],
          [
            7.921541,
            45.702702
          ],
          [
            7.921542,
            45.702702
          ],
          [
            7.921531,
            45.702698
          ],
          [
            7.921505,
            45.702693
          ],
          [
            7.921502,
            45.702692
          ],
          [
            7.921487,
            45.702685
          ],
          [
            7.921478,
            45.702675
          ],
          [
            7.921468,
            45.702667
          ],
          [
            7.921427,
            45.702651
          ],
          [
            7.921402,
            45.702647
          ],
          [
            7.921382,
            45.702647
          ],
          [
            7.921355,
            45.702646
          ],
          [
            7.921333,
            45.702626
          ],
          [
            7.921327,
            45.702621
          ],
          [
            7.921324,
            45.702606
          ],
          [
            7.921318,
            45.702594
          ],
          [
            7.921292,
            45.702575
          ],
          [
            7.921262,
            45.702546
          ],
          [
            7.921251,
            45.702537
          ],
          [
            7.921252,
            45.702506
          ],
          [
            7.921254,
            45.702481
          ],
          [
            7.921254,
            45.70243
          ],
          [
            7.921252,
            45.702417
          ],
          [
            7.921237,
            45.702381
          ],
          [
            7.921233,
            45.702378
          ],
          [
            7.921219,
            45.702364
          ],
          [
            7.921211,
            45.702345
          ],
          [
            7.92121,
            45.702326
          ],
          [
            7.921204,
            45.702287
          ],
          [
            7.921199,
            45.702275
          ],
          [
            7.921197,
            45.702254
          ],
          [
            7.921199,
            45.702235
          ],
          [
            7.921196,
            45.70223
          ],
          [
            7.921196,
            45.70223
          ],
          [
            7.921192,
            45.702193
          ],
          [
            7.921208,
            45.702185
          ],
          [
            7.921254,
            45.702171
          ],
          [
            7.921268,
            45.702169
          ],
          [
            7.92129,
            45.702143
          ],
          [
            7.921308,
            45.702126
          ],
          [
            7.921304,
            45.702098
          ],
          [
            7.921304,
            45.702095
          ],
          [
            7.921294,
            45.702086
          ],
          [
            7.921282,
            45.702064
          ],
          [
            7.921273,
            45.702048
          ],
          [
            7.921269,
            45.702045
          ],
          [
            7.921257,
            45.702049
          ],
          [
            7.92125,
            45.702045
          ],
          [
            7.921258,
            45.702029
          ],
          [
            7.921257,
            45.702023
          ],
          [
            7.921274,
            45.701992
          ],
          [
            7.921286,
            45.701966
          ],
          [
            7.921278,
            45.701954
          ],
          [
            7.921274,
            45.701952
          ],
          [
            7.921257,
            45.701943
          ],
          [
            7.921252,
            45.701936
          ],
          [
            7.921251,
            45.701929
          ],
          [
            7.921257,
            45.701903
          ],
          [
            7.921254,
            45.701896
          ],
          [
            7.921246,
            45.701897
          ],
          [
            7.921245,
            45.701891
          ],
          [
            7.921242,
            45.701903
          ],
          [
            7.921232,
            45.701909
          ],
          [
            7.921234,
            45.701904
          ],
          [
            7.921233,
            45.701845
          ],
          [
            7.921205,
            45.701808
          ],
          [
            7.921195,
            45.701763
          ],
          [
            7.921193,
            45.701712
          ],
          [
            7.92119,
            45.701667
          ],
          [
            7.921193,
            45.701663
          ],
          [
            7.921183,
            45.701629
          ],
          [
            7.921164,
            45.701612
          ],
          [
            7.921161,
            45.701607
          ],
          [
            7.921158,
            45.701595
          ],
          [
            7.921153,
            45.701585
          ],
          [
            7.921141,
            45.701569
          ],
          [
            7.921142,
            45.701562
          ],
          [
            7.921128,
            45.70153
          ],
          [
            7.92111,
            45.701516
          ],
          [
            7.921111,
            45.701522
          ],
          [
            7.921111,
            45.701523
          ],
          [
            7.92111,
            45.701525
          ],
          [
            7.921107,
            45.701524
          ],
          [
            7.921107,
            45.701524
          ],
          [
            7.921107,
            45.701524
          ],
          [
            7.921107,
            45.701524
          ],
          [
            7.921107,
            45.701524
          ],
          [
            7.921107,
            45.701524
          ],
          [
            7.921107,
            45.701524
          ],
          [
            7.921107,
            45.701524
          ],
          [
            7.921107,
            45.701524
          ],
          [
            7.921107,
            45.701524
          ],
          [
            7.921103,
            45.701524
          ],
          [
            7.921086,
            45.701522
          ],
          [
            7.921092,
            45.701529
          ],
          [
            7.921086,
            45.701524
          ],
          [
            7.921086,
            45.701524
          ],
          [
            7.921086,
            45.701524
          ],
          [
            7.921101,
            45.701522
          ],
          [
            7.921086,
            45.701524
          ],
          [
            7.921086,
            45.701524
          ],
          [
            7.921086,
            45.701524
          ],
          [
            7.92108,
            45.701528
          ],
          [
            7.921082,
            45.701528
          ],
          [
            7.921084,
            45.701527
          ],
          [
            7.921085,
            45.701525
          ],
          [
            7.921086,
            45.701524
          ],
          [
            7.921088,
            45.701532
          ],
          [
            7.92108,
            45.701511
          ],
          [
            7.921072,
            45.701477
          ],
          [
            7.921065,
            45.701466
          ],
          [
            7.921063,
            45.701453
          ],
          [
            7.921053,
            45.701436
          ],
          [
            7.921036,
            45.701423
          ],
          [
            7.921036,
            45.701421
          ],
          [
            7.921037,
            45.701421
          ],
          [
            7.921037,
            45.701421
          ],
          [
            7.921037,
            45.701421
          ],
          [
            7.921025,
            45.701413
          ],
          [
            7.921026,
            45.701413
          ],
          [
            7.921015,
            45.701411
          ],
          [
            7.921002,
            45.701402
          ],
          [
            7.92098,
            45.701385
          ],
          [
            7.920947,
            45.701366
          ],
          [
            7.92094,
            45.701364
          ],
          [
            7.920903,
            45.701338
          ],
          [
            7.920871,
            45.701326
          ],
          [
            7.920853,
            45.701314
          ],
          [
            7.920849,
            45.701311
          ],
          [
            7.920837,
            45.701309
          ],
          [
            7.92083,
            45.701315
          ],
          [
            7.920826,
            45.701314
          ],
          [
            7.920831,
            45.701309
          ],
          [
            7.920831,
            45.701309
          ],
          [
            7.920831,
            45.701309
          ],
          [
            7.920831,
            45.701309
          ],
          [
            7.920831,
            45.701309
          ],
          [
            7.920831,
            45.701309
          ],
          [
            7.920831,
            45.701309
          ],
          [
            7.920831,
            45.701309
          ],
          [
            7.920831,
            45.701309
          ],
          [
            7.920839,
            45.701316
          ],
          [
            7.920831,
            45.701309
          ],
          [
            7.920831,
            45.701309
          ],
          [
            7.920836,
            45.701315
          ],
          [
            7.920831,
            45.701309
          ],
          [
            7.920831,
            45.701309
          ],
          [
            7.920831,
            45.701309
          ],
          [
            7.920831,
            45.701309
          ],
          [
            7.920831,
            45.701309
          ],
          [
            7.920831,
            45.701309
          ],
          [
            7.920831,
            45.701309
          ],
          [
            7.920831,
            45.701309
          ],
          [
            7.920903,
            45.701266
          ],
          [
            7.920937,
            45.70125
          ],
          [
            7.920887,
            45.701269
          ],
          [
            7.920836,
            45.701302
          ],
          [
            7.92083,
            45.701306
          ],
          [
            7.92083,
            45.701306
          ],
          [
            7.92083,
            45.701306
          ],
          [
            7.920826,
            45.701311
          ],
          [
            7.92083,
            45.701306
          ],
          [
            7.92083,
            45.701306
          ],
          [
            7.92083,
            45.701306
          ],
          [
            7.92083,
            45.701306
          ],
          [
            7.92083,
            45.701306
          ],
          [
            7.92083,
            45.701306
          ],
          [
            7.92082,
            45.70131
          ],
          [
            7.92083,
            45.701306
          ],
          [
            7.92083,
            45.701306
          ],
          [
            7.92083,
            45.701306
          ],
          [
            7.920811,
            45.701298
          ],
          [
            7.920791,
            45.701287
          ],
          [
            7.920781,
            45.701284
          ],
          [
            7.920779,
            45.701284
          ],
          [
            7.920779,
            45.701284
          ],
          [
            7.920779,
            45.701284
          ],
          [
            7.920779,
            45.701284
          ],
          [
            7.920766,
            45.701287
          ],
          [
            7.92076,
            45.701285
          ],
          [
            7.920757,
            45.70129
          ],
          [
            7.92072,
            45.701293
          ],
          [
            7.920716,
            45.701292
          ],
          [
            7.920714,
            45.701279
          ],
          [
            7.92071,
            45.701278
          ],
          [
            7.920704,
            45.701272
          ],
          [
            7.920706,
            45.701268
          ],
          [
            7.920695,
            45.701258
          ],
          [
            7.920687,
            45.701255
          ],
          [
            7.920678,
            45.701252
          ],
          [
            7.920678,
            45.701252
          ],
          [
            7.920678,
            45.701252
          ],
          [
            7.920672,
            45.701251
          ],
          [
            7.920629,
            45.701251
          ],
          [
            7.920622,
            45.70125
          ],
          [
            7.920586,
            45.701255
          ],
          [
            7.92058,
            45.701256
          ],
          [
            7.92056,
            45.70127
          ],
          [
            7.920554,
            45.70125
          ],
          [
            7.920527,
            45.701252
          ],
          [
            7.920505,
            45.70126
          ],
          [
            7.920488,
            45.701262
          ],
          [
            7.920451,
            45.701256
          ],
          [
            7.920449,
            45.701255
          ],
          [
            7.920434,
            45.701252
          ],
          [
            7.920449,
            45.701255
          ],
          [
            7.920422,
            45.701251
          ],
          [
            7.920379,
            45.701254
          ],
          [
            7.920366,
            45.701259
          ],
          [
            7.920322,
            45.701258
          ],
          [
            7.920311,
            45.701257
          ],
          [
            7.920268,
            45.701256
          ],
          [
            7.920249,
            45.701246
          ],
          [
            7.92024,
            45.701245
          ],
          [
            7.920227,
            45.701243
          ],
          [
            7.920166,
            45.701237
          ],
          [
            7.920162,
            45.701243
          ],
          [
            7.920139,
            45.70125
          ],
          [
            7.920125,
            45.70125
          ],
          [
            7.920123,
            45.701252
          ],
          [
            7.920123,
            45.701252
          ],
          [
            7.920122,
            45.70125
          ],
          [
            7.9201,
            45.701233
          ],
          [
            7.920091,
            45.701234
          ],
          [
            7.920092,
            45.701235
          ],
          [
            7.920092,
            45.701235
          ],
          [
            7.920105,
            45.701225
          ],
          [
            7.920085,
            45.701225
          ],
          [
            7.920044,
            45.701219
          ],
          [
            7.920031,
            45.701217
          ],
          [
            7.919979,
            45.701217
          ],
          [
            7.919944,
            45.701218
          ],
          [
            7.919936,
            45.70122
          ],
          [
            7.919911,
            45.701213
          ],
          [
            7.91989,
            45.701208
          ],
          [
            7.919878,
            45.701205
          ],
          [
            7.919868,
            45.701203
          ],
          [
            7.91984,
            45.701197
          ],
          [
            7.919815,
            45.701191
          ],
          [
            7.919789,
            45.701188
          ],
          [
            7.919771,
            45.701176
          ],
          [
            7.919782,
            45.701168
          ],
          [
            7.919743,
            45.701175
          ],
          [
            7.919695,
            45.701171
          ],
          [
            7.919646,
            45.701151
          ],
          [
            7.919588,
            45.701127
          ],
          [
            7.919595,
            45.701126
          ],
          [
            7.919533,
            45.701101
          ],
          [
            7.919464,
            45.701097
          ],
          [
            7.919445,
            45.701072
          ],
          [
            7.919442,
            45.70107
          ],
          [
            7.919439,
            45.701067
          ],
          [
            7.919405,
            45.701065
          ],
          [
            7.919388,
            45.701066
          ],
          [
            7.91938,
            45.701044
          ],
          [
            7.919377,
            45.701037
          ],
          [
            7.919346,
            45.701021
          ],
          [
            7.919325,
            45.701008
          ],
          [
            7.91931,
            45.701008
          ],
          [
            7.919236,
            45.700992
          ],
          [
            7.919221,
            45.700988
          ],
          [
            7.919212,
            45.700987
          ],
          [
            7.919172,
            45.700987
          ],
          [
            7.919159,
            45.700981
          ],
          [
            7.919149,
            45.700979
          ],
          [
            7.919108,
            45.700968
          ],
          [
            7.9191,
            45.700964
          ],
          [
            7.919089,
            45.700955
          ],
          [
            7.919069,
            45.700949
          ],
          [
            7.919008,
            45.700933
          ],
          [
            7.918948,
            45.700927
          ],
          [
            7.918935,
            45.700921
          ],
          [
            7.91892,
            45.700916
          ],
          [
            7.918899,
            45.700904
          ],
          [
            7.918898,
            45.700898
          ],
          [
            7.918895,
            45.700895
          ],
          [
            7.918892,
            45.700886
          ],
          [
            7.91889,
            45.70088
          ],
          [
            7.918879,
            45.700883
          ],
          [
            7.918865,
            45.700882
          ],
          [
            7.918869,
            45.700885
          ],
          [
            7.918869,
            45.700885
          ],
          [
            7.918869,
            45.700885
          ],
          [
            7.918869,
            45.700885
          ],
          [
            7.918869,
            45.700885
          ],
          [
            7.918869,
            45.700885
          ],
          [
            7.918869,
            45.700885
          ],
          [
            7.918866,
            45.700869
          ],
          [
            7.918859,
            45.700857
          ],
          [
            7.91886,
            45.700863
          ],
          [
            7.91886,
            45.700863
          ],
          [
            7.91886,
            45.700863
          ],
          [
            7.918846,
            45.700857
          ],
          [
            7.918817,
            45.700855
          ],
          [
            7.918767,
            45.700853
          ],
          [
            7.918729,
            45.700849
          ],
          [
            7.918705,
            45.700846
          ],
          [
            7.918693,
            45.700844
          ],
          [
            7.918667,
            45.700833
          ],
          [
            7.918661,
            45.700829
          ],
          [
            7.918656,
            45.700791
          ],
          [
            7.918637,
            45.700773
          ],
          [
            7.918631,
            45.700743
          ],
          [
            7.91862,
            45.700737
          ],
          [
            7.918612,
            45.700728
          ],
          [
            7.918571,
            45.700709
          ],
          [
            7.918528,
            45.700713
          ],
          [
            7.918511,
            45.700712
          ],
          [
            7.918506,
            45.70071
          ],
          [
            7.918448,
            45.700719
          ],
          [
            7.918422,
            45.700722
          ],
          [
            7.918406,
            45.70072
          ],
          [
            7.918401,
            45.70072
          ],
          [
            7.918382,
            45.700712
          ],
          [
            7.918366,
            45.700705
          ],
          [
            7.918352,
            45.700699
          ],
          [
            7.91831,
            45.700689
          ],
          [
            7.918288,
            45.700683
          ],
          [
            7.918268,
            45.700671
          ],
          [
            7.918258,
            45.700668
          ],
          [
            7.918224,
            45.700655
          ],
          [
            7.918197,
            45.700644
          ],
          [
            7.918165,
            45.700627
          ],
          [
            7.918158,
            45.700619
          ],
          [
            7.918132,
            45.700603
          ],
          [
            7.918117,
            45.700616
          ],
          [
            7.918117,
            45.700613
          ],
          [
            7.918117,
            45.700613
          ],
          [
            7.918117,
            45.700613
          ],
          [
            7.918117,
            45.700613
          ],
          [
            7.918117,
            45.700613
          ],
          [
            7.918117,
            45.700613
          ],
          [
            7.918117,
            45.700613
          ],
          [
            7.918117,
            45.700613
          ],
          [
            7.918117,
            45.700613
          ],
          [
            7.918117,
            45.700613
          ],
          [
            7.918117,
            45.700613
          ],
          [
            7.918109,
            45.700618
          ],
          [
            7.918104,
            45.70062
          ],
          [
            7.918089,
            45.700628
          ],
          [
            7.918081,
            45.700639
          ],
          [
            7.918078,
            45.700647
          ],
          [
            7.918075,
            45.700652
          ],
          [
            7.918054,
            45.700662
          ],
          [
            7.918073,
            45.700674
          ],
          [
            7.918088,
            45.700678
          ],
          [
            7.91811,
            45.70069
          ],
          [
            7.918109,
            45.700687
          ],
          [
            7.918084,
            45.700679
          ],
          [
            7.918084,
            45.700679
          ],
          [
            7.918086,
            45.700677
          ],
          [
            7.918084,
            45.700679
          ],
          [
            7.918086,
            45.700685
          ],
          [
            7.918075,
            45.700691
          ],
          [
            7.918073,
            45.70071
          ],
          [
            7.918083,
            45.700725
          ],
          [
            7.918076,
            45.700738
          ],
          [
            7.918069,
            45.700742
          ],
          [
            7.918043,
            45.700752
          ],
          [
            7.918039,
            45.700751
          ],
          [
            7.918034,
            45.700748
          ],
          [
            7.918027,
            45.700756
          ],
          [
            7.918049,
            45.700771
          ],
          [
            7.918056,
            45.700776
          ],
          [
            7.918078,
            45.700799
          ],
          [
            7.918081,
            45.700813
          ],
          [
            7.918078,
            45.700815
          ],
          [
            7.918037,
            45.700818
          ],
          [
            7.918052,
            45.700841
          ],
          [
            7.918066,
            45.700856
          ],
          [
            7.918081,
            45.700889
          ],
          [
            7.918083,
            45.700897
          ],
          [
            7.918055,
            45.700908
          ],
          [
            7.918037,
            45.700912
          ],
          [
            7.918024,
            45.700915
          ],
          [
            7.917986,
            45.700916
          ],
          [
            7.91798,
            45.700913
          ],
          [
            7.917942,
            45.70091
          ],
          [
            7.917918,
            45.700921
          ],
          [
            7.917898,
            45.700921
          ],
          [
            7.917879,
            45.700919
          ],
          [
            7.917873,
            45.700918
          ],
          [
            7.917861,
            45.700932
          ],
          [
            7.917831,
            45.700946
          ],
          [
            7.917813,
            45.700965
          ],
          [
            7.917818,
            45.700955
          ],
          [
            7.917786,
            45.700969
          ],
          [
            7.917761,
            45.700983
          ],
          [
            7.917742,
            45.700988
          ],
          [
            7.917706,
            45.700997
          ],
          [
            7.917702,
            45.701002
          ],
          [
            7.91771,
            45.701011
          ],
          [
            7.917738,
            45.701019
          ],
          [
            7.917737,
            45.70102
          ],
          [
            7.917723,
            45.701021
          ],
          [
            7.917723,
            45.701021
          ],
          [
            7.917758,
            45.701031
          ],
          [
            7.917796,
            45.701053
          ],
          [
            7.917767,
            45.701067
          ],
          [
            7.917716,
            45.701056
          ],
          [
            7.917672,
            45.701048
          ],
          [
            7.91768,
            45.701075
          ],
          [
            7.917685,
            45.701085
          ],
          [
            7.91766,
            45.701089
          ],
          [
            7.917655,
            45.701089
          ],
          [
            7.917621,
            45.701095
          ],
          [
            7.917633,
            45.701104
          ],
          [
            7.917631,
            45.70112
          ],
          [
            7.917644,
            45.701131
          ],
          [
            7.917652,
            45.701133
          ],
          [
            7.917653,
            45.701157
          ],
          [
            7.917633,
            45.701165
          ],
          [
            7.917621,
            45.701176
          ],
          [
            7.917608,
            45.701184
          ],
          [
            7.917608,
            45.701192
          ],
          [
            7.917608,
            45.701192
          ],
          [
            7.917615,
            45.701211
          ],
          [
            7.917614,
            45.701218
          ],
          [
            7.917603,
            45.701212
          ],
          [
            7.917578,
            45.701213
          ],
          [
            7.917585,
            45.701229
          ],
          [
            7.917578,
            45.701242
          ],
          [
            7.91758,
            45.701244
          ],
          [
            7.917576,
            45.701242
          ],
          [
            7.917576,
            45.701242
          ],
          [
            7.917576,
            45.701242
          ],
          [
            7.917552,
            45.701249
          ],
          [
            7.917548,
            45.701278
          ],
          [
            7.91755,
            45.701285
          ],
          [
            7.917553,
            45.701295
          ],
          [
            7.917555,
            45.701317
          ],
          [
            7.917555,
            45.701328
          ],
          [
            7.917549,
            45.701369
          ],
          [
            7.917545,
            45.701369
          ],
          [
            7.917545,
            45.701369
          ],
          [
            7.917545,
            45.701369
          ],
          [
            7.917548,
            45.701373
          ],
          [
            7.917536,
            45.701393
          ],
          [
            7.917538,
            45.701406
          ],
          [
            7.917542,
            45.701462
          ],
          [
            7.917546,
            45.701481
          ],
          [
            7.917549,
            45.701494
          ],
          [
            7.917546,
            45.701511
          ],
          [
            7.917538,
            45.701542
          ],
          [
            7.917525,
            45.70155
          ],
          [
            7.917526,
            45.701577
          ],
          [
            7.917525,
            45.701585
          ],
          [
            7.917529,
            45.701605
          ],
          [
            7.917529,
            45.701603
          ],
          [
            7.917524,
            45.701601
          ],
          [
            7.917494,
            45.701596
          ],
          [
            7.917479,
            45.701598
          ],
          [
            7.917454,
            45.701617
          ],
          [
            7.917448,
            45.701624
          ],
          [
            7.917414,
            45.701618
          ],
          [
            7.917396,
            45.70162
          ],
          [
            7.917389,
            45.701624
          ],
          [
            7.917392,
            45.701633
          ],
          [
            7.917372,
            45.701609
          ],
          [
            7.917343,
            45.701611
          ],
          [
            7.917339,
            45.701664
          ],
          [
            7.917334,
            45.701678
          ],
          [
            7.91733,
            45.701676
          ],
          [
            7.917305,
            45.701698
          ],
          [
            7.917306,
            45.701725
          ],
          [
            7.917302,
            45.70173
          ],
          [
            7.917264,
            45.701749
          ],
          [
            7.917233,
            45.701772
          ],
          [
            7.917232,
            45.701788
          ],
          [
            7.917203,
            45.701798
          ],
          [
            7.917191,
            45.701791
          ],
          [
            7.917191,
            45.70179
          ],
          [
            7.917195,
            45.701784
          ],
          [
            7.917161,
            45.701796
          ],
          [
            7.917135,
            45.701806
          ],
          [
            7.917132,
            45.701806
          ],
          [
            7.917132,
            45.701807
          ],
          [
            7.917118,
            45.701806
          ],
          [
            7.917118,
            45.701806
          ],
          [
            7.917118,
            45.701806
          ],
          [
            7.917136,
            45.701806
          ],
          [
            7.917134,
            45.701828
          ],
          [
            7.917127,
            45.701853
          ],
          [
            7.91711,
            45.701849
          ],
          [
            7.917065,
            45.701881
          ],
          [
            7.917024,
            45.701907
          ],
          [
            7.91697,
            45.701935
          ],
          [
            7.916955,
            45.701938
          ],
          [
            7.916934,
            45.70194
          ],
          [
            7.916929,
            45.701946
          ],
          [
            7.916962,
            45.701966
          ],
          [
            7.916972,
            45.701978
          ],
          [
            7.916977,
            45.701994
          ],
          [
            7.916978,
            45.702
          ],
          [
            7.916956,
            45.702007
          ],
          [
            7.916948,
            45.702012
          ],
          [
            7.91695,
            45.702023
          ],
          [
            7.91695,
            45.702023
          ],
          [
            7.916945,
            45.702045
          ],
          [
            7.916932,
            45.702054
          ],
          [
            7.916909,
            45.702052
          ],
          [
            7.916915,
            45.70206
          ],
          [
            7.916917,
            45.702076
          ],
          [
            7.916923,
            45.702079
          ],
          [
            7.916909,
            45.702103
          ],
          [
            7.916906,
            45.702109
          ],
          [
            7.916903,
            45.702109
          ],
          [
            7.916902,
            45.70211
          ],
          [
            7.916922,
            45.70211
          ],
          [
            7.916941,
            45.702116
          ],
          [
            7.916934,
            45.702115
          ],
          [
            7.916922,
            45.702127
          ],
          [
            7.916917,
            45.702134
          ],
          [
            7.916922,
            45.702148
          ],
          [
            7.91693,
            45.702158
          ],
          [
            7.916938,
            45.702162
          ],
          [
            7.916942,
            45.702164
          ],
          [
            7.916955,
            45.70217
          ],
          [
            7.916965,
            45.702175
          ],
          [
            7.916974,
            45.702178
          ],
          [
            7.916977,
            45.702183
          ],
          [
            7.916979,
            45.70219
          ],
          [
            7.91698,
            45.702189
          ],
          [
            7.916978,
            45.702185
          ],
          [
            7.917005,
            45.702194
          ],
          [
            7.917004,
            45.702195
          ],
          [
            7.917004,
            45.702195
          ],
          [
            7.917004,
            45.702195
          ],
          [
            7.916984,
            45.702207
          ],
          [
            7.916986,
            45.702219
          ],
          [
            7.916975,
            45.702237
          ],
          [
            7.916971,
            45.702229
          ],
          [
            7.916971,
            45.702229
          ],
          [
            7.916971,
            45.702229
          ],
          [
            7.916971,
            45.702229
          ],
          [
            7.916971,
            45.702229
          ],
          [
            7.916971,
            45.702229
          ],
          [
            7.916966,
            45.702242
          ],
          [
            7.916951,
            45.702256
          ],
          [
            7.916931,
            45.70226
          ],
          [
            7.916935,
            45.702266
          ],
          [
            7.916936,
            45.702268
          ],
          [
            7.916948,
            45.702282
          ],
          [
            7.916943,
            45.702313
          ],
          [
            7.916943,
            45.702314
          ],
          [
            7.916927,
            45.702333
          ],
          [
            7.916917,
            45.702339
          ],
          [
            7.916908,
            45.702342
          ],
          [
            7.916908,
            45.702342
          ],
          [
            7.916907,
            45.702343
          ],
          [
            7.916917,
            45.702345
          ],
          [
            7.916964,
            45.70235
          ],
          [
            7.916979,
            45.702363
          ],
          [
            7.916979,
            45.702363
          ],
          [
            7.916977,
            45.702378
          ],
          [
            7.91698,
            45.702391
          ],
          [
            7.91698,
            45.702397
          ],
          [
            7.91696,
            45.702409
          ],
          [
            7.916944,
            45.702412
          ],
          [
            7.916945,
            45.702412
          ],
          [
            7.916938,
            45.702416
          ],
          [
            7.916927,
            45.702427
          ],
          [
            7.916918,
            45.702436
          ],
          [
            7.916899,
            45.702452
          ],
          [
            7.916874,
            45.702473
          ],
          [
            7.916847,
            45.702494
          ],
          [
            7.916843,
            45.702483
          ],
          [
            7.916826,
            45.70249
          ],
          [
            7.91681,
            45.702512
          ],
          [
            7.916811,
            45.702508
          ],
          [
            7.916809,
            45.702514
          ],
          [
            7.916808,
            45.702524
          ],
          [
            7.916811,
            45.70253
          ],
          [
            7.916811,
            45.702537
          ],
          [
            7.916831,
            45.702564
          ],
          [
            7.916827,
            45.702571
          ],
          [
            7.916803,
            45.7026
          ],
          [
            7.916801,
            45.702601
          ],
          [
            7.916768,
            45.702612
          ],
          [
            7.916762,
            45.702615
          ],
          [
            7.916759,
            45.702625
          ],
          [
            7.91677,
            45.702642
          ],
          [
            7.916777,
            45.702641
          ],
          [
            7.916794,
            45.70266
          ],
          [
            7.916815,
            45.702671
          ],
          [
            7.916823,
            45.702674
          ],
          [
            7.916836,
            45.70269
          ],
          [
            7.916837,
            45.702697
          ],
          [
            7.916836,
            45.702697
          ],
          [
            7.916841,
            45.702704
          ],
          [
            7.916845,
            45.702707
          ],
          [
            7.916859,
            45.702715
          ],
          [
            7.916864,
            45.702723
          ],
          [
            7.916866,
            45.70273
          ],
          [
            7.916848,
            45.702755
          ],
          [
            7.916836,
            45.702762
          ],
          [
            7.916809,
            45.702793
          ],
          [
            7.916806,
            45.7028
          ],
          [
            7.916808,
            45.702812
          ],
          [
            7.916805,
            45.702827
          ],
          [
            7.916803,
            45.702834
          ],
          [
            7.916802,
            45.70284
          ],
          [
            7.91682,
            45.702842
          ],
          [
            7.916826,
            45.702862
          ],
          [
            7.916845,
            45.702893
          ],
          [
            7.916844,
            45.702895
          ],
          [
            7.91681,
            45.70292
          ],
          [
            7.916797,
            45.702923
          ],
          [
            7.916784,
            45.702939
          ],
          [
            7.916782,
            45.70296
          ],
          [
            7.916774,
            45.702978
          ],
          [
            7.916748,
            45.702991
          ],
          [
            7.916753,
            45.703005
          ],
          [
            7.916748,
            45.703016
          ],
          [
            7.916747,
            45.703005
          ],
          [
            7.91674,
            45.703004
          ],
          [
            7.916718,
            45.703006
          ],
          [
            7.916708,
            45.703004
          ],
          [
            7.916712,
            45.703017
          ],
          [
            7.916714,
            45.703029
          ],
          [
            7.916683,
            45.70304
          ],
          [
            7.916666,
            45.703035
          ],
          [
            7.916664,
            45.70303
          ],
          [
            7.916648,
            45.703048
          ],
          [
            7.916639,
            45.703049
          ],
          [
            7.916641,
            45.703042
          ],
          [
            7.916617,
            45.703055
          ],
          [
            7.916611,
            45.703063
          ],
          [
            7.916595,
            45.703071
          ],
          [
            7.916599,
            45.703076
          ],
          [
            7.916594,
            45.70309
          ],
          [
            7.916589,
            45.703099
          ],
          [
            7.916576,
            45.703091
          ],
          [
            7.916546,
            45.703088
          ],
          [
            7.916512,
            45.703091
          ],
          [
            7.916467,
            45.703088
          ],
          [
            7.916441,
            45.703094
          ],
          [
            7.916442,
            45.703101
          ],
          [
            7.916449,
            45.703134
          ],
          [
            7.916446,
            45.703135
          ],
          [
            7.916417,
            45.703135
          ],
          [
            7.916408,
            45.703137
          ],
          [
            7.916395,
            45.703141
          ],
          [
            7.916388,
            45.703144
          ],
          [
            7.916403,
            45.703156
          ],
          [
            7.916407,
            45.703159
          ],
          [
            7.91642,
            45.703181
          ],
          [
            7.916432,
            45.703186
          ],
          [
            7.916445,
            45.703213
          ],
          [
            7.916452,
            45.703224
          ],
          [
            7.91646,
            45.703237
          ],
          [
            7.916478,
            45.703262
          ],
          [
            7.916486,
            45.703278
          ],
          [
            7.916485,
            45.703281
          ],
          [
            7.916474,
            45.703277
          ],
          [
            7.916467,
            45.703302
          ],
          [
            7.916481,
            45.703327
          ],
          [
            7.916477,
            45.703342
          ],
          [
            7.916485,
            45.703363
          ],
          [
            7.916488,
            45.70337
          ],
          [
            7.916491,
            45.703393
          ],
          [
            7.916495,
            45.703411
          ],
          [
            7.916497,
            45.70342
          ],
          [
            7.916498,
            45.703438
          ],
          [
            7.916486,
            45.703439
          ],
          [
            7.916468,
            45.703436
          ],
          [
            7.916454,
            45.703436
          ],
          [
            7.916418,
            45.703423
          ],
          [
            7.916407,
            45.703429
          ],
          [
            7.91645,
            45.70346
          ],
          [
            7.91642,
            45.703486
          ],
          [
            7.916413,
            45.703496
          ],
          [
            7.916403,
            45.703496
          ],
          [
            7.916405,
            45.703502
          ],
          [
            7.91643,
            45.703525
          ],
          [
            7.91642,
            45.703547
          ],
          [
            7.916414,
            45.703551
          ],
          [
            7.916371,
            45.703557
          ],
          [
            7.91634,
            45.703565
          ],
          [
            7.916337,
            45.703563
          ],
          [
            7.916325,
            45.703555
          ],
          [
            7.916293,
            45.703578
          ],
          [
            7.916253,
            45.703589
          ],
          [
            7.91624,
            45.70361
          ],
          [
            7.916237,
            45.703615
          ],
          [
            7.916224,
            45.703618
          ],
          [
            7.916205,
            45.703631
          ],
          [
            7.916204,
            45.70363
          ],
          [
            7.916205,
            45.703633
          ],
          [
            7.916207,
            45.703635
          ],
          [
            7.916206,
            45.703639
          ],
          [
            7.916224,
            45.703653
          ],
          [
            7.916235,
            45.703657
          ],
          [
            7.916247,
            45.703687
          ],
          [
            7.916229,
            45.703692
          ],
          [
            7.916203,
            45.7037
          ],
          [
            7.916194,
            45.703706
          ],
          [
            7.916196,
            45.703713
          ],
          [
            7.916188,
            45.703748
          ],
          [
            7.916194,
            45.703759
          ],
          [
            7.916177,
            45.703784
          ],
          [
            7.916164,
            45.703794
          ],
          [
            7.916153,
            45.703804
          ],
          [
            7.916149,
            45.703805
          ],
          [
            7.91614,
            45.70383
          ],
          [
            7.916148,
            45.703833
          ],
          [
            7.916158,
            45.703855
          ],
          [
            7.916152,
            45.703882
          ],
          [
            7.916152,
            45.703882
          ],
          [
            7.916153,
            45.703895
          ],
          [
            7.916163,
            45.703913
          ],
          [
            7.916154,
            45.703922
          ],
          [
            7.916144,
            45.703935
          ],
          [
            7.916108,
            45.703952
          ],
          [
            7.916106,
            45.703945
          ],
          [
            7.916117,
            45.703944
          ],
          [
            7.916082,
            45.703972
          ],
          [
            7.916078,
            45.703977
          ],
          [
            7.91607,
            45.703997
          ],
          [
            7.916058,
            45.703997
          ],
          [
            7.916044,
            45.703998
          ],
          [
            7.916049,
            45.704002
          ],
          [
            7.916041,
            45.704018
          ],
          [
            7.916042,
            45.704019
          ],
          [
            7.916042,
            45.704019
          ],
          [
            7.916042,
            45.704019
          ],
          [
            7.916042,
            45.704019
          ],
          [
            7.916042,
            45.704019
          ],
          [
            7.916053,
            45.703998
          ],
          [
            7.916059,
            45.703988
          ],
          [
            7.916049,
            45.703999
          ],
          [
            7.916084,
            45.703996
          ],
          [
            7.916096,
            45.703998
          ],
          [
            7.91611,
            45.704004
          ],
          [
            7.91614,
            45.704022
          ],
          [
            7.916151,
            45.704036
          ],
          [
            7.91615,
            45.704042
          ],
          [
            7.916156,
            45.704066
          ],
          [
            7.916146,
            45.704089
          ],
          [
            7.91614,
            45.704089
          ],
          [
            7.916139,
            45.704097
          ],
          [
            7.916139,
            45.704109
          ],
          [
            7.916139,
            45.704122
          ],
          [
            7.916136,
            45.704133
          ],
          [
            7.916121,
            45.704157
          ],
          [
            7.916124,
            45.704156
          ],
          [
            7.91611,
            45.704185
          ],
          [
            7.916102,
            45.704197
          ],
          [
            7.916096,
            45.704205
          ],
          [
            7.916069,
            45.704246
          ],
          [
            7.916063,
            45.704262
          ],
          [
            7.916049,
            45.704286
          ],
          [
            7.916023,
            45.704297
          ],
          [
            7.916026,
            45.704313
          ],
          [
            7.916042,
            45.704332
          ],
          [
            7.916041,
            45.70434
          ],
          [
            7.916042,
            45.704381
          ],
          [
            7.916037,
            45.704386
          ],
          [
            7.916042,
            45.704382
          ],
          [
            7.916052,
            45.704385
          ],
          [
            7.916063,
            45.704398
          ],
          [
            7.916071,
            45.704411
          ],
          [
            7.916076,
            45.70442
          ],
          [
            7.916112,
            45.70446
          ],
          [
            7.916131,
            45.704477
          ],
          [
            7.916141,
            45.704484
          ],
          [
            7.916159,
            45.704492
          ],
          [
            7.916218,
            45.704523
          ],
          [
            7.916226,
            45.704531
          ],
          [
            7.916294,
            45.70458
          ],
          [
            7.916321,
            45.704604
          ],
          [
            7.916343,
            45.704636
          ],
          [
            7.916334,
            45.704663
          ],
          [
            7.916332,
            45.704673
          ],
          [
            7.916304,
            45.704715
          ],
          [
            7.916277,
            45.704742
          ],
          [
            7.916261,
            45.704765
          ],
          [
            7.916255,
            45.704778
          ],
          [
            7.916218,
            45.704808
          ],
          [
            7.916238,
            45.704873
          ],
          [
            7.916255,
            45.704914
          ],
          [
            7.916252,
            45.704936
          ],
          [
            7.916252,
            45.704944
          ],
          [
            7.916252,
            45.704985
          ],
          [
            7.916253,
            45.704997
          ],
          [
            7.916263,
            45.705015
          ],
          [
            7.916228,
            45.70502
          ],
          [
            7.916162,
            45.705033
          ],
          [
            7.916056,
            45.705071
          ],
          [
            7.915987,
            45.705093
          ],
          [
            7.915969,
            45.705108
          ],
          [
            7.915914,
            45.705159
          ],
          [
            7.915879,
            45.705195
          ],
          [
            7.915906,
            45.705235
          ],
          [
            7.915911,
            45.705243
          ],
          [
            7.915911,
            45.705263
          ],
          [
            7.915892,
            45.705299
          ],
          [
            7.915897,
            45.705302
          ],
          [
            7.915916,
            45.705322
          ],
          [
            7.915922,
            45.705338
          ],
          [
            7.915906,
            45.705362
          ],
          [
            7.915886,
            45.705378
          ],
          [
            7.915843,
            45.705398
          ],
          [
            7.915835,
            45.705421
          ],
          [
            7.915821,
            45.705447
          ],
          [
            7.915801,
            45.705471
          ],
          [
            7.915781,
            45.705473
          ],
          [
            7.91576,
            45.705487
          ],
          [
            7.915776,
            45.705494
          ],
          [
            7.915785,
            45.705496
          ],
          [
            7.915792,
            45.70551
          ],
          [
            7.915814,
            45.705521
          ],
          [
            7.915823,
            45.705519
          ],
          [
            7.915854,
            45.705533
          ],
          [
            7.915855,
            45.705538
          ],
          [
            7.915864,
            45.705557
          ],
          [
            7.915861,
            45.705558
          ],
          [
            7.915842,
            45.705568
          ],
          [
            7.915835,
            45.705575
          ],
          [
            7.915818,
            45.705574
          ],
          [
            7.915787,
            45.705581
          ],
          [
            7.915804,
            45.705585
          ],
          [
            7.915805,
            45.705587
          ],
          [
            7.915811,
            45.705602
          ],
          [
            7.915811,
            45.705605
          ],
          [
            7.915828,
            45.705632
          ],
          [
            7.915827,
            45.705634
          ],
          [
            7.915821,
            45.70564
          ],
          [
            7.915841,
            45.70566
          ],
          [
            7.915839,
            45.705659
          ],
          [
            7.915835,
            45.705674
          ],
          [
            7.915835,
            45.705675
          ],
          [
            7.915835,
            45.705675
          ],
          [
            7.915842,
            45.705691
          ],
          [
            7.915833,
            45.705699
          ],
          [
            7.915829,
            45.705697
          ],
          [
            7.915819,
            45.705701
          ],
          [
            7.915815,
            45.705699
          ],
          [
            7.915809,
            45.7057
          ],
          [
            7.915793,
            45.705714
          ],
          [
            7.915789,
            45.705717
          ],
          [
            7.915784,
            45.705713
          ],
          [
            7.915783,
            45.705692
          ],
          [
            7.915781,
            45.705699
          ],
          [
            7.915772,
            45.7057
          ],
          [
            7.915769,
            45.705698
          ],
          [
            7.915781,
            45.705707
          ],
          [
            7.915776,
            45.705706
          ],
          [
            7.91579,
            45.705701
          ],
          [
            7.915787,
            45.705704
          ],
          [
            7.915783,
            45.705703
          ],
          [
            7.915799,
            45.705702
          ],
          [
            7.915802,
            45.705702
          ],
          [
            7.915796,
            45.705698
          ],
          [
            7.915783,
            45.705686
          ],
          [
            7.915772,
            45.705684
          ],
          [
            7.915774,
            45.705701
          ],
          [
            7.915788,
            45.705705
          ],
          [
            7.915785,
            45.705708
          ],
          [
            7.915792,
            45.705715
          ],
          [
            7.915769,
            45.705741
          ],
          [
            7.915774,
            45.705711
          ],
          [
            7.91575,
            45.705708
          ],
          [
            7.91575,
            45.705708
          ],
          [
            7.915743,
            45.70569
          ],
          [
            7.91573,
            45.705694
          ],
          [
            7.915728,
            45.705698
          ],
          [
            7.915744,
            45.705708
          ],
          [
            7.915761,
            45.705705
          ],
          [
            7.915773,
            45.705719
          ],
          [
            7.91577,
            45.705717
          ],
          [
            7.91575,
            45.705739
          ],
          [
            7.915749,
            45.705741
          ],
          [
            7.91575,
            45.705754
          ],
          [
            7.915743,
            45.705758
          ],
          [
            7.915748,
            45.705768
          ],
          [
            7.915755,
            45.705797
          ],
          [
            7.915763,
            45.705804
          ],
          [
            7.915788,
            45.705782
          ],
          [
            7.91581,
            45.705773
          ],
          [
            7.915824,
            45.705764
          ],
          [
            7.915825,
            45.705766
          ],
          [
            7.915834,
            45.705773
          ],
          [
            7.915822,
            45.705782
          ],
          [
            7.915819,
            45.705784
          ],
          [
            7.915831,
            45.705795
          ],
          [
            7.915853,
            45.705813
          ],
          [
            7.915867,
            45.705822
          ],
          [
            7.915861,
            45.705833
          ],
          [
            7.915859,
            45.705845
          ],
          [
            7.915833,
            45.705856
          ],
          [
            7.915834,
            45.705855
          ],
          [
            7.915839,
            45.705854
          ],
          [
            7.915803,
            45.705866
          ],
          [
            7.915804,
            45.70587
          ],
          [
            7.915801,
            45.705875
          ],
          [
            7.915791,
            45.705886
          ],
          [
            7.915794,
            45.705884
          ],
          [
            7.915797,
            45.705887
          ],
          [
            7.915828,
            45.705918
          ],
          [
            7.915809,
            45.70592
          ],
          [
            7.9158,
            45.705934
          ],
          [
            7.915771,
            45.705951
          ],
          [
            7.915765,
            45.705952
          ],
          [
            7.915773,
            45.705988
          ],
          [
            7.91577,
            45.705988
          ],
          [
            7.915774,
            45.705992
          ],
          [
            7.915788,
            45.705993
          ],
          [
            7.915757,
            45.705993
          ],
          [
            7.915759,
            45.706018
          ],
          [
            7.915754,
            45.706016
          ],
          [
            7.915768,
            45.706017
          ],
          [
            7.915777,
            45.706016
          ],
          [
            7.915811,
            45.706015
          ],
          [
            7.915824,
            45.706013
          ],
          [
            7.915878,
            45.706007
          ],
          [
            7.915884,
            45.706007
          ],
          [
            7.915907,
            45.706021
          ],
          [
            7.915914,
            45.706028
          ],
          [
            7.915953,
            45.706073
          ],
          [
            7.915958,
            45.706073
          ],
          [
            7.915977,
            45.706088
          ],
          [
            7.915993,
            45.706146
          ],
          [
            7.915976,
            45.706174
          ],
          [
            7.91598,
            45.70619
          ],
          [
            7.915988,
            45.706191
          ],
          [
            7.91599,
            45.706209
          ],
          [
            7.916008,
            45.706227
          ],
          [
            7.916012,
            45.706237
          ],
          [
            7.916015,
            45.706246
          ],
          [
            7.915972,
            45.706227
          ],
          [
            7.915952,
            45.70622
          ],
          [
            7.915935,
            45.706245
          ],
          [
            7.915949,
            45.70625
          ],
          [
            7.915977,
            45.706274
          ],
          [
            7.915976,
            45.706273
          ],
          [
            7.915915,
            45.706267
          ],
          [
            7.915903,
            45.706275
          ],
          [
            7.915893,
            45.706276
          ],
          [
            7.915883,
            45.706281
          ],
          [
            7.915894,
            45.70629
          ],
          [
            7.915899,
            45.706293
          ],
          [
            7.9159,
            45.706293
          ],
          [
            7.915905,
            45.706292
          ],
          [
            7.915941,
            45.706345
          ],
          [
            7.915925,
            45.706359
          ],
          [
            7.915914,
            45.706363
          ],
          [
            7.915888,
            45.706362
          ],
          [
            7.91589,
            45.706362
          ],
          [
            7.915882,
            45.706348
          ],
          [
            7.915855,
            45.706354
          ],
          [
            7.915858,
            45.706356
          ],
          [
            7.915856,
            45.706359
          ],
          [
            7.915872,
            45.706396
          ],
          [
            7.915876,
            45.706404
          ],
          [
            7.915888,
            45.70643
          ],
          [
            7.915877,
            45.70643
          ],
          [
            7.915869,
            45.706433
          ],
          [
            7.91588,
            45.706435
          ],
          [
            7.915944,
            45.706459
          ],
          [
            7.915945,
            45.706466
          ],
          [
            7.915912,
            45.706475
          ],
          [
            7.915909,
            45.706495
          ],
          [
            7.915874,
            45.706499
          ],
          [
            7.915866,
            45.706501
          ],
          [
            7.915853,
            45.706499
          ],
          [
            7.915853,
            45.706496
          ],
          [
            7.915872,
            45.706491
          ],
          [
            7.915879,
            45.706532
          ],
          [
            7.915894,
            45.70655
          ],
          [
            7.915903,
            45.706549
          ],
          [
            7.915924,
            45.70656
          ],
          [
            7.915924,
            45.706561
          ],
          [
            7.915893,
            45.706582
          ],
          [
            7.915888,
            45.706587
          ],
          [
            7.915885,
            45.706599
          ],
          [
            7.915885,
            45.706611
          ],
          [
            7.915881,
            45.706622
          ],
          [
            7.915882,
            45.706629
          ],
          [
            7.915897,
            45.706644
          ],
          [
            7.91591,
            45.706661
          ],
          [
            7.915892,
            45.70668
          ],
          [
            7.915885,
            45.706677
          ],
          [
            7.915878,
            45.706687
          ],
          [
            7.915888,
            45.706708
          ],
          [
            7.915883,
            45.706721
          ],
          [
            7.91585,
            45.706732
          ],
          [
            7.915844,
            45.706735
          ],
          [
            7.915821,
            45.706748
          ],
          [
            7.91584,
            45.706758
          ],
          [
            7.915839,
            45.70676
          ],
          [
            7.915838,
            45.706804
          ],
          [
            7.915836,
            45.706812
          ],
          [
            7.915839,
            45.706822
          ],
          [
            7.915829,
            45.706835
          ],
          [
            7.91581,
            45.706844
          ],
          [
            7.91578,
            45.706864
          ],
          [
            7.915773,
            45.706864
          ],
          [
            7.915757,
            45.706866
          ],
          [
            7.915745,
            45.70687
          ],
          [
            7.915743,
            45.706884
          ],
          [
            7.915761,
            45.706885
          ],
          [
            7.915784,
            45.706899
          ],
          [
            7.915777,
            45.706927
          ],
          [
            7.91577,
            45.706944
          ],
          [
            7.915789,
            45.70697
          ],
          [
            7.915815,
            45.706992
          ],
          [
            7.915829,
            45.707009
          ],
          [
            7.915841,
            45.707027
          ],
          [
            7.915837,
            45.707031
          ],
          [
            7.915829,
            45.707045
          ],
          [
            7.915831,
            45.707051
          ],
          [
            7.915842,
            45.707079
          ],
          [
            7.915836,
            45.707081
          ],
          [
            7.915863,
            45.707088
          ],
          [
            7.915902,
            45.707111
          ],
          [
            7.915913,
            45.707115
          ],
          [
            7.915938,
            45.707118
          ],
          [
            7.915982,
            45.707127
          ],
          [
            7.915994,
            45.707134
          ],
          [
            7.916013,
            45.707152
          ],
          [
            7.916014,
            45.707169
          ],
          [
            7.91601,
            45.707177
          ],
          [
            7.916001,
            45.707182
          ],
          [
            7.91596,
            45.707192
          ],
          [
            7.915955,
            45.707204
          ],
          [
            7.915925,
            45.707227
          ],
          [
            7.915914,
            45.707229
          ],
          [
            7.915875,
            45.707254
          ],
          [
            7.915882,
            45.707265
          ],
          [
            7.915917,
            45.707286
          ],
          [
            7.915925,
            45.707289
          ],
          [
            7.91593,
            45.707295
          ],
          [
            7.915959,
            45.707324
          ],
          [
            7.915954,
            45.707335
          ],
          [
            7.915945,
            45.707347
          ],
          [
            7.915946,
            45.70735
          ],
          [
            7.915962,
            45.707384
          ],
          [
            7.915995,
            45.707419
          ],
          [
            7.915993,
            45.70743
          ],
          [
            7.915976,
            45.707464
          ],
          [
            7.915971,
            45.707497
          ],
          [
            7.915975,
            45.707497
          ],
          [
            7.915972,
            45.707546
          ],
          [
            7.915953,
            45.707596
          ],
          [
            7.915955,
            45.707598
          ],
          [
            7.915914,
            45.707626
          ],
          [
            7.915885,
            45.707642
          ],
          [
            7.915805,
            45.707661
          ],
          [
            7.91579,
            45.707655
          ],
          [
            7.915748,
            45.707647
          ],
          [
            7.915733,
            45.707654
          ],
          [
            7.915708,
            45.707663
          ],
          [
            7.915692,
            45.707669
          ],
          [
            7.915659,
            45.707684
          ],
          [
            7.915636,
            45.707679
          ],
          [
            7.915615,
            45.707671
          ],
          [
            7.91556,
            45.707684
          ],
          [
            7.915549,
            45.70769
          ],
          [
            7.915485,
            45.707724
          ],
          [
            7.915446,
            45.707742
          ],
          [
            7.915452,
            45.707743
          ],
          [
            7.915434,
            45.707743
          ],
          [
            7.915387,
            45.707774
          ],
          [
            7.915374,
            45.707778
          ],
          [
            7.915344,
            45.70777
          ],
          [
            7.915332,
            45.707766
          ],
          [
            7.915319,
            45.707766
          ],
          [
            7.915245,
            45.707777
          ],
          [
            7.915242,
            45.707773
          ],
          [
            7.915176,
            45.707769
          ],
          [
            7.915166,
            45.707769
          ],
          [
            7.915106,
            45.707763
          ],
          [
            7.915074,
            45.707766
          ],
          [
            7.915085,
            45.707759
          ],
          [
            7.915081,
            45.707754
          ],
          [
            7.915055,
            45.707766
          ],
          [
            7.914978,
            45.70781
          ],
          [
            7.914938,
            45.707851
          ],
          [
            7.914879,
            45.707878
          ],
          [
            7.914853,
            45.707888
          ],
          [
            7.91481,
            45.707899
          ],
          [
            7.914729,
            45.707933
          ],
          [
            7.91472,
            45.707933
          ],
          [
            7.914685,
            45.707949
          ],
          [
            7.914651,
            45.707977
          ],
          [
            7.914659,
            45.707973
          ],
          [
            7.91465,
            45.707973
          ],
          [
            7.914611,
            45.707973
          ],
          [
            7.914611,
            45.708019
          ],
          [
            7.914598,
            45.708072
          ],
          [
            7.914581,
            45.70809
          ],
          [
            7.914547,
            45.708121
          ],
          [
            7.914524,
            45.708154
          ],
          [
            7.914497,
            45.708168
          ],
          [
            7.914434,
            45.708191
          ],
          [
            7.914428,
            45.708189
          ],
          [
            7.914423,
            45.708184
          ],
          [
            7.91436,
            45.708184
          ],
          [
            7.914294,
            45.7082
          ],
          [
            7.914282,
            45.708211
          ],
          [
            7.914176,
            45.708249
          ],
          [
            7.914167,
            45.708255
          ],
          [
            7.914072,
            45.708298
          ],
          [
            7.913998,
            45.7083
          ],
          [
            7.913989,
            45.708297
          ],
          [
            7.913922,
            45.708301
          ],
          [
            7.913922,
            45.708296
          ],
          [
            7.913915,
            45.708294
          ],
          [
            7.913869,
            45.708276
          ],
          [
            7.913853,
            45.708278
          ],
          [
            7.913785,
            45.708303
          ],
          [
            7.913757,
            45.708312
          ],
          [
            7.913746,
            45.708312
          ],
          [
            7.913739,
            45.708303
          ],
          [
            7.91371,
            45.708297
          ],
          [
            7.913676,
            45.708283
          ],
          [
            7.913655,
            45.708269
          ],
          [
            7.913633,
            45.708275
          ],
          [
            7.913582,
            45.708294
          ],
          [
            7.913552,
            45.708312
          ],
          [
            7.913511,
            45.708329
          ],
          [
            7.913497,
            45.708336
          ],
          [
            7.913364,
            45.708389
          ],
          [
            7.913344,
            45.708427
          ],
          [
            7.913346,
            45.708441
          ],
          [
            7.913355,
            45.708435
          ],
          [
            7.913345,
            45.708448
          ],
          [
            7.913333,
            45.708468
          ],
          [
            7.91333,
            45.708484
          ],
          [
            7.913337,
            45.708485
          ],
          [
            7.913373,
            45.708511
          ],
          [
            7.913384,
            45.708552
          ],
          [
            7.91338,
            45.708556
          ],
          [
            7.91334,
            45.708548
          ],
          [
            7.913337,
            45.708544
          ],
          [
            7.913363,
            45.708541
          ],
          [
            7.913379,
            45.708542
          ],
          [
            7.913375,
            45.708542
          ],
          [
            7.913375,
            45.708542
          ],
          [
            7.913375,
            45.708542
          ],
          [
            7.913375,
            45.708542
          ],
          [
            7.913375,
            45.708542
          ],
          [
            7.913375,
            45.708542
          ],
          [
            7.913348,
            45.708542
          ],
          [
            7.913343,
            45.708543
          ],
          [
            7.913341,
            45.708529
          ],
          [
            7.913358,
            45.70853
          ],
          [
            7.913334,
            45.708564
          ],
          [
            7.913324,
            45.708574
          ],
          [
            7.913382,
            45.708584
          ],
          [
            7.913399,
            45.708586
          ],
          [
            7.913443,
            45.708575
          ],
          [
            7.913484,
            45.708573
          ],
          [
            7.913533,
            45.70858
          ],
          [
            7.913588,
            45.708587
          ],
          [
            7.913652,
            45.708599
          ],
          [
            7.913697,
            45.708602
          ],
          [
            7.913709,
            45.708606
          ],
          [
            7.913744,
            45.708613
          ],
          [
            7.913864,
            45.708649
          ],
          [
            7.913919,
            45.708651
          ],
          [
            7.913922,
            45.708654
          ],
          [
            7.913962,
            45.708664
          ],
          [
            7.913987,
            45.708671
          ],
          [
            7.914011,
            45.708667
          ],
          [
            7.914057,
            45.708673
          ],
          [
            7.914083,
            45.708679
          ],
          [
            7.914097,
            45.708682
          ],
          [
            7.914111,
            45.708687
          ],
          [
            7.914118,
            45.708694
          ],
          [
            7.914129,
            45.708698
          ],
          [
            7.9142,
            45.708727
          ],
          [
            7.914247,
            45.708744
          ],
          [
            7.914257,
            45.708749
          ],
          [
            7.914312,
            45.708774
          ],
          [
            7.914357,
            45.708808
          ],
          [
            7.914381,
            45.708824
          ],
          [
            7.91442,
            45.708854
          ],
          [
            7.914423,
            45.708861
          ],
          [
            7.914433,
            45.70891
          ],
          [
            7.914434,
            45.708921
          ],
          [
            7.914445,
            45.708949
          ],
          [
            7.914442,
            45.708998
          ],
          [
            7.914465,
            45.709057
          ],
          [
            7.914475,
            45.709085
          ],
          [
            7.914501,
            45.70918
          ],
          [
            7.914473,
            45.709285
          ],
          [
            7.914443,
            45.709334
          ],
          [
            7.91444,
            45.709354
          ],
          [
            7.914407,
            45.709452
          ],
          [
            7.914376,
            45.709487
          ],
          [
            7.914361,
            45.709514
          ],
          [
            7.914342,
            45.709595
          ],
          [
            7.914338,
            45.709655
          ],
          [
            7.914337,
            45.709686
          ],
          [
            7.914334,
            45.709732
          ],
          [
            7.914325,
            45.70974
          ],
          [
            7.914306,
            45.709757
          ],
          [
            7.914302,
            45.709808
          ],
          [
            7.914307,
            45.709821
          ],
          [
            7.9143,
            45.70985
          ],
          [
            7.91427,
            45.709864
          ],
          [
            7.914263,
            45.709858
          ],
          [
            7.914256,
            45.709897
          ],
          [
            7.914256,
            45.709938
          ],
          [
            7.91425,
            45.709978
          ],
          [
            7.914226,
            45.710064
          ],
          [
            7.914218,
            45.710074
          ],
          [
            7.914206,
            45.710088
          ],
          [
            7.91421,
            45.710149
          ],
          [
            7.914226,
            45.710197
          ],
          [
            7.914219,
            45.710214
          ],
          [
            7.914206,
            45.710248
          ],
          [
            7.914171,
            45.710279
          ],
          [
            7.914141,
            45.710296
          ],
          [
            7.914139,
            45.710299
          ],
          [
            7.914121,
            45.710315
          ],
          [
            7.914113,
            45.710341
          ],
          [
            7.914119,
            45.710384
          ],
          [
            7.914114,
            45.710395
          ],
          [
            7.914115,
            45.710409
          ],
          [
            7.914183,
            45.71047
          ],
          [
            7.914202,
            45.710477
          ],
          [
            7.91428,
            45.710502
          ],
          [
            7.914268,
            45.710523
          ],
          [
            7.914257,
            45.710557
          ],
          [
            7.91425,
            45.71057
          ],
          [
            7.914226,
            45.710617
          ],
          [
            7.91417,
            45.710675
          ],
          [
            7.914165,
            45.710679
          ],
          [
            7.914133,
            45.710719
          ],
          [
            7.914073,
            45.710808
          ],
          [
            7.914023,
            45.710846
          ],
          [
            7.914008,
            45.710859
          ],
          [
            7.914015,
            45.710849
          ],
          [
            7.914019,
            45.710848
          ],
          [
            7.913973,
            45.710833
          ],
          [
            7.91397,
            45.710839
          ],
          [
            7.913977,
            45.710923
          ],
          [
            7.913946,
            45.710989
          ],
          [
            7.913958,
            45.710979
          ],
          [
            7.913951,
            45.710982
          ],
          [
            7.913951,
            45.710982
          ],
          [
            7.913934,
            45.711019
          ],
          [
            7.913889,
            45.71108
          ],
          [
            7.913838,
            45.711127
          ],
          [
            7.913831,
            45.711135
          ],
          [
            7.913783,
            45.711153
          ],
          [
            7.913764,
            45.711163
          ],
          [
            7.913741,
            45.711211
          ],
          [
            7.913735,
            45.711251
          ],
          [
            7.913741,
            45.711262
          ],
          [
            7.913756,
            45.711261
          ],
          [
            7.913761,
            45.711281
          ],
          [
            7.91377,
            45.711293
          ],
          [
            7.913777,
            45.711318
          ],
          [
            7.913772,
            45.711344
          ],
          [
            7.913765,
            45.711356
          ],
          [
            7.91373,
            45.711377
          ],
          [
            7.913713,
            45.711385
          ],
          [
            7.913644,
            45.711427
          ],
          [
            7.91363,
            45.711432
          ],
          [
            7.91357,
            45.711448
          ],
          [
            7.913554,
            45.711484
          ],
          [
            7.913544,
            45.711502
          ],
          [
            7.91353,
            45.711567
          ],
          [
            7.913527,
            45.711598
          ],
          [
            7.913503,
            45.711623
          ],
          [
            7.91346,
            45.711652
          ],
          [
            7.913452,
            45.711668
          ],
          [
            7.913417,
            45.711692
          ],
          [
            7.913399,
            45.711711
          ],
          [
            7.913362,
            45.711765
          ],
          [
            7.913314,
            45.711776
          ],
          [
            7.913254,
            45.711812
          ],
          [
            7.913232,
            45.711844
          ],
          [
            7.913222,
            45.711847
          ],
          [
            7.913183,
            45.711863
          ],
          [
            7.913155,
            45.711872
          ],
          [
            7.913125,
            45.711895
          ],
          [
            7.913126,
            45.711902
          ],
          [
            7.913085,
            45.711932
          ],
          [
            7.91305,
            45.711972
          ],
          [
            7.913024,
            45.712006
          ],
          [
            7.912997,
            45.712055
          ],
          [
            7.912981,
            45.712073
          ],
          [
            7.912962,
            45.71211
          ],
          [
            7.912963,
            45.712114
          ],
          [
            7.912963,
            45.712114
          ],
          [
            7.912951,
            45.712104
          ],
          [
            7.91295,
            45.712103
          ],
          [
            7.91295,
            45.712103
          ],
          [
            7.912948,
            45.712106
          ],
          [
            7.912939,
            45.712119
          ],
          [
            7.912939,
            45.712119
          ],
          [
            7.912949,
            45.712116
          ],
          [
            7.912956,
            45.712106
          ],
          [
            7.912962,
            45.712096
          ],
          [
            7.912984,
            45.712066
          ],
          [
            7.912987,
            45.712066
          ],
          [
            7.912998,
            45.712043
          ],
          [
            7.913018,
            45.711996
          ],
          [
            7.913064,
            45.711958
          ],
          [
            7.913104,
            45.711878
          ],
          [
            7.913121,
            45.711847
          ],
          [
            7.913119,
            45.711844
          ],
          [
            7.913117,
            45.71182
          ],
          [
            7.913118,
            45.711819
          ],
          [
            7.913102,
            45.711793
          ],
          [
            7.91309,
            45.711804
          ],
          [
            7.913079,
            45.711807
          ],
          [
            7.913052,
            45.711808
          ],
          [
            7.913019,
            45.711821
          ],
          [
            7.912983,
            45.711826
          ],
          [
            7.912983,
            45.711829
          ],
          [
            7.912973,
            45.711833
          ],
          [
            7.912928,
            45.711853
          ],
          [
            7.912914,
            45.711859
          ],
          [
            7.912893,
            45.711861
          ],
          [
            7.912877,
            45.711861
          ],
          [
            7.912867,
            45.711864
          ],
          [
            7.912867,
            45.711864
          ],
          [
            7.912835,
            45.711865
          ],
          [
            7.912798,
            45.711869
          ],
          [
            7.912766,
            45.711872
          ],
          [
            7.912746,
            45.711876
          ],
          [
            7.912726,
            45.711884
          ],
          [
            7.912721,
            45.711888
          ],
          [
            7.912672,
            45.71189
          ],
          [
            7.912661,
            45.711892
          ],
          [
            7.912621,
            45.7119
          ],
          [
            7.912614,
            45.711896
          ],
          [
            7.912581,
            45.711904
          ],
          [
            7.912538,
            45.711914
          ],
          [
            7.912502,
            45.71192
          ],
          [
            7.912473,
            45.711935
          ],
          [
            7.912447,
            45.711935
          ],
          [
            7.912397,
            45.71194
          ],
          [
            7.912372,
            45.711948
          ],
          [
            7.912356,
            45.711954
          ],
          [
            7.912312,
            45.711976
          ],
          [
            7.912303,
            45.711986
          ],
          [
            7.91229,
            45.711992
          ],
          [
            7.912232,
            45.712018
          ],
          [
            7.912216,
            45.712022
          ],
          [
            7.912164,
            45.712059
          ],
          [
            7.912101,
            45.712093
          ],
          [
            7.912094,
            45.712098
          ],
          [
            7.912069,
            45.712129
          ],
          [
            7.912057,
            45.712137
          ],
          [
            7.91202,
            45.712144
          ],
          [
            7.911997,
            45.712151
          ],
          [
            7.911972,
            45.712164
          ],
          [
            7.911939,
            45.712189
          ],
          [
            7.911923,
            45.712193
          ],
          [
            7.911892,
            45.7122
          ],
          [
            7.91188,
            45.712194
          ],
          [
            7.911885,
            45.712184
          ],
          [
            7.911854,
            45.712212
          ],
          [
            7.911848,
            45.712219
          ],
          [
            7.911807,
            45.712249
          ],
          [
            7.911786,
            45.712267
          ],
          [
            7.911777,
            45.712291
          ],
          [
            7.911773,
            45.712301
          ],
          [
            7.911716,
            45.712349
          ],
          [
            7.911671,
            45.712349
          ],
          [
            7.911659,
            45.712348
          ],
          [
            7.911628,
            45.712347
          ],
          [
            7.911595,
            45.71236
          ],
          [
            7.911587,
            45.712366
          ],
          [
            7.911534,
            45.712373
          ],
          [
            7.911519,
            45.712357
          ],
          [
            7.91152,
            45.712349
          ],
          [
            7.911523,
            45.712348
          ],
          [
            7.911513,
            45.712339
          ],
          [
            7.911519,
            45.712326
          ],
          [
            7.911519,
            45.712289
          ],
          [
            7.911506,
            45.712249
          ],
          [
            7.911499,
            45.712224
          ],
          [
            7.91149,
            45.712222
          ],
          [
            7.911472,
            45.712234
          ],
          [
            7.911471,
            45.712235
          ],
          [
            7.911459,
            45.712247
          ],
          [
            7.911452,
            45.712237
          ],
          [
            7.911447,
            45.712238
          ],
          [
            7.911435,
            45.712225
          ],
          [
            7.911425,
            45.712217
          ],
          [
            7.9114,
            45.712195
          ],
          [
            7.911391,
            45.712178
          ],
          [
            7.911376,
            45.712176
          ],
          [
            7.911373,
            45.712183
          ],
          [
            7.911327,
            45.712214
          ],
          [
            7.911298,
            45.712214
          ],
          [
            7.911278,
            45.712207
          ],
          [
            7.911263,
            45.712199
          ],
          [
            7.911238,
            45.712187
          ],
          [
            7.911233,
            45.712189
          ],
          [
            7.911212,
            45.712199
          ],
          [
            7.911211,
            45.712197
          ],
          [
            7.911168,
            45.712188
          ],
          [
            7.911157,
            45.712159
          ],
          [
            7.911147,
            45.712162
          ],
          [
            7.91112,
            45.712185
          ],
          [
            7.911071,
            45.712192
          ],
          [
            7.911064,
            45.712195
          ],
          [
            7.911037,
            45.712216
          ],
          [
            7.911031,
            45.712228
          ],
          [
            7.911008,
            45.71225
          ],
          [
            7.910987,
            45.712274
          ],
          [
            7.910969,
            45.712286
          ],
          [
            7.910932,
            45.712318
          ],
          [
            7.910926,
            45.712324
          ],
          [
            7.910913,
            45.712334
          ],
          [
            7.910898,
            45.712321
          ],
          [
            7.910883,
            45.712307
          ],
          [
            7.910874,
            45.712305
          ],
          [
            7.910855,
            45.712318
          ],
          [
            7.910835,
            45.712345
          ],
          [
            7.910824,
            45.712366
          ],
          [
            7.910794,
            45.712418
          ],
          [
            7.910773,
            45.712422
          ],
          [
            7.910734,
            45.712437
          ],
          [
            7.910726,
            45.712437
          ],
          [
            7.910688,
            45.712439
          ],
          [
            7.910679,
            45.712445
          ],
          [
            7.910675,
            45.71245
          ],
          [
            7.910664,
            45.712456
          ],
          [
            7.910653,
            45.712458
          ],
          [
            7.910648,
            45.712461
          ],
          [
            7.910636,
            45.712466
          ],
          [
            7.910639,
            45.712461
          ],
          [
            7.910606,
            45.712458
          ],
          [
            7.910601,
            45.712448
          ],
          [
            7.91059,
            45.712436
          ],
          [
            7.910577,
            45.712438
          ],
          [
            7.910582,
            45.712456
          ],
          [
            7.91057,
            45.712463
          ],
          [
            7.910516,
            45.712484
          ],
          [
            7.910509,
            45.71249
          ],
          [
            7.91045,
            45.712506
          ],
          [
            7.910442,
            45.712507
          ],
          [
            7.910433,
            45.7125
          ],
          [
            7.91038,
            45.712497
          ],
          [
            7.91036,
            45.712495
          ],
          [
            7.910339,
            45.712487
          ],
          [
            7.910306,
            45.712484
          ],
          [
            7.910276,
            45.712495
          ],
          [
            7.910241,
            45.712506
          ],
          [
            7.910193,
            45.712534
          ],
          [
            7.910161,
            45.712523
          ],
          [
            7.910165,
            45.712522
          ],
          [
            7.910145,
            45.712531
          ],
          [
            7.910125,
            45.712546
          ],
          [
            7.91012,
            45.712562
          ],
          [
            7.910128,
            45.712567
          ],
          [
            7.91012,
            45.712593
          ],
          [
            7.910107,
            45.712612
          ],
          [
            7.910077,
            45.712648
          ],
          [
            7.91007,
            45.712655
          ],
          [
            7.910063,
            45.712677
          ],
          [
            7.910059,
            45.712694
          ],
          [
            7.910014,
            45.712687
          ],
          [
            7.909988,
            45.712683
          ],
          [
            7.909918,
            45.712688
          ],
          [
            7.909914,
            45.712682
          ],
          [
            7.909916,
            45.712692
          ],
          [
            7.909894,
            45.71271
          ],
          [
            7.909876,
            45.71272
          ],
          [
            7.909862,
            45.712727
          ],
          [
            7.909807,
            45.712775
          ],
          [
            7.909795,
            45.71281
          ],
          [
            7.909798,
            45.712842
          ],
          [
            7.90979,
            45.712859
          ],
          [
            7.909771,
            45.712866
          ],
          [
            7.909766,
            45.712868
          ],
          [
            7.909729,
            45.712891
          ],
          [
            7.90969,
            45.712899
          ],
          [
            7.90968,
            45.712902
          ],
          [
            7.909675,
            45.7129
          ],
          [
            7.909701,
            45.712911
          ],
          [
            7.909692,
            45.712945
          ],
          [
            7.909664,
            45.712971
          ],
          [
            7.909624,
            45.713004
          ],
          [
            7.909609,
            45.713041
          ],
          [
            7.909548,
            45.713096
          ],
          [
            7.909513,
            45.713115
          ],
          [
            7.909522,
            45.713128
          ],
          [
            7.909525,
            45.713126
          ],
          [
            7.909469,
            45.713116
          ],
          [
            7.909433,
            45.71311
          ],
          [
            7.909421,
            45.713105
          ],
          [
            7.909396,
            45.713106
          ],
          [
            7.909401,
            45.713115
          ],
          [
            7.909377,
            45.713126
          ],
          [
            7.909363,
            45.713121
          ],
          [
            7.909354,
            45.71311
          ],
          [
            7.909313,
            45.713113
          ],
          [
            7.909319,
            45.713116
          ],
          [
            7.909302,
            45.71313
          ],
          [
            7.909254,
            45.713143
          ],
          [
            7.909246,
            45.71314
          ],
          [
            7.909234,
            45.713136
          ],
          [
            7.90918,
            45.713136
          ],
          [
            7.909185,
            45.713145
          ],
          [
            7.909178,
            45.713168
          ],
          [
            7.909202,
            45.713209
          ],
          [
            7.909209,
            45.713213
          ],
          [
            7.909235,
            45.713247
          ],
          [
            7.909214,
            45.713261
          ],
          [
            7.909201,
            45.71327
          ],
          [
            7.9092,
            45.713271
          ],
          [
            7.909205,
            45.713275
          ],
          [
            7.909155,
            45.71329
          ],
          [
            7.909151,
            45.713273
          ],
          [
            7.909142,
            45.71327
          ],
          [
            7.909094,
            45.713243
          ],
          [
            7.909082,
            45.713246
          ],
          [
            7.90906,
            45.71326
          ],
          [
            7.90905,
            45.713264
          ],
          [
            7.909059,
            45.71325
          ],
          [
            7.909059,
            45.713245
          ],
          [
            7.909041,
            45.713252
          ],
          [
            7.909036,
            45.713254
          ],
          [
            7.909034,
            45.713262
          ],
          [
            7.909005,
            45.713276
          ],
          [
            7.908991,
            45.713279
          ],
          [
            7.908969,
            45.713295
          ],
          [
            7.908971,
            45.713309
          ],
          [
            7.908959,
            45.713344
          ],
          [
            7.908945,
            45.71337
          ],
          [
            7.908938,
            45.713403
          ],
          [
            7.908936,
            45.713406
          ],
          [
            7.908939,
            45.713407
          ],
          [
            7.908935,
            45.713421
          ],
          [
            7.908931,
            45.71346
          ],
          [
            7.908953,
            45.713481
          ],
          [
            7.908982,
            45.713541
          ],
          [
            7.908906,
            45.713611
          ],
          [
            7.908913,
            45.713676
          ],
          [
            7.9089,
            45.713766
          ],
          [
            7.908879,
            45.713825
          ],
          [
            7.908896,
            45.713861
          ],
          [
            7.908967,
            45.71396
          ],
          [
            7.909,
            45.714026
          ],
          [
            7.90901,
            45.714028
          ],
          [
            7.909123,
            45.714035
          ],
          [
            7.909156,
            45.714055
          ],
          [
            7.909181,
            45.714067
          ],
          [
            7.909226,
            45.71409
          ],
          [
            7.909231,
            45.714108
          ],
          [
            7.909246,
            45.714131
          ],
          [
            7.909252,
            45.714153
          ],
          [
            7.909254,
            45.71415
          ],
          [
            7.909261,
            45.714146
          ],
          [
            7.909259,
            45.714161
          ],
          [
            7.909259,
            45.714173
          ],
          [
            7.909239,
            45.71415
          ],
          [
            7.909239,
            45.714151
          ],
          [
            7.909255,
            45.714157
          ],
          [
            7.909222,
            45.714191
          ],
          [
            7.909202,
            45.714232
          ],
          [
            7.909184,
            45.714259
          ],
          [
            7.909195,
            45.714256
          ],
          [
            7.909193,
            45.714258
          ],
          [
            7.909191,
            45.714254
          ],
          [
            7.909163,
            45.714244
          ],
          [
            7.909166,
            45.714258
          ],
          [
            7.909166,
            45.714255
          ],
          [
            7.909174,
            45.714249
          ],
          [
            7.909182,
            45.714248
          ],
          [
            7.909183,
            45.714249
          ],
          [
            7.909196,
            45.714228
          ],
          [
            7.909183,
            45.714242
          ],
          [
            7.909172,
            45.714245
          ],
          [
            7.909182,
            45.714236
          ],
          [
            7.909158,
            45.71423
          ],
          [
            7.909154,
            45.714234
          ],
          [
            7.909167,
            45.714234
          ],
          [
            7.909182,
            45.714231
          ],
          [
            7.909178,
            45.714226
          ],
          [
            7.909198,
            45.71425
          ],
          [
            7.909174,
            45.714253
          ],
          [
            7.90918,
            45.714246
          ],
          [
            7.909186,
            45.714236
          ],
          [
            7.9092,
            45.714225
          ],
          [
            7.909199,
            45.714239
          ],
          [
            7.909189,
            45.714259
          ],
          [
            7.90922,
            45.714249
          ],
          [
            7.909204,
            45.714238
          ],
          [
            7.909192,
            45.71423
          ],
          [
            7.909174,
            45.714254
          ],
          [
            7.909198,
            45.714247
          ],
          [
            7.909196,
            45.714249
          ],
          [
            7.909198,
            45.714255
          ],
          [
            7.9092,
            45.714255
          ],
          [
            7.909175,
            45.714248
          ],
          [
            7.909162,
            45.714247
          ],
          [
            7.909158,
            45.714245
          ],
          [
            7.909188,
            45.714235
          ],
          [
            7.909192,
            45.714219
          ],
          [
            7.909192,
            45.714252
          ],
          [
            7.909192,
            45.714248
          ],
          [
            7.909172,
            45.714235
          ],
          [
            7.909171,
            45.714278
          ],
          [
            7.909177,
            45.714286
          ],
          [
            7.909201,
            45.714278
          ],
          [
            7.909181,
            45.714266
          ],
          [
            7.909178,
            45.714265
          ],
          [
            7.909177,
            45.714261
          ],
          [
            7.909195,
            45.714251
          ],
          [
            7.909147,
            45.714273
          ],
          [
            7.909178,
            45.714235
          ],
          [
            7.909179,
            45.714234
          ],
          [
            7.909184,
            45.71424
          ],
          [
            7.909184,
            45.714241
          ],
          [
            7.90919,
            45.714259
          ],
          [
            7.909149,
            45.714223
          ],
          [
            7.909161,
            45.714239
          ],
          [
            7.90917,
            45.714245
          ],
          [
            7.909172,
            45.714253
          ],
          [
            7.909167,
            45.714268
          ],
          [
            7.909177,
            45.714254
          ],
          [
            7.90917,
            45.71424
          ],
          [
            7.909148,
            45.714248
          ],
          [
            7.909159,
            45.714247
          ],
          [
            7.909164,
            45.714243
          ],
          [
            7.909171,
            45.714263
          ],
          [
            7.909148,
            45.714298
          ],
          [
            7.909146,
            45.714305
          ],
          [
            7.909128,
            45.714352
          ],
          [
            7.909121,
            45.714349
          ],
          [
            7.909122,
            45.714348
          ],
          [
            7.909104,
            45.714399
          ],
          [
            7.909093,
            45.714406
          ],
          [
            7.909023,
            45.714481
          ],
          [
            7.908964,
            45.714524
          ],
          [
            7.908907,
            45.714549
          ],
          [
            7.908893,
            45.714558
          ],
          [
            7.908821,
            45.714588
          ],
          [
            7.90881,
            45.714595
          ],
          [
            7.908734,
            45.714632
          ],
          [
            7.90866,
            45.714646
          ],
          [
            7.908641,
            45.714658
          ],
          [
            7.908553,
            45.714737
          ],
          [
            7.908485,
            45.714804
          ],
          [
            7.908466,
            45.714822
          ],
          [
            7.908415,
            45.714884
          ],
          [
            7.90838,
            45.714935
          ],
          [
            7.908353,
            45.714992
          ],
          [
            7.90835,
            45.715001
          ],
          [
            7.908327,
            45.71509
          ],
          [
            7.908268,
            45.715193
          ],
          [
            7.908222,
            45.715251
          ],
          [
            7.908207,
            45.715295
          ],
          [
            7.908189,
            45.715343
          ],
          [
            7.908158,
            45.71538
          ],
          [
            7.90815,
            45.715388
          ],
          [
            7.908083,
            45.715439
          ],
          [
            7.908082,
            45.715443
          ],
          [
            7.908089,
            45.715486
          ],
          [
            7.908087,
            45.715498
          ],
          [
            7.908078,
            45.715586
          ],
          [
            7.908075,
            45.715594
          ],
          [
            7.908067,
            45.715594
          ],
          [
            7.908019,
            45.715629
          ],
          [
            7.907975,
            45.715654
          ],
          [
            7.907926,
            45.715696
          ],
          [
            7.90791,
            45.715714
          ],
          [
            7.907896,
            45.71576
          ],
          [
            7.907864,
            45.7158
          ],
          [
            7.907858,
            45.715811
          ],
          [
            7.907818,
            45.715888
          ],
          [
            7.907827,
            45.715952
          ],
          [
            7.907823,
            45.715959
          ],
          [
            7.907821,
            45.715968
          ],
          [
            7.90781,
            45.716024
          ],
          [
            7.90781,
            45.716013
          ],
          [
            7.907811,
            45.716025
          ],
          [
            7.907808,
            45.716033
          ],
          [
            7.907796,
            45.716044
          ],
          [
            7.907754,
            45.716046
          ],
          [
            7.907733,
            45.716033
          ],
          [
            7.907732,
            45.716025
          ],
          [
            7.907717,
            45.716021
          ],
          [
            7.9077,
            45.716014
          ],
          [
            7.907643,
            45.716007
          ],
          [
            7.907636,
            45.716012
          ],
          [
            7.907641,
            45.716011
          ],
          [
            7.907667,
            45.716068
          ],
          [
            7.907659,
            45.716069
          ],
          [
            7.907648,
            45.71607
          ],
          [
            7.907641,
            45.71609
          ],
          [
            7.907644,
            45.716108
          ],
          [
            7.907643,
            45.716136
          ],
          [
            7.907651,
            45.716192
          ],
          [
            7.907669,
            45.716221
          ],
          [
            7.907681,
            45.716258
          ],
          [
            7.907681,
            45.716281
          ],
          [
            7.90768,
            45.716289
          ],
          [
            7.9077,
            45.716347
          ],
          [
            7.907671,
            45.716406
          ],
          [
            7.907661,
            45.716423
          ],
          [
            7.907665,
            45.716457
          ],
          [
            7.907666,
            45.716465
          ],
          [
            7.907665,
            45.716481
          ],
          [
            7.907646,
            45.716479
          ],
          [
            7.907631,
            45.716467
          ],
          [
            7.907626,
            45.71646
          ],
          [
            7.907603,
            45.716459
          ],
          [
            7.907598,
            45.716475
          ],
          [
            7.907588,
            45.716501
          ],
          [
            7.907587,
            45.716542
          ],
          [
            7.907597,
            45.71659
          ],
          [
            7.907609,
            45.716612
          ],
          [
            7.907604,
            45.71664
          ],
          [
            7.907588,
            45.716632
          ],
          [
            7.907557,
            45.716588
          ],
          [
            7.907554,
            45.71658
          ],
          [
            7.907521,
            45.716551
          ],
          [
            7.90749,
            45.716531
          ],
          [
            7.907424,
            45.716487
          ],
          [
            7.907426,
            45.716486
          ],
          [
            7.907433,
            45.716487
          ],
          [
            7.907428,
            45.716498
          ],
          [
            7.907455,
            45.716463
          ],
          [
            7.90746,
            45.716448
          ],
          [
            7.907479,
            45.716402
          ],
          [
            7.907501,
            45.716371
          ],
          [
            7.907506,
            45.716365
          ],
          [
            7.907468,
            45.716299
          ],
          [
            7.907439,
            45.716268
          ],
          [
            7.907373,
            45.716232
          ],
          [
            7.907344,
            45.716221
          ],
          [
            7.907339,
            45.716221
          ],
          [
            7.907309,
            45.716215
          ],
          [
            7.907304,
            45.716207
          ],
          [
            7.907296,
            45.716199
          ],
          [
            7.907266,
            45.716184
          ],
          [
            7.907246,
            45.71617
          ],
          [
            7.907237,
            45.716154
          ],
          [
            7.907201,
            45.716142
          ],
          [
            7.907183,
            45.716129
          ],
          [
            7.907166,
            45.716105
          ],
          [
            7.907149,
            45.71608
          ],
          [
            7.907136,
            45.716073
          ],
          [
            7.907107,
            45.716053
          ],
          [
            7.907078,
            45.716048
          ],
          [
            7.907068,
            45.716073
          ],
          [
            7.90707,
            45.716101
          ],
          [
            7.907053,
            45.716122
          ],
          [
            7.90704,
            45.716135
          ],
          [
            7.907031,
            45.716153
          ],
          [
            7.907029,
            45.716149
          ],
          [
            7.907025,
            45.71617
          ],
          [
            7.907025,
            45.716194
          ],
          [
            7.907025,
            45.716204
          ],
          [
            7.907029,
            45.716263
          ],
          [
            7.907029,
            45.716277
          ],
          [
            7.907001,
            45.716284
          ],
          [
            7.906998,
            45.716276
          ],
          [
            7.906962,
            45.716235
          ],
          [
            7.906961,
            45.716214
          ],
          [
            7.906956,
            45.716184
          ],
          [
            7.906926,
            45.716158
          ],
          [
            7.906912,
            45.71611
          ],
          [
            7.906877,
            45.716069
          ],
          [
            7.906855,
            45.716039
          ],
          [
            7.906823,
            45.715995
          ],
          [
            7.906805,
            45.715997
          ],
          [
            7.906804,
            45.716005
          ],
          [
            7.906796,
            45.716018
          ],
          [
            7.90679,
            45.716029
          ],
          [
            7.906786,
            45.716062
          ],
          [
            7.906774,
            45.716073
          ],
          [
            7.906763,
            45.716092
          ],
          [
            7.906742,
            45.716119
          ],
          [
            7.906712,
            45.716153
          ],
          [
            7.906686,
            45.71618
          ],
          [
            7.906655,
            45.716177
          ],
          [
            7.906652,
            45.716168
          ],
          [
            7.906652,
            45.716145
          ],
          [
            7.90664,
            45.716125
          ],
          [
            7.906642,
            45.716136
          ],
          [
            7.906639,
            45.716111
          ],
          [
            7.906643,
            45.716089
          ],
          [
            7.906642,
            45.71609
          ],
          [
            7.906614,
            45.716115
          ],
          [
            7.906606,
            45.716129
          ],
          [
            7.906597,
            45.716141
          ],
          [
            7.906583,
            45.716155
          ],
          [
            7.906565,
            45.71618
          ],
          [
            7.906564,
            45.716202
          ],
          [
            7.906566,
            45.716219
          ],
          [
            7.906567,
            45.716225
          ],
          [
            7.906548,
            45.716268
          ],
          [
            7.90652,
            45.716295
          ],
          [
            7.906496,
            45.716309
          ],
          [
            7.906458,
            45.716375
          ],
          [
            7.906436,
            45.71643
          ],
          [
            7.906457,
            45.716475
          ],
          [
            7.90639,
            45.716489
          ],
          [
            7.906346,
            45.71649
          ],
          [
            7.9063,
            45.716521
          ],
          [
            7.906248,
            45.71655
          ],
          [
            7.906183,
            45.716571
          ],
          [
            7.906161,
            45.716583
          ],
          [
            7.906107,
            45.716612
          ],
          [
            7.906069,
            45.716632
          ],
          [
            7.906043,
            45.716647
          ],
          [
            7.905985,
            45.716685
          ],
          [
            7.905946,
            45.716708
          ],
          [
            7.905933,
            45.716716
          ],
          [
            7.905847,
            45.716772
          ],
          [
            7.905816,
            45.716799
          ],
          [
            7.905778,
            45.71684
          ],
          [
            7.905748,
            45.716876
          ],
          [
            7.905743,
            45.716884
          ],
          [
            7.905712,
            45.716932
          ],
          [
            7.905705,
            45.716942
          ],
          [
            7.905661,
            45.716987
          ],
          [
            7.905611,
            45.716998
          ],
          [
            7.905587,
            45.717004
          ],
          [
            7.905532,
            45.717019
          ],
          [
            7.905495,
            45.71703
          ],
          [
            7.905489,
            45.717036
          ],
          [
            7.905455,
            45.717061
          ],
          [
            7.905433,
            45.717075
          ],
          [
            7.905415,
            45.717085
          ],
          [
            7.905398,
            45.717104
          ],
          [
            7.9054,
            45.717117
          ],
          [
            7.905402,
            45.717149
          ],
          [
            7.905386,
            45.717176
          ],
          [
            7.905371,
            45.717192
          ],
          [
            7.905375,
            45.71719
          ],
          [
            7.905375,
            45.717191
          ],
          [
            7.905346,
            45.717235
          ],
          [
            7.905339,
            45.717241
          ],
          [
            7.905346,
            45.71723
          ],
          [
            7.905345,
            45.717233
          ],
          [
            7.905351,
            45.717241
          ],
          [
            7.905351,
            45.717258
          ],
          [
            7.905347,
            45.717292
          ],
          [
            7.905352,
            45.717325
          ],
          [
            7.905354,
            45.717345
          ],
          [
            7.905351,
            45.717347
          ],
          [
            7.905346,
            45.717348
          ],
          [
            7.90535,
            45.717353
          ],
          [
            7.905352,
            45.717359
          ],
          [
            7.905359,
            45.717389
          ],
          [
            7.905351,
            45.717407
          ],
          [
            7.905325,
            45.71742
          ],
          [
            7.90531,
            45.717419
          ],
          [
            7.905277,
            45.717425
          ],
          [
            7.905221,
            45.717439
          ],
          [
            7.905156,
            45.717451
          ],
          [
            7.905154,
            45.717449
          ],
          [
            7.905191,
            45.71745
          ],
          [
            7.905195,
            45.717447
          ],
          [
            7.905195,
            45.717447
          ],
          [
            7.905195,
            45.717447
          ],
          [
            7.905195,
            45.717447
          ],
          [
            7.905195,
            45.717447
          ],
          [
            7.905173,
            45.717424
          ],
          [
            7.905173,
            45.717433
          ],
          [
            7.905129,
            45.71744
          ],
          [
            7.905113,
            45.717434
          ],
          [
            7.905098,
            45.717445
          ],
          [
            7.905066,
            45.717451
          ],
          [
            7.905062,
            45.717448
          ],
          [
            7.905062,
            45.717448
          ],
          [
            7.905055,
            45.717454
          ],
          [
            7.905045,
            45.717449
          ],
          [
            7.905037,
            45.717454
          ],
          [
            7.905037,
            45.717454
          ],
          [
            7.905061,
            45.71745
          ],
          [
            7.905052,
            45.717455
          ],
          [
            7.905028,
            45.717494
          ],
          [
            7.905035,
            45.717529
          ],
          [
            7.905049,
            45.717555
          ],
          [
            7.905066,
            45.71763
          ],
          [
            7.905077,
            45.717648
          ]
        ]
      },
      "properties": {
        "name": "18783353926"
      }
    }
  ]
}