{
  "type": "FeatureCollection",
  "features": [
    {
      "type": "Feature",
      "geometry": {
        "type": "LineString",
        "coordinates": [
          [
            8.04575,
            46.613305
          ],
          [
            8.045762,
            46.613299
          ],
          [
            8.045794,
            46.613287
          ],
          [
            8.045831,
            46.613261
          ],
          [
            8.045899,
            46.613257
          ],
          [
            8.04582,
            46.613288
          ],
          [
            8.04576,
            46.613305
          ],
          [
            8.045829,
            46.613301
          ],
          [
            8.045947,
            46.613273
          ],
          [
            8.046065,
            46.613241
          ],
          [
            8.04611,
            46.613257
          ],
          [
            8.046092,
            46.613252
          ],
          [
            8.04611,
            46.613244
          ],
          [
            8.046119,
            46.613237
          ],
          [
            8.046107,
            46.613235
          ],
          [
            8.046084,
            46.613241
          ],
          [
            8.0461,
            46.613246
          ],
          [
            8.046123,
            46.613231
          ],
          [
            8.046126,
            46.613233
          ],
          [
            8.046127,
            46.613236
          ],
          [
            8.046126,
            46.613235
          ],
          [
            8.046116,
            46.613258
          ],
          [
            8.046107,
            46.613265
          ],
          [
            8.046101,
            46.613248
          ],
          [
            8.046081,
            46.613257
          ],
          [
            8.046095,
            46.613228
          ],
          [
            8.046095,
            46.613227
          ],
          [
            8.046097,
            46.613237
          ],
          [
            8.046104,
            46.613231
          ],
          [
            8.046147,
            46.613189
          ],
          [
            8.046193,
            46.613168
          ],
          [
            8.046224,
            46.613146
          ],
          [
            8.046249,
            46.613128
          ],
          [
            8.046267,
            46.613098
          ],
          [
            8.046258,
            46.613096
          ],
          [
            8.046255,
            46.613096
          ],
          [
            8.046255,
            46.613096
          ],
          [
            8.046255,
            46.613096
          ],
          [
            8.046274,
            46.613086
          ],
          [
            8.04629,
            46.613077
          ],
          [
            8.046305,
            46.613071
          ],
          [
            8.046335,
            46.613064
          ],
          [
            8.046366,
            46.61305
          ],
          [
            8.046381,
            46.613043
          ],
          [
            8.04639,
            46.613037
          ],
          [
            8.046406,
            46.613031
          ],
          [
            8.046437,
            46.613027
          ],
          [
            8.046463,
            46.613028
          ],
          [
            8.04649,
            46.613024
          ],
          [
            8.046565,
            46.613023
          ],
          [
            8.046613,
            46.613027
          ],
          [
            8.046631,
            46.613028
          ],
          [
            8.046664,
            46.613028
          ],
          [
            8.046694,
            46.613
          ],
          [
            8.046702,
            46.612988
          ],
          [
            8.046714,
            46.612946
          ],
          [
            8.046715,
            46.61294
          ],
          [
            8.046721,
            46.612917
          ],
          [
            8.046722,
            46.612895
          ],
          [
            8.046723,
            46.612886
          ],
          [
            8.046715,
            46.612853
          ],
          [
            8.046701,
            46.612855
          ],
          [
            8.046712,
            46.612882
          ],
          [
            8.046719,
            46.61289
          ],
          [
            8.046725,
            46.612895
          ],
          [
            8.046769,
            46.612928
          ],
          [
            8.04681,
            46.612925
          ],
          [
            8.046813,
            46.612918
          ],
          [
            8.046822,
            46.612905
          ],
          [
            8.046823,
            46.612893
          ],
          [
            8.046832,
            46.61288
          ],
          [
            8.046837,
            46.612867
          ],
          [
            8.046846,
            46.612833
          ],
          [
            8.046849,
            46.612828
          ],
          [
            8.046854,
            46.612801
          ],
          [
            8.04686,
            46.612783
          ],
          [
            8.046858,
            46.612734
          ],
          [
            8.046857,
            46.612726
          ],
          [
            8.046839,
            46.612697
          ],
          [
            8.046819,
            46.612677
          ],
          [
            8.046799,
            46.612658
          ],
          [
            8.046775,
            46.612633
          ],
          [
            8.046768,
            46.61263
          ],
          [
            8.046745,
            46.612617
          ],
          [
            8.04673,
            46.612598
          ],
          [
            8.046728,
            46.612595
          ],
          [
            8.046741,
            46.612599
          ],
          [
            8.046771,
            46.612606
          ],
          [
            8.046779,
            46.612605
          ],
          [
            8.046786,
            46.612608
          ],
          [
            8.046822,
            46.612625
          ],
          [
            8.046826,
            46.61263
          ],
          [
            8.046857,
            46.612654
          ],
          [
            8.046935,
            46.612686
          ],
          [
            8.046957,
            46.612686
          ],
          [
            8.046968,
            46.612649
          ],
          [
            8.046959,
            46.612625
          ],
          [
            8.046943,
            46.612598
          ],
          [
            8.046926,
            46.612537
          ],
          [
            8.046924,
            46.61253
          ],
          [
            8.046918,
            46.612507
          ],
          [
            8.046919,
            46.612496
          ],
          [
            8.046905,
            46.612479
          ],
          [
            8.046873,
            46.61244
          ],
          [
            8.046875,
            46.612435
          ],
          [
            8.046897,
            46.612419
          ],
          [
            8.046899,
            46.612431
          ],
          [
            8.046909,
            46.612455
          ],
          [
            8.046923,
            46.612464
          ],
          [
            8.046924,
            46.612463
          ],
          [
            8.046931,
            46.612458
          ],
          [
            8.04697,
            46.61247
          ],
          [
            8.046988,
            46.612483
          ],
          [
            8.047041,
            46.612515
          ],
          [
            8.047049,
            46.612519
          ],
          [
            8.047128,
            46.612527
          ],
          [
            8.047085,
            46.612486
          ],
          [
            8.047094,
            46.612476
          ],
          [
            8.047106,
            46.612481
          ],
          [
            8.047126,
            46.612457
          ],
          [
            8.04712,
            46.612419
          ],
          [
            8.047109,
            46.612384
          ],
          [
            8.047098,
            46.612332
          ],
          [
            8.047106,
            46.612305
          ],
          [
            8.047105,
            46.612303
          ],
          [
            8.047098,
            46.612261
          ],
          [
            8.047095,
            46.612253
          ],
          [
            8.047085,
            46.612231
          ],
          [
            8.047086,
            46.612224
          ],
          [
            8.047091,
            46.612212
          ],
          [
            8.04711,
            46.612206
          ],
          [
            8.047116,
            46.612202
          ],
          [
            8.047127,
            46.612186
          ],
          [
            8.047132,
            46.612168
          ],
          [
            8.047145,
            46.612125
          ],
          [
            8.04715,
            46.612101
          ],
          [
            8.047156,
            46.612109
          ],
          [
            8.047156,
            46.612117
          ],
          [
            8.047152,
            46.612121
          ],
          [
            8.047166,
            46.612139
          ],
          [
            8.047174,
            46.612144
          ],
          [
            8.047201,
            46.612165
          ],
          [
            8.047213,
            46.612176
          ],
          [
            8.047276,
            46.612179
          ],
          [
            8.047286,
            46.612176
          ],
          [
            8.047284,
            46.612169
          ],
          [
            8.047284,
            46.612151
          ],
          [
            8.047288,
            46.612128
          ],
          [
            8.047301,
            46.612084
          ],
          [
            8.047299,
            46.612078
          ],
          [
            8.04731,
            46.612038
          ],
          [
            8.047329,
            46.612025
          ],
          [
            8.047344,
            46.612012
          ],
          [
            8.047367,
            46.61199
          ],
          [
            8.047379,
            46.611976
          ],
          [
            8.04739,
            46.611977
          ],
          [
            8.047434,
            46.611962
          ],
          [
            8.04744,
            46.611955
          ],
          [
            8.047444,
            46.611905
          ],
          [
            8.047446,
            46.61189
          ],
          [
            8.047446,
            46.611869
          ],
          [
            8.047455,
            46.611858
          ],
          [
            8.047466,
            46.611848
          ],
          [
            8.047482,
            46.611832
          ],
          [
            8.047506,
            46.611796
          ],
          [
            8.047513,
            46.611785
          ],
          [
            8.047508,
            46.611735
          ],
          [
            8.047496,
            46.611703
          ],
          [
            8.047484,
            46.611673
          ],
          [
            8.047481,
            46.61164
          ],
          [
            8.047471,
            46.611635
          ],
          [
            8.047434,
            46.611627
          ],
          [
            8.047382,
            46.611608
          ],
          [
            8.047341,
            46.611592
          ],
          [
            8.047291,
            46.611575
          ],
          [
            8.047284,
            46.611571
          ],
          [
            8.047242,
            46.611556
          ],
          [
            8.04721,
            46.611542
          ],
          [
            8.047203,
            46.611535
          ],
          [
            8.047171,
            46.611503
          ],
          [
            8.047169,
            46.611501
          ],
          [
            8.047161,
            46.61151
          ],
          [
            8.047116,
            46.611533
          ],
          [
            8.047102,
            46.61153
          ],
          [
            8.047132,
            46.611527
          ],
          [
            8.047144,
            46.611512
          ],
          [
            8.047141,
            46.611507
          ],
          [
            8.047142,
            46.611448
          ],
          [
            8.047161,
            46.611428
          ],
          [
            8.047156,
            46.611438
          ],
          [
            8.047159,
            46.611443
          ],
          [
            8.047192,
            46.611444
          ],
          [
            8.047202,
            46.611445
          ],
          [
            8.047236,
            46.611452
          ],
          [
            8.047287,
            46.611436
          ],
          [
            8.047299,
            46.611411
          ],
          [
            8.047301,
            46.611394
          ],
          [
            8.047299,
            46.611365
          ],
          [
            8.047296,
            46.611328
          ],
          [
            8.047294,
            46.611319
          ],
          [
            8.047274,
            46.611291
          ],
          [
            8.047229,
            46.611269
          ],
          [
            8.047191,
            46.611232
          ],
          [
            8.047144,
            46.611207
          ],
          [
            8.047138,
            46.611201
          ],
          [
            8.047112,
            46.611175
          ],
          [
            8.047063,
            46.611114
          ],
          [
            8.047063,
            46.611094
          ],
          [
            8.047036,
            46.611074
          ],
          [
            8.047029,
            46.61107
          ],
          [
            8.047012,
            46.611089
          ],
          [
            8.047013,
            46.611092
          ],
          [
            8.047014,
            46.611118
          ],
          [
            8.046996,
            46.611093
          ],
          [
            8.046989,
            46.611086
          ],
          [
            8.04696,
            46.611085
          ],
          [
            8.046931,
            46.611068
          ],
          [
            8.046887,
            46.611066
          ],
          [
            8.046822,
            46.611064
          ],
          [
            8.046758,
            46.611049
          ],
          [
            8.046751,
            46.611047
          ],
          [
            8.046734,
            46.611044
          ],
          [
            8.046716,
            46.611036
          ],
          [
            8.04671,
            46.611028
          ],
          [
            8.046671,
            46.611019
          ],
          [
            8.04666,
            46.61102
          ],
          [
            8.046635,
            46.611029
          ],
          [
            8.046631,
            46.61103
          ],
          [
            8.046627,
            46.611033
          ],
          [
            8.04663,
            46.611032
          ],
          [
            8.04663,
            46.611031
          ],
          [
            8.046608,
            46.611027
          ],
          [
            8.046542,
            46.611012
          ],
          [
            8.04652,
            46.611012
          ],
          [
            8.046516,
            46.611014
          ],
          [
            8.046509,
            46.611017
          ],
          [
            8.046495,
            46.611023
          ],
          [
            8.046468,
            46.611019
          ],
          [
            8.046485,
            46.611016
          ],
          [
            8.046535,
            46.610997
          ],
          [
            8.046543,
            46.610985
          ],
          [
            8.046544,
            46.610959
          ],
          [
            8.046549,
            46.610958
          ],
          [
            8.046592,
            46.610957
          ],
          [
            8.046602,
            46.610956
          ],
          [
            8.046658,
            46.610927
          ],
          [
            8.046664,
            46.610923
          ],
          [
            8.046679,
            46.610905
          ],
          [
            8.046702,
            46.610881
          ],
          [
            8.046708,
            46.610853
          ],
          [
            8.046667,
            46.610867
          ],
          [
            8.046642,
            46.610868
          ],
          [
            8.046624,
            46.610867
          ],
          [
            8.046604,
            46.610857
          ],
          [
            8.04659,
            46.610858
          ],
          [
            8.046581,
            46.610855
          ],
          [
            8.046516,
            46.610857
          ],
          [
            8.046501,
            46.61086
          ],
          [
            8.046431,
            46.610852
          ],
          [
            8.046416,
            46.61085
          ],
          [
            8.046389,
            46.610852
          ],
          [
            8.046368,
            46.610851
          ],
          [
            8.046314,
            46.610847
          ],
          [
            8.04629,
            46.61085
          ],
          [
            8.046209,
            46.610878
          ],
          [
            8.046153,
            46.610892
          ],
          [
            8.04607,
            46.6109
          ],
          [
            8.046041,
            46.610899
          ],
          [
            8.046004,
            46.610918
          ],
          [
            8.045993,
            46.610918
          ],
          [
            8.045929,
            46.610914
          ],
          [
            8.045919,
            46.610913
          ],
          [
            8.045856,
            46.610905
          ],
          [
            8.045833,
            46.6109
          ],
          [
            8.045807,
            46.610894
          ],
          [
            8.045791,
            46.61089
          ],
          [
            8.045783,
            46.610888
          ],
          [
            8.045784,
            46.610887
          ],
          [
            8.045807,
            46.610897
          ],
          [
            8.045812,
            46.610894
          ],
          [
            8.045847,
            46.610874
          ],
          [
            8.04586,
            46.610848
          ],
          [
            8.045869,
            46.610834
          ],
          [
            8.045906,
            46.61081
          ],
          [
            8.045932,
            46.610792
          ],
          [
            8.045937,
            46.61079
          ],
          [
            8.045957,
            46.610769
          ],
          [
            8.045985,
            46.610748
          ],
          [
            8.045995,
            46.610737
          ],
          [
            8.04601,
            46.61071
          ],
          [
            8.046021,
            46.610692
          ],
          [
            8.046085,
            46.610658
          ],
          [
            8.046088,
            46.610655
          ],
          [
            8.046108,
            46.61063
          ],
          [
            8.046111,
            46.610623
          ],
          [
            8.04613,
            46.610617
          ],
          [
            8.046144,
            46.610602
          ],
          [
            8.046121,
            46.610599
          ],
          [
            8.046074,
            46.610597
          ],
          [
            8.046074,
            46.610598
          ],
          [
            8.046081,
            46.610588
          ],
          [
            8.046089,
            46.610576
          ],
          [
            8.04609,
            46.610568
          ],
          [
            8.046062,
            46.610563
          ],
          [
            8.046044,
            46.610531
          ],
          [
            8.046067,
            46.610559
          ],
          [
            8.046094,
            46.610574
          ],
          [
            8.046108,
            46.610576
          ],
          [
            8.046125,
            46.610575
          ],
          [
            8.046123,
            46.610604
          ],
          [
            8.04612,
            46.610618
          ],
          [
            8.046119,
            46.610623
          ],
          [
            8.046116,
            46.610628
          ],
          [
            8.046107,
            46.61062
          ],
          [
            8.046086,
            46.61059
          ],
          [
            8.046157,
            46.61054
          ],
          [
            8.046167,
            46.610534
          ],
          [
            8.046212,
            46.610509
          ],
          [
            8.046226,
            46.610499
          ],
          [
            8.046228,
            46.610482
          ],
          [
            8.046211,
            46.610456
          ],
          [
            8.04618,
            46.61046
          ],
          [
            8.046165,
            46.610463
          ],
          [
            8.046126,
            46.610468
          ],
          [
            8.046076,
            46.610484
          ],
          [
            8.046066,
            46.610486
          ],
          [
            8.046028,
            46.610492
          ],
          [
            8.046003,
            46.610505
          ],
          [
            8.046006,
            46.610504
          ],
          [
            8.045992,
            46.610493
          ],
          [
            8.045992,
            46.610456
          ],
          [
            8.045999,
            46.61044
          ],
          [
            8.045975,
            46.610405
          ],
          [
            8.045962,
            46.610405
          ],
          [
            8.04592,
            46.610403
          ],
          [
            8.045912,
            46.610402
          ],
          [
            8.045887,
            46.610376
          ],
          [
            8.045878,
            46.610362
          ],
          [
            8.045854,
            46.610333
          ],
          [
            8.045817,
            46.610325
          ],
          [
            8.045777,
            46.610324
          ],
          [
            8.045759,
            46.610329
          ],
          [
            8.045729,
            46.610313
          ],
          [
            8.045726,
            46.610312
          ],
          [
            8.045665,
            46.610307
          ],
          [
            8.045627,
            46.610293
          ],
          [
            8.045614,
            46.610284
          ],
          [
            8.045565,
            46.610259
          ],
          [
            8.045553,
            46.610257
          ],
          [
            8.045509,
            46.610256
          ],
          [
            8.045503,
            46.610254
          ],
          [
            8.0455,
            46.610244
          ],
          [
            8.0455,
            46.610243
          ],
          [
            8.045498,
            46.610243
          ],
          [
            8.045512,
            46.610245
          ],
          [
            8.045514,
            46.610241
          ],
          [
            8.045551,
            46.610238
          ],
          [
            8.045555,
            46.610237
          ],
          [
            8.045607,
            46.610194
          ],
          [
            8.045635,
            46.61018
          ],
          [
            8.045679,
            46.610166
          ],
          [
            8.045704,
            46.610158
          ],
          [
            8.045768,
            46.61014
          ],
          [
            8.045822,
            46.610136
          ],
          [
            8.045843,
            46.610136
          ],
          [
            8.045873,
            46.610143
          ],
          [
            8.045895,
            46.610151
          ],
          [
            8.045929,
            46.610161
          ],
          [
            8.045936,
            46.610165
          ],
          [
            8.045962,
            46.610172
          ],
          [
            8.046045,
            46.610166
          ],
          [
            8.046134,
            46.610145
          ],
          [
            8.046144,
            46.610145
          ],
          [
            8.046205,
            46.610132
          ],
          [
            8.046209,
            46.610131
          ],
          [
            8.046284,
            46.610128
          ],
          [
            8.046292,
            46.610128
          ],
          [
            8.046353,
            46.610125
          ],
          [
            8.046364,
            46.610126
          ],
          [
            8.046396,
            46.610127
          ],
          [
            8.046407,
            46.610125
          ],
          [
            8.046418,
            46.610123
          ],
          [
            8.04651,
            46.61014
          ],
          [
            8.046517,
            46.610143
          ],
          [
            8.046582,
            46.610121
          ],
          [
            8.046591,
            46.610117
          ],
          [
            8.046645,
            46.610115
          ],
          [
            8.04665,
            46.610117
          ],
          [
            8.046705,
            46.610107
          ],
          [
            8.046717,
            46.610106
          ],
          [
            8.046728,
            46.610106
          ],
          [
            8.046756,
            46.610116
          ],
          [
            8.046765,
            46.610119
          ],
          [
            8.046825,
            46.610118
          ],
          [
            8.046842,
            46.610113
          ],
          [
            8.04688,
            46.610089
          ],
          [
            8.046915,
            46.610067
          ],
          [
            8.04692,
            46.610064
          ],
          [
            8.046948,
            46.610039
          ],
          [
            8.046945,
            46.610033
          ],
          [
            8.046946,
            46.610024
          ],
          [
            8.046971,
            46.610043
          ],
          [
            8.046936,
            46.610068
          ],
          [
            8.046909,
            46.610061
          ],
          [
            8.046915,
            46.610028
          ],
          [
            8.046954,
            46.610004
          ],
          [
            8.04698,
            46.609975
          ],
          [
            8.047026,
            46.609992
          ],
          [
            8.04696,
            46.610029
          ],
          [
            8.046962,
            46.610041
          ],
          [
            8.046964,
            46.610046
          ],
          [
            8.046937,
            46.610019
          ],
          [
            8.046932,
            46.610018
          ],
          [
            8.046927,
            46.610018
          ],
          [
            8.046924,
            46.610029
          ],
          [
            8.046924,
            46.610034
          ],
          [
            8.046911,
            46.610021
          ],
          [
            8.046911,
            46.610023
          ],
          [
            8.046885,
            46.609997
          ],
          [
            8.046881,
            46.60999
          ],
          [
            8.046867,
            46.609975
          ],
          [
            8.046821,
            46.609957
          ],
          [
            8.046813,
            46.60995
          ],
          [
            8.046875,
            46.609951
          ],
          [
            8.046903,
            46.609956
          ],
          [
            8.046916,
            46.609961
          ],
          [
            8.046928,
            46.609964
          ],
          [
            8.046928,
            46.609968
          ],
          [
            8.046926,
            46.60998
          ],
          [
            8.046975,
            46.609988
          ],
          [
            8.047006,
            46.609984
          ],
          [
            8.04713,
            46.609954
          ],
          [
            8.04719,
            46.609986
          ],
          [
            8.047213,
            46.610005
          ],
          [
            8.047226,
            46.610015
          ],
          [
            8.047305,
            46.610015
          ],
          [
            8.047429,
            46.609999
          ],
          [
            8.047444,
            46.61
          ],
          [
            8.047559,
            46.610033
          ],
          [
            8.047587,
            46.610044
          ],
          [
            8.047657,
            46.610062
          ],
          [
            8.047678,
            46.610063
          ],
          [
            8.047781,
            46.610076
          ],
          [
            8.047816,
            46.610086
          ],
          [
            8.047867,
            46.610086
          ],
          [
            8.047894,
            46.610091
          ],
          [
            8.04796,
            46.6101
          ],
          [
            8.047973,
            46.610102
          ],
          [
            8.048064,
            46.610115
          ],
          [
            8.048111,
            46.610123
          ],
          [
            8.048159,
            46.610127
          ],
          [
            8.048235,
            46.610111
          ],
          [
            8.048247,
            46.610108
          ],
          [
            8.048295,
            46.61009
          ],
          [
            8.048309,
            46.610064
          ],
          [
            8.048328,
            46.610048
          ],
          [
            8.04834,
            46.610039
          ],
          [
            8.04834,
            46.610044
          ],
          [
            8.048383,
            46.610013
          ],
          [
            8.048393,
            46.610004
          ],
          [
            8.048468,
            46.609981
          ],
          [
            8.048479,
            46.609979
          ],
          [
            8.048548,
            46.610011
          ],
          [
            8.048578,
            46.610057
          ],
          [
            8.048577,
            46.610052
          ],
          [
            8.048633,
            46.610062
          ],
          [
            8.048681,
            46.610053
          ],
          [
            8.048672,
            46.610069
          ],
          [
            8.048661,
            46.610074
          ],
          [
            8.048638,
            46.610085
          ],
          [
            8.048675,
            46.610116
          ],
          [
            8.048685,
            46.61012
          ],
          [
            8.048728,
            46.61011
          ],
          [
            8.048762,
            46.610127
          ],
          [
            8.048766,
            46.610134
          ],
          [
            8.048817,
            46.610139
          ],
          [
            8.04886,
            46.610098
          ],
          [
            8.048885,
            46.610087
          ],
          [
            8.048894,
            46.610065
          ],
          [
            8.048896,
            46.61007
          ],
          [
            8.048896,
            46.61007
          ],
          [
            8.048896,
            46.61007
          ],
          [
            8.048928,
            46.610077
          ],
          [
            8.048967,
            46.610069
          ],
          [
            8.049039,
            46.610036
          ],
          [
            8.049113,
            46.609999
          ],
          [
            8.049146,
            46.609982
          ],
          [
            8.049189,
            46.60996
          ],
          [
            8.049262,
            46.609917
          ],
          [
            8.049288,
            46.609877
          ],
          [
            8.049301,
            46.609841
          ],
          [
            8.049356,
            46.609805
          ],
          [
            8.049449,
            46.609761
          ],
          [
            8.049556,
            46.60974
          ],
          [
            8.049567,
            46.60974
          ],
          [
            8.049622,
            46.609744
          ],
          [
            8.049647,
            46.609752
          ],
          [
            8.049754,
            46.609765
          ],
          [
            8.049888,
            46.609788
          ],
          [
            8.049923,
            46.609777
          ],
          [
            8.049941,
            46.609772
          ],
          [
            8.04998,
            46.609758
          ],
          [
            8.05004,
            46.609718
          ],
          [
            8.050047,
            46.609712
          ],
          [
            8.050081,
            46.609695
          ],
          [
            8.050096,
            46.609694
          ],
          [
            8.050104,
            46.609692
          ],
          [
            8.05013,
            46.609694
          ],
          [
            8.050147,
            46.609693
          ],
          [
            8.050194,
            46.609684
          ],
          [
            8.050203,
            46.609682
          ],
          [
            8.05021,
            46.609677
          ],
          [
            8.050237,
            46.609643
          ],
          [
            8.050242,
            46.609639
          ],
          [
            8.050282,
            46.609605
          ],
          [
            8.050284,
            46.609601
          ],
          [
            8.050272,
            46.609598
          ],
          [
            8.05027,
            46.609592
          ],
          [
            8.050267,
            46.609583
          ],
          [
            8.050242,
            46.609565
          ],
          [
            8.050224,
            46.609524
          ],
          [
            8.050223,
            46.609521
          ],
          [
            8.050214,
            46.609471
          ],
          [
            8.050235,
            46.609442
          ],
          [
            8.050222,
            46.609432
          ],
          [
            8.050217,
            46.609428
          ],
          [
            8.050176,
            46.609393
          ],
          [
            8.05015,
            46.609386
          ],
          [
            8.050097,
            46.60936
          ],
          [
            8.050102,
            46.609343
          ],
          [
            8.050112,
            46.609326
          ],
          [
            8.050099,
            46.609307
          ],
          [
            8.050105,
            46.609302
          ],
          [
            8.050113,
            46.609285
          ],
          [
            8.050101,
            46.609277
          ],
          [
            8.050097,
            46.609268
          ],
          [
            8.050104,
            46.609269
          ],
          [
            8.050102,
            46.609272
          ],
          [
            8.05009,
            46.609277
          ],
          [
            8.050082,
            46.609283
          ],
          [
            8.050084,
            46.609276
          ],
          [
            8.050082,
            46.609277
          ],
          [
            8.050082,
            46.609277
          ],
          [
            8.050078,
            46.609275
          ],
          [
            8.050083,
            46.60928
          ],
          [
            8.05009,
            46.609289
          ],
          [
            8.050089,
            46.609296
          ],
          [
            8.050103,
            46.609286
          ],
          [
            8.050103,
            46.609276
          ],
          [
            8.050089,
            46.609293
          ],
          [
            8.050086,
            46.609297
          ],
          [
            8.050094,
            46.609302
          ],
          [
            8.050093,
            46.6093
          ],
          [
            8.050088,
            46.609298
          ],
          [
            8.050088,
            46.609298
          ],
          [
            8.050088,
            46.609298
          ],
          [
            8.050088,
            46.609298
          ],
          [
            8.050088,
            46.609298
          ],
          [
            8.050088,
            46.609298
          ],
          [
            8.050088,
            46.609298
          ],
          [
            8.050054,
            46.609289
          ],
          [
            8.05001,
            46.609244
          ],
          [
            8.049969,
            46.609201
          ],
          [
            8.049945,
            46.60919
          ],
          [
            8.049948,
            46.609169
          ],
          [
            8.049953,
            46.609156
          ],
          [
            8.049973,
            46.60913
          ],
          [
            8.049978,
            46.609114
          ],
          [
            8.049979,
            46.609106
          ],
          [
            8.049985,
            46.609097
          ],
          [
            8.049983,
            46.609085
          ],
          [
            8.049982,
            46.60908
          ],
          [
            8.049976,
            46.60907
          ],
          [
            8.049967,
            46.609019
          ],
          [
            8.049963,
            46.60901
          ],
          [
            8.04992,
            46.608976
          ],
          [
            8.049911,
            46.608971
          ],
          [
            8.049919,
            46.608964
          ],
          [
            8.049929,
            46.608948
          ],
          [
            8.049912,
            46.608928
          ],
          [
            8.049908,
            46.608926
          ],
          [
            8.04992,
            46.608926
          ],
          [
            8.049909,
            46.608911
          ],
          [
            8.049903,
            46.608901
          ],
          [
            8.049899,
            46.608898
          ],
          [
            8.049909,
            46.608905
          ],
          [
            8.049915,
            46.608899
          ],
          [
            8.049923,
            46.608905
          ],
          [
            8.04992,
            46.608903
          ],
          [
            8.049918,
            46.608899
          ],
          [
            8.049918,
            46.608899
          ],
          [
            8.049885,
            46.608911
          ],
          [
            8.049895,
            46.608905
          ],
          [
            8.049884,
            46.608908
          ],
          [
            8.049897,
            46.608915
          ],
          [
            8.049918,
            46.608899
          ],
          [
            8.049918,
            46.608899
          ],
          [
            8.049888,
            46.608909
          ],
          [
            8.049896,
            46.60891
          ],
          [
            8.049911,
            46.608912
          ],
          [
            8.049908,
            46.608914
          ],
          [
            8.049872,
            46.608899
          ],
          [
            8.049876,
            46.608896
          ],
          [
            8.04989,
            46.608886
          ],
          [
            8.049899,
            46.608897
          ],
          [
            8.049899,
            46.6089
          ],
          [
            8.049894,
            46.608899
          ],
          [
            8.049889,
            46.6089
          ],
          [
            8.049888,
            46.608915
          ],
          [
            8.049888,
            46.608915
          ],
          [
            8.049888,
            46.608897
          ],
          [
            8.04988,
            46.608889
          ],
          [
            8.049889,
            46.6089
          ],
          [
            8.049882,
            46.608885
          ],
          [
            8.04989,
            46.608884
          ],
          [
            8.049908,
            46.608889
          ],
          [
            8.049912,
            46.6089
          ],
          [
            8.049927,
            46.608921
          ],
          [
            8.049933,
            46.608918
          ],
          [
            8.049914,
            46.608898
          ],
          [
            8.049903,
            46.608905
          ],
          [
            8.049897,
            46.608899
          ],
          [
            8.049901,
            46.608891
          ],
          [
            8.049903,
            46.608895
          ],
          [
            8.049906,
            46.6089
          ],
          [
            8.049914,
            46.608916
          ],
          [
            8.049905,
            46.608908
          ],
          [
            8.049879,
            46.608895
          ],
          [
            8.049869,
            46.608888
          ],
          [
            8.049877,
            46.608886
          ],
          [
            8.04989,
            46.608855
          ],
          [
            8.04988,
            46.608846
          ],
          [
            8.049848,
            46.60886
          ],
          [
            8.049829,
            46.608882
          ],
          [
            8.049818,
            46.608871
          ],
          [
            8.04979,
            46.60885
          ],
          [
            8.04979,
            46.608848
          ],
          [
            8.049761,
            46.608817
          ],
          [
            8.049754,
            46.608812
          ],
          [
            8.049704,
            46.608801
          ],
          [
            8.049645,
            46.608806
          ],
          [
            8.049593,
            46.608819
          ],
          [
            8.049594,
            46.608819
          ],
          [
            8.049597,
            46.608809
          ],
          [
            8.049605,
            46.608805
          ],
          [
            8.049619,
            46.608796
          ],
          [
            8.049629,
            46.60877
          ],
          [
            8.049635,
            46.608764
          ],
          [
            8.04965,
            46.608742
          ],
          [
            8.049669,
            46.608733
          ],
          [
            8.049689,
            46.608696
          ],
          [
            8.049664,
            46.608676
          ],
          [
            8.049654,
            46.608679
          ],
          [
            8.049616,
            46.608698
          ],
          [
            8.049611,
            46.608695
          ],
          [
            8.04958,
            46.608695
          ],
          [
            8.049574,
            46.608695
          ],
          [
            8.049525,
            46.608723
          ],
          [
            8.049514,
            46.60873
          ],
          [
            8.049477,
            46.608745
          ],
          [
            8.049457,
            46.608751
          ],
          [
            8.049437,
            46.608762
          ],
          [
            8.049412,
            46.608774
          ],
          [
            8.049378,
            46.608787
          ],
          [
            8.049355,
            46.608797
          ],
          [
            8.049342,
            46.608805
          ],
          [
            8.049326,
            46.608822
          ],
          [
            8.04931,
            46.608838
          ],
          [
            8.0493,
            46.608847
          ],
          [
            8.04926,
            46.608872
          ],
          [
            8.049263,
            46.608873
          ],
          [
            8.049232,
            46.60888
          ],
          [
            8.049143,
            46.608931
          ],
          [
            8.049127,
            46.608947
          ],
          [
            8.049118,
            46.608964
          ],
          [
            8.049058,
            46.608978
          ],
          [
            8.049048,
            46.608981
          ],
          [
            8.048991,
            46.608999
          ],
          [
            8.048979,
            46.608999
          ],
          [
            8.04894,
            46.609018
          ],
          [
            8.048934,
            46.609022
          ],
          [
            8.048889,
            46.609042
          ],
          [
            8.048878,
            46.609048
          ],
          [
            8.04884,
            46.609074
          ],
          [
            8.048833,
            46.609079
          ],
          [
            8.048823,
            46.609081
          ],
          [
            8.048802,
            46.60909
          ],
          [
            8.048778,
            46.609102
          ],
          [
            8.048759,
            46.609129
          ],
          [
            8.048755,
            46.609132
          ],
          [
            8.048677,
            46.609149
          ],
          [
            8.048652,
            46.609138
          ],
          [
            8.048654,
            46.60913
          ],
          [
            8.048651,
            46.609126
          ],
          [
            8.048608,
            46.609123
          ],
          [
            8.048592,
            46.609122
          ],
          [
            8.048563,
            46.609124
          ],
          [
            8.048481,
            46.609142
          ],
          [
            8.048472,
            46.609146
          ],
          [
            8.048394,
            46.609184
          ],
          [
            8.048366,
            46.609193
          ],
          [
            8.048331,
            46.609195
          ],
          [
            8.048301,
            46.609206
          ],
          [
            8.0483,
            46.609187
          ],
          [
            8.048284,
            46.609202
          ],
          [
            8.048264,
            46.60922
          ],
          [
            8.048279,
            46.609217
          ],
          [
            8.048295,
            46.609219
          ],
          [
            8.048301,
            46.609219
          ],
          [
            8.048315,
            46.609213
          ],
          [
            8.048322,
            46.609203
          ],
          [
            8.048333,
            46.609185
          ],
          [
            8.048315,
            46.609179
          ],
          [
            8.048333,
            46.609176
          ],
          [
            8.048338,
            46.60918
          ],
          [
            8.048363,
            46.609181
          ],
          [
            8.048399,
            46.609164
          ],
          [
            8.048401,
            46.609161
          ],
          [
            8.048431,
            46.609132
          ],
          [
            8.048404,
            46.609096
          ],
          [
            8.048342,
            46.609079
          ],
          [
            8.048325,
            46.609077
          ],
          [
            8.04828,
            46.609075
          ],
          [
            8.048259,
            46.609079
          ],
          [
            8.048221,
            46.609077
          ],
          [
            8.048199,
            46.609076
          ],
          [
            8.048159,
            46.60908
          ],
          [
            8.048097,
            46.609089
          ],
          [
            8.048079,
            46.609094
          ],
          [
            8.048063,
            46.609097
          ],
          [
            8.048048,
            46.609088
          ],
          [
            8.048069,
            46.609082
          ],
          [
            8.048086,
            46.609065
          ],
          [
            8.048079,
            46.609055
          ],
          [
            8.048022,
            46.609023
          ],
          [
            8.047991,
            46.609023
          ],
          [
            8.047967,
            46.609027
          ],
          [
            8.047953,
            46.609031
          ],
          [
            8.047983,
            46.609023
          ],
          [
            8.047995,
            46.60902
          ],
          [
            8.048006,
            46.609005
          ],
          [
            8.048028,
            46.608989
          ],
          [
            8.048035,
            46.608984
          ],
          [
            8.048059,
            46.608976
          ],
          [
            8.048083,
            46.608957
          ],
          [
            8.048087,
            46.608959
          ],
          [
            8.048102,
            46.608947
          ],
          [
            8.048102,
            46.608948
          ],
          [
            8.048104,
            46.608947
          ],
          [
            8.048111,
            46.608946
          ],
          [
            8.04814,
            46.608943
          ],
          [
            8.048143,
            46.608925
          ],
          [
            8.048162,
            46.608902
          ],
          [
            8.048146,
            46.608855
          ],
          [
            8.048133,
            46.608828
          ],
          [
            8.048126,
            46.608824
          ],
          [
            8.048126,
            46.608833
          ],
          [
            8.048128,
            46.608842
          ],
          [
            8.048148,
            46.608828
          ],
          [
            8.048227,
            46.608828
          ],
          [
            8.04824,
            46.608822
          ],
          [
            8.048303,
            46.608801
          ],
          [
            8.048324,
            46.608795
          ],
          [
            8.048351,
            46.608787
          ],
          [
            8.048369,
            46.608778
          ],
          [
            8.048386,
            46.608767
          ],
          [
            8.048414,
            46.608747
          ],
          [
            8.048444,
            46.608711
          ],
          [
            8.048431,
            46.608684
          ],
          [
            8.048407,
            46.608671
          ],
          [
            8.048399,
            46.608667
          ],
          [
            8.048328,
            46.608644
          ],
          [
            8.048311,
            46.608641
          ],
          [
            8.048265,
            46.60864
          ],
          [
            8.048277,
            46.60864
          ],
          [
            8.048304,
            46.608627
          ],
          [
            8.048322,
            46.608604
          ],
          [
            8.048327,
            46.608584
          ],
          [
            8.048312,
            46.60855
          ],
          [
            8.048314,
            46.608547
          ],
          [
            8.048316,
            46.608529
          ],
          [
            8.04833,
            46.608487
          ],
          [
            8.048335,
            46.608475
          ],
          [
            8.048339,
            46.608468
          ],
          [
            8.048317,
            46.608414
          ],
          [
            8.048319,
            46.608408
          ],
          [
            8.04832,
            46.608402
          ],
          [
            8.048326,
            46.608369
          ],
          [
            8.048324,
            46.608363
          ],
          [
            8.048338,
            46.608344
          ],
          [
            8.048353,
            46.608329
          ],
          [
            8.048363,
            46.608319
          ],
          [
            8.048386,
            46.608274
          ],
          [
            8.048386,
            46.608271
          ],
          [
            8.048412,
            46.608267
          ],
          [
            8.048439,
            46.608272
          ],
          [
            8.04845,
            46.608269
          ],
          [
            8.048464,
            46.608251
          ],
          [
            8.04847,
            46.608243
          ],
          [
            8.048474,
            46.60824
          ],
          [
            8.048505,
            46.608217
          ],
          [
            8.048541,
            46.608201
          ],
          [
            8.048542,
            46.608197
          ],
          [
            8.048568,
            46.608191
          ],
          [
            8.04857,
            46.608191
          ],
          [
            8.048615,
            46.60818
          ],
          [
            8.048623,
            46.608179
          ],
          [
            8.048666,
            46.608162
          ],
          [
            8.048703,
            46.60815
          ],
          [
            8.048751,
            46.608128
          ],
          [
            8.048772,
            46.60811
          ],
          [
            8.048779,
            46.608095
          ],
          [
            8.048793,
            46.608099
          ],
          [
            8.04881,
            46.608101
          ],
          [
            8.048869,
            46.608071
          ],
          [
            8.048896,
            46.608038
          ],
          [
            8.048932,
            46.60798
          ],
          [
            8.048937,
            46.607966
          ],
          [
            8.048948,
            46.607953
          ],
          [
            8.048939,
            46.607948
          ],
          [
            8.048947,
            46.607962
          ],
          [
            8.048952,
            46.607958
          ],
          [
            8.049005,
            46.607949
          ],
          [
            8.049021,
            46.607945
          ],
          [
            8.049049,
            46.607933
          ],
          [
            8.049089,
            46.607906
          ],
          [
            8.049095,
            46.607901
          ],
          [
            8.049092,
            46.607872
          ],
          [
            8.049104,
            46.607856
          ],
          [
            8.049117,
            46.607838
          ],
          [
            8.049133,
            46.607808
          ],
          [
            8.049176,
            46.607769
          ],
          [
            8.049184,
            46.607754
          ],
          [
            8.049204,
            46.607735
          ],
          [
            8.049249,
            46.607717
          ],
          [
            8.049358,
            46.607672
          ],
          [
            8.049379,
            46.60766
          ],
          [
            8.049398,
            46.60764
          ],
          [
            8.049403,
            46.60763
          ],
          [
            8.049404,
            46.607618
          ],
          [
            8.049402,
            46.607614
          ],
          [
            8.049424,
            46.607596
          ],
          [
            8.049437,
            46.607585
          ],
          [
            8.049462,
            46.607585
          ],
          [
            8.049464,
            46.607593
          ],
          [
            8.049502,
            46.607571
          ],
          [
            8.049553,
            46.607533
          ],
          [
            8.049613,
            46.607512
          ],
          [
            8.049634,
            46.607506
          ],
          [
            8.049653,
            46.607491
          ],
          [
            8.049662,
            46.60749
          ],
          [
            8.049678,
            46.607483
          ],
          [
            8.049697,
            46.607473
          ],
          [
            8.049706,
            46.607461
          ],
          [
            8.049739,
            46.607457
          ],
          [
            8.049744,
            46.607454
          ],
          [
            8.04978,
            46.607424
          ],
          [
            8.049766,
            46.607418
          ],
          [
            8.049773,
            46.607415
          ],
          [
            8.049786,
            46.607431
          ],
          [
            8.049818,
            46.607432
          ],
          [
            8.049835,
            46.607417
          ],
          [
            8.049831,
            46.607415
          ],
          [
            8.049807,
            46.6074
          ],
          [
            8.049786,
            46.607393
          ],
          [
            8.04977,
            46.607386
          ],
          [
            8.049707,
            46.607372
          ],
          [
            8.04969,
            46.607363
          ],
          [
            8.049669,
            46.607372
          ],
          [
            8.049636,
            46.607366
          ],
          [
            8.049613,
            46.607355
          ],
          [
            8.0496,
            46.607349
          ],
          [
            8.049592,
            46.607353
          ],
          [
            8.04958,
            46.607356
          ],
          [
            8.049567,
            46.607369
          ],
          [
            8.049552,
            46.607383
          ],
          [
            8.049545,
            46.607385
          ],
          [
            8.049519,
            46.607401
          ],
          [
            8.049512,
            46.607406
          ],
          [
            8.049496,
            46.607412
          ],
          [
            8.049494,
            46.607402
          ],
          [
            8.049491,
            46.607398
          ],
          [
            8.049454,
            46.607412
          ],
          [
            8.049446,
            46.60742
          ],
          [
            8.049413,
            46.607417
          ],
          [
            8.049395,
            46.607404
          ],
          [
            8.049371,
            46.607387
          ],
          [
            8.049339,
            46.607394
          ],
          [
            8.04932,
            46.607388
          ],
          [
            8.049317,
            46.607386
          ],
          [
            8.049281,
            46.607383
          ],
          [
            8.049276,
            46.607393
          ],
          [
            8.049286,
            46.607402
          ],
          [
            8.049299,
            46.607407
          ],
          [
            8.049279,
            46.607397
          ],
          [
            8.049279,
            46.607383
          ],
          [
            8.049286,
            46.607372
          ],
          [
            8.049309,
            46.607355
          ],
          [
            8.049309,
            46.607352
          ],
          [
            8.049301,
            46.607347
          ],
          [
            8.049309,
            46.607361
          ],
          [
            8.049315,
            46.607374
          ],
          [
            8.049318,
            46.607387
          ],
          [
            8.049308,
            46.60744
          ],
          [
            8.049313,
            46.607455
          ],
          [
            8.049299,
            46.607443
          ],
          [
            8.049297,
            46.607442
          ],
          [
            8.049294,
            46.607439
          ],
          [
            8.049292,
            46.607436
          ],
          [
            8.049293,
            46.607434
          ],
          [
            8.049335,
            46.607415
          ],
          [
            8.049335,
            46.607416
          ],
          [
            8.049312,
            46.607436
          ],
          [
            8.049296,
            46.60743
          ],
          [
            8.049294,
            46.607439
          ],
          [
            8.049294,
            46.607439
          ],
          [
            8.049279,
            46.607419
          ],
          [
            8.049283,
            46.607412
          ],
          [
            8.049285,
            46.607407
          ],
          [
            8.049302,
            46.607436
          ],
          [
            8.049298,
            46.607433
          ],
          [
            8.049287,
            46.607409
          ],
          [
            8.049311,
            46.607392
          ],
          [
            8.049324,
            46.607417
          ],
          [
            8.049291,
            46.607411
          ],
          [
            8.049313,
            46.607423
          ],
          [
            8.049286,
            46.60743
          ],
          [
            8.049263,
            46.607421
          ],
          [
            8.049289,
            46.607427
          ],
          [
            8.049283,
            46.607421
          ],
          [
            8.049311,
            46.607425
          ],
          [
            8.049298,
            46.607429
          ],
          [
            8.049291,
            46.60742
          ],
          [
            8.049276,
            46.607408
          ],
          [
            8.049279,
            46.607415
          ],
          [
            8.049306,
            46.607439
          ],
          [
            8.049296,
            46.607425
          ],
          [
            8.049286,
            46.607429
          ],
          [
            8.049263,
            46.607418
          ],
          [
            8.049269,
            46.607424
          ],
          [
            8.04927,
            46.607424
          ],
          [
            8.049271,
            46.607428
          ],
          [
            8.04928,
            46.607434
          ],
          [
            8.049283,
            46.607388
          ],
          [
            8.049276,
            46.607381
          ],
          [
            8.049274,
            46.607378
          ],
          [
            8.049283,
            46.607392
          ],
          [
            8.049284,
            46.6074
          ],
          [
            8.049276,
            46.607399
          ],
          [
            8.049285,
            46.607403
          ],
          [
            8.049302,
            46.607405
          ],
          [
            8.049296,
            46.607406
          ],
          [
            8.04931,
            46.607397
          ],
          [
            8.049277,
            46.607422
          ],
          [
            8.049234,
            46.607429
          ],
          [
            8.049254,
            46.607421
          ],
          [
            8.049257,
            46.60742
          ],
          [
            8.049266,
            46.607423
          ],
          [
            8.049261,
            46.60745
          ],
          [
            8.049306,
            46.607401
          ],
          [
            8.049298,
            46.607397
          ],
          [
            8.049277,
            46.607389
          ],
          [
            8.049265,
            46.607387
          ],
          [
            8.04927,
            46.607388
          ],
          [
            8.049272,
            46.607389
          ],
          [
            8.049269,
            46.607407
          ],
          [
            8.049257,
            46.607393
          ],
          [
            8.049208,
            46.607398
          ],
          [
            8.049241,
            46.607426
          ],
          [
            8.049277,
            46.607389
          ],
          [
            8.049301,
            46.607361
          ],
          [
            8.049318,
            46.60735
          ],
          [
            8.049317,
            46.607342
          ],
          [
            8.049316,
            46.60734
          ],
          [
            8.049317,
            46.60733
          ],
          [
            8.049305,
            46.607357
          ],
          [
            8.049292,
            46.607388
          ],
          [
            8.049306,
            46.607398
          ],
          [
            8.049302,
            46.607395
          ],
          [
            8.049284,
            46.607396
          ],
          [
            8.049272,
            46.607401
          ],
          [
            8.049258,
            46.607396
          ],
          [
            8.049265,
            46.607395
          ],
          [
            8.049266,
            46.607383
          ],
          [
            8.049268,
            46.607371
          ],
          [
            8.04926,
            46.607351
          ],
          [
            8.049221,
            46.607332
          ],
          [
            8.049194,
            46.607326
          ],
          [
            8.049173,
            46.607323
          ],
          [
            8.049161,
            46.607321
          ],
          [
            8.049148,
            46.60732
          ],
          [
            8.049144,
            46.607321
          ],
          [
            8.049124,
            46.607321
          ],
          [
            8.04911,
            46.607319
          ],
          [
            8.049104,
            46.60732
          ],
          [
            8.049081,
            46.607323
          ],
          [
            8.049054,
            46.607335
          ],
          [
            8.04904,
            46.607338
          ],
          [
            8.049037,
            46.60734
          ],
          [
            8.048985,
            46.607346
          ],
          [
            8.048982,
            46.607345
          ],
          [
            8.048982,
            46.60734
          ],
          [
            8.048998,
            46.607328
          ],
          [
            8.049005,
            46.607325
          ],
          [
            8.049017,
            46.607316
          ],
          [
            8.049025,
            46.607298
          ],
          [
            8.049024,
            46.607298
          ],
          [
            8.049055,
            46.607278
          ],
          [
            8.049068,
            46.607263
          ],
          [
            8.049077,
            46.607239
          ],
          [
            8.049092,
            46.607243
          ],
          [
            8.04911,
            46.607238
          ],
          [
            8.049117,
            46.607233
          ],
          [
            8.049155,
            46.607206
          ],
          [
            8.049152,
            46.60719
          ],
          [
            8.049164,
            46.607169
          ],
          [
            8.049171,
            46.60716
          ],
          [
            8.049193,
            46.607146
          ],
          [
            8.049197,
            46.607141
          ],
          [
            8.049227,
            46.607106
          ],
          [
            8.049226,
            46.607096
          ],
          [
            8.049224,
            46.607095
          ],
          [
            8.049226,
            46.607092
          ],
          [
            8.049229,
            46.607089
          ],
          [
            8.049246,
            46.607078
          ],
          [
            8.04927,
            46.60707
          ],
          [
            8.049274,
            46.607064
          ],
          [
            8.049308,
            46.607032
          ],
          [
            8.049309,
            46.607037
          ],
          [
            8.049323,
            46.607022
          ],
          [
            8.049333,
            46.607
          ],
          [
            8.049338,
            46.606989
          ],
          [
            8.049365,
            46.606971
          ],
          [
            8.049408,
            46.606957
          ],
          [
            8.049435,
            46.606951
          ],
          [
            8.049486,
            46.606934
          ],
          [
            8.049533,
            46.606928
          ],
          [
            8.049582,
            46.606914
          ],
          [
            8.049584,
            46.60691
          ],
          [
            8.049598,
            46.606886
          ],
          [
            8.049607,
            46.60689
          ],
          [
            8.049595,
            46.60688
          ],
          [
            8.049579,
            46.606875
          ],
          [
            8.049551,
            46.606863
          ],
          [
            8.049507,
            46.60686
          ],
          [
            8.049515,
            46.606855
          ],
          [
            8.049529,
            46.606857
          ],
          [
            8.049542,
            46.606847
          ],
          [
            8.049558,
            46.606843
          ],
          [
            8.049568,
            46.606825
          ],
          [
            8.049578,
            46.606822
          ],
          [
            8.049587,
            46.606815
          ],
          [
            8.049596,
            46.606807
          ],
          [
            8.049609,
            46.606792
          ],
          [
            8.049612,
            46.606788
          ],
          [
            8.049634,
            46.606769
          ],
          [
            8.049639,
            46.606769
          ],
          [
            8.049673,
            46.60675
          ],
          [
            8.049676,
            46.606744
          ],
          [
            8.049659,
            46.606725
          ],
          [
            8.049646,
            46.606715
          ],
          [
            8.049614,
            46.606704
          ],
          [
            8.049612,
            46.606693
          ],
          [
            8.049612,
            46.606684
          ],
          [
            8.04961,
            46.606668
          ],
          [
            8.049612,
            46.606664
          ],
          [
            8.049652,
            46.606647
          ],
          [
            8.049693,
            46.606626
          ],
          [
            8.049723,
            46.606624
          ],
          [
            8.049743,
            46.606638
          ],
          [
            8.049741,
            46.606638
          ],
          [
            8.049752,
            46.606638
          ],
          [
            8.049746,
            46.606612
          ],
          [
            8.049741,
            46.606605
          ],
          [
            8.049708,
            46.606566
          ],
          [
            8.049691,
            46.606556
          ],
          [
            8.049645,
            46.606545
          ],
          [
            8.049628,
            46.606538
          ],
          [
            8.049629,
            46.606534
          ],
          [
            8.04963,
            46.606532
          ],
          [
            8.049637,
            46.606534
          ],
          [
            8.049649,
            46.606542
          ],
          [
            8.04965,
            46.606544
          ],
          [
            8.049645,
            46.606497
          ],
          [
            8.049644,
            46.60649
          ],
          [
            8.049634,
            46.606485
          ],
          [
            8.04962,
            46.606479
          ],
          [
            8.049588,
            46.606469
          ],
          [
            8.049602,
            46.606467
          ],
          [
            8.049618,
            46.606464
          ],
          [
            8.04962,
            46.60646
          ],
          [
            8.049638,
            46.606428
          ],
          [
            8.049642,
            46.606402
          ],
          [
            8.049648,
            46.606375
          ],
          [
            8.049641,
            46.606355
          ],
          [
            8.049569,
            46.606353
          ],
          [
            8.049549,
            46.606352
          ],
          [
            8.049575,
            46.606319
          ],
          [
            8.049578,
            46.606314
          ],
          [
            8.049603,
            46.606304
          ],
          [
            8.049602,
            46.606299
          ],
          [
            8.049606,
            46.606286
          ],
          [
            8.049586,
            46.606261
          ],
          [
            8.049558,
            46.606252
          ],
          [
            8.049537,
            46.606241
          ],
          [
            8.0495,
            46.606231
          ],
          [
            8.049478,
            46.606231
          ],
          [
            8.049473,
            46.606234
          ],
          [
            8.049431,
            46.606236
          ],
          [
            8.049403,
            46.606235
          ],
          [
            8.049391,
            46.606236
          ],
          [
            8.049446,
            46.606241
          ],
          [
            8.049445,
            46.606239
          ],
          [
            8.049444,
            46.606219
          ],
          [
            8.049444,
            46.606214
          ],
          [
            8.049418,
            46.606177
          ],
          [
            8.04941,
            46.606166
          ],
          [
            8.049421,
            46.606133
          ],
          [
            8.049416,
            46.606093
          ],
          [
            8.049419,
            46.606072
          ],
          [
            8.049435,
            46.606034
          ],
          [
            8.049444,
            46.605993
          ],
          [
            8.049449,
            46.60597
          ],
          [
            8.049445,
            46.605956
          ],
          [
            8.049429,
            46.605946
          ],
          [
            8.049398,
            46.60592
          ],
          [
            8.049347,
            46.605888
          ],
          [
            8.049342,
            46.605883
          ],
          [
            8.049301,
            46.605845
          ],
          [
            8.049284,
            46.605828
          ],
          [
            8.049194,
            46.605726
          ],
          [
            8.049182,
            46.60571
          ],
          [
            8.049146,
            46.605671
          ],
          [
            8.049132,
            46.605651
          ],
          [
            8.049121,
            46.605633
          ],
          [
            8.049107,
            46.605619
          ],
          [
            8.049101,
            46.60561
          ],
          [
            8.049086,
            46.605587
          ],
          [
            8.04905,
            46.605557
          ],
          [
            8.049044,
            46.605555
          ],
          [
            8.049033,
            46.605554
          ],
          [
            8.049001,
            46.605535
          ],
          [
            8.048988,
            46.605532
          ],
          [
            8.048942,
            46.605525
          ],
          [
            8.048934,
            46.605525
          ],
          [
            8.048894,
            46.60553
          ],
          [
            8.048858,
            46.605545
          ],
          [
            8.048825,
            46.605566
          ],
          [
            8.048816,
            46.605575
          ],
          [
            8.04881,
            46.605582
          ],
          [
            8.048775,
            46.605617
          ],
          [
            8.048758,
            46.605645
          ],
          [
            8.048749,
            46.605668
          ],
          [
            8.048685,
            46.605713
          ],
          [
            8.048659,
            46.605728
          ],
          [
            8.048582,
            46.605798
          ],
          [
            8.048526,
            46.605843
          ],
          [
            8.048502,
            46.60585
          ],
          [
            8.04849,
            46.605857
          ],
          [
            8.048454,
            46.605881
          ],
          [
            8.048451,
            46.60589
          ],
          [
            8.048445,
            46.605915
          ],
          [
            8.04844,
            46.605946
          ],
          [
            8.048426,
            46.60595
          ],
          [
            8.048389,
            46.605931
          ],
          [
            8.048385,
            46.605928
          ],
          [
            8.048365,
            46.605922
          ],
          [
            8.048327,
            46.605919
          ],
          [
            8.048321,
            46.605919
          ],
          [
            8.048288,
            46.605929
          ],
          [
            8.04822,
            46.60595
          ],
          [
            8.048184,
            46.605974
          ],
          [
            8.048161,
            46.605992
          ],
          [
            8.048127,
            46.606016
          ],
          [
            8.048083,
            46.606027
          ],
          [
            8.048064,
            46.60603
          ],
          [
            8.048029,
            46.606028
          ],
          [
            8.048006,
            46.60603
          ],
          [
            8.047968,
            46.606058
          ],
          [
            8.047922,
            46.606095
          ],
          [
            8.047927,
            46.606111
          ],
          [
            8.047928,
            46.606138
          ],
          [
            8.047929,
            46.606152
          ],
          [
            8.047955,
            46.606137
          ],
          [
            8.047916,
            46.606123
          ],
          [
            8.047939,
            46.606129
          ],
          [
            8.04794,
            46.60613
          ],
          [
            8.047952,
            46.606142
          ],
          [
            8.047952,
            46.606161
          ],
          [
            8.047943,
            46.606193
          ],
          [
            8.047946,
            46.606155
          ],
          [
            8.047949,
            46.606149
          ],
          [
            8.047944,
            46.606155
          ],
          [
            8.047937,
            46.606156
          ],
          [
            8.047937,
            46.606154
          ],
          [
            8.047937,
            46.606154
          ],
          [
            8.047868,
            46.606137
          ],
          [
            8.047855,
            46.606136
          ],
          [
            8.047756,
            46.60615
          ],
          [
            8.047663,
            46.606206
          ],
          [
            8.047648,
            46.606215
          ],
          [
            8.047597,
            46.606237
          ],
          [
            8.047533,
            46.606272
          ],
          [
            8.047432,
            46.606289
          ],
          [
            8.047409,
            46.606296
          ],
          [
            8.047343,
            46.606307
          ],
          [
            8.047327,
            46.606305
          ],
          [
            8.047256,
            46.60629
          ],
          [
            8.047192,
            46.606279
          ],
          [
            8.047177,
            46.606264
          ],
          [
            8.047165,
            46.606253
          ],
          [
            8.04712,
            46.606246
          ],
          [
            8.047105,
            46.606254
          ],
          [
            8.047023,
            46.606309
          ],
          [
            8.047014,
            46.606331
          ],
          [
            8.047016,
            46.606335
          ],
          [
            8.047003,
            46.606332
          ],
          [
            8.047003,
            46.60633
          ],
          [
            8.047002,
            46.60633
          ],
          [
            8.047003,
            46.60633
          ],
          [
            8.047003,
            46.60633
          ],
          [
            8.047003,
            46.60633
          ],
          [
            8.046989,
            46.60632
          ],
          [
            8.046964,
            46.606327
          ],
          [
            8.046905,
            46.606352
          ],
          [
            8.046858,
            46.606364
          ],
          [
            8.046793,
            46.606418
          ],
          [
            8.04671,
            46.606455
          ],
          [
            8.046666,
            46.606465
          ],
          [
            8.04655,
            46.606508
          ],
          [
            8.046505,
            46.606523
          ],
          [
            8.046443,
            46.606543
          ],
          [
            8.046431,
            46.606548
          ],
          [
            8.046357,
            46.606582
          ],
          [
            8.04633,
            46.606603
          ],
          [
            8.046323,
            46.606608
          ],
          [
            8.046203,
            46.606669
          ],
          [
            8.046185,
            46.606675
          ],
          [
            8.046113,
            46.606683
          ],
          [
            8.046076,
            46.606697
          ],
          [
            8.046009,
            46.606748
          ],
          [
            8.045995,
            46.606752
          ],
          [
            8.045977,
            46.606759
          ],
          [
            8.045952,
            46.606761
          ],
          [
            8.045905,
            46.606765
          ],
          [
            8.045886,
            46.606768
          ],
          [
            8.045807,
            46.606776
          ],
          [
            8.045789,
            46.606777
          ],
          [
            8.045689,
            46.606785
          ],
          [
            8.045678,
            46.606784
          ],
          [
            8.045595,
            46.606784
          ],
          [
            8.045532,
            46.606787
          ],
          [
            8.045514,
            46.606791
          ],
          [
            8.045461,
            46.606801
          ],
          [
            8.045426,
            46.606816
          ],
          [
            8.045366,
            46.606829
          ],
          [
            8.04532,
            46.606841
          ],
          [
            8.045234,
            46.606852
          ],
          [
            8.04521,
            46.606859
          ],
          [
            8.045158,
            46.606856
          ],
          [
            8.04512,
            46.606873
          ],
          [
            8.045047,
            46.606927
          ],
          [
            8.045027,
            46.606945
          ],
          [
            8.045046,
            46.606976
          ],
          [
            8.04504,
            46.606993
          ],
          [
            8.044996,
            46.607032
          ],
          [
            8.044982,
            46.607044
          ],
          [
            8.044958,
            46.607087
          ],
          [
            8.044935,
            46.607102
          ],
          [
            8.04491,
            46.607095
          ],
          [
            8.044863,
            46.60711
          ],
          [
            8.044823,
            46.607124
          ],
          [
            8.044803,
            46.607138
          ],
          [
            8.044764,
            46.607185
          ],
          [
            8.044683,
            46.607235
          ],
          [
            8.044667,
            46.607244
          ],
          [
            8.044564,
            46.607322
          ],
          [
            8.044504,
            46.607355
          ],
          [
            8.044476,
            46.607365
          ],
          [
            8.044446,
            46.607395
          ],
          [
            8.04443,
            46.607404
          ],
          [
            8.044367,
            46.60746
          ],
          [
            8.044349,
            46.607473
          ],
          [
            8.044323,
            46.607481
          ],
          [
            8.044282,
            46.607496
          ],
          [
            8.044272,
            46.6075
          ],
          [
            8.044235,
            46.607515
          ],
          [
            8.044182,
            46.607538
          ],
          [
            8.044169,
            46.607546
          ],
          [
            8.044128,
            46.607564
          ],
          [
            8.044083,
            46.607559
          ],
          [
            8.044069,
            46.607561
          ],
          [
            8.044036,
            46.607562
          ],
          [
            8.044,
            46.607558
          ],
          [
            8.043991,
            46.607556
          ],
          [
            8.043971,
            46.607556
          ],
          [
            8.04396,
            46.607555
          ],
          [
            8.043952,
            46.607555
          ],
          [
            8.043937,
            46.607552
          ],
          [
            8.043855,
            46.607542
          ],
          [
            8.043779,
            46.607541
          ],
          [
            8.043717,
            46.607514
          ],
          [
            8.043697,
            46.607505
          ],
          [
            8.043567,
            46.607438
          ],
          [
            8.043494,
            46.607392
          ],
          [
            8.043479,
            46.607386
          ],
          [
            8.043447,
            46.607371
          ],
          [
            8.043424,
            46.607364
          ],
          [
            8.043338,
            46.60735
          ],
          [
            8.043262,
            46.607336
          ],
          [
            8.043226,
            46.607331
          ],
          [
            8.043193,
            46.60733
          ],
          [
            8.04316,
            46.607322
          ],
          [
            8.043138,
            46.607318
          ],
          [
            8.043117,
            46.607308
          ],
          [
            8.043086,
            46.607304
          ],
          [
            8.042923,
            46.607301
          ],
          [
            8.042841,
            46.607293
          ],
          [
            8.042802,
            46.607291
          ],
          [
            8.042741,
            46.607291
          ],
          [
            8.042725,
            46.607289
          ],
          [
            8.042731,
            46.607288
          ],
          [
            8.042735,
            46.607285
          ],
          [
            8.042736,
            46.607284
          ],
          [
            8.042736,
            46.607284
          ],
          [
            8.042736,
            46.607284
          ],
          [
            8.042722,
            46.607282
          ],
          [
            8.042692,
            46.607274
          ],
          [
            8.042677,
            46.607272
          ],
          [
            8.042658,
            46.607271
          ],
          [
            8.042628,
            46.607254
          ],
          [
            8.042622,
            46.607248
          ],
          [
            8.042586,
            46.607234
          ],
          [
            8.042578,
            46.607234
          ],
          [
            8.042547,
            46.607237
          ],
          [
            8.042562,
            46.607241
          ],
          [
            8.042581,
            46.607234
          ],
          [
            8.042558,
            46.607219
          ],
          [
            8.042558,
            46.607217
          ],
          [
            8.042544,
            46.607216
          ],
          [
            8.042526,
            46.607216
          ],
          [
            8.042518,
            46.607221
          ],
          [
            8.042496,
            46.607225
          ],
          [
            8.042465,
            46.607232
          ],
          [
            8.042455,
            46.607235
          ],
          [
            8.042416,
            46.607245
          ],
          [
            8.042399,
            46.607238
          ],
          [
            8.042381,
            46.60724
          ],
          [
            8.04237,
            46.607243
          ],
          [
            8.042351,
            46.607245
          ],
          [
            8.042332,
            46.607248
          ],
          [
            8.042329,
            46.607249
          ],
          [
            8.04232,
            46.607252
          ],
          [
            8.042313,
            46.607252
          ],
          [
            8.04229,
            46.607247
          ],
          [
            8.042263,
            46.607227
          ],
          [
            8.042207,
            46.607214
          ],
          [
            8.042184,
            46.607214
          ],
          [
            8.042117,
            46.607213
          ],
          [
            8.042105,
            46.607212
          ],
          [
            8.042077,
            46.60721
          ],
          [
            8.042063,
            46.607206
          ],
          [
            8.042054,
            46.607207
          ],
          [
            8.042034,
            46.607209
          ],
          [
            8.042025,
            46.607206
          ],
          [
            8.042022,
            46.607206
          ],
          [
            8.042008,
            46.607193
          ],
          [
            8.041978,
            46.607187
          ],
          [
            8.041969,
            46.607185
          ],
          [
            8.041903,
            46.607186
          ],
          [
            8.041886,
            46.607183
          ],
          [
            8.041811,
            46.607182
          ],
          [
            8.04179,
            46.607185
          ],
          [
            8.04172,
            46.607207
          ],
          [
            8.041724,
            46.607225
          ],
          [
            8.041725,
            46.607209
          ],
          [
            8.041707,
            46.607196
          ],
          [
            8.041699,
            46.607193
          ],
          [
            8.041688,
            46.607187
          ],
          [
            8.041636,
            46.607193
          ],
          [
            8.041537,
            46.607213
          ],
          [
            8.041447,
            46.607242
          ],
          [
            8.041318,
            46.607236
          ],
          [
            8.041224,
            46.607216
          ],
          [
            8.041154,
            46.607209
          ],
          [
            8.041141,
            46.607205
          ],
          [
            8.041091,
            46.607189
          ],
          [
            8.04108,
            46.607186
          ],
          [
            8.041042,
            46.607175
          ],
          [
            8.041029,
            46.60717
          ],
          [
            8.041023,
            46.607168
          ],
          [
            8.041009,
            46.607163
          ],
          [
            8.040983,
            46.607153
          ],
          [
            8.04097,
            46.60715
          ],
          [
            8.040952,
            46.607145
          ],
          [
            8.040937,
            46.60714
          ],
          [
            8.040895,
            46.607131
          ],
          [
            8.04087,
            46.607133
          ],
          [
            8.040817,
            46.607125
          ],
          [
            8.040793,
            46.607113
          ],
          [
            8.040765,
            46.607104
          ],
          [
            8.040755,
            46.607101
          ],
          [
            8.040742,
            46.607099
          ],
          [
            8.040703,
            46.60709
          ],
          [
            8.040695,
            46.60709
          ],
          [
            8.040677,
            46.607091
          ],
          [
            8.040626,
            46.607094
          ],
          [
            8.04061,
            46.607094
          ],
          [
            8.040579,
            46.607079
          ],
          [
            8.04058,
            46.607072
          ],
          [
            8.040587,
            46.607034
          ],
          [
            8.040587,
            46.607026
          ],
          [
            8.040566,
            46.606988
          ],
          [
            8.040564,
            46.606984
          ],
          [
            8.040526,
            46.606923
          ],
          [
            8.040527,
            46.606916
          ],
          [
            8.040529,
            46.606928
          ],
          [
            8.040491,
            46.606895
          ],
          [
            8.04047,
            46.606881
          ],
          [
            8.040445,
            46.606856
          ],
          [
            8.040485,
            46.606825
          ],
          [
            8.040498,
            46.606802
          ],
          [
            8.040493,
            46.606802
          ],
          [
            8.04048,
            46.606786
          ],
          [
            8.040473,
            46.606785
          ],
          [
            8.040413,
            46.606748
          ],
          [
            8.04036,
            46.606713
          ],
          [
            8.040347,
            46.606705
          ],
          [
            8.040335,
            46.606695
          ],
          [
            8.040319,
            46.606649
          ],
          [
            8.040252,
            46.606622
          ],
          [
            8.0402,
            46.606613
          ],
          [
            8.040149,
            46.606614
          ],
          [
            8.040139,
            46.60661
          ],
          [
            8.040054,
            46.606571
          ],
          [
            8.039934,
            46.606569
          ],
          [
            8.039903,
            46.606572
          ],
          [
            8.039788,
            46.60656
          ],
          [
            8.039671,
            46.606513
          ],
          [
            8.039661,
            46.606507
          ],
          [
            8.039561,
            46.606452
          ],
          [
            8.039548,
            46.606447
          ],
          [
            8.039479,
            46.606438
          ],
          [
            8.039422,
            46.606435
          ],
          [
            8.039399,
            46.606431
          ],
          [
            8.03933,
            46.606391
          ],
          [
            8.039256,
            46.606357
          ],
          [
            8.039175,
            46.60628
          ],
          [
            8.03912,
            46.60618
          ],
          [
            8.039018,
            46.606099
          ],
          [
            8.038938,
            46.606053
          ],
          [
            8.03888,
            46.605997
          ],
          [
            8.038808,
            46.60595
          ],
          [
            8.038768,
            46.605928
          ],
          [
            8.03873,
            46.605911
          ],
          [
            8.038719,
            46.605925
          ],
          [
            8.038671,
            46.605863
          ],
          [
            8.038614,
            46.605781
          ],
          [
            8.038591,
            46.605757
          ],
          [
            8.038574,
            46.605756
          ],
          [
            8.038583,
            46.605749
          ],
          [
            8.038583,
            46.605749
          ],
          [
            8.038588,
            46.605716
          ],
          [
            8.038576,
            46.605648
          ],
          [
            8.038551,
            46.605597
          ],
          [
            8.038502,
            46.605582
          ],
          [
            8.038477,
            46.605565
          ],
          [
            8.038423,
            46.605504
          ],
          [
            8.038383,
            46.60549
          ],
          [
            8.038376,
            46.605494
          ],
          [
            8.038367,
            46.605501
          ],
          [
            8.038307,
            46.605511
          ],
          [
            8.038285,
            46.605507
          ],
          [
            8.03829,
            46.60551
          ],
          [
            8.038268,
            46.605503
          ],
          [
            8.03821,
            46.605477
          ],
          [
            8.038182,
            46.605477
          ],
          [
            8.038105,
            46.605469
          ],
          [
            8.038099,
            46.605456
          ],
          [
            8.038085,
            46.605452
          ],
          [
            8.038086,
            46.605451
          ],
          [
            8.038086,
            46.605451
          ],
          [
            8.038086,
            46.605451
          ],
          [
            8.038086,
            46.605451
          ],
          [
            8.038086,
            46.605451
          ],
          [
            8.038086,
            46.605451
          ],
          [
            8.038071,
            46.60543
          ],
          [
            8.038053,
            46.605416
          ],
          [
            8.038004,
            46.605398
          ],
          [
            8.037977,
            46.605383
          ],
          [
            8.037965,
            46.605358
          ],
          [
            8.03794,
            46.605347
          ],
          [
            8.037912,
            46.605341
          ],
          [
            8.037847,
            46.605351
          ],
          [
            8.037747,
            46.605365
          ],
          [
            8.037674,
            46.605348
          ],
          [
            8.037659,
            46.605347
          ],
          [
            8.037593,
            46.605352
          ],
          [
            8.03757,
            46.60536
          ],
          [
            8.037495,
            46.605353
          ],
          [
            8.03741,
            46.60537
          ],
          [
            8.037317,
            46.605404
          ],
          [
            8.03722,
            46.60544
          ],
          [
            8.037133,
            46.60549
          ],
          [
            8.037019,
            46.605514
          ],
          [
            8.03697,
            46.60551
          ],
          [
            8.036895,
            46.605495
          ],
          [
            8.036859,
            46.605488
          ],
          [
            8.036769,
            46.605477
          ],
          [
            8.036758,
            46.605476
          ],
          [
            8.036684,
            46.605486
          ],
          [
            8.036635,
            46.605497
          ],
          [
            8.03653,
            46.605494
          ],
          [
            8.036488,
            46.605495
          ],
          [
            8.03642,
            46.605494
          ],
          [
            8.036277,
            46.605519
          ],
          [
            8.036245,
            46.605535
          ],
          [
            8.036121,
            46.60559
          ],
          [
            8.036048,
            46.605575
          ],
          [
            8.036037,
            46.605574
          ],
          [
            8.035884,
            46.60555
          ],
          [
            8.035745,
            46.605592
          ],
          [
            8.035622,
            46.605608
          ],
          [
            8.03561,
            46.605593
          ],
          [
            8.035605,
            46.605596
          ],
          [
            8.035605,
            46.605633
          ],
          [
            8.035605,
            46.605628
          ],
          [
            8.035576,
            46.605616
          ],
          [
            8.035511,
            46.605592
          ],
          [
            8.035475,
            46.605593
          ],
          [
            8.035407,
            46.605578
          ],
          [
            8.035335,
            46.605571
          ],
          [
            8.035264,
            46.605558
          ],
          [
            8.035222,
            46.605553
          ],
          [
            8.035204,
            46.605551
          ],
          [
            8.03515,
            46.605545
          ],
          [
            8.035139,
            46.605545
          ],
          [
            8.035099,
            46.605547
          ],
          [
            8.035079,
            46.605549
          ],
          [
            8.03505,
            46.605553
          ],
          [
            8.035007,
            46.605554
          ],
          [
            8.034944,
            46.605555
          ],
          [
            8.034927,
            46.605554
          ],
          [
            8.0349,
            46.605563
          ],
          [
            8.034889,
            46.605562
          ],
          [
            8.034845,
            46.60557
          ],
          [
            8.03481,
            46.605572
          ],
          [
            8.0348,
            46.605574
          ],
          [
            8.034773,
            46.605577
          ],
          [
            8.034753,
            46.605581
          ],
          [
            8.034739,
            46.605587
          ],
          [
            8.034725,
            46.605585
          ],
          [
            8.03471,
            46.605575
          ],
          [
            8.0347,
            46.605559
          ],
          [
            8.034685,
            46.605555
          ],
          [
            8.034679,
            46.605553
          ],
          [
            8.03462,
            46.605553
          ],
          [
            8.034573,
            46.605553
          ],
          [
            8.034535,
            46.605557
          ],
          [
            8.034495,
            46.605557
          ],
          [
            8.03441,
            46.605574
          ],
          [
            8.034384,
            46.605578
          ],
          [
            8.034365,
            46.605575
          ],
          [
            8.034331,
            46.60556
          ],
          [
            8.03433,
            46.605553
          ],
          [
            8.034303,
            46.605544
          ],
          [
            8.034284,
            46.605549
          ],
          [
            8.034275,
            46.605548
          ],
          [
            8.034255,
            46.605533
          ],
          [
            8.034256,
            46.605529
          ],
          [
            8.034215,
            46.605518
          ],
          [
            8.034216,
            46.605517
          ],
          [
            8.034204,
            46.60553
          ],
          [
            8.034208,
            46.605541
          ],
          [
            8.034201,
            46.60555
          ],
          [
            8.034184,
            46.605545
          ],
          [
            8.034163,
            46.605552
          ],
          [
            8.034159,
            46.605574
          ],
          [
            8.034163,
            46.605573
          ],
          [
            8.034165,
            46.605567
          ],
          [
            8.034139,
            46.605559
          ],
          [
            8.034183,
            46.605493
          ],
          [
            8.034202,
            46.605483
          ],
          [
            8.034212,
            46.605505
          ],
          [
            8.034219,
            46.605511
          ],
          [
            8.034225,
            46.605514
          ],
          [
            8.034226,
            46.605518
          ],
          [
            8.034221,
            46.605511
          ],
          [
            8.034235,
            46.605482
          ],
          [
            8.034237,
            46.605476
          ],
          [
            8.034235,
            46.605453
          ],
          [
            8.034201,
            46.605429
          ],
          [
            8.034192,
            46.605424
          ],
          [
            8.034157,
            46.605425
          ],
          [
            8.03414,
            46.605432
          ],
          [
            8.034114,
            46.605437
          ],
          [
            8.034013,
            46.605456
          ],
          [
            8.033968,
            46.605455
          ],
          [
            8.033938,
            46.605457
          ],
          [
            8.033901,
            46.605454
          ],
          [
            8.033914,
            46.605444
          ],
          [
            8.033904,
            46.605435
          ],
          [
            8.033864,
            46.605439
          ],
          [
            8.03384,
            46.605435
          ],
          [
            8.033833,
            46.605435
          ],
          [
            8.033802,
            46.605436
          ],
          [
            8.033766,
            46.605435
          ],
          [
            8.033761,
            46.605433
          ],
          [
            8.033703,
            46.605403
          ],
          [
            8.0337,
            46.605399
          ],
          [
            8.033701,
            46.605399
          ],
          [
            8.033656,
            46.605381
          ],
          [
            8.033601,
            46.605343
          ],
          [
            8.03358,
            46.605332
          ],
          [
            8.033525,
            46.605291
          ],
          [
            8.033496,
            46.605243
          ],
          [
            8.033486,
            46.605223
          ],
          [
            8.03347,
            46.605187
          ],
          [
            8.033465,
            46.605173
          ],
          [
            8.033455,
            46.605141
          ],
          [
            8.033435,
            46.605097
          ],
          [
            8.033428,
            46.605084
          ],
          [
            8.033395,
            46.60505
          ],
          [
            8.033385,
            46.605038
          ],
          [
            8.033363,
            46.604993
          ],
          [
            8.033323,
            46.604953
          ],
          [
            8.033304,
            46.604932
          ],
          [
            8.033284,
            46.604913
          ],
          [
            8.033264,
            46.604895
          ],
          [
            8.033242,
            46.604881
          ],
          [
            8.03323,
            46.604875
          ],
          [
            8.033157,
            46.604834
          ],
          [
            8.033143,
            46.604825
          ],
          [
            8.033066,
            46.604796
          ],
          [
            8.033002,
            46.604761
          ],
          [
            8.032897,
            46.604709
          ],
          [
            8.032815,
            46.604686
          ],
          [
            8.032784,
            46.604674
          ],
          [
            8.032724,
            46.604656
          ],
          [
            8.032713,
            46.604653
          ],
          [
            8.032667,
            46.604641
          ],
          [
            8.032618,
            46.604605
          ],
          [
            8.032565,
            46.60453
          ],
          [
            8.032558,
            46.604522
          ],
          [
            8.032513,
            46.604494
          ],
          [
            8.032499,
            46.604478
          ],
          [
            8.032495,
            46.604465
          ],
          [
            8.032486,
            46.604446
          ],
          [
            8.032485,
            46.604433
          ],
          [
            8.032473,
            46.604422
          ],
          [
            8.032471,
            46.604414
          ],
          [
            8.032455,
            46.604401
          ],
          [
            8.032404,
            46.604382
          ],
          [
            8.03232,
            46.604399
          ],
          [
            8.032305,
            46.604397
          ],
          [
            8.032255,
            46.604403
          ],
          [
            8.032243,
            46.604404
          ],
          [
            8.032216,
            46.604398
          ],
          [
            8.032208,
            46.604395
          ],
          [
            8.032212,
            46.604388
          ],
          [
            8.03219,
            46.604383
          ],
          [
            8.032158,
            46.604376
          ],
          [
            8.032139,
            46.604363
          ],
          [
            8.032138,
            46.60436
          ],
          [
            8.0321,
            46.604356
          ],
          [
            8.032061,
            46.604355
          ],
          [
            8.032041,
            46.604349
          ],
          [
            8.032036,
            46.604348
          ],
          [
            8.032004,
            46.604344
          ],
          [
            8.031982,
            46.604341
          ],
          [
            8.03198,
            46.604341
          ],
          [
            8.031958,
            46.604349
          ],
          [
            8.031944,
            46.60435
          ],
          [
            8.031919,
            46.604354
          ],
          [
            8.031895,
            46.60436
          ],
          [
            8.031876,
            46.604371
          ],
          [
            8.031925,
            46.604366
          ],
          [
            8.031933,
            46.604354
          ],
          [
            8.031948,
            46.604315
          ],
          [
            8.031952,
            46.604307
          ],
          [
            8.031966,
            46.604283
          ],
          [
            8.031984,
            46.60427
          ],
          [
            8.032003,
            46.604243
          ],
          [
            8.032003,
            46.604233
          ],
          [
            8.031971,
            46.604211
          ],
          [
            8.031954,
            46.604207
          ],
          [
            8.031916,
            46.6042
          ],
          [
            8.03187,
            46.604201
          ],
          [
            8.031857,
            46.6042
          ],
          [
            8.031818,
            46.604204
          ],
          [
            8.031789,
            46.604204
          ],
          [
            8.031755,
            46.604202
          ],
          [
            8.031679,
            46.604179
          ],
          [
            8.031638,
            46.604132
          ],
          [
            8.031635,
            46.604126
          ],
          [
            8.031631,
            46.604127
          ],
          [
            8.031617,
            46.604141
          ],
          [
            8.031594,
            46.604086
          ],
          [
            8.031594,
            46.604011
          ],
          [
            8.031588,
            46.60401
          ],
          [
            8.031588,
            46.604022
          ],
          [
            8.031587,
            46.604033
          ],
          [
            8.031589,
            46.604046
          ],
          [
            8.031602,
            46.604097
          ],
          [
            8.031619,
            46.604132
          ],
          [
            8.031639,
            46.604149
          ],
          [
            8.031641,
            46.604142
          ],
          [
            8.031643,
            46.604141
          ],
          [
            8.031647,
            46.604142
          ],
          [
            8.03165,
            46.604142
          ],
          [
            8.031651,
            46.604144
          ],
          [
            8.031653,
            46.604149
          ],
          [
            8.031664,
            46.60416
          ],
          [
            8.031653,
            46.604149
          ],
          [
            8.031646,
            46.604152
          ],
          [
            8.031648,
            46.604147
          ],
          [
            8.031626,
            46.604165
          ],
          [
            8.031616,
            46.604171
          ],
          [
            8.031622,
            46.604163
          ],
          [
            8.031633,
            46.604164
          ],
          [
            8.031622,
            46.604162
          ],
          [
            8.031625,
            46.604162
          ],
          [
            8.031641,
            46.604159
          ],
          [
            8.031662,
            46.60416
          ],
          [
            8.031662,
            46.604162
          ],
          [
            8.031644,
            46.604132
          ],
          [
            8.031627,
            46.604119
          ],
          [
            8.031615,
            46.604116
          ],
          [
            8.031636,
            46.604116
          ],
          [
            8.031619,
            46.604118
          ],
          [
            8.031618,
            46.604119
          ],
          [
            8.03163,
            46.604125
          ],
          [
            8.031629,
            46.604126
          ],
          [
            8.03163,
            46.604125
          ],
          [
            8.03163,
            46.604125
          ],
          [
            8.031643,
            46.604129
          ],
          [
            8.031629,
            46.604119
          ],
          [
            8.031633,
            46.604116
          ],
          [
            8.03163,
            46.604125
          ],
          [
            8.031657,
            46.604121
          ],
          [
            8.031652,
            46.604115
          ],
          [
            8.03165,
            46.604112
          ],
          [
            8.031646,
            46.604111
          ],
          [
            8.031646,
            46.604111
          ],
          [
            8.031646,
            46.604111
          ],
          [
            8.031646,
            46.604111
          ],
          [
            8.031646,
            46.604111
          ],
          [
            8.031646,
            46.604111
          ],
          [
            8.031646,
            46.604111
          ],
          [
            8.031646,
            46.604111
          ],
          [
            8.031632,
            46.604136
          ],
          [
            8.031644,
            46.604142
          ],
          [
            8.031632,
            46.604136
          ],
          [
            8.031632,
            46.604136
          ],
          [
            8.031632,
            46.604136
          ],
          [
            8.031612,
            46.604131
          ],
          [
            8.031632,
            46.604136
          ],
          [
            8.031632,
            46.604136
          ],
          [
            8.031632,
            46.604136
          ],
          [
            8.031632,
            46.604136
          ],
          [
            8.031615,
            46.604134
          ],
          [
            8.031632,
            46.604136
          ],
          [
            8.031643,
            46.604163
          ],
          [
            8.031644,
            46.604162
          ],
          [
            8.031644,
            46.604162
          ],
          [
            8.031627,
            46.604129
          ],
          [
            8.031604,
            46.604106
          ],
          [
            8.031604,
            46.604106
          ],
          [
            8.031624,
            46.604114
          ],
          [
            8.031614,
            46.604122
          ],
          [
            8.031566,
            46.604131
          ],
          [
            8.031585,
            46.604141
          ],
          [
            8.031583,
            46.604145
          ],
          [
            8.031583,
            46.604145
          ],
          [
            8.031598,
            46.604132
          ],
          [
            8.031603,
            46.604128
          ],
          [
            8.031576,
            46.604123
          ],
          [
            8.031613,
            46.604129
          ],
          [
            8.031626,
            46.604128
          ],
          [
            8.031632,
            46.604125
          ],
          [
            8.031633,
            46.604141
          ],
          [
            8.031629,
            46.604143
          ],
          [
            8.031625,
            46.604145
          ],
          [
            8.031611,
            46.604158
          ],
          [
            8.031577,
            46.604129
          ],
          [
            8.03158,
            46.604126
          ],
          [
            8.031626,
            46.604117
          ],
          [
            8.031595,
            46.604116
          ],
          [
            8.031595,
            46.604116
          ],
          [
            8.031595,
            46.604116
          ],
          [
            8.031595,
            46.604116
          ],
          [
            8.031597,
            46.604123
          ],
          [
            8.031607,
            46.60412
          ],
          [
            8.031627,
            46.604114
          ],
          [
            8.031646,
            46.604107
          ],
          [
            8.031635,
            46.604115
          ],
          [
            8.031605,
            46.604123
          ],
          [
            8.031641,
            46.604117
          ],
          [
            8.031636,
            46.604133
          ],
          [
            8.031631,
            46.604138
          ],
          [
            8.031642,
            46.604129
          ],
          [
            8.031649,
            46.604119
          ],
          [
            8.031642,
            46.60412
          ],
          [
            8.031645,
            46.604126
          ],
          [
            8.031628,
            46.604138
          ],
          [
            8.031623,
            46.60417
          ],
          [
            8.031615,
            46.604144
          ],
          [
            8.031639,
            46.604142
          ],
          [
            8.031636,
            46.60414
          ],
          [
            8.031636,
            46.60414
          ],
          [
            8.03163,
            46.604129
          ],
          [
            8.03161,
            46.60412
          ],
          [
            8.031589,
            46.604119
          ],
          [
            8.03158,
            46.604115
          ],
          [
            8.03158,
            46.604115
          ],
          [
            8.03158,
            46.604115
          ],
          [
            8.031599,
            46.604137
          ],
          [
            8.031602,
            46.604144
          ],
          [
            8.031633,
            46.604128
          ],
          [
            8.031651,
            46.604106
          ],
          [
            8.031646,
            46.604104
          ],
          [
            8.031637,
            46.604105
          ],
          [
            8.031633,
            46.604102
          ],
          [
            8.031631,
            46.604103
          ],
          [
            8.031631,
            46.604103
          ],
          [
            8.031644,
            46.604102
          ],
          [
            8.031654,
            46.604115
          ],
          [
            8.031661,
            46.604108
          ],
          [
            8.031661,
            46.604108
          ],
          [
            8.031661,
            46.604108
          ],
          [
            8.031661,
            46.604108
          ],
          [
            8.031661,
            46.604108
          ],
          [
            8.031642,
            46.604115
          ],
          [
            8.03164,
            46.604116
          ],
          [
            8.031631,
            46.604111
          ],
          [
            8.031622,
            46.604118
          ],
          [
            8.031625,
            46.604118
          ],
          [
            8.031623,
            46.604117
          ],
          [
            8.031601,
            46.604131
          ],
          [
            8.031661,
            46.604141
          ],
          [
            8.031668,
            46.604143
          ],
          [
            8.031674,
            46.604143
          ],
          [
            8.031638,
            46.604146
          ],
          [
            8.031673,
            46.604141
          ],
          [
            8.03167,
            46.604146
          ],
          [
            8.031667,
            46.604146
          ],
          [
            8.031672,
            46.604147
          ],
          [
            8.031649,
            46.604146
          ],
          [
            8.03167,
            46.604146
          ],
          [
            8.03168,
            46.604157
          ],
          [
            8.031698,
            46.60415
          ],
          [
            8.031713,
            46.604127
          ],
          [
            8.031715,
            46.604137
          ],
          [
            8.031711,
            46.60413
          ],
          [
            8.031717,
            46.604132
          ],
          [
            8.031729,
            46.604124
          ],
          [
            8.031739,
            46.604113
          ],
          [
            8.031703,
            46.604136
          ],
          [
            8.031678,
            46.604153
          ],
          [
            8.031673,
            46.604135
          ],
          [
            8.03166,
            46.60413
          ],
          [
            8.031663,
            46.604127
          ],
          [
            8.031659,
            46.604126
          ],
          [
            8.031639,
            46.604125
          ],
          [
            8.031651,
            46.60412
          ],
          [
            8.031654,
            46.604118
          ],
          [
            8.031671,
            46.604102
          ],
          [
            8.031689,
            46.604097
          ],
          [
            8.031677,
            46.604106
          ],
          [
            8.031682,
            46.604108
          ],
          [
            8.031718,
            46.604085
          ],
          [
            8.03172,
            46.604083
          ],
          [
            8.031681,
            46.604115
          ],
          [
            8.031665,
            46.60412
          ],
          [
            8.03167,
            46.604098
          ],
          [
            8.031672,
            46.604098
          ],
          [
            8.03163,
            46.604114
          ],
          [
            8.031616,
            46.604113
          ],
          [
            8.031587,
            46.604123
          ],
          [
            8.03158,
            46.604123
          ],
          [
            8.031607,
            46.604118
          ],
          [
            8.03158,
            46.604113
          ],
          [
            8.031529,
            46.604106
          ],
          [
            8.031607,
            46.604102
          ],
          [
            8.031588,
            46.604104
          ],
          [
            8.031596,
            46.604107
          ],
          [
            8.031649,
            46.604114
          ],
          [
            8.031685,
            46.604118
          ],
          [
            8.031667,
            46.604144
          ],
          [
            8.031658,
            46.604151
          ],
          [
            8.031646,
            46.604161
          ],
          [
            8.03163,
            46.604165
          ],
          [
            8.031618,
            46.604164
          ],
          [
            8.031618,
            46.604164
          ],
          [
            8.031615,
            46.604163
          ],
          [
            8.031609,
            46.604162
          ],
          [
            8.031592,
            46.604166
          ],
          [
            8.031623,
            46.604152
          ],
          [
            8.031638,
            46.604186
          ],
          [
            8.031643,
            46.604197
          ],
          [
            8.031621,
            46.604182
          ],
          [
            8.031628,
            46.604182
          ],
          [
            8.031632,
            46.604179
          ],
          [
            8.031632,
            46.604179
          ],
          [
            8.031632,
            46.604179
          ],
          [
            8.031632,
            46.604179
          ],
          [
            8.031632,
            46.604179
          ],
          [
            8.031632,
            46.604179
          ],
          [
            8.031632,
            46.604179
          ],
          [
            8.031646,
            46.604183
          ],
          [
            8.031671,
            46.604149
          ],
          [
            8.031675,
            46.604124
          ],
          [
            8.03167,
            46.604129
          ],
          [
            8.031674,
            46.604131
          ],
          [
            8.031702,
            46.604121
          ],
          [
            8.031694,
            46.604147
          ],
          [
            8.031672,
            46.604135
          ],
          [
            8.031662,
            46.604141
          ],
          [
            8.031598,
            46.604153
          ],
          [
            8.031581,
            46.604167
          ],
          [
            8.031599,
            46.604158
          ],
          [
            8.031632,
            46.604139
          ],
          [
            8.03164,
            46.604139
          ],
          [
            8.031653,
            46.604139
          ],
          [
            8.031651,
            46.604143
          ],
          [
            8.031661,
            46.604137
          ],
          [
            8.03165,
            46.604139
          ],
          [
            8.031661,
            46.604133
          ],
          [
            8.031676,
            46.604103
          ],
          [
            8.031679,
            46.604128
          ],
          [
            8.031652,
            46.604136
          ],
          [
            8.031662,
            46.604148
          ],
          [
            8.031655,
            46.604139
          ],
          [
            8.031647,
            46.60413
          ],
          [
            8.031665,
            46.604131
          ],
          [
            8.031677,
            46.604127
          ],
          [
            8.031676,
            46.604126
          ],
          [
            8.031671,
            46.604126
          ],
          [
            8.031636,
            46.60415
          ],
          [
            8.031634,
            46.604147
          ],
          [
            8.031627,
            46.604148
          ],
          [
            8.031639,
            46.604152
          ],
          [
            8.031653,
            46.604118
          ],
          [
            8.031662,
            46.604113
          ],
          [
            8.031654,
            46.604123
          ],
          [
            8.031646,
            46.604128
          ],
          [
            8.03163,
            46.604144
          ],
          [
            8.031639,
            46.604144
          ],
          [
            8.031631,
            46.604143
          ],
          [
            8.03164,
            46.60415
          ],
          [
            8.031648,
            46.604145
          ],
          [
            8.031655,
            46.604124
          ],
          [
            8.031661,
            46.604124
          ],
          [
            8.031657,
            46.604133
          ],
          [
            8.031645,
            46.604137
          ],
          [
            8.031624,
            46.604153
          ],
          [
            8.03161,
            46.604155
          ],
          [
            8.03161,
            46.604155
          ],
          [
            8.03161,
            46.604155
          ],
          [
            8.031602,
            46.604139
          ],
          [
            8.031592,
            46.604134
          ],
          [
            8.031584,
            46.604132
          ],
          [
            8.031584,
            46.604132
          ],
          [
            8.031584,
            46.604132
          ],
          [
            8.031584,
            46.604132
          ],
          [
            8.031584,
            46.604132
          ],
          [
            8.031584,
            46.604132
          ],
          [
            8.031622,
            46.604131
          ],
          [
            8.031634,
            46.604139
          ],
          [
            8.031602,
            46.604116
          ],
          [
            8.031606,
            46.604113
          ],
          [
            8.031614,
            46.60412
          ],
          [
            8.031644,
            46.604127
          ],
          [
            8.031648,
            46.604126
          ],
          [
            8.031643,
            46.604129
          ],
          [
            8.031632,
            46.604136
          ],
          [
            8.031625,
            46.604126
          ],
          [
            8.031624,
            46.604123
          ],
          [
            8.031626,
            46.604139
          ],
          [
            8.031622,
            46.60415
          ],
          [
            8.031602,
            46.604179
          ],
          [
            8.031607,
            46.604171
          ],
          [
            8.031594,
            46.604166
          ],
          [
            8.031581,
            46.604166
          ],
          [
            8.031578,
            46.604167
          ],
          [
            8.031627,
            46.604161
          ],
          [
            8.031659,
            46.604144
          ],
          [
            8.031657,
            46.60412
          ],
          [
            8.031681,
            46.604119
          ],
          [
            8.031676,
            46.604131
          ],
          [
            8.031678,
            46.60413
          ],
          [
            8.031703,
            46.604138
          ],
          [
            8.031685,
            46.60413
          ],
          [
            8.031657,
            46.604146
          ],
          [
            8.031641,
            46.604118
          ],
          [
            8.031644,
            46.604118
          ],
          [
            8.031649,
            46.604122
          ],
          [
            8.031644,
            46.604118
          ],
          [
            8.031642,
            46.604118
          ],
          [
            8.031644,
            46.604117
          ],
          [
            8.031646,
            46.604117
          ],
          [
            8.031647,
            46.604116
          ],
          [
            8.031654,
            46.604116
          ],
          [
            8.031659,
            46.604135
          ],
          [
            8.031652,
            46.604119
          ],
          [
            8.031629,
            46.604121
          ],
          [
            8.03161,
            46.604142
          ],
          [
            8.03161,
            46.604138
          ],
          [
            8.031625,
            46.604141
          ],
          [
            8.03162,
            46.604127
          ],
          [
            8.031609,
            46.60413
          ],
          [
            8.031609,
            46.604136
          ],
          [
            8.031571,
            46.604133
          ],
          [
            8.03157,
            46.604134
          ],
          [
            8.031578,
            46.604139
          ],
          [
            8.0316,
            46.604134
          ],
          [
            8.031626,
            46.604131
          ],
          [
            8.031632,
            46.604119
          ],
          [
            8.031642,
            46.604145
          ],
          [
            8.03163,
            46.604149
          ],
          [
            8.031622,
            46.604136
          ],
          [
            8.031622,
            46.604123
          ],
          [
            8.031626,
            46.604117
          ],
          [
            8.031651,
            46.604114
          ],
          [
            8.031653,
            46.604116
          ],
          [
            8.031626,
            46.604162
          ],
          [
            8.031617,
            46.604147
          ],
          [
            8.031617,
            46.604129
          ],
          [
            8.031618,
            46.604112
          ],
          [
            8.031621,
            46.604111
          ],
          [
            8.031622,
            46.604119
          ],
          [
            8.031628,
            46.604122
          ],
          [
            8.031624,
            46.60411
          ],
          [
            8.031607,
            46.604108
          ],
          [
            8.031603,
            46.604109
          ],
          [
            8.031591,
            46.604111
          ],
          [
            8.031606,
            46.604108
          ],
          [
            8.031623,
            46.604105
          ],
          [
            8.031627,
            46.604109
          ],
          [
            8.031615,
            46.60411
          ],
          [
            8.031627,
            46.604119
          ],
          [
            8.031639,
            46.604127
          ],
          [
            8.031625,
            46.604119
          ],
          [
            8.031627,
            46.604118
          ],
          [
            8.03163,
            46.604117
          ],
          [
            8.031625,
            46.604118
          ],
          [
            8.031624,
            46.604119
          ],
          [
            8.031606,
            46.604129
          ],
          [
            8.03161,
            46.604131
          ],
          [
            8.031628,
            46.604131
          ],
          [
            8.031637,
            46.604136
          ],
          [
            8.031623,
            46.604133
          ],
          [
            8.031608,
            46.60413
          ],
          [
            8.031617,
            46.604148
          ],
          [
            8.031633,
            46.604158
          ],
          [
            8.031624,
            46.604156
          ],
          [
            8.03163,
            46.604157
          ],
          [
            8.031623,
            46.604138
          ],
          [
            8.031649,
            46.604138
          ],
          [
            8.031626,
            46.60413
          ],
          [
            8.031622,
            46.604158
          ],
          [
            8.03162,
            46.604159
          ],
          [
            8.031594,
            46.604155
          ],
          [
            8.031601,
            46.604148
          ],
          [
            8.031609,
            46.604147
          ],
          [
            8.031609,
            46.604146
          ],
          [
            8.031615,
            46.604127
          ],
          [
            8.03161,
            46.604123
          ],
          [
            8.03161,
            46.604125
          ],
          [
            8.031628,
            46.60413
          ],
          [
            8.031609,
            46.60413
          ],
          [
            8.031606,
            46.604122
          ],
          [
            8.031599,
            46.604104
          ],
          [
            8.031593,
            46.604096
          ],
          [
            8.031589,
            46.604048
          ],
          [
            8.031585,
            46.60403
          ],
          [
            8.031581,
            46.604021
          ],
          [
            8.031558,
            46.603965
          ],
          [
            8.031552,
            46.603951
          ],
          [
            8.031489,
            46.60386
          ],
          [
            8.031473,
            46.60384
          ],
          [
            8.031453,
            46.603814
          ],
          [
            8.031437,
            46.603793
          ],
          [
            8.031398,
            46.603742
          ],
          [
            8.031318,
            46.603692
          ],
          [
            8.031267,
            46.603675
          ],
          [
            8.03125,
            46.603669
          ],
          [
            8.031192,
            46.603645
          ],
          [
            8.031183,
            46.603639
          ],
          [
            8.031146,
            46.60362
          ],
          [
            8.031103,
            46.603614
          ],
          [
            8.031093,
            46.603612
          ],
          [
            8.031055,
            46.603612
          ],
          [
            8.031008,
            46.603645
          ],
          [
            8.03095,
            46.603689
          ],
          [
            8.030904,
            46.603698
          ],
          [
            8.030895,
            46.603697
          ],
          [
            8.030869,
            46.603694
          ],
          [
            8.030814,
            46.603679
          ],
          [
            8.03073,
            46.603661
          ],
          [
            8.030706,
            46.603656
          ],
          [
            8.030648,
            46.603638
          ],
          [
            8.030641,
            46.603636
          ],
          [
            8.030544,
            46.60359
          ],
          [
            8.030511,
            46.603559
          ],
          [
            8.030501,
            46.60355
          ],
          [
            8.030478,
            46.603525
          ],
          [
            8.030448,
            46.603491
          ],
          [
            8.030381,
            46.603419
          ],
          [
            8.030265,
            46.603343
          ],
          [
            8.030227,
            46.603266
          ],
          [
            8.030189,
            46.603223
          ],
          [
            8.030139,
            46.603205
          ],
          [
            8.030045,
            46.603166
          ],
          [
            8.030017,
            46.603151
          ],
          [
            8.030009,
            46.60314
          ],
          [
            8.030005,
            46.603136
          ],
          [
            8.030005,
            46.603126
          ],
          [
            8.02998,
            46.6031
          ],
          [
            8.029904,
            46.603082
          ],
          [
            8.029902,
            46.603079
          ],
          [
            8.029878,
            46.60306
          ],
          [
            8.029868,
            46.603054
          ],
          [
            8.029856,
            46.603049
          ],
          [
            8.029836,
            46.603044
          ],
          [
            8.029817,
            46.603038
          ],
          [
            8.029811,
            46.603036
          ],
          [
            8.029777,
            46.603024
          ],
          [
            8.029741,
            46.603007
          ],
          [
            8.029733,
            46.603001
          ],
          [
            8.029717,
            46.602986
          ],
          [
            8.029688,
            46.602964
          ],
          [
            8.029622,
            46.602925
          ],
          [
            8.029538,
            46.602856
          ],
          [
            8.02953,
            46.602848
          ],
          [
            8.029497,
            46.602797
          ],
          [
            8.029491,
            46.602787
          ],
          [
            8.029472,
            46.602751
          ],
          [
            8.029481,
            46.602711
          ],
          [
            8.029482,
            46.602696
          ],
          [
            8.02946,
            46.602671
          ],
          [
            8.029419,
            46.602613
          ],
          [
            8.029413,
            46.602598
          ],
          [
            8.029395,
            46.602545
          ],
          [
            8.029313,
            46.602463
          ],
          [
            8.029271,
            46.602426
          ],
          [
            8.029264,
            46.602404
          ],
          [
            8.029248,
            46.602373
          ],
          [
            8.029187,
            46.602301
          ],
          [
            8.029111,
            46.60222
          ],
          [
            8.029082,
            46.602201
          ],
          [
            8.029044,
            46.602164
          ],
          [
            8.029011,
            46.602125
          ],
          [
            8.029028,
            46.602049
          ],
          [
            8.02899,
            46.602011
          ],
          [
            8.028948,
            46.602023
          ],
          [
            8.02888,
            46.602023
          ],
          [
            8.028826,
            46.602006
          ],
          [
            8.028816,
            46.602
          ],
          [
            8.028796,
            46.601968
          ],
          [
            8.028783,
            46.60195
          ],
          [
            8.028739,
            46.601895
          ],
          [
            8.028734,
            46.601888
          ],
          [
            8.028652,
            46.601798
          ],
          [
            8.028611,
            46.601763
          ],
          [
            8.028594,
            46.601725
          ],
          [
            8.028591,
            46.601719
          ],
          [
            8.028557,
            46.601678
          ],
          [
            8.028532,
            46.601638
          ],
          [
            8.028506,
            46.601613
          ],
          [
            8.028483,
            46.601598
          ],
          [
            8.028472,
            46.601591
          ],
          [
            8.02844,
            46.601568
          ],
          [
            8.028424,
            46.601561
          ],
          [
            8.0284,
            46.601546
          ],
          [
            8.028377,
            46.601571
          ],
          [
            8.028374,
            46.601577
          ],
          [
            8.028358,
            46.601589
          ],
          [
            8.028371,
            46.601596
          ],
          [
            8.028376,
            46.601583
          ],
          [
            8.02838,
            46.601572
          ],
          [
            8.028387,
            46.601566
          ],
          [
            8.028394,
            46.601577
          ],
          [
            8.028334,
            46.601527
          ],
          [
            8.028309,
            46.601509
          ],
          [
            8.028303,
            46.601507
          ],
          [
            8.028251,
            46.601481
          ],
          [
            8.028166,
            46.601442
          ],
          [
            8.028142,
            46.601417
          ],
          [
            8.028139,
            46.601414
          ],
          [
            8.02813,
            46.601412
          ],
          [
            8.028056,
            46.601403
          ],
          [
            8.028045,
            46.601401
          ],
          [
            8.028013,
            46.601388
          ],
          [
            8.02799,
            46.601372
          ],
          [
            8.027988,
            46.601367
          ],
          [
            8.027948,
            46.601322
          ],
          [
            8.027893,
            46.601295
          ],
          [
            8.027878,
            46.60129
          ],
          [
            8.027872,
            46.601285
          ],
          [
            8.027857,
            46.601254
          ],
          [
            8.027856,
            46.601247
          ],
          [
            8.027867,
            46.601222
          ],
          [
            8.027866,
            46.601218
          ],
          [
            8.027868,
            46.601202
          ],
          [
            8.027809,
            46.601168
          ],
          [
            8.02771,
            46.601148
          ],
          [
            8.027661,
            46.601121
          ],
          [
            8.027603,
            46.601102
          ],
          [
            8.0275,
            46.601066
          ],
          [
            8.027409,
            46.601021
          ],
          [
            8.0274,
            46.601013
          ],
          [
            8.027393,
            46.601008
          ],
          [
            8.027386,
            46.600999
          ],
          [
            8.027384,
            46.600998
          ],
          [
            8.027386,
            46.601003
          ],
          [
            8.027387,
            46.601005
          ],
          [
            8.027404,
            46.600984
          ],
          [
            8.027405,
            46.600984
          ],
          [
            8.027394,
            46.600979
          ],
          [
            8.027363,
            46.600951
          ],
          [
            8.027362,
            46.600946
          ],
          [
            8.027308,
            46.60091
          ],
          [
            8.027284,
            46.600896
          ],
          [
            8.027229,
            46.600869
          ],
          [
            8.02714,
            46.600825
          ],
          [
            8.027129,
            46.60082
          ],
          [
            8.027081,
            46.600797
          ],
          [
            8.027056,
            46.600777
          ],
          [
            8.027021,
            46.600753
          ],
          [
            8.026986,
            46.600744
          ],
          [
            8.026948,
            46.600716
          ],
          [
            8.026936,
            46.600707
          ],
          [
            8.026886,
            46.600673
          ],
          [
            8.026803,
            46.600619
          ],
          [
            8.026789,
            46.600607
          ],
          [
            8.026741,
            46.600562
          ],
          [
            8.026734,
            46.600557
          ],
          [
            8.026714,
            46.60051
          ],
          [
            8.026638,
            46.600477
          ],
          [
            8.026607,
            46.600458
          ],
          [
            8.026602,
            46.600455
          ],
          [
            8.026542,
            46.600428
          ],
          [
            8.026518,
            46.600418
          ],
          [
            8.026465,
            46.600384
          ],
          [
            8.026438,
            46.60036
          ],
          [
            8.026418,
            46.600343
          ],
          [
            8.026362,
            46.600306
          ],
          [
            8.026353,
            46.600299
          ],
          [
            8.026288,
            46.600226
          ],
          [
            8.026201,
            46.600201
          ],
          [
            8.02619,
            46.600201
          ],
          [
            8.026099,
            46.600208
          ],
          [
            8.026069,
            46.600202
          ],
          [
            8.026027,
            46.600169
          ],
          [
            8.025995,
            46.600116
          ],
          [
            8.025985,
            46.600106
          ],
          [
            8.025971,
            46.600104
          ],
          [
            8.025921,
            46.60009
          ],
          [
            8.025872,
            46.600045
          ],
          [
            8.025876,
            46.600037
          ],
          [
            8.025831,
            46.599995
          ],
          [
            8.025823,
            46.599989
          ],
          [
            8.025807,
            46.599949
          ],
          [
            8.025793,
            46.599903
          ],
          [
            8.025771,
            46.59986
          ],
          [
            8.025751,
            46.599837
          ],
          [
            8.025679,
            46.599783
          ],
          [
            8.025644,
            46.599792
          ],
          [
            8.025631,
            46.599788
          ],
          [
            8.025631,
            46.599777
          ],
          [
            8.025657,
            46.599756
          ],
          [
            8.025634,
            46.599789
          ],
          [
            8.025573,
            46.599862
          ],
          [
            8.025573,
            46.599889
          ],
          [
            8.025602,
            46.599866
          ],
          [
            8.025633,
            46.599852
          ],
          [
            8.025603,
            46.599847
          ],
          [
            8.025617,
            46.599792
          ],
          [
            8.025619,
            46.599793
          ],
          [
            8.025626,
            46.599787
          ],
          [
            8.02563,
            46.599789
          ],
          [
            8.025618,
            46.599827
          ],
          [
            8.025624,
            46.599819
          ],
          [
            8.025628,
            46.599824
          ],
          [
            8.025628,
            46.599825
          ],
          [
            8.025591,
            46.599846
          ],
          [
            8.025581,
            46.599854
          ],
          [
            8.025564,
            46.599873
          ],
          [
            8.025534,
            46.599886
          ],
          [
            8.025526,
            46.599892
          ],
          [
            8.025491,
            46.599907
          ],
          [
            8.025468,
            46.59991
          ],
          [
            8.025484,
            46.599897
          ],
          [
            8.025445,
            46.599884
          ],
          [
            8.02543,
            46.599881
          ],
          [
            8.025389,
            46.599868
          ],
          [
            8.025361,
            46.59986
          ],
          [
            8.025345,
            46.599861
          ],
          [
            8.025336,
            46.599862
          ],
          [
            8.025295,
            46.59985
          ],
          [
            8.025246,
            46.599853
          ],
          [
            8.025235,
            46.599851
          ],
          [
            8.025173,
            46.599832
          ],
          [
            8.025155,
            46.599826
          ],
          [
            8.025088,
            46.599809
          ],
          [
            8.025032,
            46.599792
          ],
          [
            8.025021,
            46.599788
          ],
          [
            8.024975,
            46.599768
          ],
          [
            8.024967,
            46.599766
          ],
          [
            8.024916,
            46.599744
          ],
          [
            8.024893,
            46.599737
          ],
          [
            8.02488,
            46.599734
          ],
          [
            8.024848,
            46.599742
          ],
          [
            8.024709,
            46.599719
          ],
          [
            8.024631,
            46.599684
          ],
          [
            8.024594,
            46.599674
          ],
          [
            8.024525,
            46.599649
          ],
          [
            8.024515,
            46.599645
          ],
          [
            8.02447,
            46.599624
          ],
          [
            8.024353,
            46.599575
          ],
          [
            8.024335,
            46.599569
          ],
          [
            8.024242,
            46.599538
          ],
          [
            8.024198,
            46.599528
          ],
          [
            8.024145,
            46.599517
          ],
          [
            8.024094,
            46.599512
          ],
          [
            8.024063,
            46.599503
          ],
          [
            8.024031,
            46.599484
          ],
          [
            8.023997,
            46.59947
          ],
          [
            8.023995,
            46.59947
          ],
          [
            8.023966,
            46.59948
          ],
          [
            8.023947,
            46.599488
          ],
          [
            8.023938,
            46.599488
          ],
          [
            8.023866,
            46.599493
          ],
          [
            8.023854,
            46.599485
          ],
          [
            8.023823,
            46.599501
          ],
          [
            8.02382,
            46.599502
          ],
          [
            8.023808,
            46.599503
          ],
          [
            8.023772,
            46.599529
          ],
          [
            8.023753,
            46.599537
          ],
          [
            8.023721,
            46.599553
          ],
          [
            8.023713,
            46.599557
          ],
          [
            8.0237,
            46.599562
          ],
          [
            8.023661,
            46.599592
          ],
          [
            8.023643,
            46.599604
          ],
          [
            8.023638,
            46.599605
          ],
          [
            8.023609,
            46.599602
          ],
          [
            8.023577,
            46.599607
          ],
          [
            8.023558,
            46.599613
          ],
          [
            8.023517,
            46.599634
          ],
          [
            8.023508,
            46.599653
          ],
          [
            8.023503,
            46.599672
          ],
          [
            8.023498,
            46.599674
          ],
          [
            8.023485,
            46.599674
          ],
          [
            8.023456,
            46.599675
          ],
          [
            8.023453,
            46.5997
          ],
          [
            8.023454,
            46.599708
          ],
          [
            8.023423,
            46.599751
          ],
          [
            8.023392,
            46.599769
          ],
          [
            8.023391,
            46.599774
          ],
          [
            8.023382,
            46.599785
          ],
          [
            8.023377,
            46.599811
          ],
          [
            8.023378,
            46.599815
          ],
          [
            8.023357,
            46.59985
          ],
          [
            8.023347,
            46.599855
          ],
          [
            8.023299,
            46.599875
          ],
          [
            8.023283,
            46.599876
          ],
          [
            8.023229,
            46.599881
          ],
          [
            8.023184,
            46.599877
          ],
          [
            8.02318,
            46.599877
          ],
          [
            8.023122,
            46.599869
          ],
          [
            8.023045,
            46.599848
          ],
          [
            8.02301,
            46.599822
          ],
          [
            8.02301,
            46.599812
          ],
          [
            8.023011,
            46.599813
          ],
          [
            8.023003,
            46.599808
          ],
          [
            8.023003,
            46.599808
          ],
          [
            8.023003,
            46.599808
          ],
          [
            8.022962,
            46.59981
          ],
          [
            8.022915,
            46.599783
          ],
          [
            8.022893,
            46.599763
          ],
          [
            8.022872,
            46.599736
          ],
          [
            8.022855,
            46.599684
          ],
          [
            8.022798,
            46.599598
          ],
          [
            8.022692,
            46.599543
          ],
          [
            8.022542,
            46.599528
          ],
          [
            8.022437,
            46.599566
          ],
          [
            8.022281,
            46.599622
          ],
          [
            8.02217,
            46.599668
          ],
          [
            8.022145,
            46.599678
          ],
          [
            8.022012,
            46.599666
          ],
          [
            8.021923,
            46.59964
          ],
          [
            8.02185,
            46.599639
          ],
          [
            8.021728,
            46.599614
          ],
          [
            8.021658,
            46.599584
          ],
          [
            8.021619,
            46.599569
          ],
          [
            8.021588,
            46.599565
          ],
          [
            8.021492,
            46.599545
          ],
          [
            8.021468,
            46.599534
          ],
          [
            8.02128,
            46.599485
          ],
          [
            8.021143,
            46.599509
          ],
          [
            8.021052,
            46.599534
          ],
          [
            8.021,
            46.599547
          ],
          [
            8.021004,
            46.599545
          ],
          [
            8.020991,
            46.599555
          ],
          [
            8.020983,
            46.599555
          ],
          [
            8.020962,
            46.599554
          ],
          [
            8.020834,
            46.599551
          ],
          [
            8.020693,
            46.599495
          ],
          [
            8.020569,
            46.59942
          ],
          [
            8.020472,
            46.599369
          ],
          [
            8.020463,
            46.599363
          ],
          [
            8.02043,
            46.599348
          ],
          [
            8.020394,
            46.599341
          ],
          [
            8.020352,
            46.599336
          ],
          [
            8.02031,
            46.599333
          ],
          [
            8.020296,
            46.599323
          ],
          [
            8.020259,
            46.599306
          ],
          [
            8.020238,
            46.599313
          ],
          [
            8.02023,
            46.599318
          ],
          [
            8.020198,
            46.599324
          ],
          [
            8.020155,
            46.599307
          ],
          [
            8.020134,
            46.599306
          ],
          [
            8.020088,
            46.59931
          ],
          [
            8.019966,
            46.599304
          ],
          [
            8.019886,
            46.59926
          ],
          [
            8.019839,
            46.599217
          ],
          [
            8.019832,
            46.599218
          ],
          [
            8.019791,
            46.5992
          ],
          [
            8.019751,
            46.599185
          ],
          [
            8.01971,
            46.599195
          ],
          [
            8.019697,
            46.599201
          ],
          [
            8.019612,
            46.599212
          ],
          [
            8.019552,
            46.599221
          ],
          [
            8.019535,
            46.599222
          ],
          [
            8.019467,
            46.599268
          ],
          [
            8.019455,
            46.599273
          ],
          [
            8.019399,
            46.599263
          ],
          [
            8.019366,
            46.599288
          ],
          [
            8.019366,
            46.599291
          ],
          [
            8.019355,
            46.599322
          ],
          [
            8.019349,
            46.599337
          ],
          [
            8.019287,
            46.599371
          ],
          [
            8.01928,
            46.599376
          ],
          [
            8.019192,
            46.599406
          ],
          [
            8.019144,
            46.599415
          ],
          [
            8.019091,
            46.599403
          ],
          [
            8.019082,
            46.599401
          ],
          [
            8.018993,
            46.599426
          ],
          [
            8.01894,
            46.599412
          ],
          [
            8.018926,
            46.59941
          ],
          [
            8.018895,
            46.599407
          ],
          [
            8.018881,
            46.599414
          ],
          [
            8.018832,
            46.599421
          ],
          [
            8.018806,
            46.599429
          ],
          [
            8.018707,
            46.599449
          ],
          [
            8.018614,
            46.59944
          ],
          [
            8.018601,
            46.599433
          ],
          [
            8.018557,
            46.59941
          ],
          [
            8.018533,
            46.5994
          ],
          [
            8.018484,
            46.599402
          ],
          [
            8.018444,
            46.599406
          ],
          [
            8.018405,
            46.599419
          ],
          [
            8.0184,
            46.599425
          ],
          [
            8.018361,
            46.599448
          ],
          [
            8.018338,
            46.599459
          ],
          [
            8.018327,
            46.599462
          ],
          [
            8.018277,
            46.599471
          ],
          [
            8.01822,
            46.599473
          ],
          [
            8.018215,
            46.599451
          ],
          [
            8.018133,
            46.599466
          ],
          [
            8.018104,
            46.599472
          ],
          [
            8.018082,
            46.599481
          ],
          [
            8.018015,
            46.599504
          ],
          [
            8.017988,
            46.599509
          ],
          [
            8.017972,
            46.599507
          ],
          [
            8.017902,
            46.599522
          ],
          [
            8.017854,
            46.599529
          ],
          [
            8.017768,
            46.599529
          ],
          [
            8.017739,
            46.59953
          ],
          [
            8.01767,
            46.599527
          ],
          [
            8.01766,
            46.59953
          ],
          [
            8.017625,
            46.599537
          ],
          [
            8.017571,
            46.599552
          ],
          [
            8.017504,
            46.599533
          ],
          [
            8.017476,
            46.599522
          ],
          [
            8.017438,
            46.59951
          ],
          [
            8.017306,
            46.599486
          ],
          [
            8.017289,
            46.599482
          ],
          [
            8.017202,
            46.599451
          ],
          [
            8.017191,
            46.599448
          ],
          [
            8.01717,
            46.599445
          ],
          [
            8.017139,
            46.599421
          ],
          [
            8.017083,
            46.599394
          ],
          [
            8.017064,
            46.599383
          ],
          [
            8.017,
            46.599352
          ],
          [
            8.016968,
            46.599336
          ],
          [
            8.01696,
            46.599333
          ],
          [
            8.01691,
            46.599314
          ],
          [
            8.016879,
            46.599298
          ],
          [
            8.016864,
            46.599283
          ],
          [
            8.016818,
            46.599248
          ],
          [
            8.016778,
            46.599213
          ],
          [
            8.01675,
            46.59918
          ],
          [
            8.016743,
            46.59916
          ],
          [
            8.016708,
            46.599125
          ],
          [
            8.016701,
            46.599119
          ],
          [
            8.016634,
            46.599031
          ],
          [
            8.016607,
            46.599021
          ],
          [
            8.016526,
            46.598989
          ],
          [
            8.016432,
            46.598922
          ],
          [
            8.016358,
            46.598862
          ],
          [
            8.016303,
            46.598791
          ],
          [
            8.016223,
            46.59873
          ],
          [
            8.01618,
            46.598681
          ],
          [
            8.016116,
            46.59864
          ],
          [
            8.016077,
            46.598617
          ],
          [
            8.016029,
            46.598598
          ],
          [
            8.016014,
            46.59859
          ],
          [
            8.015925,
            46.598552
          ],
          [
            8.015861,
            46.598512
          ],
          [
            8.015858,
            46.598505
          ],
          [
            8.015849,
            46.598475
          ],
          [
            8.015835,
            46.598443
          ],
          [
            8.015826,
            46.598425
          ],
          [
            8.01582,
            46.598424
          ],
          [
            8.015809,
            46.598416
          ],
          [
            8.015806,
            46.598407
          ],
          [
            8.015779,
            46.598379
          ],
          [
            8.015763,
            46.59836
          ],
          [
            8.015728,
            46.598335
          ],
          [
            8.015706,
            46.59832
          ],
          [
            8.015651,
            46.598305
          ],
          [
            8.015634,
            46.598296
          ],
          [
            8.015589,
            46.598271
          ],
          [
            8.015568,
            46.598261
          ],
          [
            8.015555,
            46.598251
          ],
          [
            8.015522,
            46.598236
          ],
          [
            8.015513,
            46.598231
          ],
          [
            8.01549,
            46.598227
          ],
          [
            8.015466,
            46.598223
          ],
          [
            8.015454,
            46.598223
          ],
          [
            8.015357,
            46.598223
          ],
          [
            8.015325,
            46.598229
          ],
          [
            8.015318,
            46.598231
          ],
          [
            8.015295,
            46.598237
          ],
          [
            8.015299,
            46.598247
          ],
          [
            8.01529,
            46.598241
          ],
          [
            8.015261,
            46.598248
          ],
          [
            8.015214,
            46.598264
          ],
          [
            8.015134,
            46.598307
          ],
          [
            8.015127,
            46.598312
          ],
          [
            8.015117,
            46.598317
          ],
          [
            8.01512,
            46.598317
          ],
          [
            8.015121,
            46.598305
          ],
          [
            8.015136,
            46.598289
          ],
          [
            8.015098,
            46.598324
          ],
          [
            8.015004,
            46.59834
          ],
          [
            8.014934,
            46.598286
          ],
          [
            8.01492,
            46.598275
          ],
          [
            8.014858,
            46.598237
          ],
          [
            8.014844,
            46.598232
          ],
          [
            8.014772,
            46.59821
          ],
          [
            8.014692,
            46.598181
          ],
          [
            8.014637,
            46.59815
          ],
          [
            8.014627,
            46.598152
          ],
          [
            8.014588,
            46.598155
          ],
          [
            8.014541,
            46.598131
          ],
          [
            8.014466,
            46.598075
          ],
          [
            8.014447,
            46.598067
          ],
          [
            8.014338,
            46.598066
          ],
          [
            8.014328,
            46.59807
          ],
          [
            8.014243,
            46.598103
          ],
          [
            8.014231,
            46.598105
          ],
          [
            8.014171,
            46.598112
          ],
          [
            8.014134,
            46.598122
          ],
          [
            8.014112,
            46.59812
          ],
          [
            8.014057,
            46.59811
          ],
          [
            8.013988,
            46.598102
          ],
          [
            8.01394,
            46.598099
          ],
          [
            8.013877,
            46.598106
          ],
          [
            8.013801,
            46.598118
          ],
          [
            8.013745,
            46.598137
          ],
          [
            8.013641,
            46.598126
          ],
          [
            8.013502,
            46.598103
          ],
          [
            8.013396,
            46.598061
          ],
          [
            8.013366,
            46.598048
          ],
          [
            8.013343,
            46.59804
          ],
          [
            8.013234,
            46.597996
          ],
          [
            8.013225,
            46.597992
          ],
          [
            8.013115,
            46.597936
          ],
          [
            8.01301,
            46.597905
          ],
          [
            8.012986,
            46.597899
          ],
          [
            8.012911,
            46.597886
          ],
          [
            8.012868,
            46.597877
          ],
          [
            8.012701,
            46.597861
          ],
          [
            8.012691,
            46.597859
          ],
          [
            8.012601,
            46.597836
          ],
          [
            8.012589,
            46.597831
          ],
          [
            8.012568,
            46.597803
          ],
          [
            8.012559,
            46.597801
          ],
          [
            8.012444,
            46.597817
          ],
          [
            8.012414,
            46.597818
          ],
          [
            8.012314,
            46.597813
          ],
          [
            8.012304,
            46.597812
          ],
          [
            8.012233,
            46.597804
          ],
          [
            8.012227,
            46.597797
          ],
          [
            8.012227,
            46.597795
          ],
          [
            8.012211,
            46.597794
          ],
          [
            8.012219,
            46.597799
          ],
          [
            8.012219,
            46.597788
          ],
          [
            8.01222,
            46.597779
          ],
          [
            8.012217,
            46.597786
          ],
          [
            8.012215,
            46.597799
          ],
          [
            8.012212,
            46.597809
          ],
          [
            8.012212,
            46.597809
          ],
          [
            8.012212,
            46.597809
          ],
          [
            8.012212,
            46.597809
          ],
          [
            8.012212,
            46.597809
          ],
          [
            8.012212,
            46.597809
          ],
          [
            8.012216,
            46.597786
          ],
          [
            8.012215,
            46.597785
          ],
          [
            8.012208,
            46.597779
          ],
          [
            8.012175,
            46.597751
          ],
          [
            8.012177,
            46.597756
          ],
          [
            8.012173,
            46.597752
          ],
          [
            8.012173,
            46.597752
          ],
          [
            8.012163,
            46.597749
          ],
          [
            8.012173,
            46.597752
          ],
          [
            8.012173,
            46.597752
          ],
          [
            8.012173,
            46.597752
          ],
          [
            8.012167,
            46.597739
          ],
          [
            8.012173,
            46.597752
          ],
          [
            8.012173,
            46.597752
          ],
          [
            8.012173,
            46.597752
          ],
          [
            8.012164,
            46.597735
          ],
          [
            8.012171,
            46.597741
          ],
          [
            8.01215,
            46.597739
          ],
          [
            8.012112,
            46.597724
          ],
          [
            8.012094,
            46.597704
          ],
          [
            8.012082,
            46.5977
          ],
          [
            8.012062,
            46.597687
          ],
          [
            8.012043,
            46.597661
          ],
          [
            8.012042,
            46.597657
          ],
          [
            8.012032,
            46.597647
          ],
          [
            8.012004,
            46.597638
          ],
          [
            8.011988,
            46.597629
          ],
          [
            8.011979,
            46.597622
          ],
          [
            8.011952,
            46.597583
          ],
          [
            8.011943,
            46.597578
          ],
          [
            8.011889,
            46.597548
          ],
          [
            8.011878,
            46.597546
          ],
          [
            8.011862,
            46.597529
          ],
          [
            8.011849,
            46.597519
          ],
          [
            8.011819,
            46.597502
          ],
          [
            8.011809,
            46.597498
          ],
          [
            8.011797,
            46.597487
          ],
          [
            8.011772,
            46.59747
          ],
          [
            8.011768,
            46.597467
          ],
          [
            8.011735,
            46.597442
          ],
          [
            8.011715,
            46.597427
          ],
          [
            8.011696,
            46.597408
          ],
          [
            8.011689,
            46.597385
          ],
          [
            8.011685,
            46.59738
          ],
          [
            8.011666,
            46.597362
          ],
          [
            8.011659,
            46.597356
          ],
          [
            8.011631,
            46.597329
          ],
          [
            8.01162,
            46.597318
          ],
          [
            8.011589,
            46.597285
          ],
          [
            8.011575,
            46.59727
          ],
          [
            8.01156,
            46.597252
          ],
          [
            8.011538,
            46.597238
          ],
          [
            8.011502,
            46.597216
          ],
          [
            8.011475,
            46.597205
          ],
          [
            8.011433,
            46.597174
          ],
          [
            8.011431,
            46.59717
          ],
          [
            8.01142,
            46.597167
          ],
          [
            8.011413,
            46.597164
          ],
          [
            8.011401,
            46.597122
          ],
          [
            8.01139,
            46.597114
          ],
          [
            8.011377,
            46.597109
          ],
          [
            8.011351,
            46.597091
          ],
          [
            8.011347,
            46.597085
          ],
          [
            8.011336,
            46.597066
          ],
          [
            8.01133,
            46.597047
          ],
          [
            8.011323,
            46.597035
          ],
          [
            8.011302,
            46.596999
          ],
          [
            8.011299,
            46.596994
          ],
          [
            8.011287,
            46.596956
          ],
          [
            8.011279,
            46.596945
          ],
          [
            8.011264,
            46.596929
          ],
          [
            8.011258,
            46.596925
          ],
          [
            8.011223,
            46.596903
          ],
          [
            8.011195,
            46.596889
          ],
          [
            8.01117,
            46.596854
          ],
          [
            8.011158,
            46.596833
          ],
          [
            8.011147,
            46.596812
          ],
          [
            8.011132,
            46.596801
          ],
          [
            8.01112,
            46.596779
          ],
          [
            8.011118,
            46.596758
          ],
          [
            8.011117,
            46.596754
          ],
          [
            8.01114,
            46.596742
          ],
          [
            8.011178,
            46.596744
          ],
          [
            8.011215,
            46.596745
          ],
          [
            8.011241,
            46.596755
          ],
          [
            8.011267,
            46.59675
          ],
          [
            8.011277,
            46.596746
          ],
          [
            8.01131,
            46.59674
          ],
          [
            8.011351,
            46.596735
          ],
          [
            8.011372,
            46.596722
          ],
          [
            8.011383,
            46.596719
          ],
          [
            8.011418,
            46.596715
          ],
          [
            8.011411,
            46.596708
          ],
          [
            8.011411,
            46.596706
          ],
          [
            8.011415,
            46.596706
          ],
          [
            8.011435,
            46.596711
          ],
          [
            8.011439,
            46.596713
          ],
          [
            8.011458,
            46.596708
          ],
          [
            8.011464,
            46.596704
          ],
          [
            8.011463,
            46.596704
          ],
          [
            8.011464,
            46.596702
          ],
          [
            8.011479,
            46.596698
          ],
          [
            8.01151,
            46.596689
          ],
          [
            8.011516,
            46.596685
          ],
          [
            8.011522,
            46.596678
          ],
          [
            8.011519,
            46.596667
          ],
          [
            8.01152,
            46.596666
          ],
          [
            8.011533,
            46.596661
          ],
          [
            8.011543,
            46.59666
          ],
          [
            8.01155,
            46.596659
          ],
          [
            8.011555,
            46.596658
          ],
          [
            8.011571,
            46.59664
          ],
          [
            8.011576,
            46.596636
          ],
          [
            8.011585,
            46.596621
          ],
          [
            8.011589,
            46.596612
          ],
          [
            8.011601,
            46.5966
          ],
          [
            8.011602,
            46.596599
          ],
          [
            8.011601,
            46.59659
          ],
          [
            8.011601,
            46.596585
          ],
          [
            8.011578,
            46.596556
          ],
          [
            8.011573,
            46.596553
          ],
          [
            8.011531,
            46.596523
          ],
          [
            8.011517,
            46.596521
          ],
          [
            8.011467,
            46.596498
          ],
          [
            8.011468,
            46.596489
          ],
          [
            8.011456,
            46.596478
          ],
          [
            8.011443,
            46.596465
          ],
          [
            8.011428,
            46.596447
          ],
          [
            8.011424,
            46.596434
          ],
          [
            8.01142,
            46.596428
          ],
          [
            8.011401,
            46.596418
          ],
          [
            8.0114,
            46.596419
          ],
          [
            8.011375,
            46.596385
          ],
          [
            8.011361,
            46.596363
          ],
          [
            8.011349,
            46.596348
          ],
          [
            8.011342,
            46.59634
          ],
          [
            8.011336,
            46.596321
          ],
          [
            8.011314,
            46.596304
          ],
          [
            8.011312,
            46.596304
          ],
          [
            8.011283,
            46.596281
          ],
          [
            8.011276,
            46.596272
          ],
          [
            8.011278,
            46.596266
          ],
          [
            8.011271,
            46.596258
          ],
          [
            8.011271,
            46.596258
          ],
          [
            8.011271,
            46.596258
          ],
          [
            8.011262,
            46.596242
          ],
          [
            8.011263,
            46.596236
          ],
          [
            8.01126,
            46.59623
          ],
          [
            8.011249,
            46.596215
          ],
          [
            8.011246,
            46.596214
          ],
          [
            8.011246,
            46.596214
          ],
          [
            8.011231,
            46.5962
          ],
          [
            8.011161,
            46.596174
          ],
          [
            8.011146,
            46.596147
          ],
          [
            8.011141,
            46.59614
          ],
          [
            8.011105,
            46.596118
          ],
          [
            8.011098,
            46.596117
          ],
          [
            8.011097,
            46.59612
          ],
          [
            8.011097,
            46.59612
          ],
          [
            8.011097,
            46.59612
          ],
          [
            8.011097,
            46.59612
          ],
          [
            8.011097,
            46.59612
          ],
          [
            8.011071,
            46.596119
          ],
          [
            8.011056,
            46.596116
          ],
          [
            8.011005,
            46.596126
          ],
          [
            8.01101,
            46.596128
          ],
          [
            8.010997,
            46.596127
          ],
          [
            8.010997,
            46.596127
          ],
          [
            8.010979,
            46.596126
          ],
          [
            8.010962,
            46.596125
          ],
          [
            8.010918,
            46.596124
          ],
          [
            8.010886,
            46.596131
          ],
          [
            8.01087,
            46.596135
          ],
          [
            8.010831,
            46.596128
          ],
          [
            8.010822,
            46.596111
          ],
          [
            8.010808,
            46.596095
          ],
          [
            8.010808,
            46.596095
          ],
          [
            8.010808,
            46.596095
          ],
          [
            8.010808,
            46.596095
          ],
          [
            8.010808,
            46.596095
          ],
          [
            8.010808,
            46.596095
          ],
          [
            8.010828,
            46.5961
          ],
          [
            8.010833,
            46.596095
          ],
          [
            8.010835,
            46.596088
          ],
          [
            8.010834,
            46.596089
          ],
          [
            8.010833,
            46.59609
          ],
          [
            8.010835,
            46.596088
          ],
          [
            8.010835,
            46.596088
          ],
          [
            8.010835,
            46.596088
          ],
          [
            8.010817,
            46.596082
          ],
          [
            8.010783,
            46.596065
          ],
          [
            8.010762,
            46.596072
          ],
          [
            8.010703,
            46.596066
          ],
          [
            8.010693,
            46.596062
          ],
          [
            8.010693,
            46.596062
          ],
          [
            8.010693,
            46.596062
          ],
          [
            8.010693,
            46.596062
          ],
          [
            8.010667,
            46.596064
          ],
          [
            8.010675,
            46.596059
          ],
          [
            8.010632,
            46.596035
          ],
          [
            8.010604,
            46.596014
          ],
          [
            8.010566,
            46.595993
          ],
          [
            8.010552,
            46.595984
          ],
          [
            8.010515,
            46.595988
          ],
          [
            8.010493,
            46.595989
          ],
          [
            8.010471,
            46.595998
          ],
          [
            8.010477,
            46.595992
          ],
          [
            8.010482,
            46.595989
          ],
          [
            8.010507,
            46.595967
          ],
          [
            8.01052,
            46.595948
          ],
          [
            8.010529,
            46.595929
          ],
          [
            8.010531,
            46.595912
          ],
          [
            8.010547,
            46.595896
          ],
          [
            8.010542,
            46.595886
          ],
          [
            8.010525,
            46.59586
          ],
          [
            8.010489,
            46.59585
          ],
          [
            8.01048,
            46.59585
          ],
          [
            8.01046,
            46.595851
          ],
          [
            8.010419,
            46.595844
          ],
          [
            8.010409,
            46.595843
          ],
          [
            8.010328,
            46.595831
          ],
          [
            8.010301,
            46.595824
          ],
          [
            8.010243,
            46.595811
          ],
          [
            8.010222,
            46.595804
          ],
          [
            8.010188,
            46.595795
          ],
          [
            8.01015,
            46.595781
          ],
          [
            8.010123,
            46.595754
          ],
          [
            8.010051,
            46.595721
          ],
          [
            8.009996,
            46.59572
          ],
          [
            8.009975,
            46.59571
          ],
          [
            8.009903,
            46.595693
          ],
          [
            8.009889,
            46.595688
          ],
          [
            8.009868,
            46.595679
          ],
          [
            8.009819,
            46.595701
          ],
          [
            8.009785,
            46.595706
          ],
          [
            8.009757,
            46.595693
          ],
          [
            8.009738,
            46.595651
          ],
          [
            8.009674,
            46.595642
          ],
          [
            8.009628,
            46.595644
          ],
          [
            8.00959,
            46.595642
          ],
          [
            8.009571,
            46.595642
          ],
          [
            8.009539,
            46.595644
          ],
          [
            8.009534,
            46.59566
          ],
          [
            8.009528,
            46.595669
          ],
          [
            8.009506,
            46.595658
          ],
          [
            8.009486,
            46.595649
          ],
          [
            8.009475,
            46.595643
          ],
          [
            8.009441,
            46.595618
          ],
          [
            8.00944,
            46.595615
          ],
          [
            8.009406,
            46.595569
          ],
          [
            8.009371,
            46.59553
          ],
          [
            8.009365,
            46.595526
          ],
          [
            8.009332,
            46.595493
          ],
          [
            8.00933,
            46.595492
          ],
          [
            8.009321,
            46.595469
          ],
          [
            8.009311,
            46.595461
          ],
          [
            8.009297,
            46.59545
          ],
          [
            8.009292,
            46.595446
          ],
          [
            8.009231,
            46.595414
          ],
          [
            8.009229,
            46.59541
          ],
          [
            8.009197,
            46.595371
          ],
          [
            8.009191,
            46.595355
          ],
          [
            8.009165,
            46.595318
          ],
          [
            8.009162,
            46.595314
          ],
          [
            8.009189,
            46.595307
          ],
          [
            8.009209,
            46.595303
          ],
          [
            8.009217,
            46.595301
          ],
          [
            8.009222,
            46.595302
          ],
          [
            8.009226,
            46.595304
          ],
          [
            8.009225,
            46.595303
          ],
          [
            8.009262,
            46.595308
          ],
          [
            8.009278,
            46.595309
          ],
          [
            8.009288,
            46.595311
          ],
          [
            8.009295,
            46.595311
          ],
          [
            8.009303,
            46.59531
          ],
          [
            8.009352,
            46.595304
          ],
          [
            8.009359,
            46.595303
          ],
          [
            8.009395,
            46.595289
          ],
          [
            8.009407,
            46.595289
          ],
          [
            8.009423,
            46.595286
          ],
          [
            8.009449,
            46.595282
          ],
          [
            8.009475,
            46.595279
          ],
          [
            8.009515,
            46.595271
          ],
          [
            8.009524,
            46.595271
          ],
          [
            8.009574,
            46.595242
          ],
          [
            8.009579,
            46.595229
          ],
          [
            8.009599,
            46.595205
          ],
          [
            8.009624,
            46.595188
          ],
          [
            8.009642,
            46.595168
          ],
          [
            8.009665,
            46.595152
          ],
          [
            8.009672,
            46.595145
          ],
          [
            8.009679,
            46.595144
          ],
          [
            8.009723,
            46.595125
          ],
          [
            8.009743,
            46.595114
          ],
          [
            8.009764,
            46.595085
          ],
          [
            8.009785,
            46.595084
          ],
          [
            8.009822,
            46.595077
          ],
          [
            8.009846,
            46.595079
          ],
          [
            8.009868,
            46.595072
          ],
          [
            8.009872,
            46.595071
          ],
          [
            8.009913,
            46.595058
          ],
          [
            8.009923,
            46.595056
          ],
          [
            8.009971,
            46.595062
          ],
          [
            8.010002,
            46.595072
          ],
          [
            8.01003,
            46.595086
          ],
          [
            8.010068,
            46.595083
          ],
          [
            8.010087,
            46.595074
          ],
          [
            8.010092,
            46.595071
          ],
          [
            8.010093,
            46.595053
          ],
          [
            8.010087,
            46.595043
          ],
          [
            8.010049,
            46.595001
          ],
          [
            8.010028,
            46.594988
          ],
          [
            8.010008,
            46.594972
          ],
          [
            8.009986,
            46.594934
          ],
          [
            8.009947,
            46.594911
          ],
          [
            8.009945,
            46.594909
          ],
          [
            8.00991,
            46.594884
          ],
          [
            8.009891,
            46.594866
          ],
          [
            8.009861,
            46.594851
          ],
          [
            8.009857,
            46.594841
          ],
          [
            8.009822,
            46.594821
          ],
          [
            8.009813,
            46.594812
          ],
          [
            8.009767,
            46.594803
          ],
          [
            8.009765,
            46.594799
          ],
          [
            8.009747,
            46.594781
          ],
          [
            8.009762,
            46.594767
          ],
          [
            8.009783,
            46.59476
          ],
          [
            8.00979,
            46.594747
          ],
          [
            8.0098,
            46.594738
          ],
          [
            8.009809,
            46.594726
          ],
          [
            8.009875,
            46.59472
          ],
          [
            8.0099,
            46.594724
          ],
          [
            8.009916,
            46.594727
          ],
          [
            8.009938,
            46.594738
          ],
          [
            8.009977,
            46.594754
          ],
          [
            8.010057,
            46.594778
          ],
          [
            8.01007,
            46.594776
          ],
          [
            8.010077,
            46.594776
          ],
          [
            8.01008,
            46.594774
          ],
          [
            8.010082,
            46.594773
          ],
          [
            8.010122,
            46.594757
          ],
          [
            8.010157,
            46.594759
          ],
          [
            8.010172,
            46.59476
          ],
          [
            8.010216,
            46.594751
          ],
          [
            8.010242,
            46.594767
          ],
          [
            8.010307,
            46.594797
          ],
          [
            8.010319,
            46.594802
          ],
          [
            8.010443,
            46.594863
          ],
          [
            8.010485,
            46.594877
          ],
          [
            8.010487,
            46.594879
          ],
          [
            8.010486,
            46.594881
          ],
          [
            8.01049,
            46.594886
          ],
          [
            8.010512,
            46.594892
          ],
          [
            8.01051,
            46.59489
          ],
          [
            8.010561,
            46.594901
          ],
          [
            8.010611,
            46.594909
          ],
          [
            8.010631,
            46.594899
          ],
          [
            8.010678,
            46.594904
          ],
          [
            8.01072,
            46.594886
          ],
          [
            8.01072,
            46.594883
          ],
          [
            8.010727,
            46.594879
          ],
          [
            8.010782,
            46.594897
          ],
          [
            8.010888,
            46.594909
          ],
          [
            8.010933,
            46.594908
          ],
          [
            8.010958,
            46.594917
          ],
          [
            8.010999,
            46.594919
          ],
          [
            8.011006,
            46.594918
          ],
          [
            8.011006,
            46.594918
          ],
          [
            8.011021,
            46.594934
          ],
          [
            8.011042,
            46.594972
          ],
          [
            8.011047,
            46.59497
          ],
          [
            8.011052,
            46.594971
          ],
          [
            8.011048,
            46.594952
          ],
          [
            8.011049,
            46.594954
          ],
          [
            8.011049,
            46.594948
          ],
          [
            8.01105,
            46.59495
          ],
          [
            8.01105,
            46.59495
          ],
          [
            8.011012,
            46.594936
          ],
          [
            8.011018,
            46.594928
          ],
          [
            8.011027,
            46.59493
          ],
          [
            8.011033,
            46.594932
          ],
          [
            8.011045,
            46.594942
          ],
          [
            8.011005,
            46.594916
          ],
          [
            8.010998,
            46.594908
          ],
          [
            8.011015,
            46.594913
          ],
          [
            8.011005,
            46.594911
          ],
          [
            8.01101,
            46.594901
          ],
          [
            8.011021,
            46.594901
          ],
          [
            8.010998,
            46.594906
          ],
          [
            8.010995,
            46.594908
          ],
          [
            8.010996,
            46.594909
          ],
          [
            8.011009,
            46.594911
          ],
          [
            8.011007,
            46.594919
          ],
          [
            8.011007,
            46.594921
          ],
          [
            8.011007,
            46.594921
          ],
          [
            8.011002,
            46.594915
          ],
          [
            8.010992,
            46.594906
          ],
          [
            8.010987,
            46.594901
          ],
          [
            8.010957,
            46.594893
          ],
          [
            8.010957,
            46.594893
          ],
          [
            8.010957,
            46.594893
          ],
          [
            8.010957,
            46.594893
          ],
          [
            8.010957,
            46.594893
          ],
          [
            8.010957,
            46.594893
          ],
          [
            8.010974,
            46.594893
          ],
          [
            8.01098,
            46.594913
          ],
          [
            8.01098,
            46.594915
          ],
          [
            8.01098,
            46.594921
          ],
          [
            8.010978,
            46.594915
          ],
          [
            8.010978,
            46.594915
          ],
          [
            8.010978,
            46.594915
          ],
          [
            8.010978,
            46.594915
          ],
          [
            8.010978,
            46.594915
          ],
          [
            8.010976,
            46.59491
          ],
          [
            8.010985,
            46.594912
          ],
          [
            8.010998,
            46.594894
          ],
          [
            8.010989,
            46.594893
          ],
          [
            8.010975,
            46.594912
          ],
          [
            8.010965,
            46.594911
          ],
          [
            8.010966,
            46.594922
          ],
          [
            8.010961,
            46.594925
          ],
          [
            8.010958,
            46.59493
          ],
          [
            8.010954,
            46.594923
          ],
          [
            8.010956,
            46.594914
          ],
          [
            8.010955,
            46.594926
          ],
          [
            8.01097,
            46.594915
          ],
          [
            8.010977,
            46.594909
          ],
          [
            8.010978,
            46.594915
          ],
          [
            8.010974,
            46.594905
          ],
          [
            8.01098,
            46.594914
          ],
          [
            8.010982,
            46.594902
          ],
          [
            8.010965,
            46.594901
          ],
          [
            8.010968,
            46.594898
          ],
          [
            8.010967,
            46.594898
          ],
          [
            8.010957,
            46.5949
          ],
          [
            8.010984,
            46.594897
          ],
          [
            8.010988,
            46.594888
          ],
          [
            8.010982,
            46.594886
          ],
          [
            8.010958,
            46.594864
          ],
          [
            8.010942,
            46.594869
          ],
          [
            8.010936,
            46.594871
          ],
          [
            8.010914,
            46.594863
          ],
          [
            8.010857,
            46.594853
          ],
          [
            8.01083,
            46.594851
          ],
          [
            8.010826,
            46.59485
          ],
          [
            8.010757,
            46.594845
          ],
          [
            8.010705,
            46.594825
          ],
          [
            8.010662,
            46.594815
          ],
          [
            8.010654,
            46.594806
          ],
          [
            8.010645,
            46.594799
          ],
          [
            8.010634,
            46.59479
          ],
          [
            8.010593,
            46.594762
          ],
          [
            8.010542,
            46.594732
          ],
          [
            8.010507,
            46.594712
          ],
          [
            8.010483,
            46.594696
          ],
          [
            8.010476,
            46.594689
          ],
          [
            8.010451,
            46.594683
          ],
          [
            8.010447,
            46.594669
          ],
          [
            8.010447,
            46.594666
          ],
          [
            8.010437,
            46.594639
          ],
          [
            8.010439,
            46.594629
          ],
          [
            8.010422,
            46.594598
          ],
          [
            8.010393,
            46.594587
          ],
          [
            8.01039,
            46.594586
          ],
          [
            8.010391,
            46.594587
          ],
          [
            8.010393,
            46.594586
          ],
          [
            8.010381,
            46.594582
          ],
          [
            8.010364,
            46.59458
          ],
          [
            8.010348,
            46.594561
          ],
          [
            8.010336,
            46.594567
          ],
          [
            8.010326,
            46.594567
          ],
          [
            8.010321,
            46.594565
          ],
          [
            8.010311,
            46.594566
          ],
          [
            8.010299,
            46.594559
          ],
          [
            8.010282,
            46.59455
          ],
          [
            8.010281,
            46.59454
          ],
          [
            8.010276,
            46.594542
          ],
          [
            8.010259,
            46.594514
          ],
          [
            8.010267,
            46.594506
          ],
          [
            8.010268,
            46.594502
          ],
          [
            8.010277,
            46.5945
          ],
          [
            8.01027,
            46.594493
          ],
          [
            8.010262,
            46.594492
          ],
          [
            8.01026,
            46.594495
          ],
          [
            8.010248,
            46.594448
          ],
          [
            8.010224,
            46.594421
          ],
          [
            8.0102,
            46.594416
          ],
          [
            8.010181,
            46.594404
          ],
          [
            8.010165,
            46.594398
          ],
          [
            8.010159,
            46.594393
          ],
          [
            8.010098,
            46.594363
          ],
          [
            8.010078,
            46.594366
          ],
          [
            8.010079,
            46.594361
          ],
          [
            8.010074,
            46.594365
          ],
          [
            8.010074,
            46.594365
          ],
          [
            8.010074,
            46.594365
          ],
          [
            8.010074,
            46.594368
          ],
          [
            8.010066,
            46.594372
          ],
          [
            8.010052,
            46.594366
          ],
          [
            8.010045,
            46.594364
          ],
          [
            8.010027,
            46.594362
          ],
          [
            8.010007,
            46.59436
          ],
          [
            8.010011,
            46.594356
          ],
          [
            8.009989,
            46.59434
          ],
          [
            8.009953,
            46.594316
          ],
          [
            8.009944,
            46.59431
          ],
          [
            8.009903,
            46.594306
          ],
          [
            8.009876,
            46.594297
          ],
          [
            8.009866,
            46.594293
          ],
          [
            8.009846,
            46.594279
          ],
          [
            8.009821,
            46.594268
          ],
          [
            8.009796,
            46.59426
          ],
          [
            8.009784,
            46.594255
          ],
          [
            8.009769,
            46.594245
          ],
          [
            8.009755,
            46.594234
          ],
          [
            8.009728,
            46.59421
          ],
          [
            8.009724,
            46.594209
          ],
          [
            8.009706,
            46.594197
          ],
          [
            8.009692,
            46.594186
          ],
          [
            8.009675,
            46.594176
          ],
          [
            8.009667,
            46.594167
          ],
          [
            8.009643,
            46.594149
          ],
          [
            8.009635,
            46.594147
          ],
          [
            8.009597,
            46.594123
          ],
          [
            8.009561,
            46.594103
          ],
          [
            8.009533,
            46.594096
          ],
          [
            8.009522,
            46.594092
          ],
          [
            8.009504,
            46.594074
          ],
          [
            8.009502,
            46.594053
          ],
          [
            8.009499,
            46.594049
          ],
          [
            8.009477,
            46.594045
          ],
          [
            8.009459,
            46.594043
          ],
          [
            8.009465,
            46.594042
          ],
          [
            8.009462,
            46.594038
          ],
          [
            8.009445,
            46.594033
          ],
          [
            8.009431,
            46.594028
          ],
          [
            8.009424,
            46.594032
          ],
          [
            8.009381,
            46.594031
          ],
          [
            8.009361,
            46.594031
          ],
          [
            8.009303,
            46.594006
          ],
          [
            8.009249,
            46.593999
          ],
          [
            8.009237,
            46.593994
          ],
          [
            8.009196,
            46.593978
          ],
          [
            8.009161,
            46.593972
          ],
          [
            8.009123,
            46.593954
          ],
          [
            8.009068,
            46.593932
          ],
          [
            8.009059,
            46.593929
          ],
          [
            8.009024,
            46.593923
          ],
          [
            8.008999,
            46.5939
          ],
          [
            8.009006,
            46.593901
          ],
          [
            8.009003,
            46.593876
          ],
          [
            8.008922,
            46.593867
          ],
          [
            8.008893,
            46.593847
          ],
          [
            8.008865,
            46.593833
          ],
          [
            8.008841,
            46.593828
          ],
          [
            8.008807,
            46.593809
          ],
          [
            8.008802,
            46.593807
          ],
          [
            8.008768,
            46.5938
          ],
          [
            8.008756,
            46.593789
          ],
          [
            8.008732,
            46.593776
          ],
          [
            8.008706,
            46.593767
          ],
          [
            8.008695,
            46.593763
          ],
          [
            8.008667,
            46.593742
          ],
          [
            8.008662,
            46.593735
          ],
          [
            8.008621,
            46.593722
          ],
          [
            8.008594,
            46.593709
          ],
          [
            8.008564,
            46.593698
          ],
          [
            8.008544,
            46.593687
          ],
          [
            8.008476,
            46.593659
          ],
          [
            8.008459,
            46.59365
          ],
          [
            8.008401,
            46.593638
          ],
          [
            8.008294,
            46.593593
          ],
          [
            8.008279,
            46.59359
          ],
          [
            8.00819,
            46.593552
          ],
          [
            8.008139,
            46.593526
          ],
          [
            8.008093,
            46.593503
          ],
          [
            8.008067,
            46.593489
          ],
          [
            8.008036,
            46.593483
          ],
          [
            8.007981,
            46.593459
          ],
          [
            8.007955,
            46.593449
          ],
          [
            8.007875,
            46.593428
          ],
          [
            8.007849,
            46.593407
          ],
          [
            8.00781,
            46.593389
          ],
          [
            8.007792,
            46.59339
          ],
          [
            8.007784,
            46.593394
          ],
          [
            8.00773,
            46.593395
          ],
          [
            8.007723,
            46.593392
          ],
          [
            8.007697,
            46.59338
          ],
          [
            8.007693,
            46.593376
          ],
          [
            8.007673,
            46.593362
          ],
          [
            8.007637,
            46.593357
          ],
          [
            8.007631,
            46.593356
          ],
          [
            8.007594,
            46.593338
          ],
          [
            8.007576,
            46.593327
          ],
          [
            8.007562,
            46.593332
          ],
          [
            8.007522,
            46.593334
          ],
          [
            8.007495,
            46.593325
          ],
          [
            8.007488,
            46.593321
          ],
          [
            8.007488,
            46.593318
          ],
          [
            8.007488,
            46.593318
          ],
          [
            8.007488,
            46.593318
          ],
          [
            8.007488,
            46.593318
          ],
          [
            8.007456,
            46.593305
          ],
          [
            8.007444,
            46.593298
          ],
          [
            8.007444,
            46.593296
          ],
          [
            8.007372,
            46.593267
          ],
          [
            8.007345,
            46.593241
          ],
          [
            8.007339,
            46.593227
          ],
          [
            8.007307,
            46.593201
          ],
          [
            8.007295,
            46.593195
          ],
          [
            8.007283,
            46.593173
          ],
          [
            8.007276,
            46.593164
          ],
          [
            8.007223,
            46.593143
          ],
          [
            8.007206,
            46.593136
          ],
          [
            8.007179,
            46.593117
          ],
          [
            8.007158,
            46.593108
          ],
          [
            8.007141,
            46.593112
          ],
          [
            8.007143,
            46.593112
          ],
          [
            8.007134,
            46.593084
          ],
          [
            8.007113,
            46.593074
          ],
          [
            8.007111,
            46.593071
          ],
          [
            8.007111,
            46.593077
          ],
          [
            8.007115,
            46.593078
          ],
          [
            8.007122,
            46.593081
          ],
          [
            8.0071,
            46.593072
          ],
          [
            8.007104,
            46.593076
          ],
          [
            8.007104,
            46.593077
          ],
          [
            8.00709,
            46.593066
          ],
          [
            8.007052,
            46.593029
          ],
          [
            8.007032,
            46.593011
          ],
          [
            8.006995,
            46.592999
          ],
          [
            8.006984,
            46.592991
          ],
          [
            8.006966,
            46.592982
          ],
          [
            8.006916,
            46.592953
          ],
          [
            8.006898,
            46.592951
          ],
          [
            8.006838,
            46.592942
          ],
          [
            8.006827,
            46.592938
          ],
          [
            8.006794,
            46.592926
          ],
          [
            8.006776,
            46.592907
          ],
          [
            8.006763,
            46.592897
          ],
          [
            8.006756,
            46.592892
          ],
          [
            8.006714,
            46.592863
          ],
          [
            8.00669,
            46.592853
          ],
          [
            8.006676,
            46.592829
          ],
          [
            8.006673,
            46.592819
          ],
          [
            8.006659,
            46.592793
          ],
          [
            8.006655,
            46.592786
          ],
          [
            8.006654,
            46.592778
          ],
          [
            8.006652,
            46.592783
          ],
          [
            8.006591,
            46.592774
          ],
          [
            8.006546,
            46.592757
          ],
          [
            8.006533,
            46.59275
          ],
          [
            8.006505,
            46.592736
          ],
          [
            8.006454,
            46.592709
          ],
          [
            8.006463,
            46.592724
          ],
          [
            8.006433,
            46.592687
          ],
          [
            8.006428,
            46.59268
          ],
          [
            8.006406,
            46.592654
          ],
          [
            8.006402,
            46.592645
          ],
          [
            8.00639,
            46.592628
          ],
          [
            8.006392,
            46.59263
          ],
          [
            8.006392,
            46.59263
          ],
          [
            8.006392,
            46.59263
          ],
          [
            8.006392,
            46.59263
          ],
          [
            8.006397,
            46.592639
          ],
          [
            8.006392,
            46.59263
          ],
          [
            8.006387,
            46.59262
          ],
          [
            8.0064,
            46.592619
          ],
          [
            8.006398,
            46.592615
          ],
          [
            8.006393,
            46.592604
          ],
          [
            8.00639,
            46.592605
          ],
          [
            8.00639,
            46.592605
          ],
          [
            8.00639,
            46.592605
          ],
          [
            8.00639,
            46.592605
          ],
          [
            8.00639,
            46.592605
          ],
          [
            8.00639,
            46.592605
          ],
          [
            8.00639,
            46.592605
          ],
          [
            8.00639,
            46.592605
          ],
          [
            8.006386,
            46.592618
          ],
          [
            8.00639,
            46.592605
          ],
          [
            8.006382,
            46.592622
          ],
          [
            8.006379,
            46.592618
          ],
          [
            8.006379,
            46.592618
          ],
          [
            8.006379,
            46.592618
          ],
          [
            8.00638,
            46.592618
          ],
          [
            8.006375,
            46.592619
          ],
          [
            8.006388,
            46.592615
          ],
          [
            8.006397,
            46.592608
          ],
          [
            8.006406,
            46.592599
          ],
          [
            8.006413,
            46.592592
          ],
          [
            8.006414,
            46.592586
          ],
          [
            8.006409,
            46.592579
          ],
          [
            8.006397,
            46.592571
          ],
          [
            8.006352,
            46.592553
          ],
          [
            8.006328,
            46.592544
          ],
          [
            8.006298,
            46.592548
          ],
          [
            8.006273,
            46.592545
          ],
          [
            8.006273,
            46.59255
          ],
          [
            8.00627,
            46.592556
          ],
          [
            8.006271,
            46.592553
          ],
          [
            8.006241,
            46.592522
          ],
          [
            8.006232,
            46.592516
          ],
          [
            8.006212,
            46.592493
          ],
          [
            8.006138,
            46.592473
          ],
          [
            8.006128,
            46.59247
          ],
          [
            8.006064,
            46.592453
          ],
          [
            8.006055,
            46.592449
          ],
          [
            8.006055,
            46.592446
          ],
          [
            8.006019,
            46.592443
          ],
          [
            8.006005,
            46.59244
          ],
          [
            8.005937,
            46.592405
          ],
          [
            8.005883,
            46.59239
          ],
          [
            8.005883,
            46.59239
          ],
          [
            8.005856,
            46.592382
          ],
          [
            8.005842,
            46.592375
          ],
          [
            8.005824,
            46.59237
          ],
          [
            8.005824,
            46.59237
          ],
          [
            8.005824,
            46.59237
          ],
          [
            8.005824,
            46.59237
          ],
          [
            8.005782,
            46.592369
          ],
          [
            8.005763,
            46.592365
          ],
          [
            8.005767,
            46.592364
          ],
          [
            8.005735,
            46.592359
          ],
          [
            8.005725,
            46.592354
          ],
          [
            8.005706,
            46.592344
          ],
          [
            8.005683,
            46.592332
          ],
          [
            8.00566,
            46.592325
          ],
          [
            8.005639,
            46.592321
          ],
          [
            8.005621,
            46.59231
          ],
          [
            8.00558,
            46.592292
          ],
          [
            8.005573,
            46.592289
          ],
          [
            8.005561,
            46.592285
          ],
          [
            8.005532,
            46.59227
          ],
          [
            8.005515,
            46.592261
          ],
          [
            8.005515,
            46.592261
          ],
          [
            8.005478,
            46.592234
          ],
          [
            8.005419,
            46.592191
          ],
          [
            8.005386,
            46.592172
          ],
          [
            8.005364,
            46.592153
          ],
          [
            8.005344,
            46.592114
          ],
          [
            8.005338,
            46.592107
          ],
          [
            8.005278,
            46.592054
          ],
          [
            8.005251,
            46.592046
          ],
          [
            8.005192,
            46.592021
          ],
          [
            8.005178,
            46.592017
          ],
          [
            8.005175,
            46.592016
          ],
          [
            8.005145,
            46.591991
          ],
          [
            8.005052,
            46.591952
          ],
          [
            8.005013,
            46.591924
          ],
          [
            8.005001,
            46.591906
          ],
          [
            8.004925,
            46.591843
          ],
          [
            8.004867,
            46.591828
          ],
          [
            8.004852,
            46.591825
          ],
          [
            8.004798,
            46.591831
          ],
          [
            8.004762,
            46.591817
          ],
          [
            8.004743,
            46.591816
          ],
          [
            8.004683,
            46.591797
          ],
          [
            8.004643,
            46.591779
          ],
          [
            8.004628,
            46.591776
          ],
          [
            8.004578,
            46.591757
          ],
          [
            8.004581,
            46.591758
          ],
          [
            8.004591,
            46.591755
          ],
          [
            8.004587,
            46.591756
          ],
          [
            8.004594,
            46.591756
          ],
          [
            8.004594,
            46.591756
          ],
          [
            8.004594,
            46.591756
          ],
          [
            8.004594,
            46.591756
          ],
          [
            8.004594,
            46.591756
          ],
          [
            8.004594,
            46.591756
          ],
          [
            8.004594,
            46.591756
          ],
          [
            8.004594,
            46.591756
          ],
          [
            8.004594,
            46.591756
          ],
          [
            8.004594,
            46.591756
          ],
          [
            8.004594,
            46.591756
          ],
          [
            8.004594,
            46.591756
          ],
          [
            8.004594,
            46.591756
          ],
          [
            8.004594,
            46.591756
          ],
          [
            8.004594,
            46.591756
          ],
          [
            8.004594,
            46.591756
          ],
          [
            8.004594,
            46.591756
          ],
          [
            8.004594,
            46.591756
          ],
          [
            8.004594,
            46.591756
          ],
          [
            8.004594,
            46.591756
          ],
          [
            8.004594,
            46.591756
          ],
          [
            8.004594,
            46.591756
          ],
          [
            8.004594,
            46.591756
          ],
          [
            8.004581,
            46.591745
          ],
          [
            8.004581,
            46.591745
          ],
          [
            8.004581,
            46.591745
          ],
          [
            8.004581,
            46.591745
          ],
          [
            8.004581,
            46.591745
          ],
          [
            8.004581,
            46.591745
          ],
          [
            8.004581,
            46.591745
          ],
          [
            8.004581,
            46.591745
          ],
          [
            8.004581,
            46.591745
          ],
          [
            8.004581,
            46.591745
          ],
          [
            8.004581,
            46.591745
          ],
          [
            8.004581,
            46.591745
          ],
          [
            8.004581,
            46.591745
          ],
          [
            8.004581,
            46.591745
          ],
          [
            8.004581,
            46.591745
          ],
          [
            8.004581,
            46.591745
          ],
          [
            8.004581,
            46.591745
          ],
          [
            8.004581,
            46.591745
          ],
          [
            8.004553,
            46.591744
          ],
          [
            8.004507,
            46.591713
          ],
          [
            8.004502,
            46.591713
          ],
          [
            8.004452,
            46.591697
          ],
          [
            8.004438,
            46.59169
          ],
          [
            8.004427,
            46.591678
          ],
          [
            8.004429,
            46.59166
          ],
          [
            8.004397,
            46.591638
          ],
          [
            8.004386,
            46.591633
          ],
          [
            8.004371,
            46.591627
          ],
          [
            8.004356,
            46.591621
          ],
          [
            8.004339,
            46.591612
          ],
          [
            8.004323,
            46.591606
          ],
          [
            8.004304,
            46.591602
          ],
          [
            8.004216,
            46.591596
          ],
          [
            8.00418,
            46.591591
          ],
          [
            8.004162,
            46.591571
          ],
          [
            8.004158,
            46.591567
          ],
          [
            8.004146,
            46.591546
          ],
          [
            8.004138,
            46.591525
          ],
          [
            8.004126,
            46.591455
          ],
          [
            8.004116,
            46.591396
          ],
          [
            8.004105,
            46.591359
          ],
          [
            8.004108,
            46.591346
          ],
          [
            8.004104,
            46.591329
          ],
          [
            8.004091,
            46.591269
          ],
          [
            8.004058,
            46.591261
          ],
          [
            8.004032,
            46.591264
          ],
          [
            8.00398,
            46.591288
          ],
          [
            8.003928,
            46.591284
          ],
          [
            8.003861,
            46.59126
          ],
          [
            8.003853,
            46.591259
          ],
          [
            8.003827,
            46.591254
          ],
          [
            8.003805,
            46.591247
          ],
          [
            8.003766,
            46.59123
          ],
          [
            8.003762,
            46.591227
          ],
          [
            8.003715,
            46.591199
          ],
          [
            8.003705,
            46.591195
          ],
          [
            8.003635,
            46.591171
          ],
          [
            8.003626,
            46.591165
          ],
          [
            8.003585,
            46.591176
          ],
          [
            8.003572,
            46.591174
          ],
          [
            8.003471,
            46.59114
          ],
          [
            8.003449,
            46.591122
          ],
          [
            8.003446,
            46.591118
          ],
          [
            8.003446,
            46.591127
          ],
          [
            8.003442,
            46.591126
          ],
          [
            8.003422,
            46.591115
          ],
          [
            8.003394,
            46.591102
          ],
          [
            8.003387,
            46.591096
          ],
          [
            8.003346,
            46.591065
          ],
          [
            8.003329,
            46.591053
          ],
          [
            8.003275,
            46.591033
          ],
          [
            8.003229,
            46.591027
          ],
          [
            8.003209,
            46.591022
          ],
          [
            8.003149,
            46.591006
          ],
          [
            8.003137,
            46.591002
          ],
          [
            8.003048,
            46.590974
          ],
          [
            8.002997,
            46.590936
          ],
          [
            8.002985,
            46.590931
          ],
          [
            8.002913,
            46.590906
          ],
          [
            8.002888,
            46.590898
          ],
          [
            8.002808,
            46.590888
          ],
          [
            8.00278,
            46.590877
          ],
          [
            8.002746,
            46.590846
          ],
          [
            8.002739,
            46.590841
          ],
          [
            8.00273,
            46.59083
          ],
          [
            8.002717,
            46.590807
          ],
          [
            8.002728,
            46.590768
          ],
          [
            8.002716,
            46.590746
          ],
          [
            8.002703,
            46.590727
          ],
          [
            8.002649,
            46.590705
          ],
          [
            8.002645,
            46.590715
          ],
          [
            8.002559,
            46.590704
          ],
          [
            8.002461,
            46.590636
          ],
          [
            8.002369,
            46.590594
          ],
          [
            8.002244,
            46.590589
          ],
          [
            8.00221,
            46.590588
          ],
          [
            8.002197,
            46.59056
          ],
          [
            8.00219,
            46.590516
          ],
          [
            8.002154,
            46.590455
          ],
          [
            8.002041,
            46.590423
          ],
          [
            8.001939,
            46.590376
          ],
          [
            8.001919,
            46.590367
          ],
          [
            8.001871,
            46.590343
          ],
          [
            8.001835,
            46.590304
          ],
          [
            8.00177,
            46.590223
          ],
          [
            8.001734,
            46.5902
          ],
          [
            8.001655,
            46.590169
          ],
          [
            8.001641,
            46.590167
          ],
          [
            8.00156,
            46.590152
          ],
          [
            8.001487,
            46.590126
          ],
          [
            8.001385,
            46.59009
          ],
          [
            8.001328,
            46.590068
          ],
          [
            8.001252,
            46.590057
          ],
          [
            8.001161,
            46.590055
          ],
          [
            8.001124,
            46.590047
          ],
          [
            8.001106,
            46.590029
          ],
          [
            8.001057,
            46.590008
          ],
          [
            8.000985,
            46.589997
          ],
          [
            8.000912,
            46.589967
          ],
          [
            8.000869,
            46.589937
          ],
          [
            8.000851,
            46.589934
          ],
          [
            8.000779,
            46.589938
          ],
          [
            8.000734,
            46.589932
          ],
          [
            8.000703,
            46.589918
          ],
          [
            8.000671,
            46.589859
          ],
          [
            8.00059,
            46.589828
          ],
          [
            8.000528,
            46.589816
          ],
          [
            8.00047,
            46.589793
          ],
          [
            8.000446,
            46.589774
          ],
          [
            8.00036,
            46.589737
          ],
          [
            8.000337,
            46.589722
          ],
          [
            8.000328,
            46.589717
          ],
          [
            8.000246,
            46.589679
          ],
          [
            8.000166,
            46.589647
          ],
          [
            8.000099,
            46.589644
          ],
          [
            8.00008,
            46.589645
          ],
          [
            8.000007,
            46.589626
          ],
          [
            8.000006,
            46.589626
          ],
          [
            8.000018,
            46.58963
          ],
          [
            8.00001,
            46.589627
          ],
          [
            8.000006,
            46.589626
          ],
          [
            8.000006,
            46.589626
          ],
          [
            8.000006,
            46.589626
          ],
          [
            8.000006,
            46.589626
          ],
          [
            8.000006,
            46.589626
          ],
          [
            8.000016,
            46.589628
          ],
          [
            8.000008,
            46.589623
          ],
          [
            8.000003,
            46.589619
          ],
          [
            8.000004,
            46.589619
          ],
          [
            8.000016,
            46.589622
          ],
          [
            8.000025,
            46.589626
          ],
          [
            8.000026,
            46.589615
          ],
          [
            8.000024,
            46.589617
          ],
          [
            8.000024,
            46.589617
          ],
          [
            8.000024,
            46.589617
          ],
          [
            8.000024,
            46.589617
          ],
          [
            8.000024,
            46.589617
          ],
          [
            8.000024,
            46.589617
          ],
          [
            8.000034,
            46.58963
          ],
          [
            8.000036,
            46.589632
          ],
          [
            8.000037,
            46.589634
          ],
          [
            8.000023,
            46.589635
          ],
          [
            8.000036,
            46.589632
          ],
          [
            8.000036,
            46.589632
          ],
          [
            8.000036,
            46.589632
          ],
          [
            8.000036,
            46.589632
          ],
          [
            8.000036,
            46.589632
          ],
          [
            8.000023,
            46.589627
          ],
          [
            8.000031,
            46.589624
          ],
          [
            8.00003,
            46.589628
          ],
          [
            8.000036,
            46.589632
          ],
          [
            8.000036,
            46.589632
          ],
          [
            8.000036,
            46.589632
          ],
          [
            8.000036,
            46.589632
          ],
          [
            7.99999,
            46.589624
          ],
          [
            7.999962,
            46.589612
          ],
          [
            7.999922,
            46.589601
          ],
          [
            7.999807,
            46.589571
          ],
          [
            7.999772,
            46.589545
          ],
          [
            7.999724,
            46.589506
          ],
          [
            7.999655,
            46.589476
          ],
          [
            7.999614,
            46.589456
          ],
          [
            7.999555,
            46.589397
          ],
          [
            7.999457,
            46.58936
          ],
          [
            7.999397,
            46.58931
          ],
          [
            7.999384,
            46.589298
          ],
          [
            7.999355,
            46.589276
          ],
          [
            7.999338,
            46.589269
          ],
          [
            7.999304,
            46.589253
          ],
          [
            7.999255,
            46.589233
          ],
          [
            7.999151,
            46.589218
          ],
          [
            7.999133,
            46.589215
          ],
          [
            7.999037,
            46.589138
          ],
          [
            7.998933,
            46.589073
          ],
          [
            7.998907,
            46.589065
          ],
          [
            7.998903,
            46.58905
          ],
          [
            7.998892,
            46.588977
          ],
          [
            7.998841,
            46.588928
          ],
          [
            7.998766,
            46.588919
          ],
          [
            7.998721,
            46.588915
          ],
          [
            7.998682,
            46.588905
          ],
          [
            7.998676,
            46.588904
          ],
          [
            7.998636,
            46.58889
          ],
          [
            7.998621,
            46.588887
          ],
          [
            7.998606,
            46.588881
          ],
          [
            7.998601,
            46.58888
          ],
          [
            7.998576,
            46.588858
          ],
          [
            7.998573,
            46.588852
          ],
          [
            7.998553,
            46.588838
          ],
          [
            7.998553,
            46.588838
          ],
          [
            7.998553,
            46.588838
          ],
          [
            7.998553,
            46.588838
          ],
          [
            7.998553,
            46.588838
          ],
          [
            7.998553,
            46.588841
          ],
          [
            7.998553,
            46.588838
          ],
          [
            7.998553,
            46.588838
          ],
          [
            7.998553,
            46.588838
          ],
          [
            7.998551,
            46.588838
          ],
          [
            7.998541,
            46.588822
          ],
          [
            7.998537,
            46.588817
          ],
          [
            7.998534,
            46.588812
          ],
          [
            7.998478,
            46.588783
          ],
          [
            7.998458,
            46.588773
          ],
          [
            7.998417,
            46.588746
          ],
          [
            7.998408,
            46.588735
          ],
          [
            7.998407,
            46.588733
          ],
          [
            7.998354,
            46.588703
          ],
          [
            7.998296,
            46.588666
          ],
          [
            7.998289,
            46.588656
          ],
          [
            7.998275,
            46.588639
          ],
          [
            7.99827,
            46.588648
          ],
          [
            7.99828,
            46.588646
          ],
          [
            7.998289,
            46.588643
          ],
          [
            7.998259,
            46.588613
          ],
          [
            7.998225,
            46.588574
          ],
          [
            7.998196,
            46.588538
          ],
          [
            7.998191,
            46.588533
          ],
          [
            7.998184,
            46.588509
          ],
          [
            7.99818,
            46.588501
          ],
          [
            7.998166,
            46.588462
          ],
          [
            7.998156,
            46.588443
          ],
          [
            7.99815,
            46.588426
          ],
          [
            7.998136,
            46.588412
          ],
          [
            7.998129,
            46.588404
          ],
          [
            7.998113,
            46.588378
          ],
          [
            7.9981,
            46.588365
          ],
          [
            7.99806,
            46.588348
          ],
          [
            7.998054,
            46.588348
          ],
          [
            7.998055,
            46.588349
          ],
          [
            7.998055,
            46.588348
          ],
          [
            7.998055,
            46.588348
          ],
          [
            7.998034,
            46.588344
          ],
          [
            7.998002,
            46.588325
          ],
          [
            7.997988,
            46.588316
          ],
          [
            7.99795,
            46.588295
          ],
          [
            7.997942,
            46.588287
          ],
          [
            7.997927,
            46.588273
          ],
          [
            7.997924,
            46.588271
          ],
          [
            7.997926,
            46.588271
          ],
          [
            7.997926,
            46.588271
          ],
          [
            7.997926,
            46.588271
          ],
          [
            7.997926,
            46.588271
          ],
          [
            7.997926,
            46.588271
          ],
          [
            7.997926,
            46.588271
          ],
          [
            7.997926,
            46.588271
          ],
          [
            7.997926,
            46.588271
          ],
          [
            7.997905,
            46.588258
          ],
          [
            7.997874,
            46.588236
          ],
          [
            7.997862,
            46.588233
          ],
          [
            7.997821,
            46.588217
          ],
          [
            7.99781,
            46.588213
          ],
          [
            7.997807,
            46.588211
          ],
          [
            7.997807,
            46.588211
          ],
          [
            7.997807,
            46.588211
          ],
          [
            7.997807,
            46.588211
          ],
          [
            7.997784,
            46.588212
          ],
          [
            7.997731,
            46.58819
          ],
          [
            7.997713,
            46.588177
          ],
          [
            7.997662,
            46.588144
          ],
          [
            7.997659,
            46.588143
          ],
          [
            7.997658,
            46.588145
          ],
          [
            7.997648,
            46.58814
          ],
          [
            7.997571,
            46.588088
          ],
          [
            7.997532,
            46.588061
          ],
          [
            7.997508,
            46.58804
          ],
          [
            7.997465,
            46.588021
          ],
          [
            7.997426,
            46.588003
          ],
          [
            7.997366,
            46.587938
          ],
          [
            7.9973,
            46.587921
          ],
          [
            7.997275,
            46.587917
          ],
          [
            7.997224,
            46.587878
          ],
          [
            7.997148,
            46.587819
          ],
          [
            7.997147,
            46.587805
          ],
          [
            7.997149,
            46.587804
          ],
          [
            7.997149,
            46.587804
          ],
          [
            7.997149,
            46.587804
          ],
          [
            7.997149,
            46.587804
          ],
          [
            7.997121,
            46.587772
          ],
          [
            7.997113,
            46.587701
          ],
          [
            7.997096,
            46.587645
          ],
          [
            7.99706,
            46.587635
          ],
          [
            7.996988,
            46.587638
          ],
          [
            7.99697,
            46.587641
          ],
          [
            7.996854,
            46.587658
          ],
          [
            7.996715,
            46.58765
          ],
          [
            7.996563,
            46.58759
          ],
          [
            7.996434,
            46.587549
          ],
          [
            7.99629,
            46.587494
          ],
          [
            7.996249,
            46.587467
          ],
          [
            7.996181,
            46.587427
          ],
          [
            7.996159,
            46.587412
          ],
          [
            7.996146,
            46.587403
          ],
          [
            7.996106,
            46.587371
          ],
          [
            7.996046,
            46.58733
          ],
          [
            7.996036,
            46.587324
          ],
          [
            7.996025,
            46.587318
          ],
          [
            7.995899,
            46.587249
          ],
          [
            7.995888,
            46.587243
          ],
          [
            7.995786,
            46.58719
          ],
          [
            7.995632,
            46.587132
          ],
          [
            7.995464,
            46.587083
          ],
          [
            7.995377,
            46.587041
          ],
          [
            7.995315,
            46.587
          ],
          [
            7.995178,
            46.586934
          ],
          [
            7.99505,
            46.586853
          ],
          [
            7.994904,
            46.586794
          ],
          [
            7.994803,
            46.586737
          ],
          [
            7.994771,
            46.586718
          ],
          [
            7.994663,
            46.586641
          ],
          [
            7.99457,
            46.586566
          ],
          [
            7.994555,
            46.586558
          ],
          [
            7.994504,
            46.586543
          ],
          [
            7.99443,
            46.586483
          ],
          [
            7.994365,
            46.586399
          ],
          [
            7.994365,
            46.586354
          ],
          [
            7.994369,
            46.586345
          ],
          [
            7.99438,
            46.586322
          ],
          [
            7.994389,
            46.586288
          ],
          [
            7.994351,
            46.586253
          ],
          [
            7.994275,
            46.586302
          ],
          [
            7.99424,
            46.586317
          ],
          [
            7.994205,
            46.586319
          ],
          [
            7.994193,
            46.58632
          ],
          [
            7.994153,
            46.586294
          ],
          [
            7.994113,
            46.586257
          ],
          [
            7.994088,
            46.586251
          ],
          [
            7.994028,
            46.586224
          ],
          [
            7.994006,
            46.586208
          ],
          [
            7.993992,
            46.586191
          ],
          [
            7.993991,
            46.586179
          ],
          [
            7.993981,
            46.586171
          ],
          [
            7.993976,
            46.586173
          ],
          [
            7.993955,
            46.586169
          ],
          [
            7.993924,
            46.586145
          ],
          [
            7.993909,
            46.58614
          ],
          [
            7.993864,
            46.586118
          ],
          [
            7.993763,
            46.586096
          ],
          [
            7.993754,
            46.586093
          ],
          [
            7.993734,
            46.586085
          ],
          [
            7.993697,
            46.58607
          ],
          [
            7.993617,
            46.586023
          ],
          [
            7.993611,
            46.586016
          ],
          [
            7.99353,
            46.585985
          ],
          [
            7.993472,
            46.585966
          ],
          [
            7.993432,
            46.58595
          ],
          [
            7.993385,
            46.585901
          ],
          [
            7.993338,
            46.58589
          ],
          [
            7.993318,
            46.585877
          ],
          [
            7.993275,
            46.585872
          ],
          [
            7.993249,
            46.585871
          ],
          [
            7.993109,
            46.585882
          ],
          [
            7.993026,
            46.585892
          ],
          [
            7.992983,
            46.585881
          ],
          [
            7.992934,
            46.58585
          ],
          [
            7.992898,
            46.585837
          ],
          [
            7.992841,
            46.585825
          ],
          [
            7.992754,
            46.585809
          ],
          [
            7.992594,
            46.585797
          ],
          [
            7.992433,
            46.585767
          ],
          [
            7.992301,
            46.585757
          ],
          [
            7.992204,
            46.585772
          ],
          [
            7.992104,
            46.585793
          ],
          [
            7.992043,
            46.585792
          ],
          [
            7.992004,
            46.585781
          ],
          [
            7.991991,
            46.585774
          ],
          [
            7.991921,
            46.585751
          ],
          [
            7.991878,
            46.585732
          ],
          [
            7.991738,
            46.585691
          ],
          [
            7.991733,
            46.585695
          ],
          [
            7.991639,
            46.585697
          ],
          [
            7.991599,
            46.585688
          ],
          [
            7.991583,
            46.585681
          ],
          [
            7.991555,
            46.585676
          ],
          [
            7.991556,
            46.585676
          ],
          [
            7.991556,
            46.585676
          ],
          [
            7.991556,
            46.585676
          ],
          [
            7.9915,
            46.585678
          ],
          [
            7.991437,
            46.585684
          ],
          [
            7.991402,
            46.585681
          ],
          [
            7.991255,
            46.585689
          ],
          [
            7.991158,
            46.585656
          ],
          [
            7.991084,
            46.585602
          ],
          [
            7.991049,
            46.585574
          ],
          [
            7.991048,
            46.585571
          ],
          [
            7.991047,
            46.585571
          ],
          [
            7.991047,
            46.585571
          ],
          [
            7.991047,
            46.585571
          ],
          [
            7.991047,
            46.585571
          ],
          [
            7.991047,
            46.585571
          ],
          [
            7.991047,
            46.585571
          ],
          [
            7.991047,
            46.585571
          ],
          [
            7.991047,
            46.585571
          ],
          [
            7.991047,
            46.585571
          ],
          [
            7.991047,
            46.585571
          ],
          [
            7.991047,
            46.585571
          ],
          [
            7.991047,
            46.585571
          ],
          [
            7.991047,
            46.585571
          ],
          [
            7.991047,
            46.585571
          ],
          [
            7.991047,
            46.585571
          ],
          [
            7.991049,
            46.585552
          ],
          [
            7.991049,
            46.585552
          ],
          [
            7.991049,
            46.585552
          ],
          [
            7.991049,
            46.585552
          ],
          [
            7.991049,
            46.585552
          ],
          [
            7.991049,
            46.585552
          ],
          [
            7.991049,
            46.585552
          ],
          [
            7.991049,
            46.585552
          ],
          [
            7.991049,
            46.585552
          ],
          [
            7.991049,
            46.585552
          ],
          [
            7.991049,
            46.585552
          ],
          [
            7.991048,
            46.585554
          ],
          [
            7.990976,
            46.585561
          ],
          [
            7.990852,
            46.585571
          ],
          [
            7.99083,
            46.585567
          ],
          [
            7.9908,
            46.585561
          ],
          [
            7.990687,
            46.585557
          ],
          [
            7.990598,
            46.585548
          ],
          [
            7.990563,
            46.585549
          ],
          [
            7.990501,
            46.585549
          ],
          [
            7.990449,
            46.585509
          ],
          [
            7.990457,
            46.585497
          ],
          [
            7.990434,
            46.58547
          ],
          [
            7.990383,
            46.585474
          ],
          [
            7.990377,
            46.585459
          ],
          [
            7.990362,
            46.58546
          ],
          [
            7.990323,
            46.585452
          ],
          [
            7.990342,
            46.585461
          ],
          [
            7.990322,
            46.585463
          ],
          [
            7.990238,
            46.585484
          ],
          [
            7.990122,
            46.58551
          ],
          [
            7.989997,
            46.585502
          ],
          [
            7.989966,
            46.585489
          ],
          [
            7.989961,
            46.585486
          ],
          [
            7.989948,
            46.585479
          ],
          [
            7.989935,
            46.585469
          ],
          [
            7.989894,
            46.58544
          ],
          [
            7.989879,
            46.585425
          ],
          [
            7.98983,
            46.58539
          ],
          [
            7.989796,
            46.585378
          ],
          [
            7.989765,
            46.585364
          ],
          [
            7.989745,
            46.585358
          ],
          [
            7.989716,
            46.585344
          ],
          [
            7.989695,
            46.585309
          ],
          [
            7.989693,
            46.585318
          ],
          [
            7.989695,
            46.585309
          ],
          [
            7.98965,
            46.585282
          ],
          [
            7.989617,
            46.585235
          ],
          [
            7.989615,
            46.585231
          ],
          [
            7.989603,
            46.585218
          ],
          [
            7.989585,
            46.585212
          ],
          [
            7.98955,
            46.585206
          ],
          [
            7.98952,
            46.585196
          ],
          [
            7.989496,
            46.58518
          ],
          [
            7.989489,
            46.585176
          ],
          [
            7.989456,
            46.585128
          ],
          [
            7.989442,
            46.585108
          ],
          [
            7.989444,
            46.585086
          ],
          [
            7.989436,
            46.585083
          ],
          [
            7.989394,
            46.585051
          ],
          [
            7.989388,
            46.585046
          ],
          [
            7.989341,
            46.585012
          ],
          [
            7.98931,
            46.584996
          ],
          [
            7.989279,
            46.584983
          ],
          [
            7.989258,
            46.584961
          ],
          [
            7.989253,
            46.584954
          ],
          [
            7.989247,
            46.584924
          ],
          [
            7.989242,
            46.584916
          ],
          [
            7.989243,
            46.584884
          ],
          [
            7.989225,
            46.584875
          ],
          [
            7.989197,
            46.584853
          ],
          [
            7.989168,
            46.584826
          ],
          [
            7.989152,
            46.584811
          ],
          [
            7.98914,
            46.584805
          ],
          [
            7.989137,
            46.584801
          ],
          [
            7.989117,
            46.584766
          ],
          [
            7.989107,
            46.584727
          ],
          [
            7.989101,
            46.584717
          ],
          [
            7.989089,
            46.584696
          ],
          [
            7.989077,
            46.584681
          ],
          [
            7.989055,
            46.584662
          ],
          [
            7.98904,
            46.584646
          ],
          [
            7.989025,
            46.58463
          ],
          [
            7.989013,
            46.584617
          ],
          [
            7.989001,
            46.58461
          ],
          [
            7.988974,
            46.584603
          ],
          [
            7.988968,
            46.584587
          ],
          [
            7.988947,
            46.584545
          ],
          [
            7.98895,
            46.584537
          ],
          [
            7.98894,
            46.584503
          ],
          [
            7.988931,
            46.5845
          ],
          [
            7.9889,
            46.584477
          ],
          [
            7.988889,
            46.584454
          ],
          [
            7.98888,
            46.58445
          ],
          [
            7.988875,
            46.58445
          ],
          [
            7.988878,
            46.584453
          ],
          [
            7.988878,
            46.584453
          ],
          [
            7.988878,
            46.584453
          ],
          [
            7.98887,
            46.584439
          ],
          [
            7.98887,
            46.584439
          ],
          [
            7.98884,
            46.584424
          ],
          [
            7.988825,
            46.584414
          ],
          [
            7.988814,
            46.584401
          ],
          [
            7.988793,
            46.584353
          ],
          [
            7.988791,
            46.584347
          ],
          [
            7.988789,
            46.584364
          ],
          [
            7.98879,
            46.584362
          ],
          [
            7.98879,
            46.584362
          ],
          [
            7.98879,
            46.584362
          ],
          [
            7.98879,
            46.584362
          ],
          [
            7.98879,
            46.584362
          ],
          [
            7.98879,
            46.584362
          ],
          [
            7.98879,
            46.584362
          ],
          [
            7.988793,
            46.584317
          ],
          [
            7.988792,
            46.584308
          ],
          [
            7.988788,
            46.584284
          ],
          [
            7.988813,
            46.584282
          ],
          [
            7.98884,
            46.584287
          ],
          [
            7.988875,
            46.584284
          ],
          [
            7.988903,
            46.584274
          ],
          [
            7.988931,
            46.584277
          ],
          [
            7.988957,
            46.584266
          ],
          [
            7.98899,
            46.58426
          ],
          [
            7.989033,
            46.584254
          ],
          [
            7.989057,
            46.58425
          ],
          [
            7.98907,
            46.584249
          ],
          [
            7.989116,
            46.584244
          ],
          [
            7.98913,
            46.584245
          ],
          [
            7.989171,
            46.584237
          ],
          [
            7.989187,
            46.584231
          ],
          [
            7.989259,
            46.584224
          ],
          [
            7.989281,
            46.58423
          ],
          [
            7.989334,
            46.584235
          ],
          [
            7.989348,
            46.58423
          ],
          [
            7.989367,
            46.584221
          ],
          [
            7.989397,
            46.584211
          ],
          [
            7.989428,
            46.584199
          ],
          [
            7.989451,
            46.584198
          ],
          [
            7.989473,
            46.584197
          ],
          [
            7.989482,
            46.584183
          ],
          [
            7.989479,
            46.584178
          ],
          [
            7.989482,
            46.58416
          ],
          [
            7.989473,
            46.584148
          ],
          [
            7.989469,
            46.584143
          ],
          [
            7.989458,
            46.584136
          ],
          [
            7.989448,
            46.584125
          ],
          [
            7.989428,
            46.584091
          ],
          [
            7.989422,
            46.584075
          ],
          [
            7.989402,
            46.584062
          ],
          [
            7.989391,
            46.584053
          ],
          [
            7.989353,
            46.584024
          ],
          [
            7.989335,
            46.584013
          ],
          [
            7.989278,
            46.583997
          ],
          [
            7.989253,
            46.58399
          ],
          [
            7.989208,
            46.58397
          ],
          [
            7.989193,
            46.583957
          ],
          [
            7.989161,
            46.583935
          ],
          [
            7.989135,
            46.583916
          ],
          [
            7.989111,
            46.583903
          ],
          [
            7.989093,
            46.583871
          ],
          [
            7.989052,
            46.583854
          ],
          [
            7.989039,
            46.58384
          ],
          [
            7.989026,
            46.583809
          ],
          [
            7.989004,
            46.583799
          ],
          [
            7.988966,
            46.583793
          ],
          [
            7.988938,
            46.583779
          ],
          [
            7.988921,
            46.583765
          ],
          [
            7.988919,
            46.58376
          ],
          [
            7.988913,
            46.583754
          ],
          [
            7.988909,
            46.583752
          ],
          [
            7.988901,
            46.583748
          ],
          [
            7.988866,
            46.583728
          ],
          [
            7.988867,
            46.583723
          ],
          [
            7.988831,
            46.583706
          ],
          [
            7.988825,
            46.583705
          ],
          [
            7.988775,
            46.583683
          ],
          [
            7.988705,
            46.583664
          ],
          [
            7.988666,
            46.583651
          ],
          [
            7.988641,
            46.583653
          ],
          [
            7.988635,
            46.583654
          ],
          [
            7.988577,
            46.583641
          ],
          [
            7.988551,
            46.583633
          ],
          [
            7.988537,
            46.583632
          ],
          [
            7.988495,
            46.58363
          ],
          [
            7.988483,
            46.583629
          ],
          [
            7.988461,
            46.583606
          ],
          [
            7.988464,
            46.5836
          ],
          [
            7.988511,
            46.583574
          ],
          [
            7.988537,
            46.583545
          ],
          [
            7.988518,
            46.583537
          ],
          [
            7.988506,
            46.583531
          ],
          [
            7.988476,
            46.583505
          ],
          [
            7.988457,
            46.583497
          ],
          [
            7.988427,
            46.583482
          ],
          [
            7.98841,
            46.583477
          ],
          [
            7.988369,
            46.583471
          ],
          [
            7.988345,
            46.583473
          ],
          [
            7.988281,
            46.58349
          ],
          [
            7.988264,
            46.583492
          ],
          [
            7.988235,
            46.583501
          ],
          [
            7.988217,
            46.583509
          ],
          [
            7.988205,
            46.583514
          ],
          [
            7.988186,
            46.583525
          ],
          [
            7.988162,
            46.583554
          ],
          [
            7.988157,
            46.583559
          ],
          [
            7.98813,
            46.583563
          ],
          [
            7.988129,
            46.58356
          ],
          [
            7.988111,
            46.583561
          ],
          [
            7.988078,
            46.583552
          ],
          [
            7.988072,
            46.583554
          ],
          [
            7.988042,
            46.58352
          ],
          [
            7.988019,
            46.583504
          ],
          [
            7.987954,
            46.583461
          ],
          [
            7.987919,
            46.583439
          ],
          [
            7.987898,
            46.583429
          ],
          [
            7.987894,
            46.583429
          ],
          [
            7.98786,
            46.583412
          ],
          [
            7.987838,
            46.583409
          ],
          [
            7.987819,
            46.583403
          ],
          [
            7.987789,
            46.58337
          ],
          [
            7.987768,
            46.583338
          ],
          [
            7.987752,
            46.583325
          ],
          [
            7.987718,
            46.583287
          ],
          [
            7.987708,
            46.583262
          ],
          [
            7.987686,
            46.58319
          ],
          [
            7.987682,
            46.583177
          ],
          [
            7.987677,
            46.583171
          ],
          [
            7.987664,
            46.58316
          ],
          [
            7.987639,
            46.5831
          ],
          [
            7.987647,
            46.583082
          ],
          [
            7.987657,
            46.583073
          ],
          [
            7.987664,
            46.583025
          ],
          [
            7.987685,
            46.582993
          ],
          [
            7.987692,
            46.582988
          ],
          [
            7.987737,
            46.582986
          ],
          [
            7.987744,
            46.582986
          ],
          [
            7.987779,
            46.582987
          ],
          [
            7.987797,
            46.582988
          ],
          [
            7.987817,
            46.582993
          ],
          [
            7.987832,
            46.583001
          ],
          [
            7.987851,
            46.583001
          ],
          [
            7.987865,
            46.582996
          ],
          [
            7.987873,
            46.58297
          ],
          [
            7.987873,
            46.582961
          ],
          [
            7.98785,
            46.582935
          ],
          [
            7.987853,
            46.58293
          ],
          [
            7.987847,
            46.582892
          ],
          [
            7.987851,
            46.582891
          ],
          [
            7.987858,
            46.582877
          ],
          [
            7.987858,
            46.582877
          ],
          [
            7.987858,
            46.582877
          ],
          [
            7.987858,
            46.582877
          ],
          [
            7.987858,
            46.582877
          ],
          [
            7.987858,
            46.582877
          ],
          [
            7.987858,
            46.582877
          ],
          [
            7.987858,
            46.582877
          ],
          [
            7.987858,
            46.582877
          ],
          [
            7.987858,
            46.582877
          ],
          [
            7.987858,
            46.582877
          ],
          [
            7.987858,
            46.582877
          ],
          [
            7.987858,
            46.582877
          ],
          [
            7.987858,
            46.582877
          ],
          [
            7.987858,
            46.582877
          ],
          [
            7.987858,
            46.582877
          ],
          [
            7.987858,
            46.582877
          ],
          [
            7.987858,
            46.582877
          ],
          [
            7.987858,
            46.582877
          ],
          [
            7.987858,
            46.582877
          ],
          [
            7.987858,
            46.582877
          ],
          [
            7.987858,
            46.582877
          ],
          [
            7.987858,
            46.582877
          ],
          [
            7.987858,
            46.582877
          ],
          [
            7.987858,
            46.582877
          ],
          [
            7.987845,
            46.582876
          ],
          [
            7.987857,
            46.582878
          ],
          [
            7.987856,
            46.582877
          ],
          [
            7.987844,
            46.582872
          ],
          [
            7.987858,
            46.582877
          ],
          [
            7.987858,
            46.582877
          ],
          [
            7.987858,
            46.582877
          ],
          [
            7.987858,
            46.582877
          ],
          [
            7.987858,
            46.582877
          ],
          [
            7.987858,
            46.582877
          ],
          [
            7.987858,
            46.582877
          ],
          [
            7.987862,
            46.582863
          ],
          [
            7.98786,
            46.582865
          ],
          [
            7.987835,
            46.582873
          ],
          [
            7.987814,
            46.582875
          ],
          [
            7.987821,
            46.582878
          ],
          [
            7.987822,
            46.582879
          ],
          [
            7.987858,
            46.582877
          ],
          [
            7.987831,
            46.582887
          ],
          [
            7.987825,
            46.582886
          ],
          [
            7.987853,
            46.58288
          ],
          [
            7.987858,
            46.582877
          ],
          [
            7.987848,
            46.58289
          ],
          [
            7.987834,
            46.582875
          ],
          [
            7.987821,
            46.582889
          ],
          [
            7.987838,
            46.582886
          ],
          [
            7.987859,
            46.582892
          ],
          [
            7.987844,
            46.582875
          ],
          [
            7.987817,
            46.582893
          ],
          [
            7.987832,
            46.582873
          ],
          [
            7.98785,
            46.582862
          ],
          [
            7.987831,
            46.582878
          ],
          [
            7.987831,
            46.582878
          ],
          [
            7.987836,
            46.582876
          ],
          [
            7.987827,
            46.58287
          ],
          [
            7.987813,
            46.582834
          ],
          [
            7.987804,
            46.582816
          ],
          [
            7.987794,
            46.582804
          ],
          [
            7.98779,
            46.58279
          ],
          [
            7.987782,
            46.582782
          ],
          [
            7.987773,
            46.58278
          ],
          [
            7.987761,
            46.582775
          ],
          [
            7.987756,
            46.582772
          ],
          [
            7.987735,
            46.582757
          ],
          [
            7.987722,
            46.582738
          ],
          [
            7.98772,
            46.582738
          ],
          [
            7.987673,
            46.582723
          ],
          [
            7.987677,
            46.582714
          ],
          [
            7.98768,
            46.582707
          ],
          [
            7.987692,
            46.582699
          ],
          [
            7.987703,
            46.582694
          ],
          [
            7.987723,
            46.582685
          ],
          [
            7.987733,
            46.582683
          ],
          [
            7.987765,
            46.582671
          ],
          [
            7.987765,
            46.582664
          ],
          [
            7.987794,
            46.582647
          ],
          [
            7.987824,
            46.582642
          ],
          [
            7.987841,
            46.58264
          ],
          [
            7.987883,
            46.582639
          ],
          [
            7.987901,
            46.582638
          ],
          [
            7.987927,
            46.582631
          ],
          [
            7.987938,
            46.582631
          ],
          [
            7.987964,
            46.582626
          ],
          [
            7.987966,
            46.582599
          ],
          [
            7.987947,
            46.582584
          ],
          [
            7.98792,
            46.582577
          ],
          [
            7.987901,
            46.582556
          ],
          [
            7.987895,
            46.582552
          ],
          [
            7.987852,
            46.582522
          ],
          [
            7.987825,
            46.582507
          ],
          [
            7.987803,
            46.582497
          ],
          [
            7.98778,
            46.58249
          ],
          [
            7.987772,
            46.582486
          ],
          [
            7.987741,
            46.582468
          ],
          [
            7.987733,
            46.582459
          ],
          [
            7.987715,
            46.582443
          ],
          [
            7.987692,
            46.582419
          ],
          [
            7.987686,
            46.58242
          ],
          [
            7.987654,
            46.582397
          ],
          [
            7.987683,
            46.582388
          ],
          [
            7.987687,
            46.582383
          ],
          [
            7.987743,
            46.582379
          ],
          [
            7.987746,
            46.58238
          ],
          [
            7.987812,
            46.582367
          ],
          [
            7.987815,
            46.582365
          ],
          [
            7.987845,
            46.582348
          ],
          [
            7.987859,
            46.582339
          ],
          [
            7.987901,
            46.582342
          ],
          [
            7.987901,
            46.582344
          ],
          [
            7.98792,
            46.582349
          ],
          [
            7.987928,
            46.582353
          ],
          [
            7.987928,
            46.582353
          ],
          [
            7.987928,
            46.582353
          ],
          [
            7.987928,
            46.582353
          ],
          [
            7.987946,
            46.58234
          ],
          [
            7.987991,
            46.5823
          ],
          [
            7.988038,
            46.582297
          ],
          [
            7.988061,
            46.582295
          ],
          [
            7.988057,
            46.582271
          ],
          [
            7.988051,
            46.582264
          ],
          [
            7.988035,
            46.582245
          ],
          [
            7.988031,
            46.582242
          ],
          [
            7.988011,
            46.582221
          ],
          [
            7.988011,
            46.582216
          ],
          [
            7.988002,
            46.582211
          ],
          [
            7.987966,
            46.582194
          ],
          [
            7.987961,
            46.582191
          ],
          [
            7.987936,
            46.582191
          ],
          [
            7.987916,
            46.582181
          ],
          [
            7.987892,
            46.582159
          ],
          [
            7.987881,
            46.582153
          ],
          [
            7.987856,
            46.582137
          ],
          [
            7.987841,
            46.582133
          ],
          [
            7.987791,
            46.582112
          ],
          [
            7.987784,
            46.582107
          ],
          [
            7.987764,
            46.582093
          ],
          [
            7.987764,
            46.582089
          ],
          [
            7.987742,
            46.582081
          ],
          [
            7.987742,
            46.582083
          ],
          [
            7.987716,
            46.582059
          ],
          [
            7.987677,
            46.58204
          ],
          [
            7.987671,
            46.582036
          ],
          [
            7.987681,
            46.582031
          ],
          [
            7.987706,
            46.582024
          ],
          [
            7.987735,
            46.582021
          ],
          [
            7.987792,
            46.582006
          ],
          [
            7.987807,
            46.581999
          ],
          [
            7.987821,
            46.582001
          ],
          [
            7.987868,
            46.581988
          ],
          [
            7.987879,
            46.581985
          ],
          [
            7.987952,
            46.581977
          ],
          [
            7.988009,
            46.581967
          ],
          [
            7.988014,
            46.581962
          ],
          [
            7.988045,
            46.581943
          ],
          [
            7.988071,
            46.581923
          ],
          [
            7.988056,
            46.581912
          ],
          [
            7.988069,
            46.581911
          ],
          [
            7.988103,
            46.581917
          ],
          [
            7.988103,
            46.58192
          ],
          [
            7.988108,
            46.581921
          ],
          [
            7.988131,
            46.581922
          ],
          [
            7.988162,
            46.581924
          ],
          [
            7.988221,
            46.581923
          ],
          [
            7.988217,
            46.581918
          ],
          [
            7.988188,
            46.581899
          ],
          [
            7.988181,
            46.581892
          ],
          [
            7.988148,
            46.581851
          ],
          [
            7.988135,
            46.58184
          ],
          [
            7.988099,
            46.581815
          ],
          [
            7.988082,
            46.581804
          ],
          [
            7.988064,
            46.581802
          ],
          [
            7.988073,
            46.581811
          ],
          [
            7.988055,
            46.581804
          ],
          [
            7.988011,
            46.581786
          ],
          [
            7.987977,
            46.581777
          ],
          [
            7.987948,
            46.581768
          ],
          [
            7.987902,
            46.581757
          ],
          [
            7.987873,
            46.581759
          ],
          [
            7.987828,
            46.581765
          ],
          [
            7.987821,
            46.581766
          ],
          [
            7.987791,
            46.581757
          ],
          [
            7.987773,
            46.581748
          ],
          [
            7.987748,
            46.581724
          ],
          [
            7.987727,
            46.581721
          ],
          [
            7.987708,
            46.581712
          ],
          [
            7.987687,
            46.581698
          ],
          [
            7.987653,
            46.581685
          ],
          [
            7.987565,
            46.581659
          ],
          [
            7.987563,
            46.581662
          ],
          [
            7.987534,
            46.581663
          ],
          [
            7.987496,
            46.581644
          ],
          [
            7.987486,
            46.581637
          ],
          [
            7.987456,
            46.581627
          ],
          [
            7.987421,
            46.581617
          ],
          [
            7.987391,
            46.5816
          ],
          [
            7.987349,
            46.581589
          ],
          [
            7.987335,
            46.581584
          ],
          [
            7.987286,
            46.581574
          ],
          [
            7.987271,
            46.581568
          ],
          [
            7.987223,
            46.581563
          ],
          [
            7.987212,
            46.581559
          ],
          [
            7.98717,
            46.581553
          ],
          [
            7.987136,
            46.581549
          ],
          [
            7.987088,
            46.581532
          ],
          [
            7.987052,
            46.581518
          ],
          [
            7.987005,
            46.58151
          ],
          [
            7.986957,
            46.58151
          ],
          [
            7.986937,
            46.581515
          ],
          [
            7.986896,
            46.58152
          ],
          [
            7.986882,
            46.581527
          ],
          [
            7.986817,
            46.581558
          ],
          [
            7.986808,
            46.581556
          ],
          [
            7.986763,
            46.581567
          ],
          [
            7.986755,
            46.581567
          ],
          [
            7.986717,
            46.581579
          ],
          [
            7.986688,
            46.581584
          ],
          [
            7.986661,
            46.581585
          ],
          [
            7.986633,
            46.581571
          ],
          [
            7.986612,
            46.581554
          ],
          [
            7.986592,
            46.581538
          ],
          [
            7.986568,
            46.581535
          ],
          [
            7.986544,
            46.581536
          ],
          [
            7.986491,
            46.581533
          ],
          [
            7.986482,
            46.58153
          ],
          [
            7.986449,
            46.58151
          ],
          [
            7.986457,
            46.5815
          ],
          [
            7.986472,
            46.581483
          ],
          [
            7.986504,
            46.581478
          ],
          [
            7.986542,
            46.581463
          ],
          [
            7.986543,
            46.58146
          ],
          [
            7.986542,
            46.581458
          ],
          [
            7.986545,
            46.581453
          ],
          [
            7.986569,
            46.581428
          ],
          [
            7.986574,
            46.581422
          ],
          [
            7.986598,
            46.581402
          ],
          [
            7.986608,
            46.581387
          ],
          [
            7.986602,
            46.581369
          ],
          [
            7.986612,
            46.581352
          ],
          [
            7.986567,
            46.581349
          ],
          [
            7.986489,
            46.581337
          ],
          [
            7.986481,
            46.581334
          ],
          [
            7.986444,
            46.581329
          ],
          [
            7.986412,
            46.581327
          ],
          [
            7.986406,
            46.581328
          ],
          [
            7.986359,
            46.581316
          ],
          [
            7.986318,
            46.581296
          ],
          [
            7.986292,
            46.581285
          ],
          [
            7.986273,
            46.581272
          ],
          [
            7.986236,
            46.581257
          ],
          [
            7.986225,
            46.581249
          ],
          [
            7.986201,
            46.581226
          ],
          [
            7.98619,
            46.581223
          ],
          [
            7.986147,
            46.58122
          ],
          [
            7.986104,
            46.581218
          ],
          [
            7.986064,
            46.581241
          ],
          [
            7.986036,
            46.58125
          ],
          [
            7.986,
            46.581257
          ],
          [
            7.985979,
            46.581255
          ],
          [
            7.985937,
            46.581258
          ],
          [
            7.9859,
            46.581271
          ],
          [
            7.985893,
            46.581273
          ],
          [
            7.985804,
            46.581267
          ],
          [
            7.985789,
            46.581266
          ],
          [
            7.985761,
            46.581277
          ],
          [
            7.985783,
            46.581279
          ],
          [
            7.985777,
            46.58128
          ],
          [
            7.985734,
            46.581305
          ],
          [
            7.985684,
            46.581327
          ],
          [
            7.985672,
            46.581321
          ],
          [
            7.985671,
            46.581334
          ],
          [
            7.985678,
            46.581337
          ],
          [
            7.985686,
            46.58132
          ],
          [
            7.985683,
            46.581325
          ],
          [
            7.985689,
            46.58132
          ],
          [
            7.985678,
            46.58132
          ],
          [
            7.98568,
            46.58132
          ],
          [
            7.98568,
            46.58132
          ],
          [
            7.98568,
            46.58132
          ],
          [
            7.98568,
            46.58132
          ],
          [
            7.98568,
            46.58132
          ],
          [
            7.985695,
            46.581315
          ],
          [
            7.98568,
            46.58132
          ],
          [
            7.98568,
            46.58132
          ],
          [
            7.98568,
            46.58132
          ],
          [
            7.98568,
            46.58132
          ],
          [
            7.98568,
            46.58132
          ],
          [
            7.98568,
            46.58132
          ],
          [
            7.985687,
            46.581318
          ],
          [
            7.985678,
            46.581319
          ],
          [
            7.985675,
            46.581322
          ],
          [
            7.985683,
            46.581326
          ],
          [
            7.985685,
            46.581334
          ],
          [
            7.985685,
            46.581334
          ],
          [
            7.985685,
            46.581336
          ],
          [
            7.985683,
            46.581329
          ],
          [
            7.985685,
            46.581334
          ],
          [
            7.985685,
            46.581334
          ],
          [
            7.985685,
            46.581334
          ],
          [
            7.985685,
            46.581334
          ],
          [
            7.985685,
            46.581334
          ],
          [
            7.985685,
            46.581334
          ],
          [
            7.985685,
            46.581334
          ],
          [
            7.985685,
            46.581334
          ],
          [
            7.985685,
            46.581334
          ],
          [
            7.985685,
            46.581334
          ],
          [
            7.985685,
            46.581334
          ],
          [
            7.985685,
            46.581334
          ],
          [
            7.985685,
            46.581334
          ],
          [
            7.985685,
            46.581334
          ],
          [
            7.985685,
            46.581334
          ],
          [
            7.985685,
            46.581334
          ],
          [
            7.985685,
            46.581334
          ],
          [
            7.985685,
            46.581334
          ],
          [
            7.985682,
            46.581331
          ],
          [
            7.985687,
            46.58133
          ],
          [
            7.985691,
            46.581327
          ],
          [
            7.985682,
            46.58132
          ],
          [
            7.985687,
            46.581325
          ],
          [
            7.985685,
            46.581334
          ],
          [
            7.985685,
            46.581334
          ],
          [
            7.985685,
            46.581334
          ],
          [
            7.985685,
            46.581334
          ],
          [
            7.985685,
            46.581334
          ],
          [
            7.985685,
            46.581334
          ],
          [
            7.985685,
            46.581334
          ],
          [
            7.985685,
            46.581334
          ],
          [
            7.985685,
            46.581334
          ],
          [
            7.985671,
            46.581323
          ],
          [
            7.985671,
            46.581323
          ],
          [
            7.985686,
            46.581317
          ],
          [
            7.985688,
            46.581315
          ],
          [
            7.985688,
            46.581315
          ],
          [
            7.985688,
            46.581315
          ],
          [
            7.985688,
            46.581315
          ],
          [
            7.985688,
            46.581315
          ],
          [
            7.985688,
            46.581315
          ],
          [
            7.985678,
            46.581321
          ],
          [
            7.985675,
            46.581327
          ],
          [
            7.98567,
            46.581319
          ],
          [
            7.985675,
            46.58133
          ],
          [
            7.985683,
            46.581337
          ],
          [
            7.985675,
            46.581327
          ],
          [
            7.985675,
            46.581327
          ],
          [
            7.985675,
            46.581327
          ],
          [
            7.985675,
            46.581327
          ],
          [
            7.985675,
            46.581327
          ],
          [
            7.985675,
            46.581327
          ],
          [
            7.985675,
            46.581327
          ],
          [
            7.985675,
            46.581327
          ],
          [
            7.985675,
            46.581327
          ],
          [
            7.985675,
            46.581327
          ],
          [
            7.985686,
            46.581324
          ],
          [
            7.985661,
            46.581333
          ],
          [
            7.985688,
            46.581339
          ],
          [
            7.985675,
            46.581327
          ],
          [
            7.985675,
            46.581327
          ],
          [
            7.985675,
            46.581327
          ],
          [
            7.985675,
            46.581327
          ],
          [
            7.985682,
            46.581327
          ],
          [
            7.985692,
            46.581324
          ],
          [
            7.985675,
            46.581327
          ],
          [
            7.985684,
            46.581328
          ],
          [
            7.985684,
            46.581328
          ],
          [
            7.985689,
            46.581324
          ],
          [
            7.985675,
            46.581327
          ],
          [
            7.985675,
            46.581327
          ],
          [
            7.985675,
            46.581327
          ],
          [
            7.985675,
            46.581311
          ],
          [
            7.985674,
            46.581309
          ],
          [
            7.985675,
            46.581317
          ],
          [
            7.985675,
            46.581318
          ],
          [
            7.985684,
            46.581325
          ],
          [
            7.985685,
            46.581325
          ],
          [
            7.985686,
            46.581331
          ],
          [
            7.985693,
            46.581326
          ],
          [
            7.985691,
            46.58132
          ],
          [
            7.98569,
            46.581318
          ],
          [
            7.985683,
            46.581306
          ],
          [
            7.985675,
            46.581307
          ],
          [
            7.985675,
            46.581307
          ],
          [
            7.985675,
            46.581307
          ],
          [
            7.985675,
            46.581307
          ],
          [
            7.985675,
            46.581307
          ],
          [
            7.985675,
            46.581307
          ],
          [
            7.985677,
            46.581314
          ],
          [
            7.985679,
            46.581312
          ],
          [
            7.985675,
            46.581307
          ],
          [
            7.985675,
            46.581307
          ],
          [
            7.985675,
            46.581307
          ],
          [
            7.985691,
            46.581318
          ],
          [
            7.985699,
            46.581318
          ],
          [
            7.985691,
            46.581318
          ],
          [
            7.985691,
            46.581318
          ],
          [
            7.985691,
            46.581318
          ],
          [
            7.985691,
            46.581318
          ],
          [
            7.985687,
            46.58133
          ],
          [
            7.985682,
            46.581334
          ],
          [
            7.985682,
            46.581332
          ],
          [
            7.985683,
            46.581324
          ],
          [
            7.985682,
            46.581334
          ],
          [
            7.985682,
            46.581334
          ],
          [
            7.985677,
            46.581304
          ],
          [
            7.985673,
            46.581307
          ],
          [
            7.98567,
            46.581309
          ],
          [
            7.98567,
            46.581309
          ],
          [
            7.98567,
            46.581309
          ],
          [
            7.98567,
            46.581309
          ],
          [
            7.98567,
            46.581309
          ],
          [
            7.985673,
            46.581307
          ],
          [
            7.985673,
            46.581313
          ],
          [
            7.985676,
            46.581321
          ],
          [
            7.985675,
            46.581328
          ],
          [
            7.985677,
            46.581319
          ],
          [
            7.985677,
            46.581295
          ],
          [
            7.985679,
            46.5813
          ],
          [
            7.985679,
            46.5813
          ],
          [
            7.985679,
            46.5813
          ],
          [
            7.985679,
            46.5813
          ],
          [
            7.985679,
            46.5813
          ],
          [
            7.985673,
            46.581286
          ],
          [
            7.985689,
            46.581316
          ],
          [
            7.985688,
            46.581316
          ],
          [
            7.985687,
            46.581324
          ],
          [
            7.985688,
            46.581316
          ],
          [
            7.985688,
            46.581316
          ],
          [
            7.985688,
            46.581316
          ],
          [
            7.985688,
            46.581316
          ],
          [
            7.985688,
            46.581316
          ],
          [
            7.985688,
            46.581316
          ],
          [
            7.985688,
            46.581316
          ],
          [
            7.985688,
            46.581316
          ],
          [
            7.985688,
            46.581316
          ],
          [
            7.985688,
            46.581316
          ],
          [
            7.985688,
            46.581316
          ],
          [
            7.985688,
            46.581316
          ],
          [
            7.985688,
            46.581316
          ],
          [
            7.985688,
            46.581316
          ],
          [
            7.985688,
            46.581316
          ],
          [
            7.985688,
            46.581316
          ],
          [
            7.985688,
            46.581316
          ],
          [
            7.985688,
            46.581316
          ],
          [
            7.985688,
            46.581316
          ],
          [
            7.985688,
            46.581316
          ],
          [
            7.985688,
            46.581316
          ],
          [
            7.985688,
            46.581316
          ],
          [
            7.985688,
            46.581316
          ],
          [
            7.985688,
            46.581316
          ],
          [
            7.985673,
            46.581306
          ],
          [
            7.98567,
            46.581303
          ],
          [
            7.985668,
            46.581303
          ],
          [
            7.985668,
            46.581303
          ],
          [
            7.985668,
            46.581303
          ],
          [
            7.985665,
            46.581312
          ],
          [
            7.985664,
            46.581311
          ],
          [
            7.985668,
            46.581303
          ],
          [
            7.985668,
            46.581303
          ],
          [
            7.985668,
            46.581303
          ],
          [
            7.985668,
            46.581303
          ],
          [
            7.985668,
            46.581303
          ],
          [
            7.985665,
            46.581307
          ],
          [
            7.985658,
            46.581311
          ],
          [
            7.985671,
            46.581316
          ],
          [
            7.985672,
            46.581317
          ],
          [
            7.985672,
            46.581317
          ],
          [
            7.985672,
            46.581317
          ],
          [
            7.985672,
            46.581317
          ],
          [
            7.985672,
            46.581317
          ],
          [
            7.985672,
            46.581317
          ],
          [
            7.985672,
            46.581317
          ],
          [
            7.985672,
            46.581317
          ],
          [
            7.985675,
            46.581314
          ],
          [
            7.98568,
            46.581308
          ],
          [
            7.985677,
            46.581301
          ],
          [
            7.985673,
            46.581298
          ],
          [
            7.985691,
            46.581313
          ],
          [
            7.985695,
            46.581315
          ],
          [
            7.985692,
            46.581318
          ],
          [
            7.985687,
            46.581315
          ],
          [
            7.985677,
            46.581314
          ],
          [
            7.985672,
            46.581317
          ],
          [
            7.985672,
            46.581317
          ],
          [
            7.985677,
            46.581313
          ],
          [
            7.985677,
            46.581312
          ],
          [
            7.985672,
            46.581317
          ],
          [
            7.985672,
            46.581317
          ],
          [
            7.985672,
            46.581317
          ],
          [
            7.985677,
            46.58131
          ],
          [
            7.985691,
            46.581301
          ],
          [
            7.985689,
            46.581298
          ],
          [
            7.985688,
            46.581297
          ],
          [
            7.985685,
            46.581293
          ],
          [
            7.985685,
            46.581293
          ],
          [
            7.985685,
            46.581293
          ],
          [
            7.985685,
            46.581293
          ],
          [
            7.985685,
            46.581293
          ],
          [
            7.985685,
            46.581293
          ],
          [
            7.985685,
            46.581293
          ],
          [
            7.985685,
            46.581293
          ],
          [
            7.985685,
            46.581293
          ],
          [
            7.985686,
            46.5813
          ],
          [
            7.985681,
            46.581314
          ],
          [
            7.985681,
            46.581313
          ],
          [
            7.985671,
            46.581315
          ],
          [
            7.985675,
            46.581315
          ],
          [
            7.985675,
            46.581315
          ],
          [
            7.985675,
            46.581315
          ],
          [
            7.98569,
            46.581313
          ],
          [
            7.985675,
            46.581315
          ],
          [
            7.985675,
            46.581315
          ],
          [
            7.985675,
            46.581315
          ],
          [
            7.985694,
            46.581312
          ],
          [
            7.985693,
            46.58131
          ],
          [
            7.985693,
            46.58131
          ],
          [
            7.985706,
            46.581285
          ],
          [
            7.985706,
            46.581285
          ],
          [
            7.985706,
            46.581285
          ],
          [
            7.985706,
            46.581285
          ],
          [
            7.985704,
            46.581299
          ],
          [
            7.985704,
            46.581299
          ],
          [
            7.98571,
            46.581318
          ],
          [
            7.985708,
            46.581321
          ],
          [
            7.985708,
            46.581321
          ],
          [
            7.985708,
            46.581321
          ],
          [
            7.985708,
            46.581321
          ],
          [
            7.985708,
            46.581321
          ],
          [
            7.985701,
            46.581311
          ],
          [
            7.985673,
            46.581313
          ],
          [
            7.985681,
            46.581313
          ],
          [
            7.985677,
            46.581309
          ],
          [
            7.985682,
            46.581306
          ],
          [
            7.985682,
            46.581306
          ],
          [
            7.985685,
            46.581308
          ],
          [
            7.98569,
            46.581308
          ],
          [
            7.985691,
            46.581307
          ],
          [
            7.985682,
            46.581306
          ],
          [
            7.985682,
            46.581306
          ],
          [
            7.985682,
            46.581306
          ],
          [
            7.985682,
            46.581306
          ],
          [
            7.985682,
            46.581306
          ],
          [
            7.985682,
            46.581306
          ],
          [
            7.985682,
            46.581306
          ],
          [
            7.985682,
            46.581306
          ],
          [
            7.985705,
            46.581306
          ],
          [
            7.98568,
            46.581298
          ],
          [
            7.985685,
            46.581309
          ],
          [
            7.985679,
            46.581306
          ],
          [
            7.985683,
            46.58131
          ],
          [
            7.985685,
            46.581313
          ],
          [
            7.985661,
            46.581304
          ],
          [
            7.985679,
            46.581307
          ],
          [
            7.985683,
            46.581307
          ],
          [
            7.985684,
            46.581306
          ],
          [
            7.985657,
            46.581304
          ],
          [
            7.985672,
            46.581299
          ],
          [
            7.985682,
            46.581289
          ],
          [
            7.985709,
            46.581294
          ],
          [
            7.985712,
            46.581298
          ],
          [
            7.985707,
            46.58127
          ],
          [
            7.985723,
            46.581248
          ],
          [
            7.985728,
            46.581242
          ],
          [
            7.985725,
            46.58123
          ],
          [
            7.985699,
            46.58117
          ],
          [
            7.985696,
            46.581161
          ],
          [
            7.985654,
            46.58111
          ],
          [
            7.985643,
            46.581099
          ],
          [
            7.985603,
            46.581072
          ],
          [
            7.985575,
            46.581047
          ],
          [
            7.985556,
            46.581001
          ],
          [
            7.985546,
            46.58099
          ],
          [
            7.985499,
            46.580954
          ],
          [
            7.985494,
            46.580949
          ],
          [
            7.985449,
            46.580904
          ],
          [
            7.985443,
            46.580897
          ],
          [
            7.985408,
            46.580871
          ],
          [
            7.985397,
            46.580868
          ],
          [
            7.985379,
            46.580861
          ],
          [
            7.985339,
            46.580836
          ],
          [
            7.98532,
            46.580829
          ],
          [
            7.985277,
            46.580818
          ],
          [
            7.985233,
            46.580807
          ],
          [
            7.985212,
            46.580804
          ],
          [
            7.985157,
            46.580788
          ],
          [
            7.985132,
            46.580778
          ],
          [
            7.985096,
            46.580759
          ],
          [
            7.985073,
            46.580731
          ],
          [
            7.985049,
            46.580713
          ],
          [
            7.985001,
            46.580692
          ],
          [
            7.984973,
            46.580671
          ],
          [
            7.984945,
            46.580662
          ],
          [
            7.984869,
            46.58064
          ],
          [
            7.984801,
            46.580625
          ],
          [
            7.984787,
            46.580623
          ],
          [
            7.984669,
            46.580628
          ],
          [
            7.984592,
            46.580602
          ],
          [
            7.984469,
            46.580572
          ],
          [
            7.984345,
            46.580588
          ],
          [
            7.984333,
            46.58059
          ],
          [
            7.984256,
            46.580593
          ],
          [
            7.984192,
            46.580601
          ],
          [
            7.984123,
            46.580614
          ],
          [
            7.984076,
            46.580623
          ],
          [
            7.984047,
            46.580628
          ],
          [
            7.984025,
            46.580624
          ],
          [
            7.983981,
            46.580616
          ],
          [
            7.983964,
            46.580613
          ],
          [
            7.983897,
            46.580601
          ],
          [
            7.98389,
            46.580597
          ],
          [
            7.983843,
            46.580577
          ],
          [
            7.983836,
            46.580571
          ],
          [
            7.983786,
            46.580552
          ],
          [
            7.983766,
            46.580551
          ],
          [
            7.983676,
            46.580542
          ],
          [
            7.98364,
            46.580544
          ],
          [
            7.983596,
            46.580543
          ],
          [
            7.983494,
            46.58055
          ],
          [
            7.983441,
            46.580556
          ],
          [
            7.983412,
            46.580566
          ],
          [
            7.983332,
            46.580591
          ],
          [
            7.983314,
            46.580591
          ],
          [
            7.983284,
            46.580598
          ],
          [
            7.983247,
            46.580597
          ],
          [
            7.983227,
            46.580594
          ],
          [
            7.983191,
            46.580598
          ],
          [
            7.983121,
            46.580621
          ],
          [
            7.983103,
            46.580661
          ],
          [
            7.983087,
            46.580683
          ],
          [
            7.98307,
            46.58073
          ],
          [
            7.983065,
            46.580742
          ],
          [
            7.983062,
            46.580768
          ],
          [
            7.983051,
            46.580798
          ],
          [
            7.983048,
            46.580807
          ],
          [
            7.983041,
            46.580836
          ],
          [
            7.983037,
            46.580851
          ],
          [
            7.98302,
            46.580893
          ],
          [
            7.982997,
            46.580919
          ],
          [
            7.982987,
            46.580934
          ],
          [
            7.982969,
            46.580964
          ],
          [
            7.982964,
            46.580968
          ],
          [
            7.982939,
            46.580991
          ],
          [
            7.982922,
            46.58104
          ],
          [
            7.982919,
            46.58104
          ],
          [
            7.982901,
            46.581063
          ],
          [
            7.982882,
            46.581082
          ],
          [
            7.982838,
            46.581094
          ],
          [
            7.982751,
            46.581113
          ],
          [
            7.982736,
            46.581114
          ],
          [
            7.982711,
            46.58111
          ],
          [
            7.982698,
            46.581102
          ],
          [
            7.98269,
            46.581091
          ],
          [
            7.982686,
            46.58108
          ],
          [
            7.982688,
            46.581068
          ],
          [
            7.982688,
            46.581068
          ],
          [
            7.982687,
            46.581067
          ],
          [
            7.982688,
            46.581068
          ],
          [
            7.982688,
            46.581068
          ],
          [
            7.982688,
            46.581068
          ],
          [
            7.982688,
            46.581068
          ],
          [
            7.982688,
            46.581068
          ],
          [
            7.982688,
            46.581068
          ],
          [
            7.982679,
            46.581042
          ],
          [
            7.982661,
            46.581015
          ],
          [
            7.982657,
            46.581012
          ],
          [
            7.982638,
            46.580989
          ],
          [
            7.982628,
            46.58098
          ],
          [
            7.982616,
            46.580963
          ],
          [
            7.982616,
            46.580963
          ],
          [
            7.982616,
            46.580963
          ],
          [
            7.982613,
            46.580961
          ],
          [
            7.982605,
            46.580958
          ],
          [
            7.982552,
            46.580964
          ],
          [
            7.982494,
            46.580958
          ],
          [
            7.982458,
            46.580959
          ],
          [
            7.982447,
            46.58096
          ],
          [
            7.982404,
            46.580966
          ],
          [
            7.982363,
            46.580966
          ],
          [
            7.982331,
            46.580969
          ],
          [
            7.982245,
            46.580965
          ],
          [
            7.982116,
            46.580952
          ],
          [
            7.982063,
            46.580947
          ],
          [
            7.982007,
            46.580936
          ],
          [
            7.982002,
            46.580935
          ],
          [
            7.981956,
            46.580937
          ],
          [
            7.981957,
            46.580938
          ],
          [
            7.981957,
            46.580938
          ],
          [
            7.981957,
            46.580938
          ],
          [
            7.981957,
            46.580938
          ],
          [
            7.981903,
            46.580927
          ],
          [
            7.981861,
            46.580921
          ],
          [
            7.981834,
            46.580916
          ],
          [
            7.981825,
            46.580916
          ],
          [
            7.981773,
            46.58091
          ],
          [
            7.981667,
            46.580893
          ],
          [
            7.981589,
            46.580872
          ],
          [
            7.981519,
            46.580864
          ],
          [
            7.981502,
            46.580862
          ],
          [
            7.981422,
            46.580853
          ],
          [
            7.981389,
            46.58085
          ],
          [
            7.981379,
            46.58085
          ],
          [
            7.981353,
            46.580846
          ],
          [
            7.98131,
            46.58083
          ],
          [
            7.981303,
            46.580828
          ],
          [
            7.981272,
            46.580825
          ],
          [
            7.981265,
            46.580822
          ],
          [
            7.981253,
            46.580823
          ],
          [
            7.981192,
            46.580817
          ],
          [
            7.981147,
            46.580807
          ],
          [
            7.981135,
            46.580806
          ],
          [
            7.981103,
            46.580799
          ],
          [
            7.981051,
            46.580782
          ],
          [
            7.98101,
            46.580769
          ],
          [
            7.980993,
            46.58076
          ],
          [
            7.98097,
            46.58075
          ],
          [
            7.980933,
            46.580746
          ],
          [
            7.980916,
            46.580736
          ],
          [
            7.980887,
            46.580723
          ],
          [
            7.980871,
            46.580715
          ],
          [
            7.980822,
            46.58069
          ],
          [
            7.980811,
            46.58068
          ],
          [
            7.980783,
            46.580659
          ],
          [
            7.980749,
            46.580637
          ],
          [
            7.980737,
            46.580628
          ],
          [
            7.980707,
            46.5806
          ],
          [
            7.980703,
            46.580601
          ],
          [
            7.980688,
            46.580577
          ],
          [
            7.980687,
            46.580574
          ],
          [
            7.980687,
            46.580574
          ],
          [
            7.980648,
            46.58055
          ],
          [
            7.980643,
            46.580537
          ],
          [
            7.980612,
            46.580513
          ],
          [
            7.980609,
            46.580508
          ],
          [
            7.980593,
            46.58049
          ],
          [
            7.98057,
            46.58046
          ],
          [
            7.980546,
            46.580417
          ],
          [
            7.980517,
            46.580379
          ],
          [
            7.980511,
            46.58037
          ],
          [
            7.980492,
            46.580338
          ],
          [
            7.98049,
            46.58032
          ],
          [
            7.980467,
            46.580248
          ],
          [
            7.980465,
            46.58024
          ],
          [
            7.980442,
            46.580177
          ],
          [
            7.980437,
            46.580169
          ],
          [
            7.980417,
            46.580098
          ],
          [
            7.980414,
            46.580089
          ],
          [
            7.980421,
            46.580008
          ],
          [
            7.980428,
            46.579913
          ],
          [
            7.980405,
            46.579809
          ],
          [
            7.980393,
            46.57975
          ],
          [
            7.980389,
            46.579713
          ],
          [
            7.980382,
            46.579691
          ],
          [
            7.980395,
            46.579621
          ],
          [
            7.980406,
            46.57959
          ],
          [
            7.980421,
            46.57953
          ],
          [
            7.980417,
            46.579477
          ],
          [
            7.980363,
            46.579394
          ],
          [
            7.980327,
            46.579352
          ],
          [
            7.98025,
            46.579319
          ],
          [
            7.980193,
            46.579302
          ],
          [
            7.980161,
            46.579293
          ],
          [
            7.980118,
            46.579282
          ],
          [
            7.980041,
            46.579255
          ],
          [
            7.980036,
            46.579251
          ],
          [
            7.980027,
            46.579232
          ],
          [
            7.980018,
            46.579214
          ],
          [
            7.980015,
            46.579204
          ],
          [
            7.980016,
            46.57919
          ],
          [
            7.980001,
            46.579162
          ],
          [
            7.979994,
            46.579152
          ],
          [
            7.979994,
            46.579118
          ],
          [
            7.98,
            46.57907
          ],
          [
            7.979993,
            46.579052
          ],
          [
            7.979961,
            46.579002
          ],
          [
            7.979953,
            46.578996
          ],
          [
            7.979936,
            46.578955
          ],
          [
            7.979927,
            46.578939
          ],
          [
            7.979918,
            46.578922
          ],
          [
            7.979883,
            46.578872
          ],
          [
            7.979867,
            46.578861
          ],
          [
            7.979867,
            46.578861
          ],
          [
            7.979867,
            46.578861
          ],
          [
            7.979863,
            46.578857
          ],
          [
            7.979857,
            46.578827
          ],
          [
            7.979835,
            46.578752
          ],
          [
            7.979778,
            46.578686
          ],
          [
            7.979745,
            46.578653
          ],
          [
            7.979741,
            46.578649
          ],
          [
            7.979734,
            46.578644
          ],
          [
            7.979701,
            46.57861
          ],
          [
            7.979658,
            46.578562
          ],
          [
            7.979644,
            46.578539
          ],
          [
            7.979642,
            46.578541
          ],
          [
            7.979642,
            46.578541
          ],
          [
            7.979625,
            46.578514
          ],
          [
            7.979617,
            46.578406
          ],
          [
            7.979619,
            46.578379
          ],
          [
            7.979612,
            46.578341
          ],
          [
            7.979592,
            46.578311
          ],
          [
            7.97959,
            46.578303
          ],
          [
            7.979562,
            46.578233
          ],
          [
            7.979557,
            46.578211
          ],
          [
            7.979533,
            46.578178
          ],
          [
            7.979519,
            46.578147
          ],
          [
            7.979504,
            46.578128
          ],
          [
            7.97946,
            46.578082
          ],
          [
            7.979457,
            46.578078
          ],
          [
            7.979444,
            46.578045
          ],
          [
            7.97944,
            46.578039
          ],
          [
            7.979411,
            46.578006
          ],
          [
            7.979393,
            46.577988
          ],
          [
            7.979369,
            46.577965
          ],
          [
            7.979358,
            46.577952
          ],
          [
            7.979333,
            46.577916
          ],
          [
            7.979326,
            46.577899
          ],
          [
            7.979307,
            46.577868
          ],
          [
            7.97929,
            46.577846
          ],
          [
            7.9793,
            46.577825
          ],
          [
            7.979305,
            46.577826
          ],
          [
            7.979344,
            46.577836
          ],
          [
            7.979357,
            46.577834
          ],
          [
            7.979375,
            46.577845
          ],
          [
            7.979401,
            46.577846
          ],
          [
            7.979418,
            46.577843
          ],
          [
            7.979416,
            46.577817
          ],
          [
            7.97941,
            46.577813
          ],
          [
            7.979391,
            46.577777
          ],
          [
            7.979343,
            46.577751
          ],
          [
            7.979311,
            46.577731
          ],
          [
            7.979285,
            46.577694
          ],
          [
            7.979279,
            46.577682
          ],
          [
            7.979268,
            46.577656
          ],
          [
            7.979266,
            46.577649
          ],
          [
            7.97925,
            46.57762
          ],
          [
            7.979234,
            46.577609
          ],
          [
            7.979221,
            46.577594
          ],
          [
            7.979203,
            46.57757
          ],
          [
            7.979198,
            46.577551
          ],
          [
            7.97918,
            46.577526
          ],
          [
            7.979169,
            46.57751
          ],
          [
            7.979162,
            46.577502
          ],
          [
            7.979165,
            46.577501
          ],
          [
            7.979144,
            46.577488
          ],
          [
            7.979141,
            46.577482
          ],
          [
            7.979112,
            46.577445
          ],
          [
            7.9791,
            46.577432
          ],
          [
            7.979106,
            46.577429
          ],
          [
            7.979047,
            46.577389
          ],
          [
            7.979039,
            46.577353
          ],
          [
            7.979042,
            46.577338
          ],
          [
            7.979023,
            46.577344
          ],
          [
            7.979014,
            46.577349
          ],
          [
            7.979011,
            46.577335
          ],
          [
            7.97902,
            46.577328
          ],
          [
            7.979018,
            46.577327
          ],
          [
            7.979017,
            46.577324
          ],
          [
            7.97903,
            46.577303
          ],
          [
            7.979033,
            46.577282
          ],
          [
            7.979031,
            46.577273
          ],
          [
            7.979031,
            46.577249
          ],
          [
            7.979025,
            46.577237
          ],
          [
            7.979009,
            46.577224
          ],
          [
            7.979014,
            46.577213
          ],
          [
            7.979002,
            46.577203
          ],
          [
            7.978965,
            46.577176
          ],
          [
            7.97896,
            46.577168
          ],
          [
            7.978942,
            46.577143
          ],
          [
            7.978937,
            46.577142
          ],
          [
            7.978892,
            46.577125
          ],
          [
            7.978869,
            46.57712
          ],
          [
            7.978836,
            46.577093
          ],
          [
            7.978828,
            46.577082
          ],
          [
            7.978817,
            46.577047
          ],
          [
            7.97881,
            46.577039
          ],
          [
            7.978794,
            46.57702
          ],
          [
            7.978789,
            46.577013
          ],
          [
            7.978766,
            46.577001
          ],
          [
            7.978756,
            46.576991
          ],
          [
            7.978752,
            46.576985
          ],
          [
            7.978737,
            46.576949
          ],
          [
            7.978731,
            46.576945
          ],
          [
            7.978722,
            46.576943
          ],
          [
            7.9787,
            46.576936
          ],
          [
            7.978673,
            46.57692
          ],
          [
            7.978626,
            46.576904
          ],
          [
            7.978565,
            46.576877
          ],
          [
            7.978561,
            46.576869
          ],
          [
            7.978555,
            46.576864
          ],
          [
            7.978511,
            46.576845
          ],
          [
            7.978501,
            46.576841
          ],
          [
            7.978458,
            46.576822
          ],
          [
            7.978451,
            46.576821
          ],
          [
            7.978384,
            46.576797
          ],
          [
            7.978371,
            46.576792
          ],
          [
            7.978308,
            46.576771
          ],
          [
            7.978273,
            46.57676
          ],
          [
            7.978254,
            46.576747
          ],
          [
            7.978232,
            46.576736
          ],
          [
            7.978155,
            46.576708
          ],
          [
            7.978156,
            46.576708
          ],
          [
            7.978142,
            46.576704
          ],
          [
            7.978138,
            46.576706
          ],
          [
            7.978114,
            46.576705
          ],
          [
            7.978053,
            46.576689
          ],
          [
            7.978041,
            46.576684
          ],
          [
            7.977986,
            46.576665
          ],
          [
            7.977978,
            46.576662
          ],
          [
            7.97795,
            46.576657
          ],
          [
            7.977902,
            46.576649
          ],
          [
            7.977864,
            46.576635
          ],
          [
            7.977832,
            46.576624
          ],
          [
            7.977821,
            46.57662
          ],
          [
            7.977813,
            46.576616
          ],
          [
            7.977802,
            46.576599
          ],
          [
            7.977796,
            46.576574
          ],
          [
            7.977789,
            46.576567
          ],
          [
            7.977783,
            46.57656
          ],
          [
            7.97776,
            46.576531
          ],
          [
            7.977752,
            46.576528
          ],
          [
            7.97771,
            46.576515
          ],
          [
            7.977698,
            46.576511
          ],
          [
            7.977692,
            46.576508
          ],
          [
            7.977667,
            46.576497
          ],
          [
            7.977636,
            46.576488
          ],
          [
            7.977623,
            46.576486
          ],
          [
            7.977598,
            46.576481
          ],
          [
            7.977561,
            46.576468
          ],
          [
            7.977558,
            46.576464
          ],
          [
            7.977553,
            46.57646
          ],
          [
            7.977532,
            46.57646
          ],
          [
            7.977473,
            46.576448
          ],
          [
            7.977466,
            46.576446
          ],
          [
            7.97746,
            46.576446
          ],
          [
            7.977379,
            46.576417
          ],
          [
            7.977297,
            46.576387
          ],
          [
            7.977292,
            46.576384
          ],
          [
            7.977254,
            46.576369
          ],
          [
            7.977224,
            46.576356
          ],
          [
            7.977194,
            46.576338
          ],
          [
            7.977151,
            46.576305
          ],
          [
            7.977123,
            46.576292
          ],
          [
            7.977092,
            46.576274
          ],
          [
            7.977049,
            46.576251
          ],
          [
            7.977045,
            46.576247
          ],
          [
            7.977033,
            46.576243
          ],
          [
            7.977033,
            46.576244
          ],
          [
            7.977028,
            46.576241
          ],
          [
            7.977023,
            46.576237
          ],
          [
            7.976962,
            46.57622
          ],
          [
            7.976929,
            46.576208
          ],
          [
            7.976876,
            46.576187
          ],
          [
            7.976849,
            46.576174
          ],
          [
            7.976814,
            46.576161
          ],
          [
            7.976765,
            46.57613
          ],
          [
            7.976714,
            46.576069
          ],
          [
            7.976703,
            46.576042
          ],
          [
            7.976685,
            46.57601
          ],
          [
            7.976681,
            46.576004
          ],
          [
            7.976652,
            46.575965
          ],
          [
            7.976621,
            46.575934
          ],
          [
            7.976613,
            46.575919
          ],
          [
            7.976608,
            46.575914
          ],
          [
            7.976567,
            46.575873
          ],
          [
            7.976532,
            46.575845
          ],
          [
            7.976498,
            46.575825
          ],
          [
            7.976419,
            46.575756
          ],
          [
            7.976407,
            46.575748
          ],
          [
            7.976315,
            46.575729
          ],
          [
            7.976297,
            46.575729
          ],
          [
            7.97624,
            46.575712
          ],
          [
            7.976255,
            46.57571
          ],
          [
            7.976253,
            46.575708
          ],
          [
            7.976257,
            46.575708
          ],
          [
            7.976197,
            46.575699
          ],
          [
            7.976184,
            46.575695
          ],
          [
            7.976119,
            46.575683
          ],
          [
            7.976102,
            46.575683
          ],
          [
            7.97605,
            46.575675
          ],
          [
            7.97602,
            46.57568
          ],
          [
            7.975926,
            46.575695
          ],
          [
            7.975911,
            46.575712
          ],
          [
            7.975922,
            46.575715
          ],
          [
            7.975886,
            46.575716
          ],
          [
            7.975859,
            46.575709
          ],
          [
            7.975868,
            46.575708
          ],
          [
            7.975907,
            46.575709
          ],
          [
            7.97591,
            46.57571
          ],
          [
            7.97588,
            46.575722
          ],
          [
            7.975845,
            46.57573
          ],
          [
            7.975822,
            46.575742
          ],
          [
            7.975761,
            46.575762
          ],
          [
            7.97574,
            46.575766
          ],
          [
            7.975663,
            46.575785
          ],
          [
            7.975681,
            46.575777
          ],
          [
            7.975679,
            46.575765
          ],
          [
            7.975654,
            46.575764
          ],
          [
            7.975586,
            46.575763
          ],
          [
            7.975443,
            46.575761
          ],
          [
            7.975429,
            46.575759
          ],
          [
            7.975301,
            46.575754
          ],
          [
            7.975129,
            46.575729
          ],
          [
            7.975092,
            46.575725
          ],
          [
            7.975011,
            46.575719
          ],
          [
            7.974971,
            46.57572
          ],
          [
            7.974957,
            46.575721
          ],
          [
            7.974909,
            46.575723
          ],
          [
            7.974846,
            46.575725
          ],
          [
            7.974821,
            46.575721
          ],
          [
            7.974798,
            46.575715
          ],
          [
            7.974713,
            46.57572
          ],
          [
            7.974707,
            46.575719
          ],
          [
            7.974707,
            46.575719
          ],
          [
            7.974677,
            46.575724
          ],
          [
            7.974557,
            46.575736
          ],
          [
            7.974494,
            46.575723
          ],
          [
            7.974447,
            46.57572
          ],
          [
            7.97438,
            46.575728
          ],
          [
            7.974376,
            46.575727
          ],
          [
            7.974341,
            46.575718
          ],
          [
            7.974304,
            46.575724
          ],
          [
            7.974253,
            46.575719
          ],
          [
            7.974206,
            46.575726
          ],
          [
            7.974189,
            46.575724
          ],
          [
            7.974161,
            46.575719
          ],
          [
            7.974136,
            46.575716
          ],
          [
            7.974108,
            46.57571
          ],
          [
            7.97409,
            46.575705
          ],
          [
            7.973979,
            46.575697
          ],
          [
            7.973976,
            46.575694
          ],
          [
            7.973939,
            46.575695
          ],
          [
            7.973862,
            46.575659
          ],
          [
            7.973865,
            46.57567
          ],
          [
            7.973866,
            46.575666
          ],
          [
            7.973868,
            46.575664
          ],
          [
            7.973868,
            46.575664
          ],
          [
            7.973864,
            46.575653
          ],
          [
            7.973821,
            46.575625
          ],
          [
            7.973785,
            46.575585
          ],
          [
            7.973756,
            46.575555
          ],
          [
            7.973756,
            46.575513
          ],
          [
            7.973759,
            46.575471
          ],
          [
            7.973741,
            46.575467
          ],
          [
            7.973713,
            46.575437
          ],
          [
            7.973781,
            46.575383
          ],
          [
            7.973781,
            46.575346
          ],
          [
            7.973786,
            46.575361
          ],
          [
            7.973785,
            46.575362
          ],
          [
            7.973786,
            46.575362
          ],
          [
            7.973786,
            46.575362
          ],
          [
            7.973768,
            46.57533
          ],
          [
            7.97377,
            46.575332
          ],
          [
            7.97377,
            46.575332
          ],
          [
            7.973777,
            46.57533
          ],
          [
            7.973771,
            46.575337
          ],
          [
            7.973771,
            46.575337
          ],
          [
            7.973767,
            46.575337
          ],
          [
            7.973769,
            46.575339
          ],
          [
            7.97376,
            46.575341
          ],
          [
            7.973766,
            46.575347
          ],
          [
            7.973766,
            46.575347
          ],
          [
            7.973766,
            46.575347
          ],
          [
            7.973766,
            46.575347
          ],
          [
            7.973766,
            46.575347
          ],
          [
            7.973766,
            46.575347
          ],
          [
            7.973763,
            46.575348
          ],
          [
            7.973766,
            46.575347
          ],
          [
            7.973766,
            46.575347
          ],
          [
            7.973766,
            46.575347
          ],
          [
            7.973766,
            46.575347
          ],
          [
            7.973766,
            46.575347
          ],
          [
            7.973766,
            46.575347
          ],
          [
            7.973766,
            46.575347
          ],
          [
            7.973766,
            46.575347
          ],
          [
            7.973766,
            46.575347
          ],
          [
            7.97377,
            46.575353
          ],
          [
            7.973782,
            46.575356
          ],
          [
            7.973783,
            46.575357
          ],
          [
            7.973777,
            46.575347
          ],
          [
            7.973766,
            46.575347
          ],
          [
            7.973766,
            46.575347
          ],
          [
            7.973782,
            46.575338
          ],
          [
            7.973782,
            46.575338
          ],
          [
            7.973775,
            46.575327
          ],
          [
            7.973772,
            46.575323
          ],
          [
            7.973772,
            46.575323
          ],
          [
            7.973772,
            46.575323
          ],
          [
            7.973779,
            46.575334
          ],
          [
            7.973772,
            46.575323
          ],
          [
            7.973766,
            46.575334
          ],
          [
            7.973766,
            46.575346
          ],
          [
            7.973758,
            46.57535
          ],
          [
            7.973754,
            46.575345
          ],
          [
            7.973752,
            46.575345
          ],
          [
            7.973762,
            46.575352
          ],
          [
            7.973762,
            46.575352
          ],
          [
            7.97376,
            46.57535
          ],
          [
            7.97376,
            46.575346
          ],
          [
            7.973762,
            46.575352
          ],
          [
            7.973762,
            46.575352
          ],
          [
            7.973762,
            46.575352
          ],
          [
            7.973762,
            46.575352
          ],
          [
            7.973762,
            46.575352
          ],
          [
            7.973762,
            46.575352
          ],
          [
            7.973762,
            46.575352
          ],
          [
            7.973762,
            46.575352
          ],
          [
            7.973762,
            46.575352
          ],
          [
            7.973762,
            46.575352
          ],
          [
            7.973762,
            46.575352
          ],
          [
            7.973762,
            46.575352
          ],
          [
            7.973762,
            46.575352
          ],
          [
            7.973763,
            46.575339
          ],
          [
            7.973763,
            46.575337
          ],
          [
            7.973763,
            46.575339
          ],
          [
            7.973763,
            46.575339
          ],
          [
            7.973763,
            46.575339
          ],
          [
            7.973763,
            46.575339
          ],
          [
            7.973763,
            46.575339
          ],
          [
            7.973763,
            46.575339
          ],
          [
            7.973768,
            46.575349
          ],
          [
            7.973774,
            46.57535
          ],
          [
            7.973774,
            46.57535
          ],
          [
            7.973774,
            46.57535
          ],
          [
            7.973774,
            46.57535
          ],
          [
            7.973774,
            46.57535
          ],
          [
            7.973774,
            46.57535
          ],
          [
            7.973774,
            46.57535
          ],
          [
            7.973778,
            46.57535
          ],
          [
            7.973776,
            46.575339
          ],
          [
            7.973766,
            46.575337
          ],
          [
            7.973772,
            46.575341
          ],
          [
            7.973765,
            46.575342
          ],
          [
            7.97376,
            46.57534
          ],
          [
            7.973774,
            46.57535
          ],
          [
            7.973774,
            46.57535
          ],
          [
            7.973774,
            46.57535
          ],
          [
            7.973764,
            46.575346
          ],
          [
            7.973767,
            46.575337
          ],
          [
            7.973774,
            46.575346
          ],
          [
            7.973774,
            46.57535
          ],
          [
            7.973774,
            46.57535
          ],
          [
            7.973774,
            46.57535
          ],
          [
            7.973774,
            46.57535
          ],
          [
            7.973774,
            46.57535
          ],
          [
            7.973774,
            46.57535
          ],
          [
            7.973774,
            46.57535
          ],
          [
            7.973774,
            46.57535
          ],
          [
            7.973774,
            46.57535
          ],
          [
            7.973774,
            46.57535
          ],
          [
            7.973766,
            46.575344
          ],
          [
            7.973766,
            46.575346
          ],
          [
            7.973774,
            46.57535
          ],
          [
            7.973774,
            46.57535
          ],
          [
            7.973774,
            46.57535
          ],
          [
            7.973774,
            46.57535
          ],
          [
            7.973774,
            46.57535
          ],
          [
            7.973774,
            46.57535
          ],
          [
            7.973774,
            46.57535
          ],
          [
            7.973774,
            46.57535
          ],
          [
            7.973774,
            46.57535
          ],
          [
            7.973774,
            46.57535
          ],
          [
            7.973755,
            46.575344
          ],
          [
            7.973755,
            46.575344
          ],
          [
            7.973755,
            46.575344
          ],
          [
            7.973755,
            46.575344
          ],
          [
            7.97377,
            46.575341
          ],
          [
            7.973755,
            46.575344
          ],
          [
            7.973755,
            46.575344
          ],
          [
            7.973755,
            46.575344
          ],
          [
            7.973755,
            46.575344
          ],
          [
            7.973755,
            46.575344
          ],
          [
            7.973755,
            46.575344
          ],
          [
            7.973755,
            46.575344
          ],
          [
            7.973755,
            46.575344
          ],
          [
            7.973755,
            46.575344
          ],
          [
            7.973755,
            46.575344
          ],
          [
            7.973755,
            46.575344
          ],
          [
            7.973755,
            46.575344
          ],
          [
            7.973755,
            46.575344
          ],
          [
            7.973755,
            46.575344
          ],
          [
            7.973755,
            46.575344
          ],
          [
            7.973755,
            46.575344
          ],
          [
            7.973755,
            46.575344
          ],
          [
            7.973759,
            46.575339
          ],
          [
            7.973755,
            46.575344
          ],
          [
            7.973755,
            46.575344
          ],
          [
            7.973755,
            46.575344
          ],
          [
            7.973755,
            46.575344
          ],
          [
            7.973755,
            46.575344
          ],
          [
            7.973755,
            46.575344
          ],
          [
            7.973755,
            46.575344
          ],
          [
            7.973755,
            46.575344
          ],
          [
            7.973755,
            46.575344
          ],
          [
            7.973755,
            46.575344
          ],
          [
            7.973755,
            46.575344
          ],
          [
            7.973755,
            46.575344
          ],
          [
            7.973755,
            46.575344
          ],
          [
            7.973775,
            46.575348
          ],
          [
            7.973767,
            46.575341
          ],
          [
            7.973775,
            46.575348
          ],
          [
            7.973782,
            46.575344
          ],
          [
            7.973775,
            46.575343
          ],
          [
            7.973777,
            46.575337
          ],
          [
            7.973775,
            46.575341
          ],
          [
            7.973767,
            46.575348
          ],
          [
            7.973775,
            46.575348
          ],
          [
            7.973775,
            46.575348
          ],
          [
            7.973767,
            46.575364
          ],
          [
            7.97377,
            46.575351
          ],
          [
            7.973775,
            46.575348
          ],
          [
            7.973775,
            46.575348
          ],
          [
            7.97378,
            46.575356
          ],
          [
            7.97379,
            46.575365
          ],
          [
            7.973794,
            46.575367
          ],
          [
            7.973808,
            46.575366
          ],
          [
            7.973813,
            46.575356
          ],
          [
            7.973775,
            46.575316
          ],
          [
            7.973766,
            46.575311
          ],
          [
            7.973748,
            46.575302
          ],
          [
            7.973727,
            46.575282
          ],
          [
            7.973723,
            46.575269
          ],
          [
            7.973706,
            46.575225
          ],
          [
            7.973708,
            46.575214
          ],
          [
            7.973711,
            46.575201
          ],
          [
            7.973709,
            46.575202
          ],
          [
            7.973708,
            46.575197
          ],
          [
            7.973708,
            46.575197
          ],
          [
            7.973708,
            46.575197
          ],
          [
            7.973708,
            46.575197
          ],
          [
            7.973708,
            46.575197
          ],
          [
            7.973739,
            46.575169
          ],
          [
            7.973781,
            46.575151
          ],
          [
            7.973781,
            46.575151
          ],
          [
            7.973782,
            46.575153
          ],
          [
            7.973784,
            46.575153
          ],
          [
            7.973784,
            46.575153
          ],
          [
            7.973784,
            46.575153
          ],
          [
            7.973784,
            46.575153
          ],
          [
            7.973788,
            46.575148
          ],
          [
            7.973837,
            46.575101
          ],
          [
            7.973838,
            46.575105
          ],
          [
            7.973835,
            46.575108
          ],
          [
            7.973832,
            46.57511
          ],
          [
            7.973849,
            46.575098
          ],
          [
            7.973897,
            46.575066
          ],
          [
            7.973897,
            46.575066
          ],
          [
            7.973897,
            46.575066
          ],
          [
            7.973897,
            46.575066
          ],
          [
            7.973897,
            46.575066
          ],
          [
            7.973934,
            46.575068
          ],
          [
            7.973941,
            46.575071
          ],
          [
            7.973985,
            46.575049
          ],
          [
            7.973988,
            46.575047
          ],
          [
            7.973988,
            46.575054
          ],
          [
            7.973993,
            46.575064
          ],
          [
            7.973998,
            46.575066
          ],
          [
            7.974,
            46.575066
          ],
          [
            7.974,
            46.575066
          ],
          [
            7.974015,
            46.575064
          ],
          [
            7.974013,
            46.575065
          ],
          [
            7.974013,
            46.575065
          ],
          [
            7.974046,
            46.57505
          ],
          [
            7.974106,
            46.575036
          ],
          [
            7.974106,
            46.575036
          ],
          [
            7.974131,
            46.575039
          ],
          [
            7.974141,
            46.575039
          ],
          [
            7.974219,
            46.57503
          ],
          [
            7.974232,
            46.575008
          ],
          [
            7.974233,
            46.575008
          ],
          [
            7.974233,
            46.575008
          ],
          [
            7.974233,
            46.575008
          ],
          [
            7.974233,
            46.575008
          ],
          [
            7.974244,
            46.575018
          ],
          [
            7.974279,
            46.57503
          ],
          [
            7.974367,
            46.575019
          ],
          [
            7.974378,
            46.575015
          ],
          [
            7.974378,
            46.575015
          ],
          [
            7.974378,
            46.575015
          ],
          [
            7.974378,
            46.575015
          ],
          [
            7.974378,
            46.575015
          ],
          [
            7.974378,
            46.575015
          ],
          [
            7.974378,
            46.575015
          ],
          [
            7.974378,
            46.575015
          ],
          [
            7.974378,
            46.575015
          ],
          [
            7.974349,
            46.574994
          ],
          [
            7.974289,
            46.575013
          ],
          [
            7.974268,
            46.575014
          ],
          [
            7.974254,
            46.575015
          ],
          [
            7.974212,
            46.575024
          ],
          [
            7.974197,
            46.575027
          ],
          [
            7.974173,
            46.57503
          ],
          [
            7.974173,
            46.57503
          ],
          [
            7.974053,
            46.575024
          ],
          [
            7.974044,
            46.575031
          ],
          [
            7.973979,
            46.575047
          ],
          [
            7.973827,
            46.575101
          ],
          [
            7.973679,
            46.575203
          ],
          [
            7.973637,
            46.575229
          ],
          [
            7.973577,
            46.575267
          ],
          [
            7.97352,
            46.575347
          ],
          [
            7.973512,
            46.575355
          ],
          [
            7.973378,
            46.575444
          ],
          [
            7.973364,
            46.57545
          ],
          [
            7.973259,
            46.575476
          ],
          [
            7.973247,
            46.57548
          ],
          [
            7.973211,
            46.575497
          ],
          [
            7.973139,
            46.575506
          ],
          [
            7.973103,
            46.575506
          ],
          [
            7.973078,
            46.575504
          ],
          [
            7.973016,
            46.575526
          ],
          [
            7.973019,
            46.575528
          ],
          [
            7.973019,
            46.57553
          ],
          [
            7.973019,
            46.57553
          ],
          [
            7.973016,
            46.57553
          ],
          [
            7.973015,
            46.57553
          ],
          [
            7.973014,
            46.575529
          ],
          [
            7.973012,
            46.575529
          ],
          [
            7.973015,
            46.575531
          ],
          [
            7.973013,
            46.57553
          ],
          [
            7.973015,
            46.575527
          ],
          [
            7.973013,
            46.575527
          ],
          [
            7.973013,
            46.575524
          ],
          [
            7.973015,
            46.575534
          ],
          [
            7.973015,
            46.575527
          ],
          [
            7.973023,
            46.575533
          ],
          [
            7.972959,
            46.575531
          ],
          [
            7.972946,
            46.57553
          ],
          [
            7.972928,
            46.575536
          ],
          [
            7.972873,
            46.575563
          ],
          [
            7.972861,
            46.575569
          ],
          [
            7.972788,
            46.57559
          ],
          [
            7.972738,
            46.575593
          ],
          [
            7.97271,
            46.57559
          ],
          [
            7.972644,
            46.575588
          ],
          [
            7.972596,
            46.575589
          ],
          [
            7.972587,
            46.575589
          ],
          [
            7.972587,
            46.57559
          ],
          [
            7.972587,
            46.57559
          ],
          [
            7.972587,
            46.57559
          ],
          [
            7.97259,
            46.575587
          ],
          [
            7.97251,
            46.575569
          ],
          [
            7.972414,
            46.575547
          ],
          [
            7.972389,
            46.57554
          ],
          [
            7.972326,
            46.575535
          ],
          [
            7.972279,
            46.575525
          ],
          [
            7.972264,
            46.575518
          ],
          [
            7.972225,
            46.575462
          ],
          [
            7.972213,
            46.575461
          ],
          [
            7.972132,
            46.57544
          ],
          [
            7.972102,
            46.575444
          ],
          [
            7.97203,
            46.575449
          ],
          [
            7.971983,
            46.575453
          ],
          [
            7.971969,
            46.575454
          ],
          [
            7.971937,
            46.57546
          ],
          [
            7.971826,
            46.575467
          ],
          [
            7.971826,
            46.575467
          ],
          [
            7.971726,
            46.575473
          ],
          [
            7.971709,
            46.575476
          ],
          [
            7.971634,
            46.575477
          ],
          [
            7.971592,
            46.575474
          ],
          [
            7.971563,
            46.575474
          ],
          [
            7.971479,
            46.575471
          ],
          [
            7.971452,
            46.575473
          ],
          [
            7.971406,
            46.575473
          ],
          [
            7.971357,
            46.575472
          ],
          [
            7.971332,
            46.575469
          ],
          [
            7.971285,
            46.57547
          ],
          [
            7.971222,
            46.575458
          ],
          [
            7.971207,
            46.575456
          ],
          [
            7.971152,
            46.575456
          ],
          [
            7.971119,
            46.575455
          ],
          [
            7.971053,
            46.575445
          ],
          [
            7.971028,
            46.575449
          ],
          [
            7.971033,
            46.575449
          ],
          [
            7.97103,
            46.575447
          ],
          [
            7.971028,
            46.575449
          ],
          [
            7.971011,
            46.575449
          ],
          [
            7.971008,
            46.575449
          ],
          [
            7.970989,
            46.575448
          ],
          [
            7.970972,
            46.575442
          ],
          [
            7.97093,
            46.575447
          ],
          [
            7.970916,
            46.575453
          ],
          [
            7.97087,
            46.575461
          ],
          [
            7.970839,
            46.575472
          ],
          [
            7.970804,
            46.575481
          ],
          [
            7.970797,
            46.575486
          ],
          [
            7.970774,
            46.575507
          ],
          [
            7.970758,
            46.575525
          ],
          [
            7.970663,
            46.575574
          ],
          [
            7.970648,
            46.575588
          ],
          [
            7.970651,
            46.575612
          ],
          [
            7.970651,
            46.575626
          ],
          [
            7.970634,
            46.575636
          ],
          [
            7.970627,
            46.575643
          ],
          [
            7.970611,
            46.575662
          ],
          [
            7.970609,
            46.575665
          ],
          [
            7.970604,
            46.575671
          ],
          [
            7.970604,
            46.575671
          ],
          [
            7.970604,
            46.575671
          ],
          [
            7.970604,
            46.575671
          ],
          [
            7.970551,
            46.575669
          ],
          [
            7.970509,
            46.575669
          ],
          [
            7.970481,
            46.575671
          ],
          [
            7.97048,
            46.575662
          ],
          [
            7.970485,
            46.575661
          ],
          [
            7.970485,
            46.575661
          ],
          [
            7.970428,
            46.57566
          ],
          [
            7.970381,
            46.575651
          ],
          [
            7.970342,
            46.575634
          ],
          [
            7.970294,
            46.575609
          ],
          [
            7.970256,
            46.575598
          ],
          [
            7.970196,
            46.575562
          ],
          [
            7.970168,
            46.575545
          ],
          [
            7.970137,
            46.575528
          ],
          [
            7.970117,
            46.57552
          ],
          [
            7.970065,
            46.57549
          ],
          [
            7.970059,
            46.575483
          ],
          [
            7.970049,
            46.575479
          ],
          [
            7.969964,
            46.575427
          ],
          [
            7.969923,
            46.575413
          ],
          [
            7.96992,
            46.575404
          ],
          [
            7.969905,
            46.575393
          ],
          [
            7.96989,
            46.57539
          ],
          [
            7.969868,
            46.575382
          ],
          [
            7.96984,
            46.57537
          ],
          [
            7.969821,
            46.575373
          ],
          [
            7.969793,
            46.575377
          ],
          [
            7.969733,
            46.575376
          ],
          [
            7.969698,
            46.575371
          ],
          [
            7.96963,
            46.575374
          ],
          [
            7.969615,
            46.575374
          ],
          [
            7.969558,
            46.575369
          ],
          [
            7.969484,
            46.575369
          ],
          [
            7.969471,
            46.575368
          ],
          [
            7.969407,
            46.575349
          ],
          [
            7.969391,
            46.57535
          ],
          [
            7.969385,
            46.575351
          ],
          [
            7.969376,
            46.575352
          ],
          [
            7.969303,
            46.575371
          ],
          [
            7.969291,
            46.57537
          ],
          [
            7.96924,
            46.575348
          ],
          [
            7.96922,
            46.575327
          ],
          [
            7.969199,
            46.57532
          ],
          [
            7.969197,
            46.575321
          ],
          [
            7.969188,
            46.575314
          ],
          [
            7.969195,
            46.575318
          ],
          [
            7.969179,
            46.575315
          ],
          [
            7.969168,
            46.575319
          ],
          [
            7.969129,
            46.575305
          ],
          [
            7.969122,
            46.575305
          ],
          [
            7.969097,
            46.575306
          ],
          [
            7.969065,
            46.575303
          ],
          [
            7.969012,
            46.575276
          ],
          [
            7.968999,
            46.575263
          ],
          [
            7.968927,
            46.575227
          ],
          [
            7.968923,
            46.575226
          ],
          [
            7.968886,
            46.575222
          ],
          [
            7.968881,
            46.575225
          ],
          [
            7.968811,
            46.575203
          ],
          [
            7.968801,
            46.575199
          ],
          [
            7.968764,
            46.575173
          ],
          [
            7.9687,
            46.575129
          ],
          [
            7.968635,
            46.575109
          ],
          [
            7.968606,
            46.575088
          ],
          [
            7.96852,
            46.57504
          ],
          [
            7.968496,
            46.575018
          ],
          [
            7.968491,
            46.575013
          ],
          [
            7.968491,
            46.575013
          ],
          [
            7.96844,
            46.575007
          ],
          [
            7.968426,
            46.575005
          ],
          [
            7.968349,
            46.574995
          ],
          [
            7.96831,
            46.574989
          ],
          [
            7.968295,
            46.574986
          ],
          [
            7.968209,
            46.574966
          ],
          [
            7.968169,
            46.574954
          ],
          [
            7.968155,
            46.574951
          ],
          [
            7.968065,
            46.574909
          ],
          [
            7.968036,
            46.574901
          ],
          [
            7.967997,
            46.574887
          ],
          [
            7.96794,
            46.574861
          ],
          [
            7.967876,
            46.574824
          ],
          [
            7.967871,
            46.574816
          ],
          [
            7.967818,
            46.574768
          ],
          [
            7.967795,
            46.574755
          ],
          [
            7.967736,
            46.574708
          ],
          [
            7.967699,
            46.57468
          ],
          [
            7.967671,
            46.574658
          ],
          [
            7.967615,
            46.574612
          ],
          [
            7.967602,
            46.574605
          ],
          [
            7.967532,
            46.574582
          ],
          [
            7.967495,
            46.574564
          ],
          [
            7.967492,
            46.574572
          ],
          [
            7.967488,
            46.574593
          ],
          [
            7.967483,
            46.574603
          ],
          [
            7.967454,
            46.574643
          ],
          [
            7.967445,
            46.574666
          ],
          [
            7.967444,
            46.574674
          ],
          [
            7.967423,
            46.574704
          ],
          [
            7.967416,
            46.574733
          ],
          [
            7.967413,
            46.574742
          ],
          [
            7.967402,
            46.574773
          ],
          [
            7.9674,
            46.574807
          ],
          [
            7.967409,
            46.574825
          ],
          [
            7.967417,
            46.57488
          ],
          [
            7.967417,
            46.574899
          ],
          [
            7.967409,
            46.574913
          ],
          [
            7.967411,
            46.574955
          ],
          [
            7.967409,
            46.574981
          ],
          [
            7.967409,
            46.575005
          ],
          [
            7.967406,
            46.575007
          ],
          [
            7.967401,
            46.575011
          ],
          [
            7.967406,
            46.575031
          ],
          [
            7.967393,
            46.575035
          ],
          [
            7.967394,
            46.575053
          ],
          [
            7.967399,
            46.575058
          ],
          [
            7.967399,
            46.575088
          ],
          [
            7.967382,
            46.575098
          ],
          [
            7.96737,
            46.575121
          ],
          [
            7.967369,
            46.575128
          ],
          [
            7.967346,
            46.575157
          ],
          [
            7.967347,
            46.575186
          ],
          [
            7.967325,
            46.575202
          ],
          [
            7.967297,
            46.575201
          ],
          [
            7.967257,
            46.575178
          ],
          [
            7.967254,
            46.575168
          ],
          [
            7.967249,
            46.575159
          ],
          [
            7.967197,
            46.575127
          ],
          [
            7.967181,
            46.575113
          ],
          [
            7.967172,
            46.575099
          ],
          [
            7.967161,
            46.575091
          ],
          [
            7.967103,
            46.575074
          ],
          [
            7.967084,
            46.575064
          ],
          [
            7.967056,
            46.575045
          ],
          [
            7.967051,
            46.575041
          ],
          [
            7.967049,
            46.575034
          ],
          [
            7.967049,
            46.575034
          ],
          [
            7.967032,
            46.575022
          ],
          [
            7.967025,
            46.575017
          ],
          [
            7.966975,
            46.574989
          ],
          [
            7.966948,
            46.574972
          ],
          [
            7.966887,
            46.574928
          ],
          [
            7.966817,
            46.574886
          ],
          [
            7.966793,
            46.574871
          ],
          [
            7.966715,
            46.574817
          ],
          [
            7.966683,
            46.574802
          ],
          [
            7.966633,
            46.574768
          ],
          [
            7.966569,
            46.574727
          ],
          [
            7.966555,
            46.57472
          ],
          [
            7.966474,
            46.574649
          ],
          [
            7.966471,
            46.574642
          ],
          [
            7.966468,
            46.574636
          ],
          [
            7.966469,
            46.574637
          ],
          [
            7.966469,
            46.574637
          ],
          [
            7.966472,
            46.574635
          ],
          [
            7.966473,
            46.574635
          ],
          [
            7.966447,
            46.574588
          ],
          [
            7.9664,
            46.574497
          ],
          [
            7.966377,
            46.574418
          ],
          [
            7.966378,
            46.574396
          ],
          [
            7.966392,
            46.574357
          ],
          [
            7.966384,
            46.574334
          ],
          [
            7.966365,
            46.574311
          ],
          [
            7.966361,
            46.574305
          ],
          [
            7.966351,
            46.57429
          ],
          [
            7.966323,
            46.57425
          ],
          [
            7.966321,
            46.57424
          ],
          [
            7.966314,
            46.574224
          ],
          [
            7.966297,
            46.574168
          ],
          [
            7.966294,
            46.574158
          ],
          [
            7.966299,
            46.57413
          ],
          [
            7.966299,
            46.574133
          ],
          [
            7.966301,
            46.574091
          ],
          [
            7.96633,
            46.574072
          ],
          [
            7.966363,
            46.574079
          ],
          [
            7.966415,
            46.574082
          ],
          [
            7.966432,
            46.574095
          ],
          [
            7.96643,
            46.574099
          ],
          [
            7.966432,
            46.574098
          ],
          [
            7.966434,
            46.574096
          ],
          [
            7.966442,
            46.574096
          ],
          [
            7.966456,
            46.574089
          ],
          [
            7.966485,
            46.574087
          ],
          [
            7.966479,
            46.574083
          ],
          [
            7.966507,
            46.574085
          ],
          [
            7.966512,
            46.574087
          ],
          [
            7.966571,
            46.574081
          ],
          [
            7.966624,
            46.574067
          ],
          [
            7.966631,
            46.574067
          ],
          [
            7.966628,
            46.574068
          ],
          [
            7.966694,
            46.574056
          ],
          [
            7.966753,
            46.574053
          ],
          [
            7.96679,
            46.574052
          ],
          [
            7.966816,
            46.574052
          ],
          [
            7.966926,
            46.574047
          ],
          [
            7.967012,
            46.574054
          ],
          [
            7.967031,
            46.574056
          ],
          [
            7.967044,
            46.574055
          ],
          [
            7.967111,
            46.574056
          ],
          [
            7.967165,
            46.574055
          ],
          [
            7.967177,
            46.574056
          ],
          [
            7.967273,
            46.57405
          ],
          [
            7.967312,
            46.574048
          ],
          [
            7.967354,
            46.574043
          ],
          [
            7.967468,
            46.574037
          ],
          [
            7.967588,
            46.574012
          ],
          [
            7.967651,
            46.573976
          ],
          [
            7.967699,
            46.573955
          ],
          [
            7.967753,
            46.573932
          ],
          [
            7.967829,
            46.573908
          ],
          [
            7.967973,
            46.573885
          ],
          [
            7.968044,
            46.573853
          ],
          [
            7.968065,
            46.573833
          ],
          [
            7.968152,
            46.57377
          ],
          [
            7.968164,
            46.573763
          ],
          [
            7.968242,
            46.573731
          ],
          [
            7.968301,
            46.573716
          ],
          [
            7.968401,
            46.573709
          ],
          [
            7.968418,
            46.573705
          ],
          [
            7.968482,
            46.573679
          ],
          [
            7.968531,
            46.573661
          ],
          [
            7.968552,
            46.573655
          ],
          [
            7.968577,
            46.573644
          ],
          [
            7.968603,
            46.573629
          ],
          [
            7.968604,
            46.57362
          ],
          [
            7.968636,
            46.573597
          ],
          [
            7.968648,
            46.57359
          ],
          [
            7.968713,
            46.573564
          ],
          [
            7.968742,
            46.573555
          ],
          [
            7.968851,
            46.573499
          ],
          [
            7.96887,
            46.573472
          ],
          [
            7.96891,
            46.57341
          ],
          [
            7.968999,
            46.573312
          ],
          [
            7.969063,
            46.573256
          ],
          [
            7.969087,
            46.57324
          ],
          [
            7.969099,
            46.57323
          ],
          [
            7.969097,
            46.573157
          ],
          [
            7.969057,
            46.57309
          ],
          [
            7.96905,
            46.573079
          ],
          [
            7.969007,
            46.573015
          ],
          [
            7.969002,
            46.573006
          ],
          [
            7.968973,
            46.572967
          ],
          [
            7.96897,
            46.572956
          ],
          [
            7.968967,
            46.572944
          ],
          [
            7.968951,
            46.572915
          ],
          [
            7.968942,
            46.57289
          ],
          [
            7.968936,
            46.572891
          ],
          [
            7.968947,
            46.572898
          ],
          [
            7.968902,
            46.572867
          ],
          [
            7.968864,
            46.572842
          ],
          [
            7.968818,
            46.572818
          ],
          [
            7.968811,
            46.572814
          ],
          [
            7.968762,
            46.572789
          ],
          [
            7.968706,
            46.572755
          ],
          [
            7.968642,
            46.572731
          ],
          [
            7.968604,
            46.572713
          ],
          [
            7.96855,
            46.572696
          ],
          [
            7.968496,
            46.572679
          ],
          [
            7.968469,
            46.572671
          ],
          [
            7.968419,
            46.572652
          ],
          [
            7.968382,
            46.572638
          ],
          [
            7.968381,
            46.572636
          ],
          [
            7.968342,
            46.57262
          ],
          [
            7.96832,
            46.572616
          ],
          [
            7.968288,
            46.57261
          ],
          [
            7.968262,
            46.572605
          ],
          [
            7.968207,
            46.572596
          ],
          [
            7.968202,
            46.572596
          ],
          [
            7.968196,
            46.572594
          ],
          [
            7.968196,
            46.572594
          ],
          [
            7.968196,
            46.572594
          ],
          [
            7.968203,
            46.572588
          ],
          [
            7.968201,
            46.572585
          ],
          [
            7.968191,
            46.572584
          ],
          [
            7.968161,
            46.57258
          ],
          [
            7.96812,
            46.572567
          ],
          [
            7.968106,
            46.572564
          ],
          [
            7.968063,
            46.572544
          ],
          [
            7.968043,
            46.572542
          ],
          [
            7.968033,
            46.572539
          ],
          [
            7.968005,
            46.572533
          ],
          [
            7.96797,
            46.572525
          ],
          [
            7.967951,
            46.572519
          ],
          [
            7.967903,
            46.572506
          ],
          [
            7.967868,
            46.572503
          ],
          [
            7.967842,
            46.572501
          ],
          [
            7.9678,
            46.572493
          ],
          [
            7.96778,
            46.572493
          ],
          [
            7.967757,
            46.572492
          ],
          [
            7.967712,
            46.572495
          ],
          [
            7.967704,
            46.572494
          ],
          [
            7.967694,
            46.572491
          ],
          [
            7.967652,
            46.572476
          ],
          [
            7.967617,
            46.572465
          ],
          [
            7.967608,
            46.572461
          ],
          [
            7.967555,
            46.572444
          ],
          [
            7.967538,
            46.572434
          ],
          [
            7.967521,
            46.572429
          ],
          [
            7.967476,
            46.572411
          ],
          [
            7.967469,
            46.572409
          ],
          [
            7.96747,
            46.572435
          ],
          [
            7.967474,
            46.572438
          ],
          [
            7.967474,
            46.572437
          ],
          [
            7.967471,
            46.572441
          ],
          [
            7.967474,
            46.572438
          ],
          [
            7.967474,
            46.572438
          ],
          [
            7.967477,
            46.572466
          ],
          [
            7.967455,
            46.572481
          ],
          [
            7.967325,
            46.572501
          ],
          [
            7.967252,
            46.572505
          ],
          [
            7.967242,
            46.5725
          ],
          [
            7.967234,
            46.572497
          ],
          [
            7.96719,
            46.572502
          ],
          [
            7.967178,
            46.572499
          ],
          [
            7.967154,
            46.572488
          ],
          [
            7.967133,
            46.572463
          ],
          [
            7.967123,
            46.572467
          ],
          [
            7.967101,
            46.572492
          ],
          [
            7.967096,
            46.572499
          ],
          [
            7.967092,
            46.572503
          ],
          [
            7.967067,
            46.57251
          ],
          [
            7.967042,
            46.572515
          ],
          [
            7.967028,
            46.572528
          ],
          [
            7.967014,
            46.572557
          ],
          [
            7.966972,
            46.572575
          ],
          [
            7.966957,
            46.572576
          ],
          [
            7.966931,
            46.572577
          ],
          [
            7.966917,
            46.572595
          ],
          [
            7.966911,
            46.5726
          ],
          [
            7.96688,
            46.572629
          ],
          [
            7.966854,
            46.572633
          ],
          [
            7.966803,
            46.572625
          ],
          [
            7.966736,
            46.572614
          ],
          [
            7.966682,
            46.572605
          ],
          [
            7.966641,
            46.572594
          ],
          [
            7.966621,
            46.572595
          ],
          [
            7.966571,
            46.572596
          ],
          [
            7.966544,
            46.572596
          ],
          [
            7.966493,
            46.572608
          ],
          [
            7.966481,
            46.572611
          ],
          [
            7.966424,
            46.57262
          ],
          [
            7.966405,
            46.572621
          ],
          [
            7.966381,
            46.572622
          ],
          [
            7.966389,
            46.572619
          ],
          [
            7.966342,
            46.572632
          ],
          [
            7.966305,
            46.57264
          ],
          [
            7.96629,
            46.572643
          ],
          [
            7.966253,
            46.57265
          ],
          [
            7.966199,
            46.572655
          ],
          [
            7.966187,
            46.572658
          ],
          [
            7.966088,
            46.572693
          ],
          [
            7.966077,
            46.5727
          ],
          [
            7.966014,
            46.572735
          ],
          [
            7.966007,
            46.572756
          ],
          [
            7.966003,
            46.572769
          ],
          [
            7.965977,
            46.572806
          ],
          [
            7.965949,
            46.572813
          ],
          [
            7.9659,
            46.572813
          ],
          [
            7.965863,
            46.57281
          ],
          [
            7.965841,
            46.572805
          ],
          [
            7.965799,
            46.572796
          ],
          [
            7.965764,
            46.572798
          ],
          [
            7.965729,
            46.572802
          ],
          [
            7.965678,
            46.5728
          ],
          [
            7.965668,
            46.572803
          ],
          [
            7.965625,
            46.572797
          ],
          [
            7.965605,
            46.572796
          ],
          [
            7.965579,
            46.572793
          ],
          [
            7.965551,
            46.572787
          ],
          [
            7.965543,
            46.572784
          ],
          [
            7.965509,
            46.57278
          ],
          [
            7.965496,
            46.572784
          ],
          [
            7.965469,
            46.57279
          ],
          [
            7.965433,
            46.572798
          ],
          [
            7.965403,
            46.572799
          ],
          [
            7.96541,
            46.572797
          ],
          [
            7.965396,
            46.57278
          ],
          [
            7.965343,
            46.572766
          ],
          [
            7.965318,
            46.572756
          ],
          [
            7.965306,
            46.57275
          ],
          [
            7.965244,
            46.57276
          ],
          [
            7.965236,
            46.572762
          ],
          [
            7.965192,
            46.572776
          ],
          [
            7.965153,
            46.57276
          ],
          [
            7.965089,
            46.572747
          ],
          [
            7.965064,
            46.572742
          ],
          [
            7.964999,
            46.572724
          ],
          [
            7.96499,
            46.57272
          ],
          [
            7.96499,
            46.57272
          ],
          [
            7.964928,
            46.572699
          ],
          [
            7.964926,
            46.572698
          ],
          [
            7.964919,
            46.572699
          ],
          [
            7.964888,
            46.572692
          ],
          [
            7.96486,
            46.572691
          ],
          [
            7.964811,
            46.572674
          ],
          [
            7.964799,
            46.572668
          ],
          [
            7.964769,
            46.572656
          ],
          [
            7.96473,
            46.572654
          ],
          [
            7.964718,
            46.572643
          ],
          [
            7.964693,
            46.572635
          ],
          [
            7.964661,
            46.572622
          ],
          [
            7.964652,
            46.572617
          ],
          [
            7.96464,
            46.572612
          ],
          [
            7.964626,
            46.572591
          ],
          [
            7.964626,
            46.57257
          ],
          [
            7.964607,
            46.572569
          ],
          [
            7.964575,
            46.57258
          ],
          [
            7.964573,
            46.572584
          ],
          [
            7.964526,
            46.572614
          ],
          [
            7.964526,
            46.572622
          ],
          [
            7.964496,
            46.572642
          ],
          [
            7.964466,
            46.572648
          ],
          [
            7.96444,
            46.572614
          ],
          [
            7.964412,
            46.572604
          ],
          [
            7.96439,
            46.572601
          ],
          [
            7.96436,
            46.572598
          ],
          [
            7.96437,
            46.572602
          ],
          [
            7.964371,
            46.572602
          ],
          [
            7.964371,
            46.572602
          ],
          [
            7.964407,
            46.572602
          ],
          [
            7.964358,
            46.572596
          ],
          [
            7.964341,
            46.572595
          ],
          [
            7.964339,
            46.572595
          ],
          [
            7.964284,
            46.572594
          ],
          [
            7.964264,
            46.572591
          ],
          [
            7.964207,
            46.57259
          ],
          [
            7.9642,
            46.572582
          ],
          [
            7.964133,
            46.572564
          ],
          [
            7.964116,
            46.572565
          ],
          [
            7.964112,
            46.572566
          ],
          [
            7.964113,
            46.572564
          ],
          [
            7.964094,
            46.572576
          ],
          [
            7.96407,
            46.572589
          ],
          [
            7.963999,
            46.572635
          ],
          [
            7.963967,
            46.572661
          ],
          [
            7.963941,
            46.572688
          ],
          [
            7.963903,
            46.57272
          ],
          [
            7.963851,
            46.572723
          ],
          [
            7.963809,
            46.572726
          ],
          [
            7.963766,
            46.572732
          ],
          [
            7.963731,
            46.572734
          ],
          [
            7.963718,
            46.572734
          ],
          [
            7.963691,
            46.572736
          ],
          [
            7.963671,
            46.572733
          ],
          [
            7.963641,
            46.572731
          ],
          [
            7.963641,
            46.572731
          ],
          [
            7.963599,
            46.572731
          ],
          [
            7.963564,
            46.572735
          ],
          [
            7.963558,
            46.572735
          ],
          [
            7.963495,
            46.572734
          ],
          [
            7.963486,
            46.572733
          ],
          [
            7.963481,
            46.572731
          ],
          [
            7.963413,
            46.572724
          ],
          [
            7.963404,
            46.572725
          ],
          [
            7.963379,
            46.572726
          ],
          [
            7.963308,
            46.572734
          ],
          [
            7.963261,
            46.572731
          ],
          [
            7.963223,
            46.572727
          ],
          [
            7.963152,
            46.572726
          ],
          [
            7.963126,
            46.572717
          ],
          [
            7.96311,
            46.572715
          ],
          [
            7.96307,
            46.572713
          ],
          [
            7.963062,
            46.57271
          ],
          [
            7.963033,
            46.572709
          ],
          [
            7.963012,
            46.572712
          ],
          [
            7.962997,
            46.572719
          ],
          [
            7.962968,
            46.57275
          ],
          [
            7.962959,
            46.572757
          ],
          [
            7.962922,
            46.572788
          ],
          [
            7.962919,
            46.572806
          ],
          [
            7.962915,
            46.572826
          ],
          [
            7.962884,
            46.572828
          ],
          [
            7.962866,
            46.572828
          ],
          [
            7.962851,
            46.572827
          ],
          [
            7.962809,
            46.572823
          ],
          [
            7.9628,
            46.572823
          ],
          [
            7.962754,
            46.572832
          ],
          [
            7.962738,
            46.572836
          ],
          [
            7.962733,
            46.572837
          ],
          [
            7.9627,
            46.572843
          ],
          [
            7.962689,
            46.57284
          ],
          [
            7.96268,
            46.572828
          ],
          [
            7.962668,
            46.572816
          ],
          [
            7.962656,
            46.572817
          ],
          [
            7.962637,
            46.572825
          ],
          [
            7.962589,
            46.572835
          ],
          [
            7.962581,
            46.572838
          ],
          [
            7.962545,
            46.572841
          ],
          [
            7.962521,
            46.572832
          ],
          [
            7.962505,
            46.572832
          ],
          [
            7.962453,
            46.572841
          ],
          [
            7.962439,
            46.572844
          ],
          [
            7.962399,
            46.572835
          ],
          [
            7.962378,
            46.57283
          ],
          [
            7.962365,
            46.572822
          ],
          [
            7.962326,
            46.572814
          ],
          [
            7.962299,
            46.572812
          ],
          [
            7.96228,
            46.572811
          ],
          [
            7.96224,
            46.572809
          ],
          [
            7.962192,
            46.57282
          ],
          [
            7.962183,
            46.572818
          ],
          [
            7.962127,
            46.572834
          ],
          [
            7.962117,
            46.572833
          ],
          [
            7.962086,
            46.57282
          ],
          [
            7.962072,
            46.57282
          ],
          [
            7.962058,
            46.572819
          ],
          [
            7.962042,
            46.57282
          ],
          [
            7.962006,
            46.572811
          ],
          [
            7.961956,
            46.572811
          ],
          [
            7.961939,
            46.572819
          ],
          [
            7.961934,
            46.572823
          ],
          [
            7.961893,
            46.572841
          ],
          [
            7.961882,
            46.572844
          ],
          [
            7.96185,
            46.572851
          ],
          [
            7.961826,
            46.572849
          ],
          [
            7.961792,
            46.572841
          ],
          [
            7.961734,
            46.572849
          ],
          [
            7.961677,
            46.572848
          ],
          [
            7.961626,
            46.572842
          ],
          [
            7.96156,
            46.572848
          ],
          [
            7.961545,
            46.572847
          ],
          [
            7.961494,
            46.572842
          ],
          [
            7.961412,
            46.572849
          ],
          [
            7.961349,
            46.572857
          ],
          [
            7.961317,
            46.57287
          ],
          [
            7.961278,
            46.572891
          ],
          [
            7.961216,
            46.572909
          ],
          [
            7.96117,
            46.5729
          ],
          [
            7.961137,
            46.572898
          ],
          [
            7.961123,
            46.572901
          ],
          [
            7.961063,
            46.572919
          ],
          [
            7.961026,
            46.572935
          ],
          [
            7.961001,
            46.572942
          ],
          [
            7.960937,
            46.572955
          ],
          [
            7.960897,
            46.572967
          ],
          [
            7.960835,
            46.572975
          ],
          [
            7.960811,
            46.572976
          ],
          [
            7.960748,
            46.572992
          ],
          [
            7.960725,
            46.572996
          ],
          [
            7.960717,
            46.572992
          ],
          [
            7.960691,
            46.572983
          ],
          [
            7.960678,
            46.572983
          ],
          [
            7.960594,
            46.57299
          ],
          [
            7.960561,
            46.572996
          ],
          [
            7.960534,
            46.572997
          ],
          [
            7.960486,
            46.573002
          ],
          [
            7.960461,
            46.573008
          ],
          [
            7.960391,
            46.573007
          ],
          [
            7.960378,
            46.573011
          ],
          [
            7.960317,
            46.57302
          ],
          [
            7.960294,
            46.573025
          ],
          [
            7.960221,
            46.573033
          ],
          [
            7.96016,
            46.573035
          ],
          [
            7.960139,
            46.573047
          ],
          [
            7.960108,
            46.573062
          ],
          [
            7.960036,
            46.573075
          ],
          [
            7.959988,
            46.573076
          ],
          [
            7.959991,
            46.573074
          ],
          [
            7.959994,
            46.573075
          ],
          [
            7.959994,
            46.573075
          ],
          [
            7.959979,
            46.573103
          ],
          [
            7.959975,
            46.573107
          ],
          [
            7.959967,
            46.573113
          ],
          [
            7.959974,
            46.573111
          ],
          [
            7.959959,
            46.5731
          ],
          [
            7.959967,
            46.573101
          ],
          [
            7.959977,
            46.573105
          ],
          [
            7.959982,
            46.57311
          ],
          [
            7.959982,
            46.57311
          ],
          [
            7.959982,
            46.57311
          ],
          [
            7.959966,
            46.573105
          ],
          [
            7.959966,
            46.573104
          ],
          [
            7.959962,
            46.573099
          ],
          [
            7.959964,
            46.573099
          ],
          [
            7.959964,
            46.573099
          ],
          [
            7.959964,
            46.573099
          ],
          [
            7.959964,
            46.573099
          ],
          [
            7.959964,
            46.573099
          ],
          [
            7.959964,
            46.573099
          ],
          [
            7.959964,
            46.573099
          ],
          [
            7.959964,
            46.573099
          ],
          [
            7.959964,
            46.573099
          ],
          [
            7.959988,
            46.573114
          ],
          [
            7.959995,
            46.573104
          ],
          [
            7.959964,
            46.573099
          ],
          [
            7.959984,
            46.573102
          ],
          [
            7.960018,
            46.573126
          ],
          [
            7.960037,
            46.573142
          ],
          [
            7.960041,
            46.573148
          ],
          [
            7.960067,
            46.573192
          ],
          [
            7.960073,
            46.573222
          ],
          [
            7.960083,
            46.573245
          ],
          [
            7.960073,
            46.57327
          ],
          [
            7.960018,
            46.573284
          ],
          [
            7.960009,
            46.573305
          ],
          [
            7.960015,
            46.573332
          ],
          [
            7.959992,
            46.57336
          ],
          [
            7.959954,
            46.573364
          ],
          [
            7.95995,
            46.573369
          ],
          [
            7.95994,
            46.573377
          ],
          [
            7.95994,
            46.573378
          ],
          [
            7.959928,
            46.573405
          ],
          [
            7.959898,
            46.573433
          ],
          [
            7.959882,
            46.573447
          ],
          [
            7.959877,
            46.57345
          ],
          [
            7.959841,
            46.573473
          ],
          [
            7.95982,
            46.573484
          ],
          [
            7.959802,
            46.573491
          ],
          [
            7.959757,
            46.57352
          ],
          [
            7.959753,
            46.573523
          ],
          [
            7.959737,
            46.573546
          ],
          [
            7.959714,
            46.573591
          ],
          [
            7.959639,
            46.573628
          ],
          [
            7.959631,
            46.573636
          ],
          [
            7.959611,
            46.573722
          ],
          [
            7.959626,
            46.573789
          ],
          [
            7.959619,
            46.573798
          ],
          [
            7.959597,
            46.573812
          ],
          [
            7.959536,
            46.573819
          ],
          [
            7.959542,
            46.573819
          ],
          [
            7.95949,
            46.573848
          ],
          [
            7.959457,
            46.573904
          ],
          [
            7.95941,
            46.573939
          ],
          [
            7.959378,
            46.573961
          ],
          [
            7.959343,
            46.573982
          ],
          [
            7.959274,
            46.574009
          ],
          [
            7.95922,
            46.574026
          ],
          [
            7.959145,
            46.574044
          ],
          [
            7.959132,
            46.574047
          ],
          [
            7.959092,
            46.57406
          ],
          [
            7.95907,
            46.574079
          ],
          [
            7.959028,
            46.574102
          ],
          [
            7.959028,
            46.574102
          ],
          [
            7.959027,
            46.574105
          ],
          [
            7.959012,
            46.574118
          ],
          [
            7.958986,
            46.574127
          ],
          [
            7.958989,
            46.574127
          ],
          [
            7.958946,
            46.574159
          ],
          [
            7.958937,
            46.574163
          ],
          [
            7.958877,
            46.57418
          ],
          [
            7.958823,
            46.574188
          ],
          [
            7.958776,
            46.574202
          ],
          [
            7.958733,
            46.574218
          ],
          [
            7.958734,
            46.574218
          ],
          [
            7.958688,
            46.574252
          ],
          [
            7.958665,
            46.574269
          ],
          [
            7.958601,
            46.574307
          ],
          [
            7.958532,
            46.574311
          ],
          [
            7.958483,
            46.574312
          ],
          [
            7.958466,
            46.574316
          ],
          [
            7.958432,
            46.574311
          ],
          [
            7.958379,
            46.574301
          ],
          [
            7.958312,
            46.574301
          ],
          [
            7.958299,
            46.5743
          ],
          [
            7.958238,
            46.574287
          ],
          [
            7.958208,
            46.574287
          ],
          [
            7.958167,
            46.574286
          ],
          [
            7.95811,
            46.574268
          ],
          [
            7.958064,
            46.574249
          ],
          [
            7.958013,
            46.574246
          ],
          [
            7.957951,
            46.574229
          ],
          [
            7.957937,
            46.574221
          ],
          [
            7.957895,
            46.574201
          ],
          [
            7.957814,
            46.57418
          ],
          [
            7.957803,
            46.574177
          ],
          [
            7.95774,
            46.574165
          ],
          [
            7.957696,
            46.57416
          ],
          [
            7.957675,
            46.574154
          ],
          [
            7.957639,
            46.574143
          ],
          [
            7.957633,
            46.574142
          ],
          [
            7.957632,
            46.574143
          ],
          [
            7.957616,
            46.574142
          ],
          [
            7.957549,
            46.574152
          ],
          [
            7.957526,
            46.574152
          ],
          [
            7.95748,
            46.574146
          ],
          [
            7.957426,
            46.574149
          ],
          [
            7.957396,
            46.574147
          ],
          [
            7.957391,
            46.574152
          ],
          [
            7.957391,
            46.574152
          ],
          [
            7.957312,
            46.57416
          ],
          [
            7.9573,
            46.574161
          ],
          [
            7.957286,
            46.574152
          ],
          [
            7.957272,
            46.574142
          ],
          [
            7.957255,
            46.574125
          ],
          [
            7.95725,
            46.574112
          ],
          [
            7.957196,
            46.574071
          ],
          [
            7.957185,
            46.574076
          ],
          [
            7.957131,
            46.574103
          ],
          [
            7.957089,
            46.574114
          ],
          [
            7.95707,
            46.574121
          ],
          [
            7.957015,
            46.574127
          ],
          [
            7.956988,
            46.574126
          ],
          [
            7.956947,
            46.57412
          ],
          [
            7.956868,
            46.574116
          ],
          [
            7.956859,
            46.574113
          ],
          [
            7.956859,
            46.574113
          ],
          [
            7.956859,
            46.574113
          ],
          [
            7.956859,
            46.574113
          ],
          [
            7.956863,
            46.574131
          ],
          [
            7.956839,
            46.574151
          ],
          [
            7.956831,
            46.574154
          ],
          [
            7.956791,
            46.57417
          ],
          [
            7.956778,
            46.574176
          ],
          [
            7.956777,
            46.574168
          ],
          [
            7.956774,
            46.574211
          ],
          [
            7.956768,
            46.574221
          ],
          [
            7.956759,
            46.574281
          ],
          [
            7.956763,
            46.574287
          ],
          [
            7.956821,
            46.574323
          ],
          [
            7.956831,
            46.574344
          ],
          [
            7.956848,
            46.574349
          ],
          [
            7.9569,
            46.574366
          ],
          [
            7.956899,
            46.574366
          ],
          [
            7.956899,
            46.574366
          ],
          [
            7.956899,
            46.574366
          ],
          [
            7.956899,
            46.574366
          ],
          [
            7.956899,
            46.574366
          ],
          [
            7.956899,
            46.574366
          ],
          [
            7.956899,
            46.574366
          ],
          [
            7.956899,
            46.574366
          ],
          [
            7.956889,
            46.574387
          ],
          [
            7.956887,
            46.574393
          ],
          [
            7.956887,
            46.574393
          ],
          [
            7.956887,
            46.574393
          ],
          [
            7.956887,
            46.574393
          ],
          [
            7.956887,
            46.574393
          ],
          [
            7.956887,
            46.574393
          ],
          [
            7.956887,
            46.574393
          ],
          [
            7.956887,
            46.574393
          ],
          [
            7.956888,
            46.574384
          ],
          [
            7.956848,
            46.574399
          ],
          [
            7.956844,
            46.574405
          ],
          [
            7.956847,
            46.574405
          ],
          [
            7.956866,
            46.574388
          ],
          [
            7.956866,
            46.57439
          ],
          [
            7.956844,
            46.574408
          ],
          [
            7.956847,
            46.574409
          ],
          [
            7.956851,
            46.574418
          ],
          [
            7.956854,
            46.574423
          ],
          [
            7.956877,
            46.574418
          ],
          [
            7.956876,
            46.574401
          ],
          [
            7.956868,
            46.5744
          ],
          [
            7.956861,
            46.574397
          ],
          [
            7.956855,
            46.57439
          ],
          [
            7.956862,
            46.574395
          ],
          [
            7.956865,
            46.574397
          ],
          [
            7.956864,
            46.574396
          ],
          [
            7.956865,
            46.574396
          ],
          [
            7.956865,
            46.574394
          ],
          [
            7.956869,
            46.574383
          ],
          [
            7.956877,
            46.574383
          ],
          [
            7.956871,
            46.574377
          ]
        ]
      },
      "properties": {
        "name": "19657992240"
      }
    }
  ]
}