{
  "type": "FeatureCollection",
  "features": [
    {
      "type": "Feature",
      "geometry": {
        "type": "LineString",
        "coordinates": [
          [
            7.102851,
            46.394898
          ],
          [
            7.10285,
            46.394898
          ],
          [
            7.102853,
            46.394898
          ],
          [
            7.10286,
            46.394897
          ],
          [
            7.102894,
            46.394884
          ],
          [
            7.102908,
            46.394879
          ],
          [
            7.102919,
            46.394878
          ],
          [
            7.102941,
            46.39487
          ],
          [
            7.102959,
            46.39487
          ],
          [
            7.10298,
            46.394864
          ],
          [
            7.102993,
            46.394858
          ],
          [
            7.102999,
            46.394854
          ],
          [
            7.103018,
            46.394846
          ],
          [
            7.103023,
            46.394843
          ],
          [
            7.103047,
            46.394833
          ],
          [
            7.103074,
            46.394823
          ],
          [
            7.103097,
            46.394816
          ],
          [
            7.10315,
            46.394805
          ],
          [
            7.103155,
            46.394803
          ],
          [
            7.103194,
            46.394789
          ],
          [
            7.103196,
            46.394787
          ],
          [
            7.103233,
            46.394783
          ],
          [
            7.103248,
            46.394775
          ],
          [
            7.103275,
            46.394768
          ],
          [
            7.103298,
            46.394758
          ],
          [
            7.103321,
            46.39475
          ],
          [
            7.10333,
            46.39475
          ],
          [
            7.103343,
            46.394742
          ],
          [
            7.10336,
            46.394737
          ],
          [
            7.10337,
            46.394738
          ],
          [
            7.103401,
            46.394729
          ],
          [
            7.103406,
            46.39473
          ],
          [
            7.103443,
            46.394719
          ],
          [
            7.10345,
            46.394719
          ],
          [
            7.103492,
            46.394705
          ],
          [
            7.103505,
            46.3947
          ],
          [
            7.103549,
            46.394691
          ],
          [
            7.103564,
            46.394688
          ],
          [
            7.103599,
            46.394677
          ],
          [
            7.103612,
            46.394671
          ],
          [
            7.103631,
            46.394668
          ],
          [
            7.103645,
            46.394663
          ],
          [
            7.103656,
            46.394658
          ],
          [
            7.103719,
            46.394638
          ],
          [
            7.10375,
            46.394633
          ],
          [
            7.103765,
            46.394631
          ],
          [
            7.103788,
            46.394624
          ],
          [
            7.103823,
            46.394616
          ],
          [
            7.103868,
            46.394608
          ],
          [
            7.103883,
            46.394599
          ],
          [
            7.103921,
            46.394595
          ],
          [
            7.103939,
            46.394588
          ],
          [
            7.103976,
            46.394578
          ],
          [
            7.103994,
            46.394575
          ],
          [
            7.104034,
            46.394572
          ],
          [
            7.104048,
            46.394568
          ],
          [
            7.104072,
            46.394567
          ],
          [
            7.104099,
            46.394564
          ],
          [
            7.104112,
            46.394558
          ],
          [
            7.104143,
            46.39455
          ],
          [
            7.104156,
            46.394546
          ],
          [
            7.104194,
            46.394534
          ],
          [
            7.104199,
            46.394533
          ],
          [
            7.104224,
            46.39453
          ],
          [
            7.104261,
            46.394521
          ],
          [
            7.104272,
            46.394518
          ],
          [
            7.104307,
            46.39452
          ],
          [
            7.104323,
            46.39452
          ],
          [
            7.10434,
            46.39452
          ],
          [
            7.104401,
            46.394512
          ],
          [
            7.104409,
            46.394512
          ],
          [
            7.104431,
            46.394511
          ],
          [
            7.104471,
            46.394506
          ],
          [
            7.104486,
            46.394503
          ],
          [
            7.104542,
            46.394491
          ],
          [
            7.104555,
            46.394488
          ],
          [
            7.104562,
            46.394486
          ],
          [
            7.104572,
            46.394484
          ],
          [
            7.104579,
            46.394485
          ],
          [
            7.104585,
            46.394482
          ],
          [
            7.104598,
            46.394479
          ],
          [
            7.104617,
            46.394475
          ],
          [
            7.104651,
            46.394467
          ],
          [
            7.104666,
            46.394464
          ],
          [
            7.104674,
            46.394464
          ],
          [
            7.104707,
            46.394458
          ],
          [
            7.10473,
            46.39446
          ],
          [
            7.10478,
            46.394454
          ],
          [
            7.104789,
            46.394451
          ],
          [
            7.104815,
            46.394449
          ],
          [
            7.104831,
            46.39445
          ],
          [
            7.104855,
            46.394444
          ],
          [
            7.104875,
            46.394442
          ],
          [
            7.10489,
            46.394443
          ],
          [
            7.104917,
            46.394439
          ],
          [
            7.104955,
            46.394431
          ],
          [
            7.104973,
            46.394427
          ],
          [
            7.104989,
            46.394425
          ],
          [
            7.105029,
            46.394418
          ],
          [
            7.105128,
            46.394405
          ],
          [
            7.10516,
            46.394404
          ],
          [
            7.105168,
            46.394402
          ],
          [
            7.105192,
            46.394403
          ],
          [
            7.105206,
            46.394401
          ],
          [
            7.105216,
            46.394399
          ],
          [
            7.105209,
            46.394396
          ],
          [
            7.105209,
            46.394396
          ],
          [
            7.105212,
            46.394395
          ],
          [
            7.105232,
            46.394391
          ],
          [
            7.10525,
            46.394388
          ],
          [
            7.105258,
            46.394389
          ],
          [
            7.105289,
            46.394382
          ],
          [
            7.105316,
            46.394381
          ],
          [
            7.105323,
            46.394378
          ],
          [
            7.105339,
            46.394378
          ],
          [
            7.105363,
            46.394376
          ],
          [
            7.105385,
            46.394372
          ],
          [
            7.105422,
            46.394368
          ],
          [
            7.105443,
            46.394364
          ],
          [
            7.105468,
            46.394352
          ],
          [
            7.105484,
            46.394347
          ],
          [
            7.105498,
            46.394344
          ],
          [
            7.105504,
            46.394342
          ],
          [
            7.105521,
            46.394337
          ],
          [
            7.105543,
            46.394331
          ],
          [
            7.105551,
            46.394329
          ],
          [
            7.105582,
            46.394328
          ],
          [
            7.105604,
            46.394328
          ],
          [
            7.105616,
            46.394325
          ],
          [
            7.105636,
            46.394321
          ],
          [
            7.105689,
            46.394314
          ],
          [
            7.105742,
            46.394306
          ],
          [
            7.105747,
            46.394305
          ],
          [
            7.105766,
            46.394298
          ],
          [
            7.105777,
            46.394295
          ],
          [
            7.105776,
            46.394294
          ],
          [
            7.105777,
            46.394293
          ],
          [
            7.105789,
            46.394291
          ],
          [
            7.105804,
            46.394288
          ],
          [
            7.105813,
            46.394288
          ],
          [
            7.105823,
            46.394287
          ],
          [
            7.105831,
            46.394285
          ],
          [
            7.105863,
            46.394274
          ],
          [
            7.105868,
            46.394268
          ],
          [
            7.105867,
            46.394273
          ],
          [
            7.105868,
            46.394273
          ],
          [
            7.105869,
            46.394266
          ],
          [
            7.105869,
            46.394266
          ],
          [
            7.105868,
            46.394268
          ],
          [
            7.10587,
            46.394266
          ],
          [
            7.105869,
            46.394269
          ],
          [
            7.105871,
            46.394268
          ],
          [
            7.105868,
            46.394273
          ],
          [
            7.105868,
            46.394273
          ],
          [
            7.105871,
            46.39427
          ],
          [
            7.105877,
            46.394266
          ],
          [
            7.105875,
            46.394275
          ],
          [
            7.105881,
            46.394275
          ],
          [
            7.105907,
            46.394268
          ],
          [
            7.105944,
            46.394262
          ],
          [
            7.105961,
            46.39426
          ],
          [
            7.105995,
            46.394258
          ],
          [
            7.106007,
            46.394254
          ],
          [
            7.106029,
            46.394248
          ],
          [
            7.106041,
            46.394244
          ],
          [
            7.10606,
            46.394242
          ],
          [
            7.10609,
            46.394242
          ],
          [
            7.106112,
            46.394242
          ],
          [
            7.106132,
            46.394244
          ],
          [
            7.106158,
            46.394249
          ],
          [
            7.10619,
            46.394254
          ],
          [
            7.106207,
            46.394258
          ],
          [
            7.106224,
            46.39426
          ],
          [
            7.106233,
            46.394261
          ],
          [
            7.106248,
            46.394262
          ],
          [
            7.106264,
            46.394264
          ],
          [
            7.106291,
            46.394267
          ],
          [
            7.106304,
            46.394266
          ],
          [
            7.106341,
            46.394266
          ],
          [
            7.106361,
            46.394262
          ],
          [
            7.106418,
            46.394265
          ],
          [
            7.106426,
            46.394267
          ],
          [
            7.106448,
            46.39427
          ],
          [
            7.10649,
            46.394275
          ],
          [
            7.106511,
            46.39428
          ],
          [
            7.106526,
            46.394283
          ],
          [
            7.106539,
            46.394285
          ],
          [
            7.106578,
            46.394287
          ],
          [
            7.106596,
            46.394293
          ],
          [
            7.106621,
            46.394296
          ],
          [
            7.10664,
            46.394298
          ],
          [
            7.106664,
            46.3943
          ],
          [
            7.106682,
            46.394301
          ],
          [
            7.10672,
            46.394306
          ],
          [
            7.106765,
            46.394312
          ],
          [
            7.106801,
            46.394316
          ],
          [
            7.106819,
            46.39432
          ],
          [
            7.106853,
            46.394322
          ],
          [
            7.106876,
            46.394321
          ],
          [
            7.106898,
            46.394321
          ],
          [
            7.106921,
            46.394319
          ],
          [
            7.106933,
            46.39432
          ],
          [
            7.106949,
            46.39432
          ],
          [
            7.107,
            46.394323
          ],
          [
            7.10701,
            46.394326
          ],
          [
            7.107045,
            46.394333
          ],
          [
            7.107059,
            46.394335
          ],
          [
            7.107107,
            46.394337
          ],
          [
            7.107123,
            46.394334
          ],
          [
            7.107145,
            46.394332
          ],
          [
            7.107159,
            46.394332
          ],
          [
            7.107193,
            46.394329
          ],
          [
            7.107228,
            46.394328
          ],
          [
            7.10724,
            46.394327
          ],
          [
            7.107258,
            46.394328
          ],
          [
            7.107267,
            46.394328
          ],
          [
            7.107285,
            46.394325
          ],
          [
            7.107306,
            46.394322
          ],
          [
            7.10733,
            46.394319
          ],
          [
            7.107345,
            46.394317
          ],
          [
            7.107375,
            46.394314
          ],
          [
            7.107394,
            46.394317
          ],
          [
            7.10741,
            46.394311
          ],
          [
            7.107431,
            46.394314
          ],
          [
            7.107448,
            46.394315
          ],
          [
            7.107452,
            46.394313
          ],
          [
            7.107468,
            46.394315
          ],
          [
            7.107501,
            46.39431
          ],
          [
            7.107515,
            46.394308
          ],
          [
            7.107561,
            46.394304
          ],
          [
            7.107571,
            46.394305
          ],
          [
            7.1076,
            46.394298
          ],
          [
            7.107617,
            46.394282
          ],
          [
            7.107619,
            46.394271
          ],
          [
            7.107625,
            46.394222
          ],
          [
            7.107627,
            46.394218
          ],
          [
            7.10763,
            46.39419
          ],
          [
            7.107629,
            46.394183
          ],
          [
            7.107634,
            46.394142
          ],
          [
            7.107631,
            46.394138
          ],
          [
            7.107632,
            46.394113
          ],
          [
            7.107632,
            46.394111
          ],
          [
            7.107644,
            46.394058
          ],
          [
            7.107646,
            46.394044
          ],
          [
            7.107649,
            46.394013
          ],
          [
            7.107651,
            46.394008
          ],
          [
            7.107658,
            46.39398
          ],
          [
            7.107664,
            46.393954
          ],
          [
            7.107667,
            46.39395
          ],
          [
            7.107658,
            46.393919
          ],
          [
            7.107661,
            46.393916
          ],
          [
            7.107665,
            46.393906
          ],
          [
            7.107665,
            46.393902
          ],
          [
            7.107666,
            46.393895
          ],
          [
            7.107668,
            46.393902
          ],
          [
            7.107679,
            46.393883
          ],
          [
            7.10769,
            46.393884
          ],
          [
            7.10775,
            46.393903
          ],
          [
            7.107786,
            46.393915
          ],
          [
            7.107786,
            46.393915
          ],
          [
            7.107844,
            46.393935
          ],
          [
            7.107913,
            46.393966
          ],
          [
            7.107919,
            46.393971
          ],
          [
            7.107934,
            46.393978
          ],
          [
            7.107995,
            46.393999
          ],
          [
            7.108016,
            46.394005
          ],
          [
            7.108073,
            46.394026
          ],
          [
            7.108082,
            46.39403
          ],
          [
            7.108101,
            46.394037
          ],
          [
            7.108112,
            46.394039
          ],
          [
            7.10816,
            46.394026
          ],
          [
            7.10818,
            46.394023
          ],
          [
            7.108215,
            46.394024
          ],
          [
            7.108243,
            46.394024
          ],
          [
            7.108301,
            46.394013
          ],
          [
            7.108331,
            46.39401
          ],
          [
            7.108413,
            46.393991
          ],
          [
            7.108446,
            46.393985
          ],
          [
            7.108526,
            46.393973
          ],
          [
            7.108572,
            46.393967
          ],
          [
            7.108609,
            46.393965
          ],
          [
            7.108636,
            46.393963
          ],
          [
            7.108698,
            46.393956
          ],
          [
            7.108729,
            46.39395
          ],
          [
            7.108751,
            46.393947
          ],
          [
            7.108787,
            46.393939
          ],
          [
            7.108896,
            46.39392
          ],
          [
            7.108904,
            46.393918
          ],
          [
            7.1089,
            46.393915
          ],
          [
            7.108917,
            46.39391
          ],
          [
            7.108946,
            46.393902
          ],
          [
            7.109008,
            46.393896
          ],
          [
            7.109032,
            46.393889
          ],
          [
            7.109066,
            46.393879
          ],
          [
            7.109084,
            46.393874
          ],
          [
            7.109103,
            46.393867
          ],
          [
            7.109162,
            46.393857
          ],
          [
            7.109174,
            46.393855
          ],
          [
            7.109248,
            46.393845
          ],
          [
            7.109293,
            46.393837
          ],
          [
            7.109335,
            46.393834
          ],
          [
            7.109358,
            46.393832
          ],
          [
            7.109458,
            46.393831
          ],
          [
            7.109476,
            46.39383
          ],
          [
            7.109513,
            46.393826
          ],
          [
            7.109586,
            46.393823
          ],
          [
            7.109614,
            46.393821
          ],
          [
            7.109686,
            46.393812
          ],
          [
            7.109736,
            46.393814
          ],
          [
            7.109755,
            46.393814
          ],
          [
            7.109778,
            46.393814
          ],
          [
            7.109804,
            46.393817
          ],
          [
            7.109844,
            46.393819
          ],
          [
            7.109857,
            46.393819
          ],
          [
            7.109914,
            46.393826
          ],
          [
            7.109992,
            46.393844
          ],
          [
            7.110079,
            46.393859
          ],
          [
            7.110112,
            46.393869
          ],
          [
            7.110191,
            46.393885
          ],
          [
            7.110206,
            46.393886
          ],
          [
            7.110252,
            46.393892
          ],
          [
            7.110267,
            46.393892
          ],
          [
            7.110374,
            46.393899
          ],
          [
            7.110414,
            46.393906
          ],
          [
            7.110478,
            46.393916
          ],
          [
            7.110545,
            46.393929
          ],
          [
            7.110564,
            46.393931
          ],
          [
            7.110654,
            46.39395
          ],
          [
            7.110694,
            46.393959
          ],
          [
            7.110737,
            46.393971
          ],
          [
            7.110836,
            46.39398
          ],
          [
            7.110853,
            46.393979
          ],
          [
            7.110915,
            46.393981
          ],
          [
            7.110964,
            46.39398
          ],
          [
            7.110982,
            46.393975
          ],
          [
            7.110993,
            46.393972
          ],
          [
            7.111027,
            46.393966
          ],
          [
            7.111052,
            46.393963
          ],
          [
            7.111069,
            46.393962
          ],
          [
            7.111105,
            46.393959
          ],
          [
            7.111149,
            46.393953
          ],
          [
            7.111164,
            46.393953
          ],
          [
            7.111176,
            46.39395
          ],
          [
            7.111199,
            46.393946
          ],
          [
            7.111219,
            46.393944
          ],
          [
            7.11124,
            46.39394
          ],
          [
            7.111338,
            46.393938
          ],
          [
            7.111373,
            46.393934
          ],
          [
            7.111408,
            46.393929
          ],
          [
            7.111527,
            46.393901
          ],
          [
            7.111577,
            46.393891
          ],
          [
            7.111622,
            46.393886
          ],
          [
            7.111717,
            46.393871
          ],
          [
            7.111731,
            46.39387
          ],
          [
            7.111824,
            46.393865
          ],
          [
            7.111919,
            46.393865
          ],
          [
            7.111967,
            46.393864
          ],
          [
            7.111979,
            46.393861
          ],
          [
            7.112094,
            46.393851
          ],
          [
            7.112121,
            46.393851
          ],
          [
            7.112195,
            46.393851
          ],
          [
            7.112231,
            46.393853
          ],
          [
            7.112286,
            46.393855
          ],
          [
            7.112383,
            46.393853
          ],
          [
            7.112507,
            46.393858
          ],
          [
            7.112606,
            46.393856
          ],
          [
            7.112645,
            46.393857
          ],
          [
            7.112715,
            46.393855
          ],
          [
            7.11277,
            46.393853
          ],
          [
            7.112777,
            46.393854
          ],
          [
            7.1128,
            46.393854
          ],
          [
            7.112828,
            46.393853
          ],
          [
            7.112893,
            46.39385
          ],
          [
            7.112974,
            46.393857
          ],
          [
            7.113052,
            46.393856
          ],
          [
            7.113125,
            46.393857
          ],
          [
            7.113185,
            46.393861
          ],
          [
            7.113201,
            46.393863
          ],
          [
            7.113255,
            46.393863
          ],
          [
            7.11329,
            46.393863
          ],
          [
            7.113373,
            46.393862
          ],
          [
            7.113437,
            46.393863
          ],
          [
            7.11347,
            46.393867
          ],
          [
            7.113548,
            46.39386
          ],
          [
            7.113557,
            46.39386
          ],
          [
            7.113622,
            46.393851
          ],
          [
            7.113635,
            46.39385
          ],
          [
            7.113704,
            46.393851
          ],
          [
            7.113748,
            46.393853
          ],
          [
            7.113782,
            46.393852
          ],
          [
            7.113841,
            46.393857
          ],
          [
            7.113863,
            46.393858
          ],
          [
            7.113922,
            46.393859
          ],
          [
            7.113938,
            46.393865
          ],
          [
            7.113981,
            46.393861
          ],
          [
            7.113996,
            46.393865
          ],
          [
            7.114039,
            46.39386
          ],
          [
            7.114076,
            46.39386
          ],
          [
            7.114094,
            46.393864
          ],
          [
            7.114109,
            46.393866
          ],
          [
            7.114137,
            46.393868
          ],
          [
            7.114178,
            46.39387
          ],
          [
            7.1142,
            46.393871
          ],
          [
            7.114254,
            46.393875
          ],
          [
            7.114322,
            46.393874
          ],
          [
            7.114343,
            46.393874
          ],
          [
            7.114371,
            46.393878
          ],
          [
            7.114388,
            46.393879
          ],
          [
            7.114397,
            46.393879
          ],
          [
            7.114429,
            46.393884
          ],
          [
            7.114483,
            46.393885
          ],
          [
            7.11449,
            46.393887
          ],
          [
            7.114517,
            46.393886
          ],
          [
            7.114559,
            46.393884
          ],
          [
            7.114595,
            46.393887
          ],
          [
            7.114636,
            46.393887
          ],
          [
            7.114671,
            46.393885
          ],
          [
            7.114726,
            46.393886
          ],
          [
            7.11482,
            46.393879
          ],
          [
            7.114859,
            46.393875
          ],
          [
            7.114897,
            46.393873
          ],
          [
            7.114951,
            46.393868
          ],
          [
            7.114984,
            46.393864
          ],
          [
            7.115015,
            46.393862
          ],
          [
            7.115084,
            46.393856
          ],
          [
            7.115168,
            46.393847
          ],
          [
            7.115229,
            46.393836
          ],
          [
            7.115238,
            46.393837
          ],
          [
            7.115266,
            46.393834
          ],
          [
            7.115307,
            46.393827
          ],
          [
            7.115372,
            46.393813
          ],
          [
            7.115425,
            46.393799
          ],
          [
            7.115438,
            46.393797
          ],
          [
            7.115499,
            46.393791
          ],
          [
            7.115534,
            46.393772
          ],
          [
            7.11555,
            46.39377
          ],
          [
            7.115578,
            46.393757
          ],
          [
            7.11558,
            46.393757
          ],
          [
            7.115642,
            46.393746
          ],
          [
            7.11566,
            46.39374
          ],
          [
            7.115697,
            46.393732
          ],
          [
            7.115715,
            46.393728
          ],
          [
            7.115774,
            46.393708
          ],
          [
            7.115795,
            46.393701
          ],
          [
            7.115848,
            46.393686
          ],
          [
            7.115904,
            46.393667
          ],
          [
            7.115937,
            46.393661
          ],
          [
            7.115951,
            46.393656
          ],
          [
            7.116018,
            46.393629
          ],
          [
            7.116032,
            46.393622
          ],
          [
            7.116041,
            46.393616
          ],
          [
            7.116066,
            46.393602
          ],
          [
            7.116103,
            46.39358
          ],
          [
            7.116119,
            46.393571
          ],
          [
            7.116148,
            46.393557
          ],
          [
            7.116153,
            46.393555
          ],
          [
            7.116167,
            46.393548
          ],
          [
            7.116193,
            46.393527
          ],
          [
            7.116206,
            46.393515
          ],
          [
            7.11623,
            46.393502
          ],
          [
            7.116256,
            46.393484
          ],
          [
            7.116273,
            46.393479
          ],
          [
            7.116309,
            46.393449
          ],
          [
            7.116311,
            46.393446
          ],
          [
            7.116347,
            46.393419
          ],
          [
            7.116351,
            46.393413
          ],
          [
            7.116367,
            46.393398
          ],
          [
            7.116379,
            46.393389
          ],
          [
            7.116432,
            46.393354
          ],
          [
            7.116476,
            46.39332
          ],
          [
            7.116484,
            46.393315
          ],
          [
            7.116495,
            46.393306
          ],
          [
            7.116528,
            46.393282
          ],
          [
            7.116563,
            46.393251
          ],
          [
            7.116603,
            46.393227
          ],
          [
            7.116629,
            46.393198
          ],
          [
            7.116642,
            46.393191
          ],
          [
            7.116651,
            46.39319
          ],
          [
            7.116679,
            46.393168
          ],
          [
            7.1167,
            46.393146
          ],
          [
            7.116711,
            46.393128
          ],
          [
            7.116749,
            46.393095
          ],
          [
            7.116769,
            46.39308
          ],
          [
            7.116781,
            46.393069
          ],
          [
            7.116783,
            46.393066
          ],
          [
            7.116808,
            46.393043
          ],
          [
            7.116818,
            46.393037
          ],
          [
            7.116833,
            46.393016
          ],
          [
            7.116837,
            46.393007
          ],
          [
            7.116855,
            46.392996
          ],
          [
            7.116865,
            46.392988
          ],
          [
            7.116875,
            46.392978
          ],
          [
            7.116888,
            46.392963
          ],
          [
            7.116904,
            46.392954
          ],
          [
            7.11693,
            46.392925
          ],
          [
            7.116957,
            46.392905
          ],
          [
            7.11697,
            46.392894
          ],
          [
            7.116982,
            46.392883
          ],
          [
            7.117011,
            46.392845
          ],
          [
            7.117039,
            46.392815
          ],
          [
            7.117077,
            46.392777
          ],
          [
            7.117077,
            46.392776
          ],
          [
            7.117116,
            46.392739
          ],
          [
            7.117144,
            46.392708
          ],
          [
            7.117184,
            46.392669
          ],
          [
            7.117219,
            46.392634
          ],
          [
            7.117233,
            46.392622
          ],
          [
            7.117242,
            46.392605
          ],
          [
            7.117248,
            46.392599
          ],
          [
            7.11726,
            46.392589
          ],
          [
            7.117286,
            46.392567
          ],
          [
            7.117336,
            46.392522
          ],
          [
            7.117366,
            46.39249
          ],
          [
            7.117384,
            46.392476
          ],
          [
            7.117414,
            46.392452
          ],
          [
            7.117458,
            46.392422
          ],
          [
            7.117491,
            46.392399
          ],
          [
            7.117525,
            46.392379
          ],
          [
            7.117557,
            46.392349
          ],
          [
            7.117576,
            46.392328
          ],
          [
            7.117586,
            46.392334
          ],
          [
            7.117614,
            46.39231
          ],
          [
            7.117646,
            46.392281
          ],
          [
            7.117651,
            46.392275
          ],
          [
            7.117701,
            46.39223
          ],
          [
            7.117737,
            46.392211
          ],
          [
            7.117776,
            46.392182
          ],
          [
            7.117789,
            46.392172
          ],
          [
            7.117797,
            46.392167
          ],
          [
            7.117831,
            46.392141
          ],
          [
            7.117844,
            46.392132
          ],
          [
            7.117869,
            46.392109
          ],
          [
            7.1179,
            46.392088
          ],
          [
            7.117932,
            46.392069
          ],
          [
            7.117946,
            46.392062
          ],
          [
            7.117973,
            46.392048
          ],
          [
            7.117985,
            46.392053
          ],
          [
            7.118005,
            46.392052
          ],
          [
            7.118021,
            46.392049
          ],
          [
            7.118082,
            46.392042
          ],
          [
            7.118095,
            46.392042
          ],
          [
            7.118169,
            46.392056
          ],
          [
            7.118173,
            46.392058
          ],
          [
            7.118196,
            46.392064
          ],
          [
            7.118207,
            46.392068
          ],
          [
            7.118214,
            46.392071
          ],
          [
            7.118251,
            46.392093
          ],
          [
            7.118258,
            46.392095
          ],
          [
            7.118279,
            46.392104
          ],
          [
            7.118279,
            46.392104
          ],
          [
            7.1183,
            46.392122
          ],
          [
            7.118339,
            46.392142
          ],
          [
            7.118359,
            46.392159
          ],
          [
            7.118378,
            46.392174
          ],
          [
            7.118388,
            46.392195
          ],
          [
            7.118399,
            46.392199
          ],
          [
            7.118415,
            46.392228
          ],
          [
            7.118424,
            46.392239
          ],
          [
            7.118449,
            46.392266
          ],
          [
            7.118454,
            46.392278
          ],
          [
            7.118462,
            46.392291
          ],
          [
            7.118485,
            46.392313
          ],
          [
            7.118492,
            46.39232
          ],
          [
            7.118497,
            46.392323
          ],
          [
            7.118514,
            46.392338
          ],
          [
            7.118533,
            46.392358
          ],
          [
            7.118537,
            46.392361
          ],
          [
            7.118552,
            46.392391
          ],
          [
            7.118583,
            46.392433
          ],
          [
            7.11859,
            46.392441
          ],
          [
            7.118608,
            46.392466
          ],
          [
            7.118618,
            46.392475
          ],
          [
            7.118641,
            46.392498
          ],
          [
            7.118648,
            46.392503
          ],
          [
            7.118674,
            46.392529
          ],
          [
            7.118709,
            46.392552
          ],
          [
            7.118721,
            46.392561
          ],
          [
            7.118777,
            46.392589
          ],
          [
            7.118819,
            46.392612
          ],
          [
            7.118829,
            46.392616
          ],
          [
            7.118875,
            46.392643
          ],
          [
            7.118893,
            46.392656
          ],
          [
            7.118922,
            46.39268
          ],
          [
            7.118929,
            46.392685
          ],
          [
            7.118957,
            46.392706
          ],
          [
            7.118961,
            46.392707
          ],
          [
            7.118972,
            46.392712
          ],
          [
            7.118991,
            46.392725
          ],
          [
            7.119007,
            46.392736
          ],
          [
            7.11901,
            46.392739
          ],
          [
            7.119038,
            46.392757
          ],
          [
            7.11905,
            46.392767
          ],
          [
            7.119066,
            46.392783
          ],
          [
            7.119079,
            46.392793
          ],
          [
            7.119085,
            46.392795
          ],
          [
            7.119089,
            46.3928
          ],
          [
            7.119096,
            46.392802
          ],
          [
            7.119099,
            46.392805
          ],
          [
            7.11911,
            46.392811
          ],
          [
            7.119145,
            46.392831
          ],
          [
            7.119189,
            46.392852
          ],
          [
            7.119199,
            46.392855
          ],
          [
            7.119249,
            46.392863
          ],
          [
            7.119257,
            46.392863
          ],
          [
            7.119317,
            46.392867
          ],
          [
            7.119334,
            46.392864
          ],
          [
            7.119363,
            46.392854
          ],
          [
            7.119381,
            46.392853
          ],
          [
            7.119403,
            46.392846
          ],
          [
            7.119418,
            46.392841
          ],
          [
            7.119432,
            46.392837
          ],
          [
            7.119469,
            46.392831
          ],
          [
            7.119477,
            46.39283
          ],
          [
            7.119522,
            46.392827
          ],
          [
            7.11953,
            46.392827
          ],
          [
            7.11957,
            46.392818
          ],
          [
            7.119578,
            46.392818
          ],
          [
            7.119584,
            46.392817
          ],
          [
            7.119615,
            46.39281
          ],
          [
            7.119627,
            46.392807
          ],
          [
            7.119632,
            46.392806
          ],
          [
            7.11968,
            46.3928
          ],
          [
            7.119707,
            46.392794
          ],
          [
            7.119729,
            46.39279
          ],
          [
            7.119777,
            46.392784
          ],
          [
            7.11978,
            46.392783
          ],
          [
            7.119829,
            46.392778
          ],
          [
            7.119843,
            46.392775
          ],
          [
            7.119854,
            46.392774
          ],
          [
            7.119904,
            46.392771
          ],
          [
            7.119918,
            46.392774
          ],
          [
            7.119958,
            46.392779
          ],
          [
            7.119969,
            46.39278
          ],
          [
            7.119986,
            46.39278
          ],
          [
            7.119998,
            46.392781
          ],
          [
            7.120005,
            46.392781
          ],
          [
            7.120017,
            46.392782
          ],
          [
            7.12003,
            46.392784
          ],
          [
            7.120041,
            46.392785
          ],
          [
            7.120074,
            46.392792
          ],
          [
            7.12012,
            46.392795
          ],
          [
            7.120138,
            46.392795
          ],
          [
            7.120151,
            46.392797
          ],
          [
            7.120169,
            46.392802
          ],
          [
            7.120176,
            46.392802
          ],
          [
            7.120217,
            46.392796
          ],
          [
            7.120222,
            46.392796
          ],
          [
            7.120275,
            46.392794
          ],
          [
            7.120294,
            46.392791
          ],
          [
            7.120329,
            46.392782
          ],
          [
            7.120327,
            46.392781
          ],
          [
            7.120356,
            46.392775
          ],
          [
            7.120375,
            46.392773
          ],
          [
            7.120447,
            46.392764
          ],
          [
            7.12045,
            46.392762
          ],
          [
            7.120465,
            46.392761
          ],
          [
            7.120506,
            46.392755
          ],
          [
            7.120529,
            46.392752
          ],
          [
            7.12055,
            46.392747
          ],
          [
            7.12057,
            46.392744
          ],
          [
            7.120581,
            46.392742
          ],
          [
            7.120632,
            46.392731
          ],
          [
            7.120643,
            46.39273
          ],
          [
            7.120666,
            46.392724
          ],
          [
            7.120707,
            46.392709
          ],
          [
            7.120717,
            46.392707
          ],
          [
            7.120753,
            46.392696
          ],
          [
            7.120775,
            46.392691
          ],
          [
            7.120797,
            46.392682
          ],
          [
            7.120832,
            46.392661
          ],
          [
            7.120838,
            46.392658
          ],
          [
            7.120849,
            46.392653
          ],
          [
            7.120892,
            46.392633
          ],
          [
            7.120921,
            46.392626
          ],
          [
            7.120928,
            46.392614
          ],
          [
            7.120937,
            46.392608
          ],
          [
            7.120996,
            46.392579
          ],
          [
            7.121051,
            46.392547
          ],
          [
            7.121098,
            46.392523
          ],
          [
            7.121106,
            46.392519
          ],
          [
            7.121169,
            46.392483
          ],
          [
            7.12118,
            46.392479
          ],
          [
            7.121237,
            46.392451
          ],
          [
            7.121255,
            46.392445
          ],
          [
            7.121292,
            46.392427
          ],
          [
            7.121317,
            46.392411
          ],
          [
            7.121336,
            46.392403
          ],
          [
            7.121344,
            46.3924
          ],
          [
            7.121358,
            46.392391
          ],
          [
            7.121404,
            46.392372
          ],
          [
            7.121455,
            46.392354
          ],
          [
            7.121466,
            46.39235
          ],
          [
            7.121479,
            46.392345
          ],
          [
            7.121484,
            46.392343
          ],
          [
            7.121496,
            46.392337
          ],
          [
            7.121505,
            46.392335
          ],
          [
            7.121512,
            46.392331
          ],
          [
            7.121519,
            46.392324
          ],
          [
            7.121554,
            46.3923
          ],
          [
            7.121576,
            46.392292
          ],
          [
            7.121611,
            46.392279
          ],
          [
            7.121631,
            46.392269
          ],
          [
            7.121648,
            46.392259
          ],
          [
            7.121658,
            46.392253
          ],
          [
            7.121683,
            46.392243
          ],
          [
            7.121713,
            46.39222
          ],
          [
            7.121724,
            46.392216
          ],
          [
            7.121745,
            46.392207
          ],
          [
            7.121784,
            46.39219
          ],
          [
            7.121817,
            46.392181
          ],
          [
            7.121854,
            46.392171
          ],
          [
            7.121868,
            46.392168
          ],
          [
            7.121906,
            46.392149
          ],
          [
            7.121934,
            46.392132
          ],
          [
            7.121973,
            46.392114
          ],
          [
            7.121982,
            46.392108
          ],
          [
            7.122045,
            46.392074
          ],
          [
            7.12206,
            46.392066
          ],
          [
            7.122079,
            46.392063
          ],
          [
            7.122091,
            46.392058
          ],
          [
            7.122098,
            46.392056
          ],
          [
            7.122149,
            46.392044
          ],
          [
            7.122152,
            46.392043
          ],
          [
            7.12216,
            46.39204
          ],
          [
            7.122175,
            46.392035
          ],
          [
            7.122205,
            46.392021
          ],
          [
            7.122214,
            46.392023
          ],
          [
            7.122229,
            46.392011
          ],
          [
            7.122255,
            46.392002
          ],
          [
            7.122297,
            46.391989
          ],
          [
            7.122301,
            46.391988
          ],
          [
            7.122335,
            46.391979
          ],
          [
            7.12236,
            46.391971
          ],
          [
            7.122364,
            46.391969
          ],
          [
            7.122413,
            46.391962
          ],
          [
            7.12244,
            46.391951
          ],
          [
            7.122448,
            46.391949
          ],
          [
            7.122473,
            46.39194
          ],
          [
            7.122491,
            46.391932
          ],
          [
            7.12253,
            46.391924
          ],
          [
            7.122546,
            46.391919
          ],
          [
            7.122567,
            46.391916
          ],
          [
            7.122584,
            46.391913
          ],
          [
            7.122618,
            46.391903
          ],
          [
            7.122644,
            46.3919
          ],
          [
            7.122663,
            46.391896
          ],
          [
            7.122714,
            46.391878
          ],
          [
            7.122733,
            46.391872
          ],
          [
            7.122794,
            46.391865
          ],
          [
            7.122802,
            46.391862
          ],
          [
            7.122858,
            46.391845
          ],
          [
            7.122869,
            46.39184
          ],
          [
            7.122912,
            46.391829
          ],
          [
            7.122954,
            46.391824
          ],
          [
            7.122985,
            46.391811
          ],
          [
            7.12303,
            46.391784
          ],
          [
            7.123033,
            46.391782
          ],
          [
            7.123041,
            46.391779
          ],
          [
            7.123087,
            46.391742
          ],
          [
            7.123112,
            46.391722
          ],
          [
            7.123124,
            46.39172
          ],
          [
            7.123138,
            46.391712
          ],
          [
            7.123159,
            46.391705
          ],
          [
            7.123179,
            46.391698
          ],
          [
            7.123211,
            46.391681
          ],
          [
            7.123225,
            46.391677
          ],
          [
            7.123235,
            46.391673
          ],
          [
            7.123255,
            46.39166
          ],
          [
            7.123274,
            46.391649
          ],
          [
            7.123301,
            46.391634
          ],
          [
            7.123326,
            46.391615
          ],
          [
            7.123356,
            46.391601
          ],
          [
            7.123378,
            46.391597
          ],
          [
            7.123407,
            46.391574
          ],
          [
            7.123414,
            46.391565
          ],
          [
            7.123435,
            46.391547
          ],
          [
            7.123452,
            46.391534
          ],
          [
            7.123475,
            46.391519
          ],
          [
            7.123489,
            46.391507
          ],
          [
            7.123491,
            46.391508
          ],
          [
            7.123503,
            46.3915
          ],
          [
            7.123508,
            46.391493
          ],
          [
            7.123522,
            46.391486
          ],
          [
            7.123532,
            46.391481
          ],
          [
            7.123543,
            46.391467
          ],
          [
            7.123581,
            46.391432
          ],
          [
            7.123589,
            46.391425
          ],
          [
            7.123624,
            46.3914
          ],
          [
            7.123631,
            46.391402
          ],
          [
            7.123646,
            46.391389
          ],
          [
            7.123657,
            46.391376
          ],
          [
            7.123697,
            46.391351
          ],
          [
            7.123716,
            46.391333
          ],
          [
            7.123722,
            46.391322
          ],
          [
            7.123739,
            46.391313
          ],
          [
            7.123758,
            46.391295
          ],
          [
            7.123763,
            46.391288
          ],
          [
            7.123795,
            46.391264
          ],
          [
            7.123808,
            46.391257
          ],
          [
            7.123827,
            46.391238
          ],
          [
            7.123867,
            46.39122
          ],
          [
            7.123872,
            46.391221
          ],
          [
            7.12393,
            46.391196
          ],
          [
            7.123937,
            46.391197
          ],
          [
            7.123965,
            46.391194
          ],
          [
            7.123997,
            46.39118
          ],
          [
            7.124011,
            46.391177
          ],
          [
            7.124033,
            46.391161
          ],
          [
            7.124063,
            46.39114
          ],
          [
            7.124076,
            46.391124
          ],
          [
            7.124082,
            46.39112
          ],
          [
            7.124098,
            46.391105
          ],
          [
            7.12411,
            46.391091
          ],
          [
            7.124119,
            46.391082
          ],
          [
            7.124135,
            46.391063
          ],
          [
            7.124137,
            46.391057
          ],
          [
            7.124147,
            46.391047
          ],
          [
            7.124155,
            46.391037
          ],
          [
            7.124183,
            46.391006
          ],
          [
            7.124221,
            46.390994
          ],
          [
            7.124251,
            46.390983
          ],
          [
            7.124269,
            46.390964
          ],
          [
            7.124282,
            46.390958
          ],
          [
            7.124289,
            46.390953
          ],
          [
            7.124304,
            46.390945
          ],
          [
            7.124313,
            46.390942
          ],
          [
            7.124331,
            46.390923
          ],
          [
            7.124338,
            46.390917
          ],
          [
            7.124367,
            46.390893
          ],
          [
            7.124374,
            46.390886
          ],
          [
            7.124416,
            46.390861
          ],
          [
            7.124425,
            46.390852
          ],
          [
            7.124462,
            46.390833
          ],
          [
            7.124478,
            46.39083
          ],
          [
            7.124515,
            46.390819
          ],
          [
            7.124534,
            46.390814
          ],
          [
            7.12454,
            46.390812
          ],
          [
            7.124576,
            46.390797
          ],
          [
            7.124588,
            46.390795
          ],
          [
            7.124617,
            46.390786
          ],
          [
            7.124625,
            46.390784
          ],
          [
            7.124667,
            46.390769
          ],
          [
            7.124682,
            46.390763
          ],
          [
            7.124704,
            46.390739
          ],
          [
            7.124713,
            46.390734
          ],
          [
            7.124771,
            46.39072
          ],
          [
            7.124805,
            46.390702
          ],
          [
            7.124818,
            46.390697
          ],
          [
            7.124852,
            46.390684
          ],
          [
            7.124869,
            46.390677
          ],
          [
            7.124877,
            46.390673
          ],
          [
            7.124894,
            46.390665
          ],
          [
            7.124936,
            46.390647
          ],
          [
            7.12496,
            46.390638
          ],
          [
            7.125008,
            46.390624
          ],
          [
            7.125011,
            46.390621
          ],
          [
            7.125019,
            46.390617
          ],
          [
            7.12504,
            46.390607
          ],
          [
            7.125053,
            46.390599
          ],
          [
            7.125064,
            46.390598
          ],
          [
            7.125072,
            46.390595
          ],
          [
            7.125083,
            46.390592
          ],
          [
            7.125099,
            46.390591
          ],
          [
            7.125109,
            46.390589
          ],
          [
            7.125112,
            46.39059
          ],
          [
            7.12514,
            46.390593
          ],
          [
            7.125162,
            46.390589
          ],
          [
            7.125183,
            46.390586
          ],
          [
            7.125199,
            46.390583
          ],
          [
            7.125217,
            46.390581
          ],
          [
            7.125249,
            46.390576
          ],
          [
            7.125265,
            46.390565
          ],
          [
            7.125272,
            46.390561
          ],
          [
            7.125295,
            46.390545
          ],
          [
            7.1253,
            46.390542
          ],
          [
            7.125307,
            46.390532
          ],
          [
            7.125309,
            46.390524
          ],
          [
            7.12532,
            46.390516
          ],
          [
            7.125326,
            46.390507
          ],
          [
            7.125338,
            46.39048
          ],
          [
            7.125339,
            46.39047
          ],
          [
            7.125346,
            46.390465
          ],
          [
            7.125349,
            46.390451
          ],
          [
            7.125357,
            46.390443
          ],
          [
            7.125355,
            46.390429
          ],
          [
            7.125341,
            46.390422
          ],
          [
            7.12532,
            46.390389
          ],
          [
            7.125287,
            46.390363
          ],
          [
            7.125262,
            46.390347
          ],
          [
            7.125258,
            46.390345
          ],
          [
            7.125255,
            46.390345
          ],
          [
            7.125255,
            46.390345
          ],
          [
            7.125255,
            46.390345
          ],
          [
            7.125255,
            46.390345
          ],
          [
            7.125255,
            46.390345
          ],
          [
            7.125255,
            46.390345
          ],
          [
            7.125255,
            46.390345
          ],
          [
            7.125255,
            46.390345
          ],
          [
            7.125255,
            46.390345
          ],
          [
            7.125255,
            46.390345
          ],
          [
            7.125255,
            46.390345
          ],
          [
            7.125255,
            46.390345
          ],
          [
            7.125264,
            46.390352
          ],
          [
            7.125249,
            46.390333
          ],
          [
            7.125194,
            46.390297
          ],
          [
            7.125181,
            46.390292
          ],
          [
            7.125138,
            46.39028
          ],
          [
            7.125124,
            46.39028
          ],
          [
            7.125115,
            46.390278
          ],
          [
            7.125108,
            46.390279
          ],
          [
            7.125098,
            46.39028
          ],
          [
            7.125091,
            46.390278
          ],
          [
            7.125074,
            46.390275
          ],
          [
            7.125037,
            46.390264
          ],
          [
            7.125018,
            46.390257
          ],
          [
            7.124999,
            46.390252
          ],
          [
            7.12499,
            46.390247
          ],
          [
            7.124983,
            46.390243
          ],
          [
            7.124972,
            46.39024
          ],
          [
            7.124963,
            46.390236
          ],
          [
            7.124954,
            46.390233
          ],
          [
            7.124926,
            46.390219
          ],
          [
            7.124921,
            46.390217
          ],
          [
            7.124901,
            46.390212
          ],
          [
            7.124873,
            46.390194
          ],
          [
            7.124865,
            46.390189
          ],
          [
            7.124852,
            46.390177
          ],
          [
            7.124844,
            46.390163
          ],
          [
            7.12484,
            46.390155
          ],
          [
            7.124834,
            46.390124
          ],
          [
            7.124834,
            46.390111
          ],
          [
            7.124837,
            46.390087
          ],
          [
            7.12484,
            46.390078
          ],
          [
            7.124846,
            46.390061
          ],
          [
            7.124886,
            46.390022
          ],
          [
            7.124886,
            46.390019
          ],
          [
            7.1249,
            46.390008
          ],
          [
            7.124909,
            46.390002
          ],
          [
            7.124914,
            46.39
          ],
          [
            7.12493,
            46.389987
          ],
          [
            7.124951,
            46.38997
          ],
          [
            7.124957,
            46.389968
          ],
          [
            7.124973,
            46.38996
          ],
          [
            7.125007,
            46.389933
          ],
          [
            7.125056,
            46.389909
          ],
          [
            7.125069,
            46.389903
          ],
          [
            7.125087,
            46.389893
          ],
          [
            7.125096,
            46.389886
          ],
          [
            7.125106,
            46.389877
          ],
          [
            7.125125,
            46.389873
          ],
          [
            7.125135,
            46.38987
          ],
          [
            7.125167,
            46.389857
          ],
          [
            7.125185,
            46.389843
          ],
          [
            7.125203,
            46.389831
          ],
          [
            7.125225,
            46.389809
          ],
          [
            7.125231,
            46.389804
          ],
          [
            7.12527,
            46.389769
          ],
          [
            7.125284,
            46.38975
          ],
          [
            7.125296,
            46.389744
          ],
          [
            7.12534,
            46.389721
          ],
          [
            7.125355,
            46.389713
          ],
          [
            7.125377,
            46.389697
          ],
          [
            7.125389,
            46.389694
          ],
          [
            7.12541,
            46.389671
          ],
          [
            7.12545,
            46.389633
          ],
          [
            7.125468,
            46.389621
          ],
          [
            7.12548,
            46.389608
          ],
          [
            7.125519,
            46.389581
          ],
          [
            7.12555,
            46.389556
          ],
          [
            7.12557,
            46.389547
          ],
          [
            7.125575,
            46.389541
          ],
          [
            7.125608,
            46.389517
          ],
          [
            7.125657,
            46.389485
          ],
          [
            7.125724,
            46.389451
          ],
          [
            7.125742,
            46.389445
          ],
          [
            7.125779,
            46.389421
          ],
          [
            7.125796,
            46.389411
          ],
          [
            7.125824,
            46.389391
          ],
          [
            7.125849,
            46.389377
          ],
          [
            7.125873,
            46.389364
          ],
          [
            7.125907,
            46.389352
          ],
          [
            7.125971,
            46.389337
          ],
          [
            7.126013,
            46.38933
          ],
          [
            7.126032,
            46.389331
          ],
          [
            7.126048,
            46.389331
          ],
          [
            7.126128,
            46.389343
          ],
          [
            7.126172,
            46.389361
          ],
          [
            7.126194,
            46.389372
          ],
          [
            7.126203,
            46.389376
          ],
          [
            7.12621,
            46.389379
          ],
          [
            7.126217,
            46.389384
          ],
          [
            7.126224,
            46.389389
          ],
          [
            7.126249,
            46.389403
          ],
          [
            7.126259,
            46.389411
          ],
          [
            7.126291,
            46.389439
          ],
          [
            7.126304,
            46.389448
          ],
          [
            7.126312,
            46.389452
          ],
          [
            7.126327,
            46.389462
          ],
          [
            7.126336,
            46.389466
          ],
          [
            7.126352,
            46.389469
          ],
          [
            7.126366,
            46.38948
          ],
          [
            7.126395,
            46.389492
          ],
          [
            7.126403,
            46.389498
          ],
          [
            7.126418,
            46.389503
          ],
          [
            7.126417,
            46.389507
          ],
          [
            7.126423,
            46.389509
          ],
          [
            7.126439,
            46.389516
          ],
          [
            7.126468,
            46.389526
          ],
          [
            7.126491,
            46.389535
          ],
          [
            7.126499,
            46.389539
          ],
          [
            7.126505,
            46.389547
          ],
          [
            7.126527,
            46.38956
          ],
          [
            7.126531,
            46.38956
          ],
          [
            7.126559,
            46.389566
          ],
          [
            7.126578,
            46.389569
          ],
          [
            7.126618,
            46.389561
          ],
          [
            7.126621,
            46.389562
          ],
          [
            7.126649,
            46.389561
          ],
          [
            7.126669,
            46.389558
          ],
          [
            7.126724,
            46.389543
          ],
          [
            7.126736,
            46.389543
          ],
          [
            7.126765,
            46.389537
          ],
          [
            7.126773,
            46.389534
          ],
          [
            7.126777,
            46.389533
          ],
          [
            7.126835,
            46.389519
          ],
          [
            7.126848,
            46.389517
          ],
          [
            7.126854,
            46.389517
          ],
          [
            7.126866,
            46.389514
          ],
          [
            7.126883,
            46.389517
          ],
          [
            7.126904,
            46.389512
          ],
          [
            7.126953,
            46.389513
          ],
          [
            7.12695,
            46.389513
          ],
          [
            7.126971,
            46.389509
          ],
          [
            7.12702,
            46.389505
          ],
          [
            7.127032,
            46.389502
          ],
          [
            7.127058,
            46.389502
          ],
          [
            7.12709,
            46.3895
          ],
          [
            7.1271,
            46.389492
          ],
          [
            7.127147,
            46.389483
          ],
          [
            7.127183,
            46.389484
          ],
          [
            7.127193,
            46.389484
          ],
          [
            7.12721,
            46.389478
          ],
          [
            7.127247,
            46.38947
          ],
          [
            7.127259,
            46.389461
          ],
          [
            7.12729,
            46.389431
          ],
          [
            7.127294,
            46.389421
          ],
          [
            7.127305,
            46.389391
          ],
          [
            7.1273,
            46.389338
          ],
          [
            7.127274,
            46.389287
          ],
          [
            7.127262,
            46.389247
          ],
          [
            7.127259,
            46.389237
          ],
          [
            7.127247,
            46.389166
          ],
          [
            7.127245,
            46.389148
          ],
          [
            7.127248,
            46.389116
          ],
          [
            7.127264,
            46.389063
          ],
          [
            7.127262,
            46.389012
          ],
          [
            7.127253,
            46.388995
          ],
          [
            7.127248,
            46.388981
          ],
          [
            7.127244,
            46.388966
          ],
          [
            7.12724,
            46.388962
          ],
          [
            7.127234,
            46.388933
          ],
          [
            7.127236,
            46.388919
          ],
          [
            7.127237,
            46.388897
          ],
          [
            7.127248,
            46.38885
          ],
          [
            7.127253,
            46.388829
          ],
          [
            7.127254,
            46.38882
          ],
          [
            7.12726,
            46.388809
          ],
          [
            7.127273,
            46.388793
          ],
          [
            7.12729,
            46.388768
          ],
          [
            7.127288,
            46.38876
          ],
          [
            7.127303,
            46.388747
          ],
          [
            7.127311,
            46.388732
          ],
          [
            7.127313,
            46.388714
          ],
          [
            7.127323,
            46.388702
          ],
          [
            7.127337,
            46.388688
          ],
          [
            7.127343,
            46.388675
          ],
          [
            7.127355,
            46.388658
          ],
          [
            7.127367,
            46.388646
          ],
          [
            7.127376,
            46.388632
          ],
          [
            7.127381,
            46.388627
          ],
          [
            7.127403,
            46.3886
          ],
          [
            7.127406,
            46.388598
          ],
          [
            7.127444,
            46.38857
          ],
          [
            7.127454,
            46.388555
          ],
          [
            7.127473,
            46.388541
          ],
          [
            7.127496,
            46.388531
          ],
          [
            7.12751,
            46.388525
          ],
          [
            7.127524,
            46.388518
          ],
          [
            7.127561,
            46.388509
          ],
          [
            7.127577,
            46.3885
          ],
          [
            7.127577,
            46.3885
          ],
          [
            7.127584,
            46.388492
          ],
          [
            7.127604,
            46.388479
          ],
          [
            7.127599,
            46.388481
          ],
          [
            7.127626,
            46.388463
          ],
          [
            7.127624,
            46.388461
          ],
          [
            7.127646,
            46.388448
          ],
          [
            7.127661,
            46.388444
          ],
          [
            7.127672,
            46.388437
          ],
          [
            7.127684,
            46.388427
          ],
          [
            7.127704,
            46.388412
          ],
          [
            7.127719,
            46.388403
          ],
          [
            7.127757,
            46.388395
          ],
          [
            7.127779,
            46.388388
          ],
          [
            7.127804,
            46.388379
          ],
          [
            7.12782,
            46.388374
          ],
          [
            7.127825,
            46.388372
          ],
          [
            7.127848,
            46.388363
          ],
          [
            7.127872,
            46.388359
          ],
          [
            7.127884,
            46.388355
          ],
          [
            7.127896,
            46.388349
          ],
          [
            7.127909,
            46.38834
          ],
          [
            7.127906,
            46.388337
          ],
          [
            7.127906,
            46.388335
          ],
          [
            7.127907,
            46.38833
          ],
          [
            7.127898,
            46.388306
          ],
          [
            7.127886,
            46.388289
          ],
          [
            7.127877,
            46.388268
          ],
          [
            7.127888,
            46.388234
          ],
          [
            7.127891,
            46.388227
          ],
          [
            7.127923,
            46.388178
          ],
          [
            7.127937,
            46.388155
          ],
          [
            7.127947,
            46.388132
          ],
          [
            7.127966,
            46.388087
          ],
          [
            7.127975,
            46.388069
          ],
          [
            7.127984,
            46.38805
          ],
          [
            7.127993,
            46.388033
          ],
          [
            7.128013,
            46.387976
          ],
          [
            7.128022,
            46.387958
          ],
          [
            7.128035,
            46.387933
          ],
          [
            7.128045,
            46.387912
          ],
          [
            7.128045,
            46.387905
          ],
          [
            7.128046,
            46.387896
          ],
          [
            7.128059,
            46.38787
          ],
          [
            7.128071,
            46.387833
          ],
          [
            7.128078,
            46.387809
          ],
          [
            7.128106,
            46.387759
          ],
          [
            7.128109,
            46.387755
          ],
          [
            7.128111,
            46.387728
          ],
          [
            7.128102,
            46.3877
          ],
          [
            7.128087,
            46.387678
          ],
          [
            7.128082,
            46.38767
          ],
          [
            7.128076,
            46.387663
          ],
          [
            7.128049,
            46.38764
          ],
          [
            7.128034,
            46.387633
          ],
          [
            7.128011,
            46.387615
          ],
          [
            7.12799,
            46.387607
          ],
          [
            7.127983,
            46.387603
          ],
          [
            7.127973,
            46.387599
          ],
          [
            7.127972,
            46.387601
          ],
          [
            7.127971,
            46.387603
          ],
          [
            7.127971,
            46.387603
          ],
          [
            7.127971,
            46.387603
          ],
          [
            7.127971,
            46.387603
          ],
          [
            7.127971,
            46.387603
          ],
          [
            7.127965,
            46.387602
          ],
          [
            7.127959,
            46.387614
          ],
          [
            7.12796,
            46.387622
          ],
          [
            7.12796,
            46.387621
          ],
          [
            7.127955,
            46.387641
          ],
          [
            7.127957,
            46.387626
          ],
          [
            7.127955,
            46.387624
          ],
          [
            7.127955,
            46.387607
          ],
          [
            7.127965,
            46.387595
          ],
          [
            7.127964,
            46.387593
          ],
          [
            7.127971,
            46.387603
          ],
          [
            7.127971,
            46.387603
          ],
          [
            7.127971,
            46.387603
          ],
          [
            7.127971,
            46.387603
          ],
          [
            7.127971,
            46.387603
          ],
          [
            7.127971,
            46.387603
          ],
          [
            7.127971,
            46.387603
          ],
          [
            7.127971,
            46.387603
          ],
          [
            7.127971,
            46.387603
          ],
          [
            7.127971,
            46.387603
          ],
          [
            7.127971,
            46.387603
          ],
          [
            7.127971,
            46.387603
          ],
          [
            7.127971,
            46.387603
          ],
          [
            7.127971,
            46.387603
          ],
          [
            7.127971,
            46.387603
          ],
          [
            7.127971,
            46.387603
          ],
          [
            7.127971,
            46.387603
          ],
          [
            7.127971,
            46.387603
          ],
          [
            7.127971,
            46.387603
          ],
          [
            7.127971,
            46.387603
          ],
          [
            7.127971,
            46.387603
          ],
          [
            7.127971,
            46.387603
          ],
          [
            7.128004,
            46.387598
          ],
          [
            7.128005,
            46.387594
          ],
          [
            7.128005,
            46.387594
          ],
          [
            7.128005,
            46.387594
          ],
          [
            7.128005,
            46.387594
          ],
          [
            7.128009,
            46.387592
          ],
          [
            7.128011,
            46.387594
          ],
          [
            7.128016,
            46.387597
          ],
          [
            7.128005,
            46.387594
          ],
          [
            7.128005,
            46.387594
          ],
          [
            7.128005,
            46.387594
          ],
          [
            7.128005,
            46.387594
          ],
          [
            7.128005,
            46.387594
          ],
          [
            7.128005,
            46.387594
          ],
          [
            7.128005,
            46.387594
          ],
          [
            7.128005,
            46.387594
          ],
          [
            7.128005,
            46.387594
          ],
          [
            7.128005,
            46.387594
          ],
          [
            7.128009,
            46.387576
          ],
          [
            7.128003,
            46.387577
          ],
          [
            7.127999,
            46.387586
          ],
          [
            7.127998,
            46.387587
          ],
          [
            7.127994,
            46.387596
          ],
          [
            7.127993,
            46.387603
          ],
          [
            7.127997,
            46.387602
          ],
          [
            7.128003,
            46.387599
          ],
          [
            7.128007,
            46.387599
          ],
          [
            7.128005,
            46.387594
          ],
          [
            7.128005,
            46.387594
          ],
          [
            7.128005,
            46.387594
          ],
          [
            7.128002,
            46.387591
          ],
          [
            7.128005,
            46.387594
          ],
          [
            7.128005,
            46.387594
          ],
          [
            7.128005,
            46.387594
          ],
          [
            7.128005,
            46.387594
          ],
          [
            7.128005,
            46.387594
          ],
          [
            7.128005,
            46.387594
          ],
          [
            7.128005,
            46.387594
          ],
          [
            7.128005,
            46.387594
          ],
          [
            7.128005,
            46.387594
          ],
          [
            7.128005,
            46.387594
          ],
          [
            7.128005,
            46.387594
          ],
          [
            7.128005,
            46.387594
          ],
          [
            7.128005,
            46.387594
          ],
          [
            7.128005,
            46.387594
          ],
          [
            7.128005,
            46.387594
          ],
          [
            7.128005,
            46.387594
          ],
          [
            7.128005,
            46.387594
          ],
          [
            7.128005,
            46.387594
          ],
          [
            7.128005,
            46.387594
          ],
          [
            7.128005,
            46.387594
          ],
          [
            7.128005,
            46.387594
          ],
          [
            7.128005,
            46.387594
          ],
          [
            7.128005,
            46.387594
          ],
          [
            7.128005,
            46.387594
          ],
          [
            7.128005,
            46.387594
          ],
          [
            7.128015,
            46.387586
          ],
          [
            7.12801,
            46.387582
          ],
          [
            7.128007,
            46.387583
          ],
          [
            7.127995,
            46.387598
          ],
          [
            7.127993,
            46.387602
          ],
          [
            7.127998,
            46.387598
          ],
          [
            7.128,
            46.387596
          ],
          [
            7.128004,
            46.387598
          ],
          [
            7.128,
            46.387595
          ],
          [
            7.128001,
            46.387597
          ],
          [
            7.128009,
            46.387589
          ],
          [
            7.128012,
            46.387587
          ],
          [
            7.128005,
            46.387594
          ],
          [
            7.128005,
            46.387594
          ],
          [
            7.128005,
            46.387594
          ],
          [
            7.127999,
            46.387592
          ],
          [
            7.128,
            46.387592
          ],
          [
            7.128003,
            46.387592
          ],
          [
            7.128005,
            46.387594
          ],
          [
            7.128005,
            46.387594
          ],
          [
            7.128005,
            46.387594
          ],
          [
            7.128005,
            46.387594
          ],
          [
            7.128011,
            46.387585
          ],
          [
            7.128011,
            46.387584
          ],
          [
            7.128105,
            46.387544
          ],
          [
            7.128133,
            46.387536
          ],
          [
            7.128134,
            46.387542
          ],
          [
            7.128137,
            46.387538
          ],
          [
            7.128137,
            46.387538
          ],
          [
            7.128136,
            46.387535
          ],
          [
            7.12816,
            46.387515
          ],
          [
            7.128199,
            46.38747
          ],
          [
            7.128211,
            46.387416
          ],
          [
            7.128255,
            46.387353
          ],
          [
            7.128263,
            46.387345
          ],
          [
            7.128306,
            46.387285
          ],
          [
            7.128342,
            46.387227
          ],
          [
            7.128348,
            46.387205
          ],
          [
            7.128351,
            46.387142
          ],
          [
            7.128352,
            46.387108
          ],
          [
            7.128354,
            46.387088
          ],
          [
            7.12836,
            46.387067
          ],
          [
            7.128372,
            46.387038
          ],
          [
            7.128382,
            46.387023
          ],
          [
            7.128385,
            46.387015
          ],
          [
            7.128414,
            46.386964
          ],
          [
            7.128421,
            46.386961
          ],
          [
            7.128428,
            46.386944
          ],
          [
            7.128439,
            46.386926
          ],
          [
            7.128452,
            46.386912
          ],
          [
            7.128457,
            46.3869
          ],
          [
            7.128507,
            46.386842
          ],
          [
            7.128542,
            46.38679
          ],
          [
            7.128553,
            46.386767
          ],
          [
            7.128564,
            46.386725
          ],
          [
            7.128581,
            46.386698
          ],
          [
            7.128586,
            46.386685
          ],
          [
            7.128595,
            46.386669
          ],
          [
            7.1286,
            46.386663
          ],
          [
            7.128613,
            46.38663
          ],
          [
            7.128632,
            46.386567
          ],
          [
            7.128634,
            46.386557
          ],
          [
            7.128657,
            46.386475
          ],
          [
            7.128659,
            46.386467
          ],
          [
            7.128664,
            46.386455
          ],
          [
            7.128667,
            46.386453
          ],
          [
            7.12868,
            46.386427
          ],
          [
            7.128708,
            46.386367
          ],
          [
            7.128725,
            46.386318
          ],
          [
            7.128739,
            46.386284
          ],
          [
            7.128744,
            46.386277
          ],
          [
            7.128749,
            46.38626
          ],
          [
            7.128751,
            46.386254
          ],
          [
            7.128753,
            46.386244
          ],
          [
            7.128757,
            46.38622
          ],
          [
            7.128774,
            46.386191
          ],
          [
            7.12878,
            46.386185
          ],
          [
            7.128781,
            46.38617
          ],
          [
            7.128793,
            46.386123
          ],
          [
            7.128793,
            46.386115
          ],
          [
            7.128793,
            46.386096
          ],
          [
            7.128802,
            46.386054
          ],
          [
            7.128803,
            46.386042
          ],
          [
            7.128817,
            46.386013
          ],
          [
            7.128819,
            46.386003
          ],
          [
            7.128821,
            46.385992
          ],
          [
            7.128839,
            46.385926
          ],
          [
            7.128854,
            46.38587
          ],
          [
            7.128857,
            46.385859
          ],
          [
            7.128885,
            46.385802
          ],
          [
            7.128894,
            46.385788
          ],
          [
            7.128893,
            46.385789
          ],
          [
            7.128893,
            46.38579
          ],
          [
            7.128893,
            46.38579
          ],
          [
            7.128893,
            46.38579
          ],
          [
            7.128893,
            46.38579
          ],
          [
            7.128903,
            46.385762
          ],
          [
            7.128914,
            46.38575
          ],
          [
            7.128933,
            46.385724
          ],
          [
            7.128967,
            46.385669
          ],
          [
            7.128997,
            46.38563
          ],
          [
            7.129008,
            46.385608
          ],
          [
            7.129039,
            46.38556
          ],
          [
            7.129055,
            46.385526
          ],
          [
            7.12907,
            46.385495
          ],
          [
            7.129085,
            46.385451
          ],
          [
            7.129089,
            46.385444
          ],
          [
            7.129106,
            46.385414
          ],
          [
            7.129115,
            46.385402
          ],
          [
            7.129121,
            46.385393
          ],
          [
            7.129132,
            46.385359
          ],
          [
            7.129136,
            46.385351
          ],
          [
            7.129139,
            46.385342
          ],
          [
            7.129175,
            46.385284
          ],
          [
            7.12921,
            46.385228
          ],
          [
            7.129235,
            46.385194
          ],
          [
            7.129253,
            46.38517
          ],
          [
            7.129264,
            46.385158
          ],
          [
            7.129268,
            46.385152
          ],
          [
            7.129283,
            46.385134
          ],
          [
            7.129292,
            46.385129
          ],
          [
            7.129296,
            46.385123
          ],
          [
            7.129309,
            46.385116
          ],
          [
            7.129318,
            46.385109
          ],
          [
            7.129345,
            46.385085
          ],
          [
            7.12936,
            46.385074
          ],
          [
            7.129376,
            46.385049
          ],
          [
            7.129375,
            46.385043
          ],
          [
            7.129375,
            46.385043
          ],
          [
            7.129375,
            46.385043
          ],
          [
            7.129375,
            46.385043
          ],
          [
            7.129375,
            46.385043
          ],
          [
            7.129381,
            46.385046
          ],
          [
            7.129406,
            46.385032
          ],
          [
            7.129409,
            46.385027
          ],
          [
            7.129412,
            46.385017
          ],
          [
            7.12944,
            46.384997
          ],
          [
            7.129459,
            46.384986
          ],
          [
            7.129472,
            46.384973
          ],
          [
            7.129507,
            46.384939
          ],
          [
            7.129572,
            46.384887
          ],
          [
            7.129649,
            46.384854
          ],
          [
            7.129681,
            46.384853
          ],
          [
            7.129734,
            46.384847
          ],
          [
            7.129745,
            46.384846
          ],
          [
            7.129821,
            46.384845
          ],
          [
            7.129821,
            46.384845
          ],
          [
            7.129821,
            46.384845
          ],
          [
            7.129821,
            46.384845
          ],
          [
            7.129821,
            46.384845
          ],
          [
            7.129821,
            46.384845
          ],
          [
            7.129821,
            46.384845
          ],
          [
            7.129821,
            46.384845
          ],
          [
            7.129828,
            46.384847
          ],
          [
            7.129851,
            46.384846
          ],
          [
            7.129904,
            46.384843
          ],
          [
            7.129914,
            46.384843
          ],
          [
            7.129948,
            46.384841
          ],
          [
            7.129973,
            46.384848
          ],
          [
            7.129998,
            46.384852
          ],
          [
            7.130019,
            46.384858
          ],
          [
            7.130039,
            46.384866
          ],
          [
            7.130049,
            46.384873
          ],
          [
            7.130061,
            46.384876
          ],
          [
            7.130066,
            46.384877
          ],
          [
            7.130076,
            46.38488
          ],
          [
            7.130094,
            46.384887
          ],
          [
            7.130102,
            46.384895
          ],
          [
            7.130127,
            46.384912
          ],
          [
            7.130136,
            46.384914
          ],
          [
            7.130169,
            46.384923
          ],
          [
            7.1302,
            46.384936
          ],
          [
            7.130221,
            46.384944
          ],
          [
            7.130237,
            46.384949
          ],
          [
            7.130248,
            46.38495
          ],
          [
            7.13028,
            46.384955
          ],
          [
            7.130298,
            46.384958
          ],
          [
            7.130328,
            46.38496
          ],
          [
            7.130341,
            46.384965
          ],
          [
            7.130378,
            46.384973
          ],
          [
            7.130395,
            46.384979
          ],
          [
            7.130399,
            46.384979
          ],
          [
            7.130424,
            46.384985
          ],
          [
            7.130444,
            46.384987
          ],
          [
            7.130472,
            46.384995
          ],
          [
            7.130505,
            46.384998
          ],
          [
            7.130505,
            46.384996
          ],
          [
            7.130513,
            46.384988
          ],
          [
            7.130519,
            46.384963
          ],
          [
            7.130521,
            46.384955
          ],
          [
            7.130523,
            46.384939
          ],
          [
            7.130526,
            46.384934
          ],
          [
            7.130523,
            46.384932
          ],
          [
            7.130522,
            46.38493
          ],
          [
            7.130525,
            46.38491
          ],
          [
            7.130526,
            46.384908
          ],
          [
            7.130524,
            46.384879
          ],
          [
            7.130527,
            46.384868
          ],
          [
            7.130527,
            46.384858
          ],
          [
            7.130534,
            46.384837
          ],
          [
            7.130535,
            46.384831
          ],
          [
            7.130538,
            46.384819
          ],
          [
            7.130539,
            46.384799
          ],
          [
            7.13054,
            46.38478
          ],
          [
            7.130539,
            46.384769
          ],
          [
            7.130542,
            46.384758
          ],
          [
            7.130543,
            46.384753
          ],
          [
            7.130546,
            46.384753
          ],
          [
            7.130557,
            46.384776
          ],
          [
            7.130568,
            46.384779
          ],
          [
            7.130567,
            46.384781
          ],
          [
            7.130567,
            46.384781
          ],
          [
            7.130575,
            46.384771
          ],
          [
            7.130567,
            46.384781
          ],
          [
            7.130583,
            46.384766
          ],
          [
            7.130593,
            46.384768
          ],
          [
            7.130592,
            46.384767
          ],
          [
            7.130602,
            46.384773
          ],
          [
            7.130627,
            46.384786
          ],
          [
            7.13065,
            46.3848
          ],
          [
            7.130658,
            46.384805
          ],
          [
            7.13066,
            46.384806
          ],
          [
            7.13066,
            46.384806
          ],
          [
            7.130687,
            46.384825
          ],
          [
            7.130698,
            46.38483
          ],
          [
            7.130727,
            46.384843
          ],
          [
            7.130735,
            46.384846
          ],
          [
            7.130751,
            46.384845
          ],
          [
            7.130771,
            46.384857
          ],
          [
            7.130777,
            46.384864
          ],
          [
            7.130786,
            46.38487
          ],
          [
            7.130786,
            46.384875
          ],
          [
            7.130786,
            46.384869
          ],
          [
            7.130786,
            46.384869
          ],
          [
            7.130785,
            46.384868
          ],
          [
            7.130787,
            46.384842
          ],
          [
            7.13079,
            46.384841
          ],
          [
            7.130788,
            46.384813
          ],
          [
            7.130787,
            46.384804
          ],
          [
            7.130786,
            46.384783
          ],
          [
            7.130781,
            46.384766
          ],
          [
            7.13078,
            46.384768
          ],
          [
            7.130782,
            46.384769
          ],
          [
            7.130782,
            46.384764
          ],
          [
            7.130777,
            46.384734
          ],
          [
            7.130778,
            46.384729
          ],
          [
            7.130786,
            46.38472
          ],
          [
            7.13079,
            46.38472
          ],
          [
            7.130794,
            46.38472
          ],
          [
            7.130778,
            46.384729
          ],
          [
            7.130792,
            46.384724
          ],
          [
            7.130792,
            46.384726
          ],
          [
            7.130804,
            46.384732
          ],
          [
            7.130808,
            46.384734
          ],
          [
            7.130827,
            46.384747
          ],
          [
            7.130834,
            46.384751
          ],
          [
            7.130837,
            46.384754
          ],
          [
            7.130886,
            46.384787
          ],
          [
            7.130892,
            46.384795
          ],
          [
            7.130893,
            46.384796
          ],
          [
            7.130901,
            46.384801
          ],
          [
            7.130907,
            46.384803
          ],
          [
            7.130913,
            46.384809
          ],
          [
            7.130936,
            46.384814
          ],
          [
            7.130951,
            46.384825
          ],
          [
            7.130971,
            46.384838
          ],
          [
            7.130971,
            46.384838
          ],
          [
            7.130971,
            46.384838
          ],
          [
            7.130971,
            46.384838
          ],
          [
            7.130991,
            46.384844
          ],
          [
            7.131006,
            46.38485
          ],
          [
            7.131021,
            46.384855
          ],
          [
            7.131028,
            46.384858
          ],
          [
            7.131053,
            46.384867
          ],
          [
            7.131052,
            46.384867
          ],
          [
            7.131052,
            46.384867
          ],
          [
            7.131052,
            46.384867
          ],
          [
            7.131052,
            46.384867
          ],
          [
            7.131052,
            46.384867
          ],
          [
            7.131052,
            46.384867
          ],
          [
            7.131084,
            46.384883
          ],
          [
            7.131086,
            46.384887
          ],
          [
            7.131102,
            46.384895
          ],
          [
            7.131107,
            46.384895
          ],
          [
            7.131106,
            46.384895
          ],
          [
            7.131118,
            46.384898
          ],
          [
            7.131118,
            46.384898
          ],
          [
            7.131118,
            46.384898
          ],
          [
            7.131118,
            46.384898
          ],
          [
            7.131118,
            46.384898
          ],
          [
            7.131118,
            46.384898
          ],
          [
            7.131118,
            46.384898
          ],
          [
            7.131118,
            46.384898
          ],
          [
            7.131118,
            46.384898
          ],
          [
            7.131118,
            46.384898
          ],
          [
            7.131122,
            46.384897
          ],
          [
            7.131133,
            46.3849
          ],
          [
            7.131145,
            46.384905
          ],
          [
            7.131156,
            46.384906
          ],
          [
            7.131156,
            46.384905
          ],
          [
            7.131156,
            46.384905
          ],
          [
            7.13115,
            46.384889
          ],
          [
            7.131145,
            46.384882
          ],
          [
            7.131143,
            46.384865
          ],
          [
            7.131148,
            46.384844
          ],
          [
            7.131147,
            46.384844
          ],
          [
            7.131136,
            46.384821
          ],
          [
            7.131133,
            46.384802
          ],
          [
            7.131135,
            46.384796
          ],
          [
            7.131135,
            46.384794
          ],
          [
            7.131134,
            46.38479
          ],
          [
            7.131132,
            46.384778
          ],
          [
            7.131135,
            46.384771
          ],
          [
            7.131136,
            46.384768
          ],
          [
            7.131137,
            46.384769
          ],
          [
            7.131131,
            46.384766
          ],
          [
            7.131131,
            46.384766
          ],
          [
            7.131132,
            46.384767
          ],
          [
            7.131133,
            46.384758
          ],
          [
            7.131135,
            46.384755
          ],
          [
            7.131136,
            46.384725
          ],
          [
            7.131136,
            46.384725
          ],
          [
            7.131136,
            46.384725
          ],
          [
            7.131136,
            46.384725
          ],
          [
            7.131134,
            46.384694
          ],
          [
            7.131133,
            46.38469
          ],
          [
            7.131127,
            46.384679
          ],
          [
            7.131132,
            46.384684
          ],
          [
            7.131127,
            46.384677
          ],
          [
            7.131127,
            46.384677
          ],
          [
            7.131123,
            46.384681
          ],
          [
            7.131139,
            46.384683
          ],
          [
            7.131165,
            46.384708
          ],
          [
            7.131184,
            46.384719
          ],
          [
            7.131182,
            46.384719
          ],
          [
            7.131204,
            46.384722
          ],
          [
            7.13123,
            46.384729
          ],
          [
            7.13124,
            46.384732
          ],
          [
            7.131262,
            46.384757
          ],
          [
            7.131255,
            46.384749
          ],
          [
            7.131255,
            46.384749
          ],
          [
            7.131295,
            46.384765
          ],
          [
            7.131296,
            46.384769
          ],
          [
            7.131308,
            46.384773
          ],
          [
            7.131316,
            46.384777
          ],
          [
            7.131334,
            46.384782
          ],
          [
            7.131347,
            46.384786
          ],
          [
            7.131367,
            46.384807
          ],
          [
            7.131378,
            46.384816
          ],
          [
            7.13139,
            46.384822
          ],
          [
            7.131396,
            46.384826
          ],
          [
            7.131399,
            46.384824
          ],
          [
            7.131409,
            46.384829
          ],
          [
            7.131409,
            46.384829
          ],
          [
            7.131435,
            46.38484
          ],
          [
            7.131437,
            46.384841
          ],
          [
            7.131437,
            46.384841
          ],
          [
            7.131437,
            46.384841
          ],
          [
            7.131437,
            46.384841
          ],
          [
            7.131437,
            46.384841
          ],
          [
            7.131437,
            46.384841
          ],
          [
            7.131437,
            46.384841
          ],
          [
            7.131437,
            46.384841
          ],
          [
            7.131437,
            46.384841
          ],
          [
            7.131437,
            46.384841
          ],
          [
            7.131437,
            46.384841
          ],
          [
            7.131437,
            46.384841
          ],
          [
            7.131437,
            46.384841
          ],
          [
            7.131437,
            46.384841
          ],
          [
            7.131437,
            46.384841
          ],
          [
            7.131437,
            46.384841
          ],
          [
            7.131437,
            46.384841
          ],
          [
            7.131452,
            46.384845
          ],
          [
            7.131458,
            46.384845
          ],
          [
            7.131474,
            46.384848
          ],
          [
            7.131475,
            46.384848
          ],
          [
            7.131476,
            46.384848
          ],
          [
            7.131463,
            46.384815
          ],
          [
            7.131458,
            46.384804
          ],
          [
            7.131456,
            46.384784
          ],
          [
            7.131454,
            46.384786
          ],
          [
            7.131451,
            46.384788
          ],
          [
            7.131447,
            46.384779
          ],
          [
            7.13144,
            46.384769
          ],
          [
            7.13144,
            46.384761
          ],
          [
            7.131439,
            46.384757
          ],
          [
            7.131431,
            46.384724
          ],
          [
            7.131426,
            46.384717
          ],
          [
            7.131426,
            46.384717
          ],
          [
            7.131426,
            46.384717
          ],
          [
            7.131426,
            46.384717
          ],
          [
            7.131426,
            46.384717
          ],
          [
            7.131426,
            46.384717
          ],
          [
            7.131426,
            46.384717
          ],
          [
            7.131434,
            46.384715
          ],
          [
            7.13143,
            46.384699
          ],
          [
            7.131428,
            46.384696
          ],
          [
            7.131426,
            46.384683
          ],
          [
            7.131424,
            46.384671
          ],
          [
            7.131422,
            46.384664
          ],
          [
            7.131422,
            46.384655
          ],
          [
            7.13142,
            46.384634
          ],
          [
            7.131415,
            46.384632
          ],
          [
            7.131416,
            46.384632
          ],
          [
            7.131416,
            46.384624
          ],
          [
            7.131444,
            46.384638
          ],
          [
            7.13145,
            46.384639
          ],
          [
            7.131455,
            46.384645
          ],
          [
            7.131462,
            46.384646
          ],
          [
            7.13147,
            46.384652
          ],
          [
            7.131481,
            46.384657
          ],
          [
            7.13149,
            46.384664
          ],
          [
            7.131502,
            46.384671
          ],
          [
            7.131506,
            46.384671
          ],
          [
            7.131518,
            46.384679
          ],
          [
            7.131542,
            46.384699
          ],
          [
            7.131548,
            46.384702
          ],
          [
            7.131571,
            46.38471
          ],
          [
            7.131594,
            46.384718
          ],
          [
            7.13163,
            46.384727
          ],
          [
            7.131661,
            46.384742
          ],
          [
            7.131667,
            46.384744
          ],
          [
            7.131667,
            46.384744
          ],
          [
            7.131667,
            46.384744
          ],
          [
            7.131668,
            46.38474
          ],
          [
            7.131671,
            46.384741
          ],
          [
            7.131679,
            46.38474
          ],
          [
            7.131687,
            46.384732
          ],
          [
            7.13169,
            46.384727
          ],
          [
            7.131699,
            46.384717
          ],
          [
            7.131699,
            46.384717
          ],
          [
            7.131699,
            46.384717
          ],
          [
            7.131699,
            46.384717
          ],
          [
            7.131699,
            46.384717
          ],
          [
            7.131699,
            46.384717
          ],
          [
            7.131693,
            46.384715
          ],
          [
            7.131689,
            46.384706
          ],
          [
            7.131689,
            46.384698
          ],
          [
            7.131688,
            46.384692
          ],
          [
            7.131689,
            46.384686
          ],
          [
            7.131689,
            46.384665
          ],
          [
            7.13169,
            46.384652
          ],
          [
            7.131695,
            46.384629
          ],
          [
            7.131694,
            46.384629
          ],
          [
            7.131695,
            46.384622
          ],
          [
            7.131699,
            46.384604
          ],
          [
            7.131704,
            46.384598
          ],
          [
            7.13172,
            46.384583
          ],
          [
            7.13172,
            46.384583
          ],
          [
            7.13172,
            46.384583
          ],
          [
            7.13172,
            46.384583
          ],
          [
            7.13172,
            46.384583
          ],
          [
            7.13172,
            46.384583
          ],
          [
            7.13172,
            46.384583
          ],
          [
            7.13172,
            46.384583
          ],
          [
            7.131709,
            46.384593
          ],
          [
            7.131714,
            46.384594
          ],
          [
            7.13175,
            46.384578
          ],
          [
            7.131776,
            46.38457
          ],
          [
            7.131786,
            46.384557
          ],
          [
            7.131793,
            46.384549
          ],
          [
            7.131791,
            46.384554
          ],
          [
            7.131791,
            46.384554
          ],
          [
            7.131791,
            46.384554
          ],
          [
            7.131791,
            46.384554
          ],
          [
            7.131791,
            46.384554
          ],
          [
            7.131791,
            46.384554
          ],
          [
            7.131788,
            46.384554
          ],
          [
            7.131791,
            46.384554
          ],
          [
            7.131791,
            46.384554
          ],
          [
            7.131791,
            46.384554
          ],
          [
            7.131791,
            46.384554
          ],
          [
            7.131793,
            46.384534
          ],
          [
            7.131796,
            46.384527
          ],
          [
            7.13182,
            46.384504
          ],
          [
            7.131826,
            46.3845
          ],
          [
            7.131836,
            46.384496
          ],
          [
            7.131856,
            46.384484
          ],
          [
            7.131875,
            46.384474
          ],
          [
            7.13189,
            46.384465
          ],
          [
            7.131909,
            46.384455
          ],
          [
            7.131927,
            46.384448
          ],
          [
            7.13193,
            46.384444
          ],
          [
            7.131937,
            46.384438
          ],
          [
            7.131942,
            46.384437
          ],
          [
            7.131952,
            46.38443
          ],
          [
            7.131994,
            46.384411
          ],
          [
            7.131995,
            46.384406
          ],
          [
            7.132019,
            46.384387
          ],
          [
            7.132034,
            46.384377
          ],
          [
            7.132034,
            46.384373
          ],
          [
            7.132027,
            46.384364
          ],
          [
            7.132039,
            46.38436
          ],
          [
            7.132037,
            46.384356
          ],
          [
            7.132063,
            46.384329
          ],
          [
            7.13207,
            46.384317
          ],
          [
            7.132087,
            46.384291
          ],
          [
            7.132102,
            46.384281
          ],
          [
            7.13213,
            46.384255
          ],
          [
            7.132135,
            46.384248
          ],
          [
            7.13215,
            46.384228
          ],
          [
            7.132154,
            46.384223
          ],
          [
            7.132176,
            46.384196
          ],
          [
            7.132181,
            46.384194
          ],
          [
            7.132207,
            46.384183
          ],
          [
            7.132218,
            46.384181
          ],
          [
            7.132227,
            46.384179
          ],
          [
            7.132226,
            46.384174
          ],
          [
            7.132226,
            46.384171
          ],
          [
            7.132229,
            46.384169
          ],
          [
            7.132241,
            46.384162
          ],
          [
            7.132251,
            46.384158
          ],
          [
            7.132268,
            46.384156
          ],
          [
            7.132299,
            46.384159
          ],
          [
            7.132324,
            46.384175
          ],
          [
            7.132327,
            46.38418
          ],
          [
            7.132327,
            46.38418
          ],
          [
            7.132327,
            46.38418
          ],
          [
            7.132327,
            46.38418
          ],
          [
            7.132327,
            46.38418
          ],
          [
            7.132327,
            46.38418
          ],
          [
            7.132327,
            46.38418
          ],
          [
            7.132347,
            46.384182
          ],
          [
            7.132351,
            46.384182
          ],
          [
            7.132348,
            46.384182
          ],
          [
            7.132412,
            46.384199
          ],
          [
            7.132423,
            46.384203
          ],
          [
            7.132449,
            46.384221
          ],
          [
            7.132455,
            46.384224
          ],
          [
            7.132459,
            46.384228
          ],
          [
            7.132465,
            46.38423
          ],
          [
            7.132477,
            46.384236
          ],
          [
            7.132509,
            46.384252
          ],
          [
            7.132529,
            46.384266
          ],
          [
            7.132555,
            46.384289
          ],
          [
            7.132558,
            46.384292
          ],
          [
            7.132599,
            46.384322
          ],
          [
            7.132609,
            46.384332
          ],
          [
            7.132618,
            46.384336
          ],
          [
            7.132621,
            46.38434
          ],
          [
            7.132633,
            46.384352
          ],
          [
            7.132649,
            46.384365
          ],
          [
            7.132672,
            46.384381
          ],
          [
            7.132683,
            46.384395
          ],
          [
            7.132688,
            46.384405
          ],
          [
            7.1327,
            46.384428
          ],
          [
            7.132706,
            46.384443
          ],
          [
            7.132704,
            46.384449
          ],
          [
            7.132707,
            46.384459
          ],
          [
            7.132714,
            46.38447
          ],
          [
            7.132724,
            46.384489
          ],
          [
            7.132733,
            46.384503
          ],
          [
            7.132734,
            46.384504
          ],
          [
            7.13275,
            46.384524
          ],
          [
            7.132776,
            46.384539
          ],
          [
            7.1328,
            46.384559
          ],
          [
            7.132825,
            46.384574
          ],
          [
            7.132846,
            46.384585
          ],
          [
            7.132875,
            46.384606
          ],
          [
            7.13289,
            46.384614
          ],
          [
            7.132908,
            46.384619
          ],
          [
            7.132925,
            46.384629
          ],
          [
            7.132928,
            46.384637
          ],
          [
            7.132928,
            46.384637
          ],
          [
            7.132948,
            46.384633
          ],
          [
            7.132975,
            46.384604
          ],
          [
            7.132983,
            46.384599
          ],
          [
            7.132991,
            46.384579
          ],
          [
            7.132994,
            46.384559
          ],
          [
            7.133005,
            46.384529
          ],
          [
            7.133009,
            46.384512
          ],
          [
            7.133008,
            46.384507
          ],
          [
            7.133016,
            46.384481
          ],
          [
            7.133019,
            46.384475
          ],
          [
            7.133023,
            46.384472
          ],
          [
            7.133026,
            46.384458
          ],
          [
            7.133028,
            46.384457
          ],
          [
            7.133028,
            46.384457
          ],
          [
            7.133036,
            46.384453
          ],
          [
            7.13304,
            46.38444
          ],
          [
            7.133043,
            46.384436
          ],
          [
            7.133045,
            46.384434
          ],
          [
            7.133056,
            46.384411
          ],
          [
            7.133059,
            46.384397
          ],
          [
            7.133063,
            46.38439
          ],
          [
            7.133064,
            46.384383
          ],
          [
            7.133066,
            46.384376
          ],
          [
            7.133071,
            46.384374
          ],
          [
            7.133075,
            46.384358
          ],
          [
            7.133077,
            46.384353
          ],
          [
            7.133079,
            46.384343
          ],
          [
            7.133088,
            46.384351
          ],
          [
            7.133085,
            46.38435
          ],
          [
            7.133082,
            46.38436
          ],
          [
            7.133087,
            46.384369
          ],
          [
            7.133095,
            46.384374
          ],
          [
            7.133075,
            46.38437
          ],
          [
            7.133077,
            46.384369
          ],
          [
            7.133077,
            46.384369
          ],
          [
            7.133077,
            46.384369
          ],
          [
            7.133098,
            46.384381
          ],
          [
            7.133129,
            46.3844
          ],
          [
            7.133186,
            46.384439
          ],
          [
            7.133204,
            46.384459
          ],
          [
            7.133207,
            46.384464
          ],
          [
            7.133227,
            46.384487
          ],
          [
            7.133237,
            46.3845
          ],
          [
            7.133264,
            46.384525
          ],
          [
            7.133273,
            46.384538
          ],
          [
            7.133283,
            46.384553
          ],
          [
            7.133294,
            46.384565
          ],
          [
            7.133295,
            46.384567
          ],
          [
            7.133297,
            46.384568
          ],
          [
            7.133302,
            46.384579
          ],
          [
            7.133306,
            46.38458
          ],
          [
            7.133303,
            46.384586
          ],
          [
            7.13329,
            46.38459
          ],
          [
            7.133289,
            46.384592
          ],
          [
            7.133287,
            46.384591
          ],
          [
            7.133287,
            46.384591
          ],
          [
            7.133287,
            46.384591
          ],
          [
            7.133287,
            46.384591
          ],
          [
            7.133297,
            46.384591
          ],
          [
            7.133299,
            46.384591
          ],
          [
            7.1333,
            46.384601
          ],
          [
            7.133302,
            46.384632
          ],
          [
            7.133294,
            46.384651
          ],
          [
            7.1333,
            46.384655
          ],
          [
            7.133292,
            46.384653
          ],
          [
            7.133309,
            46.384664
          ],
          [
            7.133306,
            46.384689
          ],
          [
            7.133307,
            46.384706
          ],
          [
            7.133305,
            46.384734
          ],
          [
            7.133306,
            46.384749
          ],
          [
            7.133302,
            46.384762
          ],
          [
            7.133304,
            46.384768
          ],
          [
            7.133305,
            46.384783
          ],
          [
            7.133311,
            46.384812
          ],
          [
            7.133316,
            46.384822
          ],
          [
            7.13332,
            46.384836
          ],
          [
            7.133325,
            46.384861
          ],
          [
            7.133329,
            46.384878
          ],
          [
            7.133334,
            46.384882
          ],
          [
            7.133341,
            46.384903
          ],
          [
            7.133343,
            46.384912
          ],
          [
            7.133343,
            46.384912
          ],
          [
            7.133352,
            46.384928
          ],
          [
            7.133352,
            46.384928
          ],
          [
            7.133352,
            46.384928
          ],
          [
            7.133352,
            46.384928
          ],
          [
            7.133352,
            46.384928
          ],
          [
            7.133365,
            46.384933
          ],
          [
            7.133374,
            46.384945
          ],
          [
            7.133378,
            46.384951
          ],
          [
            7.133386,
            46.384972
          ],
          [
            7.133391,
            46.38499
          ],
          [
            7.1334,
            46.385012
          ],
          [
            7.133424,
            46.385059
          ],
          [
            7.133441,
            46.385081
          ],
          [
            7.133454,
            46.385091
          ],
          [
            7.133491,
            46.385131
          ],
          [
            7.133498,
            46.385141
          ],
          [
            7.133512,
            46.385156
          ],
          [
            7.133522,
            46.385161
          ],
          [
            7.133527,
            46.385164
          ],
          [
            7.133573,
            46.38521
          ],
          [
            7.133585,
            46.38522
          ],
          [
            7.133598,
            46.385227
          ],
          [
            7.133606,
            46.385233
          ],
          [
            7.133636,
            46.385255
          ],
          [
            7.133662,
            46.385273
          ],
          [
            7.133682,
            46.385286
          ],
          [
            7.133701,
            46.385303
          ],
          [
            7.133711,
            46.38531
          ],
          [
            7.133722,
            46.38533
          ],
          [
            7.133755,
            46.385357
          ],
          [
            7.13377,
            46.385367
          ],
          [
            7.133781,
            46.385378
          ],
          [
            7.133789,
            46.385381
          ],
          [
            7.133834,
            46.385412
          ],
          [
            7.133842,
            46.38542
          ],
          [
            7.133855,
            46.385434
          ],
          [
            7.133855,
            46.385434
          ],
          [
            7.133855,
            46.385434
          ],
          [
            7.133906,
            46.385453
          ],
          [
            7.133916,
            46.385462
          ],
          [
            7.133932,
            46.385477
          ],
          [
            7.133959,
            46.385501
          ],
          [
            7.133967,
            46.385506
          ],
          [
            7.133967,
            46.385506
          ],
          [
            7.133967,
            46.385506
          ],
          [
            7.133967,
            46.385506
          ],
          [
            7.133977,
            46.385504
          ],
          [
            7.133979,
            46.385506
          ],
          [
            7.13398,
            46.385505
          ],
          [
            7.133982,
            46.385506
          ],
          [
            7.133986,
            46.3855
          ],
          [
            7.13398,
            46.385491
          ],
          [
            7.133953,
            46.385479
          ],
          [
            7.133947,
            46.38547
          ],
          [
            7.133931,
            46.38546
          ],
          [
            7.133929,
            46.385457
          ],
          [
            7.133924,
            46.385456
          ],
          [
            7.133927,
            46.385454
          ],
          [
            7.133927,
            46.385457
          ],
          [
            7.133927,
            46.385457
          ],
          [
            7.133926,
            46.385462
          ],
          [
            7.133921,
            46.385462
          ],
          [
            7.133917,
            46.385462
          ],
          [
            7.133917,
            46.385462
          ],
          [
            7.133917,
            46.385462
          ],
          [
            7.133917,
            46.385462
          ],
          [
            7.133917,
            46.385462
          ],
          [
            7.133917,
            46.385462
          ],
          [
            7.133917,
            46.385462
          ],
          [
            7.133917,
            46.385462
          ],
          [
            7.133917,
            46.385462
          ],
          [
            7.133917,
            46.385462
          ],
          [
            7.133917,
            46.385462
          ],
          [
            7.133917,
            46.385462
          ],
          [
            7.133917,
            46.385462
          ],
          [
            7.133917,
            46.385462
          ],
          [
            7.133917,
            46.385462
          ],
          [
            7.133917,
            46.385462
          ],
          [
            7.133917,
            46.385462
          ],
          [
            7.133917,
            46.385462
          ],
          [
            7.133917,
            46.385462
          ],
          [
            7.133917,
            46.385462
          ],
          [
            7.133917,
            46.385462
          ],
          [
            7.133917,
            46.385462
          ],
          [
            7.133928,
            46.385463
          ],
          [
            7.133934,
            46.385462
          ],
          [
            7.133939,
            46.385464
          ],
          [
            7.133954,
            46.385462
          ],
          [
            7.133946,
            46.38546
          ],
          [
            7.133942,
            46.385461
          ],
          [
            7.133927,
            46.385459
          ],
          [
            7.133918,
            46.385455
          ],
          [
            7.133928,
            46.385457
          ],
          [
            7.133923,
            46.385461
          ],
          [
            7.133916,
            46.38546
          ],
          [
            7.133913,
            46.385458
          ],
          [
            7.133917,
            46.385462
          ],
          [
            7.133917,
            46.385462
          ],
          [
            7.133917,
            46.385462
          ],
          [
            7.133915,
            46.385456
          ],
          [
            7.133913,
            46.385451
          ],
          [
            7.133931,
            46.385456
          ],
          [
            7.133899,
            46.385461
          ],
          [
            7.133893,
            46.385464
          ],
          [
            7.133891,
            46.385459
          ],
          [
            7.13389,
            46.385458
          ],
          [
            7.133923,
            46.385461
          ],
          [
            7.133928,
            46.385458
          ],
          [
            7.133927,
            46.385457
          ],
          [
            7.133923,
            46.385458
          ],
          [
            7.13392,
            46.385456
          ],
          [
            7.133926,
            46.385448
          ],
          [
            7.133929,
            46.385445
          ],
          [
            7.133929,
            46.385445
          ],
          [
            7.133919,
            46.385441
          ],
          [
            7.133918,
            46.385447
          ],
          [
            7.133902,
            46.38545
          ],
          [
            7.133896,
            46.385449
          ],
          [
            7.133901,
            46.385443
          ],
          [
            7.133904,
            46.385446
          ],
          [
            7.13391,
            46.385451
          ],
          [
            7.133917,
            46.385446
          ],
          [
            7.133931,
            46.385449
          ],
          [
            7.133936,
            46.385451
          ],
          [
            7.13393,
            46.385454
          ],
          [
            7.13392,
            46.38546
          ],
          [
            7.133923,
            46.385461
          ],
          [
            7.133913,
            46.385456
          ],
          [
            7.133925,
            46.385458
          ],
          [
            7.133912,
            46.385454
          ],
          [
            7.133909,
            46.385452
          ],
          [
            7.1339,
            46.385451
          ],
          [
            7.133905,
            46.385454
          ],
          [
            7.133902,
            46.385453
          ],
          [
            7.133907,
            46.385459
          ],
          [
            7.133907,
            46.385455
          ],
          [
            7.133913,
            46.385447
          ],
          [
            7.133913,
            46.385456
          ],
          [
            7.133913,
            46.385456
          ],
          [
            7.133913,
            46.385456
          ],
          [
            7.133913,
            46.385456
          ],
          [
            7.133913,
            46.385456
          ],
          [
            7.133913,
            46.385456
          ],
          [
            7.133913,
            46.385456
          ],
          [
            7.133913,
            46.385456
          ],
          [
            7.133913,
            46.385456
          ],
          [
            7.133913,
            46.385456
          ],
          [
            7.133913,
            46.385456
          ],
          [
            7.133913,
            46.385456
          ],
          [
            7.133913,
            46.385456
          ],
          [
            7.133913,
            46.385456
          ],
          [
            7.133913,
            46.385456
          ],
          [
            7.133913,
            46.385456
          ],
          [
            7.133913,
            46.385456
          ],
          [
            7.133913,
            46.385456
          ],
          [
            7.133913,
            46.385456
          ],
          [
            7.133918,
            46.38545
          ],
          [
            7.133919,
            46.385455
          ],
          [
            7.133922,
            46.385474
          ],
          [
            7.133923,
            46.385477
          ],
          [
            7.133923,
            46.385469
          ],
          [
            7.133923,
            46.385477
          ],
          [
            7.133923,
            46.385477
          ],
          [
            7.13393,
            46.385476
          ],
          [
            7.133935,
            46.385481
          ],
          [
            7.13396,
            46.385494
          ],
          [
            7.133955,
            46.385489
          ],
          [
            7.133957,
            46.385486
          ],
          [
            7.13395,
            46.385481
          ],
          [
            7.133945,
            46.385478
          ],
          [
            7.133945,
            46.385477
          ],
          [
            7.133945,
            46.385477
          ],
          [
            7.133952,
            46.385479
          ],
          [
            7.13396,
            46.385481
          ],
          [
            7.133964,
            46.385477
          ],
          [
            7.133978,
            46.385472
          ],
          [
            7.133974,
            46.38547
          ],
          [
            7.133959,
            46.385471
          ],
          [
            7.133955,
            46.385473
          ],
          [
            7.133956,
            46.38547
          ],
          [
            7.133956,
            46.385473
          ],
          [
            7.133958,
            46.385466
          ],
          [
            7.133953,
            46.385466
          ],
          [
            7.133953,
            46.385466
          ],
          [
            7.133952,
            46.385468
          ],
          [
            7.13395,
            46.385469
          ],
          [
            7.133948,
            46.385463
          ],
          [
            7.133953,
            46.385465
          ],
          [
            7.133956,
            46.385464
          ],
          [
            7.133958,
            46.385471
          ],
          [
            7.133957,
            46.385473
          ],
          [
            7.133952,
            46.38547
          ],
          [
            7.133961,
            46.385466
          ],
          [
            7.133967,
            46.385459
          ],
          [
            7.133959,
            46.38548
          ],
          [
            7.13396,
            46.385479
          ],
          [
            7.133945,
            46.385477
          ],
          [
            7.133945,
            46.385477
          ],
          [
            7.133945,
            46.385477
          ],
          [
            7.133957,
            46.385474
          ],
          [
            7.133961,
            46.38546
          ],
          [
            7.133964,
            46.385456
          ],
          [
            7.13396,
            46.385455
          ],
          [
            7.13396,
            46.385454
          ],
          [
            7.133964,
            46.385458
          ],
          [
            7.133966,
            46.385458
          ],
          [
            7.133963,
            46.385463
          ],
          [
            7.133963,
            46.385466
          ],
          [
            7.133966,
            46.38547
          ],
          [
            7.13396,
            46.385471
          ],
          [
            7.13395,
            46.385473
          ],
          [
            7.133951,
            46.385472
          ],
          [
            7.133963,
            46.385472
          ],
          [
            7.133967,
            46.385472
          ],
          [
            7.133967,
            46.385472
          ],
          [
            7.133967,
            46.385472
          ],
          [
            7.133965,
            46.385473
          ],
          [
            7.133967,
            46.385472
          ],
          [
            7.133967,
            46.385472
          ],
          [
            7.133957,
            46.385475
          ],
          [
            7.133967,
            46.385472
          ],
          [
            7.133967,
            46.385472
          ],
          [
            7.133967,
            46.385472
          ],
          [
            7.13395,
            46.385475
          ],
          [
            7.133952,
            46.385476
          ],
          [
            7.133941,
            46.385474
          ],
          [
            7.133915,
            46.385461
          ],
          [
            7.133911,
            46.385457
          ],
          [
            7.133911,
            46.385455
          ],
          [
            7.13391,
            46.385455
          ],
          [
            7.13391,
            46.385455
          ],
          [
            7.13391,
            46.385455
          ],
          [
            7.13391,
            46.385455
          ],
          [
            7.13391,
            46.385455
          ],
          [
            7.13391,
            46.385455
          ],
          [
            7.13391,
            46.385455
          ],
          [
            7.133915,
            46.385467
          ],
          [
            7.133918,
            46.385467
          ],
          [
            7.133925,
            46.385467
          ],
          [
            7.133932,
            46.385464
          ],
          [
            7.133932,
            46.385466
          ],
          [
            7.133932,
            46.385466
          ],
          [
            7.133932,
            46.385466
          ],
          [
            7.133932,
            46.385466
          ],
          [
            7.133931,
            46.38547
          ],
          [
            7.133934,
            46.38547
          ],
          [
            7.133941,
            46.385478
          ],
          [
            7.133944,
            46.385486
          ],
          [
            7.133948,
            46.385481
          ],
          [
            7.133949,
            46.385479
          ],
          [
            7.133953,
            46.385478
          ],
          [
            7.133948,
            46.38548
          ],
          [
            7.133948,
            46.38548
          ],
          [
            7.133948,
            46.38548
          ],
          [
            7.133948,
            46.38548
          ],
          [
            7.133948,
            46.38548
          ],
          [
            7.133948,
            46.38548
          ],
          [
            7.133948,
            46.38548
          ],
          [
            7.133948,
            46.38548
          ],
          [
            7.133948,
            46.38548
          ],
          [
            7.133948,
            46.38548
          ],
          [
            7.133948,
            46.38548
          ],
          [
            7.133948,
            46.38548
          ],
          [
            7.133948,
            46.38548
          ],
          [
            7.133948,
            46.38548
          ],
          [
            7.133948,
            46.38548
          ],
          [
            7.133948,
            46.38548
          ],
          [
            7.133948,
            46.38548
          ],
          [
            7.133948,
            46.38548
          ],
          [
            7.133948,
            46.38548
          ],
          [
            7.133948,
            46.38548
          ],
          [
            7.133948,
            46.38548
          ],
          [
            7.133948,
            46.38548
          ],
          [
            7.133948,
            46.38548
          ],
          [
            7.133948,
            46.38548
          ],
          [
            7.133948,
            46.38548
          ],
          [
            7.133947,
            46.385469
          ],
          [
            7.133948,
            46.385464
          ],
          [
            7.133947,
            46.385464
          ],
          [
            7.133946,
            46.38545
          ],
          [
            7.13394,
            46.385463
          ],
          [
            7.13394,
            46.38546
          ],
          [
            7.133946,
            46.385455
          ],
          [
            7.133946,
            46.385455
          ],
          [
            7.133946,
            46.385455
          ],
          [
            7.133946,
            46.385455
          ],
          [
            7.133946,
            46.385455
          ],
          [
            7.133926,
            46.38545
          ],
          [
            7.133936,
            46.385452
          ],
          [
            7.133935,
            46.385449
          ],
          [
            7.133932,
            46.385448
          ],
          [
            7.133946,
            46.385455
          ],
          [
            7.133931,
            46.385448
          ],
          [
            7.133931,
            46.385448
          ],
          [
            7.13396,
            46.385457
          ],
          [
            7.133941,
            46.385465
          ],
          [
            7.133947,
            46.385473
          ],
          [
            7.133948,
            46.385472
          ],
          [
            7.133949,
            46.385476
          ],
          [
            7.133947,
            46.385475
          ],
          [
            7.133938,
            46.385475
          ],
          [
            7.133939,
            46.385473
          ],
          [
            7.133936,
            46.385473
          ],
          [
            7.133943,
            46.38546
          ],
          [
            7.133942,
            46.385459
          ],
          [
            7.133947,
            46.385455
          ],
          [
            7.13394,
            46.385456
          ],
          [
            7.133942,
            46.385455
          ],
          [
            7.133942,
            46.385458
          ],
          [
            7.133941,
            46.385458
          ],
          [
            7.133941,
            46.385458
          ],
          [
            7.133941,
            46.385458
          ],
          [
            7.133966,
            46.385449
          ],
          [
            7.133951,
            46.385441
          ],
          [
            7.133962,
            46.38544
          ],
          [
            7.133962,
            46.38544
          ],
          [
            7.133962,
            46.38544
          ],
          [
            7.133949,
            46.385444
          ],
          [
            7.133946,
            46.385447
          ],
          [
            7.133947,
            46.385447
          ],
          [
            7.133947,
            46.385449
          ],
          [
            7.133946,
            46.385452
          ],
          [
            7.133945,
            46.385456
          ],
          [
            7.133942,
            46.385458
          ],
          [
            7.133944,
            46.385461
          ],
          [
            7.133951,
            46.38546
          ],
          [
            7.133948,
            46.385456
          ],
          [
            7.133947,
            46.385459
          ],
          [
            7.133941,
            46.385455
          ],
          [
            7.133941,
            46.385452
          ],
          [
            7.133943,
            46.385453
          ],
          [
            7.133951,
            46.385458
          ],
          [
            7.133943,
            46.38545
          ],
          [
            7.133946,
            46.385452
          ],
          [
            7.133949,
            46.385451
          ],
          [
            7.133952,
            46.385457
          ],
          [
            7.133951,
            46.385457
          ],
          [
            7.133948,
            46.385457
          ],
          [
            7.133943,
            46.385456
          ],
          [
            7.133943,
            46.385455
          ],
          [
            7.133962,
            46.385453
          ],
          [
            7.133975,
            46.385449
          ],
          [
            7.133971,
            46.385447
          ],
          [
            7.13395,
            46.385446
          ],
          [
            7.133945,
            46.385447
          ],
          [
            7.133949,
            46.385447
          ],
          [
            7.133956,
            46.385461
          ],
          [
            7.133958,
            46.385467
          ],
          [
            7.133953,
            46.385466
          ],
          [
            7.133944,
            46.38546
          ],
          [
            7.133944,
            46.385464
          ],
          [
            7.133949,
            46.385457
          ],
          [
            7.133949,
            46.385457
          ],
          [
            7.133949,
            46.385457
          ],
          [
            7.133949,
            46.385457
          ],
          [
            7.133949,
            46.385457
          ],
          [
            7.133949,
            46.385457
          ],
          [
            7.133949,
            46.385457
          ],
          [
            7.13395,
            46.385455
          ],
          [
            7.133977,
            46.38546
          ],
          [
            7.133975,
            46.385461
          ],
          [
            7.133975,
            46.385461
          ],
          [
            7.133975,
            46.385461
          ],
          [
            7.133975,
            46.385461
          ],
          [
            7.133975,
            46.385461
          ],
          [
            7.133978,
            46.385461
          ],
          [
            7.133977,
            46.385461
          ],
          [
            7.133974,
            46.385459
          ],
          [
            7.133974,
            46.385457
          ],
          [
            7.133975,
            46.385457
          ],
          [
            7.133965,
            46.385455
          ],
          [
            7.133963,
            46.385455
          ],
          [
            7.133951,
            46.385455
          ],
          [
            7.133951,
            46.385455
          ],
          [
            7.133951,
            46.385455
          ],
          [
            7.133951,
            46.385455
          ],
          [
            7.133962,
            46.38546
          ],
          [
            7.133968,
            46.385463
          ],
          [
            7.133951,
            46.385455
          ],
          [
            7.133951,
            46.385455
          ],
          [
            7.133937,
            46.385458
          ],
          [
            7.133941,
            46.385457
          ],
          [
            7.133938,
            46.385456
          ],
          [
            7.133937,
            46.38546
          ],
          [
            7.133945,
            46.385456
          ],
          [
            7.133948,
            46.385462
          ],
          [
            7.133951,
            46.385465
          ],
          [
            7.133945,
            46.385463
          ],
          [
            7.133952,
            46.385474
          ],
          [
            7.133968,
            46.385482
          ],
          [
            7.133956,
            46.385466
          ],
          [
            7.133959,
            46.385467
          ],
          [
            7.133963,
            46.38547
          ],
          [
            7.133969,
            46.385468
          ],
          [
            7.133962,
            46.385462
          ],
          [
            7.133937,
            46.385458
          ],
          [
            7.133944,
            46.385459
          ],
          [
            7.13395,
            46.38546
          ],
          [
            7.133949,
            46.385457
          ],
          [
            7.133951,
            46.385455
          ],
          [
            7.133951,
            46.385455
          ],
          [
            7.133951,
            46.385455
          ],
          [
            7.133951,
            46.385455
          ],
          [
            7.133951,
            46.385455
          ],
          [
            7.133951,
            46.385455
          ],
          [
            7.133951,
            46.385455
          ],
          [
            7.133951,
            46.385455
          ],
          [
            7.133928,
            46.385457
          ],
          [
            7.133948,
            46.385467
          ],
          [
            7.133949,
            46.385466
          ],
          [
            7.133943,
            46.385466
          ],
          [
            7.133958,
            46.385472
          ],
          [
            7.133945,
            46.38547
          ],
          [
            7.133951,
            46.38547
          ],
          [
            7.133951,
            46.385468
          ],
          [
            7.133955,
            46.385462
          ],
          [
            7.133952,
            46.385456
          ],
          [
            7.133966,
            46.385458
          ],
          [
            7.133969,
            46.385461
          ],
          [
            7.133949,
            46.385458
          ],
          [
            7.133957,
            46.38546
          ],
          [
            7.133951,
            46.385457
          ],
          [
            7.133955,
            46.385458
          ],
          [
            7.133952,
            46.385457
          ],
          [
            7.133954,
            46.385457
          ],
          [
            7.13395,
            46.385462
          ],
          [
            7.133955,
            46.385466
          ],
          [
            7.133959,
            46.385464
          ],
          [
            7.13396,
            46.38546
          ],
          [
            7.133966,
            46.38546
          ],
          [
            7.133971,
            46.385465
          ],
          [
            7.133967,
            46.385463
          ],
          [
            7.133957,
            46.385468
          ],
          [
            7.133952,
            46.385466
          ],
          [
            7.133948,
            46.385469
          ],
          [
            7.133949,
            46.385473
          ],
          [
            7.133967,
            46.385478
          ],
          [
            7.13394,
            46.385465
          ],
          [
            7.133953,
            46.385475
          ],
          [
            7.133953,
            46.385477
          ],
          [
            7.133956,
            46.385477
          ],
          [
            7.133962,
            46.38549
          ],
          [
            7.133965,
            46.385484
          ],
          [
            7.133962,
            46.385486
          ],
          [
            7.133957,
            46.38548
          ],
          [
            7.133955,
            46.385485
          ],
          [
            7.133945,
            46.385488
          ],
          [
            7.133939,
            46.385487
          ],
          [
            7.13394,
            46.385479
          ],
          [
            7.133932,
            46.385475
          ],
          [
            7.133947,
            46.385473
          ],
          [
            7.133946,
            46.385474
          ],
          [
            7.133954,
            46.385472
          ],
          [
            7.133939,
            46.385472
          ],
          [
            7.133965,
            46.385465
          ],
          [
            7.133963,
            46.385456
          ],
          [
            7.133966,
            46.385452
          ],
          [
            7.133972,
            46.385448
          ],
          [
            7.133978,
            46.38544
          ],
          [
            7.13397,
            46.385444
          ],
          [
            7.133965,
            46.385449
          ],
          [
            7.133948,
            46.385455
          ],
          [
            7.133938,
            46.385462
          ],
          [
            7.133927,
            46.385464
          ],
          [
            7.133928,
            46.38546
          ],
          [
            7.133928,
            46.385455
          ],
          [
            7.133927,
            46.385456
          ],
          [
            7.133925,
            46.38546
          ],
          [
            7.133928,
            46.385458
          ],
          [
            7.133929,
            46.385458
          ],
          [
            7.133932,
            46.385468
          ],
          [
            7.133934,
            46.385483
          ],
          [
            7.13394,
            46.385485
          ],
          [
            7.133936,
            46.38548
          ],
          [
            7.133937,
            46.385471
          ],
          [
            7.133944,
            46.385469
          ],
          [
            7.133953,
            46.38547
          ],
          [
            7.133955,
            46.385468
          ],
          [
            7.133954,
            46.385471
          ],
          [
            7.133957,
            46.385466
          ],
          [
            7.133953,
            46.385449
          ],
          [
            7.133952,
            46.385447
          ],
          [
            7.133938,
            46.385454
          ],
          [
            7.133911,
            46.38545
          ],
          [
            7.13391,
            46.385449
          ],
          [
            7.133907,
            46.385446
          ],
          [
            7.133909,
            46.385445
          ],
          [
            7.133924,
            46.385465
          ],
          [
            7.133927,
            46.385474
          ],
          [
            7.133937,
            46.385478
          ],
          [
            7.133946,
            46.385486
          ],
          [
            7.13397,
            46.385502
          ],
          [
            7.133972,
            46.385503
          ],
          [
            7.133974,
            46.385504
          ],
          [
            7.134002,
            46.385515
          ],
          [
            7.134029,
            46.385518
          ],
          [
            7.134037,
            46.38552
          ],
          [
            7.134048,
            46.385523
          ],
          [
            7.13405,
            46.385523
          ],
          [
            7.134062,
            46.385526
          ],
          [
            7.134066,
            46.385525
          ],
          [
            7.134074,
            46.385524
          ],
          [
            7.134075,
            46.385523
          ],
          [
            7.134083,
            46.38552
          ],
          [
            7.134087,
            46.385516
          ],
          [
            7.134094,
            46.385514
          ],
          [
            7.134097,
            46.385513
          ],
          [
            7.134091,
            46.385514
          ],
          [
            7.134121,
            46.38551
          ],
          [
            7.134118,
            46.385508
          ],
          [
            7.134128,
            46.385508
          ],
          [
            7.134126,
            46.385509
          ],
          [
            7.134124,
            46.38551
          ],
          [
            7.134136,
            46.385509
          ],
          [
            7.134143,
            46.385505
          ],
          [
            7.134144,
            46.385501
          ],
          [
            7.134148,
            46.385497
          ],
          [
            7.134162,
            46.385486
          ],
          [
            7.134172,
            46.385482
          ],
          [
            7.134187,
            46.38548
          ],
          [
            7.134187,
            46.385478
          ],
          [
            7.134189,
            46.385472
          ],
          [
            7.134191,
            46.385466
          ],
          [
            7.134188,
            46.385462
          ],
          [
            7.134197,
            46.385455
          ],
          [
            7.134199,
            46.385455
          ],
          [
            7.134196,
            46.385452
          ],
          [
            7.1342,
            46.385445
          ],
          [
            7.134207,
            46.385441
          ],
          [
            7.134215,
            46.385432
          ],
          [
            7.134217,
            46.385429
          ],
          [
            7.134219,
            46.38543
          ],
          [
            7.134216,
            46.385431
          ],
          [
            7.13422,
            46.385435
          ],
          [
            7.134226,
            46.385425
          ],
          [
            7.134232,
            46.385419
          ],
          [
            7.134236,
            46.385417
          ],
          [
            7.134238,
            46.385413
          ],
          [
            7.134242,
            46.385405
          ],
          [
            7.134242,
            46.385392
          ],
          [
            7.134246,
            46.385383
          ],
          [
            7.134261,
            46.385377
          ],
          [
            7.134267,
            46.385379
          ],
          [
            7.134266,
            46.385374
          ],
          [
            7.134265,
            46.385368
          ],
          [
            7.134267,
            46.385367
          ],
          [
            7.134294,
            46.385346
          ],
          [
            7.134298,
            46.385337
          ],
          [
            7.134297,
            46.385336
          ],
          [
            7.134301,
            46.385335
          ],
          [
            7.134299,
            46.385335
          ],
          [
            7.134295,
            46.385331
          ],
          [
            7.134295,
            46.38532
          ],
          [
            7.134296,
            46.385316
          ],
          [
            7.134297,
            46.385312
          ],
          [
            7.134289,
            46.385301
          ],
          [
            7.13428,
            46.385292
          ],
          [
            7.134277,
            46.385283
          ],
          [
            7.134278,
            46.385277
          ],
          [
            7.134279,
            46.385271
          ],
          [
            7.134281,
            46.385264
          ],
          [
            7.134283,
            46.385264
          ],
          [
            7.134285,
            46.385255
          ],
          [
            7.134284,
            46.385251
          ],
          [
            7.134285,
            46.385251
          ],
          [
            7.134285,
            46.385247
          ],
          [
            7.134285,
            46.385246
          ],
          [
            7.134285,
            46.385246
          ],
          [
            7.134285,
            46.385246
          ],
          [
            7.134285,
            46.385246
          ],
          [
            7.134288,
            46.385247
          ],
          [
            7.134292,
            46.385247
          ],
          [
            7.13429,
            46.385249
          ],
          [
            7.134291,
            46.385253
          ],
          [
            7.134293,
            46.385254
          ],
          [
            7.13429,
            46.385255
          ],
          [
            7.134285,
            46.385258
          ],
          [
            7.134285,
            46.38526
          ],
          [
            7.134287,
            46.385258
          ],
          [
            7.134288,
            46.385252
          ],
          [
            7.134289,
            46.385239
          ],
          [
            7.134287,
            46.385236
          ],
          [
            7.134291,
            46.385233
          ],
          [
            7.134288,
            46.385222
          ],
          [
            7.134291,
            46.38522
          ],
          [
            7.134292,
            46.385218
          ],
          [
            7.134293,
            46.385216
          ],
          [
            7.134298,
            46.385209
          ],
          [
            7.134297,
            46.385204
          ],
          [
            7.134298,
            46.3852
          ],
          [
            7.134299,
            46.385199
          ],
          [
            7.134299,
            46.385199
          ],
          [
            7.134299,
            46.385199
          ],
          [
            7.134299,
            46.385199
          ],
          [
            7.134299,
            46.385199
          ],
          [
            7.134299,
            46.385199
          ],
          [
            7.134306,
            46.385197
          ],
          [
            7.134318,
            46.385182
          ],
          [
            7.134319,
            46.385181
          ],
          [
            7.134318,
            46.385186
          ],
          [
            7.134322,
            46.385187
          ],
          [
            7.13432,
            46.38519
          ],
          [
            7.13432,
            46.385194
          ],
          [
            7.134319,
            46.385195
          ],
          [
            7.134315,
            46.385203
          ],
          [
            7.134321,
            46.385209
          ],
          [
            7.13433,
            46.385206
          ],
          [
            7.134331,
            46.385196
          ],
          [
            7.13433,
            46.385192
          ],
          [
            7.134329,
            46.385184
          ],
          [
            7.134321,
            46.385173
          ],
          [
            7.134327,
            46.385178
          ],
          [
            7.134331,
            46.385186
          ],
          [
            7.134331,
            46.385186
          ],
          [
            7.134331,
            46.385186
          ],
          [
            7.134331,
            46.385186
          ],
          [
            7.134311,
            46.385182
          ],
          [
            7.134304,
            46.385182
          ],
          [
            7.134327,
            46.385183
          ],
          [
            7.134321,
            46.385184
          ],
          [
            7.134321,
            46.385187
          ],
          [
            7.134321,
            46.385185
          ],
          [
            7.134329,
            46.385183
          ],
          [
            7.134318,
            46.385183
          ],
          [
            7.13432,
            46.385181
          ],
          [
            7.134339,
            46.385184
          ],
          [
            7.134351,
            46.385188
          ],
          [
            7.13434,
            46.385188
          ],
          [
            7.134342,
            46.385188
          ],
          [
            7.134334,
            46.385188
          ],
          [
            7.134333,
            46.385187
          ],
          [
            7.134333,
            46.385188
          ],
          [
            7.134333,
            46.385187
          ],
          [
            7.134333,
            46.385188
          ],
          [
            7.13433,
            46.385191
          ],
          [
            7.134329,
            46.385194
          ],
          [
            7.134325,
            46.385192
          ],
          [
            7.134329,
            46.38519
          ],
          [
            7.134331,
            46.38519
          ],
          [
            7.13432,
            46.385193
          ],
          [
            7.134322,
            46.385192
          ],
          [
            7.134327,
            46.385186
          ],
          [
            7.134336,
            46.385189
          ],
          [
            7.134322,
            46.385184
          ],
          [
            7.134309,
            46.385182
          ],
          [
            7.134313,
            46.385185
          ],
          [
            7.134317,
            46.385185
          ],
          [
            7.134319,
            46.385186
          ],
          [
            7.134324,
            46.385189
          ],
          [
            7.134325,
            46.385191
          ],
          [
            7.134324,
            46.385191
          ],
          [
            7.134325,
            46.385194
          ],
          [
            7.134331,
            46.385186
          ],
          [
            7.134331,
            46.385186
          ],
          [
            7.134331,
            46.385186
          ],
          [
            7.134331,
            46.385186
          ],
          [
            7.134331,
            46.385186
          ],
          [
            7.134331,
            46.385186
          ],
          [
            7.134331,
            46.385186
          ],
          [
            7.134331,
            46.385186
          ],
          [
            7.134331,
            46.385186
          ],
          [
            7.134336,
            46.385193
          ],
          [
            7.134355,
            46.385198
          ],
          [
            7.134351,
            46.385188
          ],
          [
            7.134322,
            46.385189
          ],
          [
            7.134338,
            46.385185
          ],
          [
            7.134323,
            46.385189
          ],
          [
            7.134338,
            46.385202
          ],
          [
            7.134338,
            46.385203
          ],
          [
            7.134331,
            46.385203
          ],
          [
            7.134324,
            46.385203
          ],
          [
            7.134318,
            46.385203
          ],
          [
            7.134317,
            46.3852
          ],
          [
            7.13433,
            46.385201
          ],
          [
            7.134309,
            46.385198
          ],
          [
            7.134309,
            46.385197
          ],
          [
            7.13431,
            46.385197
          ],
          [
            7.134317,
            46.3852
          ],
          [
            7.13433,
            46.385193
          ],
          [
            7.134331,
            46.38519
          ],
          [
            7.134335,
            46.38518
          ],
          [
            7.134354,
            46.385165
          ],
          [
            7.134352,
            46.385167
          ],
          [
            7.134353,
            46.385166
          ],
          [
            7.134355,
            46.385159
          ],
          [
            7.134365,
            46.385161
          ],
          [
            7.134379,
            46.385154
          ],
          [
            7.134382,
            46.385151
          ],
          [
            7.134379,
            46.385151
          ],
          [
            7.134386,
            46.385142
          ],
          [
            7.134386,
            46.385142
          ],
          [
            7.134386,
            46.385142
          ],
          [
            7.134386,
            46.385142
          ],
          [
            7.134386,
            46.385142
          ],
          [
            7.134386,
            46.385142
          ],
          [
            7.134433,
            46.385112
          ],
          [
            7.134428,
            46.38511
          ],
          [
            7.134426,
            46.385109
          ],
          [
            7.134426,
            46.385109
          ],
          [
            7.134426,
            46.385109
          ],
          [
            7.134426,
            46.385109
          ],
          [
            7.134426,
            46.385109
          ],
          [
            7.134426,
            46.385109
          ],
          [
            7.134426,
            46.385109
          ],
          [
            7.134465,
            46.385085
          ],
          [
            7.13447,
            46.38508
          ],
          [
            7.134469,
            46.385079
          ],
          [
            7.134473,
            46.38508
          ],
          [
            7.134471,
            46.385078
          ],
          [
            7.134472,
            46.385078
          ],
          [
            7.134478,
            46.385078
          ],
          [
            7.13448,
            46.385072
          ],
          [
            7.134483,
            46.385067
          ],
          [
            7.13449,
            46.385064
          ],
          [
            7.134496,
            46.385062
          ],
          [
            7.134501,
            46.38506
          ],
          [
            7.134503,
            46.38506
          ],
          [
            7.134507,
            46.385057
          ],
          [
            7.13451,
            46.385054
          ],
          [
            7.13451,
            46.385054
          ],
          [
            7.13451,
            46.385054
          ],
          [
            7.13451,
            46.385054
          ],
          [
            7.134535,
            46.385039
          ],
          [
            7.134534,
            46.385036
          ],
          [
            7.134531,
            46.385033
          ],
          [
            7.134533,
            46.385036
          ],
          [
            7.134532,
            46.385033
          ],
          [
            7.134535,
            46.385033
          ],
          [
            7.134535,
            46.385024
          ],
          [
            7.134539,
            46.385024
          ],
          [
            7.134548,
            46.385016
          ],
          [
            7.134551,
            46.385012
          ],
          [
            7.134558,
            46.385015
          ],
          [
            7.13456,
            46.385016
          ],
          [
            7.134568,
            46.385014
          ],
          [
            7.134569,
            46.385014
          ],
          [
            7.134571,
            46.385014
          ],
          [
            7.134585,
            46.385008
          ],
          [
            7.134588,
            46.385007
          ],
          [
            7.134587,
            46.384999
          ],
          [
            7.134586,
            46.384996
          ],
          [
            7.134586,
            46.384995
          ],
          [
            7.134586,
            46.384995
          ],
          [
            7.134586,
            46.384995
          ],
          [
            7.134586,
            46.384995
          ],
          [
            7.134594,
            46.384994
          ],
          [
            7.134604,
            46.385004
          ],
          [
            7.134605,
            46.384996
          ],
          [
            7.134609,
            46.384994
          ],
          [
            7.134605,
            46.384995
          ],
          [
            7.134622,
            46.384998
          ],
          [
            7.134627,
            46.384994
          ],
          [
            7.134627,
            46.384994
          ],
          [
            7.134635,
            46.384995
          ],
          [
            7.134638,
            46.384999
          ],
          [
            7.134636,
            46.384998
          ],
          [
            7.134631,
            46.384996
          ],
          [
            7.134605,
            46.384995
          ],
          [
            7.134606,
            46.384992
          ],
          [
            7.134609,
            46.384994
          ],
          [
            7.134624,
            46.384985
          ],
          [
            7.134616,
            46.384976
          ],
          [
            7.134618,
            46.384976
          ],
          [
            7.134624,
            46.38497
          ],
          [
            7.134627,
            46.384963
          ],
          [
            7.134639,
            46.384967
          ],
          [
            7.134638,
            46.384967
          ],
          [
            7.134642,
            46.384959
          ],
          [
            7.134642,
            46.384959
          ],
          [
            7.134642,
            46.384959
          ],
          [
            7.134651,
            46.384957
          ],
          [
            7.134645,
            46.384961
          ],
          [
            7.134642,
            46.384959
          ],
          [
            7.134642,
            46.384959
          ],
          [
            7.134671,
            46.384943
          ],
          [
            7.134674,
            46.384944
          ],
          [
            7.134674,
            46.384943
          ],
          [
            7.134675,
            46.384942
          ],
          [
            7.134675,
            46.384942
          ],
          [
            7.134675,
            46.384942
          ],
          [
            7.134675,
            46.384942
          ],
          [
            7.134688,
            46.384945
          ],
          [
            7.134711,
            46.384946
          ],
          [
            7.134726,
            46.384943
          ],
          [
            7.134738,
            46.384943
          ],
          [
            7.134739,
            46.384943
          ],
          [
            7.134727,
            46.384944
          ],
          [
            7.134727,
            46.384944
          ],
          [
            7.134715,
            46.384944
          ],
          [
            7.134727,
            46.384943
          ],
          [
            7.134723,
            46.384943
          ],
          [
            7.134691,
            46.384944
          ],
          [
            7.134689,
            46.384939
          ],
          [
            7.134698,
            46.384943
          ],
          [
            7.134702,
            46.384934
          ],
          [
            7.134706,
            46.384937
          ],
          [
            7.134709,
            46.384934
          ],
          [
            7.134711,
            46.384933
          ],
          [
            7.134712,
            46.384923
          ],
          [
            7.134715,
            46.38492
          ],
          [
            7.134715,
            46.384914
          ],
          [
            7.134708,
            46.384896
          ],
          [
            7.134702,
            46.384897
          ],
          [
            7.134693,
            46.384907
          ],
          [
            7.134682,
            46.384894
          ],
          [
            7.13468,
            46.384893
          ],
          [
            7.134679,
            46.384894
          ],
          [
            7.134675,
            46.384888
          ],
          [
            7.134664,
            46.384881
          ],
          [
            7.134662,
            46.384888
          ],
          [
            7.134664,
            46.384892
          ],
          [
            7.13467,
            46.384901
          ],
          [
            7.134676,
            46.384913
          ],
          [
            7.134676,
            46.384913
          ],
          [
            7.134676,
            46.384911
          ],
          [
            7.134681,
            46.384908
          ],
          [
            7.134686,
            46.384908
          ],
          [
            7.134689,
            46.384908
          ],
          [
            7.134692,
            46.384907
          ],
          [
            7.134698,
            46.384908
          ],
          [
            7.134703,
            46.384908
          ],
          [
            7.134705,
            46.384901
          ],
          [
            7.134704,
            46.38489
          ],
          [
            7.134727,
            46.384902
          ],
          [
            7.134734,
            46.384898
          ],
          [
            7.134746,
            46.384897
          ],
          [
            7.134751,
            46.384896
          ],
          [
            7.134755,
            46.384891
          ],
          [
            7.134751,
            46.384894
          ],
          [
            7.134744,
            46.384897
          ],
          [
            7.134748,
            46.384894
          ],
          [
            7.13474,
            46.384896
          ],
          [
            7.134721,
            46.384902
          ],
          [
            7.134713,
            46.384888
          ],
          [
            7.134666,
            46.384878
          ],
          [
            7.134664,
            46.384887
          ],
          [
            7.134664,
            46.384887
          ],
          [
            7.134661,
            46.384889
          ],
          [
            7.134665,
            46.384882
          ],
          [
            7.134668,
            46.38488
          ],
          [
            7.134672,
            46.384878
          ],
          [
            7.134702,
            46.384877
          ],
          [
            7.134697,
            46.384876
          ],
          [
            7.134699,
            46.384871
          ],
          [
            7.134709,
            46.384866
          ],
          [
            7.134709,
            46.384868
          ],
          [
            7.134712,
            46.384863
          ],
          [
            7.134705,
            46.384878
          ],
          [
            7.134708,
            46.384878
          ],
          [
            7.134712,
            46.384887
          ],
          [
            7.134722,
            46.384887
          ],
          [
            7.134716,
            46.384891
          ],
          [
            7.134707,
            46.384892
          ],
          [
            7.134715,
            46.38489
          ],
          [
            7.134721,
            46.384891
          ],
          [
            7.134721,
            46.384891
          ],
          [
            7.134708,
            46.384888
          ],
          [
            7.134706,
            46.384889
          ],
          [
            7.134707,
            46.384891
          ],
          [
            7.134714,
            46.384887
          ],
          [
            7.134713,
            46.384884
          ],
          [
            7.134703,
            46.384888
          ],
          [
            7.134702,
            46.384891
          ],
          [
            7.134699,
            46.384896
          ],
          [
            7.134702,
            46.38489
          ],
          [
            7.134701,
            46.384887
          ],
          [
            7.134702,
            46.384887
          ],
          [
            7.13471,
            46.384874
          ],
          [
            7.134699,
            46.384879
          ],
          [
            7.134686,
            46.384886
          ],
          [
            7.134686,
            46.384886
          ],
          [
            7.134686,
            46.384886
          ],
          [
            7.134686,
            46.384886
          ],
          [
            7.134686,
            46.384886
          ],
          [
            7.134691,
            46.384882
          ],
          [
            7.134692,
            46.384879
          ],
          [
            7.134691,
            46.38487
          ],
          [
            7.134687,
            46.384874
          ],
          [
            7.134689,
            46.384872
          ],
          [
            7.134694,
            46.384892
          ],
          [
            7.134698,
            46.384889
          ],
          [
            7.134707,
            46.384884
          ],
          [
            7.134722,
            46.384875
          ],
          [
            7.134727,
            46.38488
          ],
          [
            7.134731,
            46.384877
          ],
          [
            7.13473,
            46.384876
          ],
          [
            7.13473,
            46.384873
          ],
          [
            7.134729,
            46.384873
          ],
          [
            7.134729,
            46.384873
          ],
          [
            7.134729,
            46.384873
          ],
          [
            7.134729,
            46.384873
          ],
          [
            7.134729,
            46.384873
          ],
          [
            7.134729,
            46.384873
          ],
          [
            7.134729,
            46.384873
          ],
          [
            7.134729,
            46.384873
          ],
          [
            7.134729,
            46.384873
          ],
          [
            7.134734,
            46.384877
          ],
          [
            7.134731,
            46.384879
          ],
          [
            7.134733,
            46.384875
          ],
          [
            7.134732,
            46.384873
          ],
          [
            7.134747,
            46.384875
          ],
          [
            7.134724,
            46.384876
          ],
          [
            7.134729,
            46.384873
          ],
          [
            7.134729,
            46.384873
          ],
          [
            7.134729,
            46.384873
          ],
          [
            7.134747,
            46.384874
          ],
          [
            7.134748,
            46.384882
          ],
          [
            7.134726,
            46.38488
          ],
          [
            7.134744,
            46.384879
          ],
          [
            7.134746,
            46.384878
          ],
          [
            7.134745,
            46.384876
          ],
          [
            7.134732,
            46.384875
          ],
          [
            7.134729,
            46.384873
          ],
          [
            7.134729,
            46.384873
          ],
          [
            7.134733,
            46.384873
          ],
          [
            7.13474,
            46.384875
          ],
          [
            7.134732,
            46.384873
          ],
          [
            7.134714,
            46.384869
          ],
          [
            7.134723,
            46.38487
          ],
          [
            7.13472,
            46.384868
          ],
          [
            7.134712,
            46.384866
          ],
          [
            7.134723,
            46.384869
          ],
          [
            7.134721,
            46.384876
          ],
          [
            7.134708,
            46.384874
          ],
          [
            7.1347,
            46.384872
          ],
          [
            7.134696,
            46.384871
          ],
          [
            7.134687,
            46.384871
          ],
          [
            7.134687,
            46.38487
          ],
          [
            7.134693,
            46.384871
          ],
          [
            7.134689,
            46.384875
          ],
          [
            7.134681,
            46.384874
          ],
          [
            7.134695,
            46.384876
          ],
          [
            7.134707,
            46.384872
          ],
          [
            7.1347,
            46.384882
          ],
          [
            7.134725,
            46.384891
          ],
          [
            7.134727,
            46.384893
          ],
          [
            7.134732,
            46.384893
          ],
          [
            7.134736,
            46.384892
          ],
          [
            7.134735,
            46.384891
          ],
          [
            7.134735,
            46.384889
          ],
          [
            7.134714,
            46.384891
          ],
          [
            7.134719,
            46.384888
          ],
          [
            7.134719,
            46.384888
          ],
          [
            7.134719,
            46.384888
          ],
          [
            7.134719,
            46.384888
          ],
          [
            7.134719,
            46.384888
          ],
          [
            7.134719,
            46.384888
          ],
          [
            7.134743,
            46.384885
          ],
          [
            7.134745,
            46.384884
          ],
          [
            7.134765,
            46.384881
          ],
          [
            7.134765,
            46.38488
          ],
          [
            7.134765,
            46.38488
          ],
          [
            7.134765,
            46.38488
          ],
          [
            7.134765,
            46.38488
          ],
          [
            7.134765,
            46.38488
          ],
          [
            7.134765,
            46.38488
          ],
          [
            7.134777,
            46.384877
          ],
          [
            7.134783,
            46.384877
          ],
          [
            7.134796,
            46.384875
          ],
          [
            7.134797,
            46.384875
          ],
          [
            7.134798,
            46.384877
          ],
          [
            7.134806,
            46.384875
          ],
          [
            7.134808,
            46.384873
          ],
          [
            7.134815,
            46.384868
          ],
          [
            7.134829,
            46.384859
          ],
          [
            7.134834,
            46.384856
          ],
          [
            7.134837,
            46.384853
          ],
          [
            7.134846,
            46.384847
          ],
          [
            7.13485,
            46.38485
          ],
          [
            7.134847,
            46.384851
          ],
          [
            7.134846,
            46.384845
          ],
          [
            7.13485,
            46.384848
          ],
          [
            7.134852,
            46.384851
          ],
          [
            7.134853,
            46.384852
          ],
          [
            7.13486,
            46.384846
          ],
          [
            7.134858,
            46.38485
          ],
          [
            7.134853,
            46.384852
          ],
          [
            7.134853,
            46.384852
          ],
          [
            7.134853,
            46.384852
          ],
          [
            7.134853,
            46.384852
          ],
          [
            7.134853,
            46.384852
          ],
          [
            7.134853,
            46.384852
          ],
          [
            7.134853,
            46.384852
          ],
          [
            7.134853,
            46.384852
          ],
          [
            7.134853,
            46.384852
          ],
          [
            7.134853,
            46.384852
          ],
          [
            7.134853,
            46.384852
          ],
          [
            7.134889,
            46.384838
          ],
          [
            7.134893,
            46.384835
          ],
          [
            7.134898,
            46.384837
          ],
          [
            7.134894,
            46.384831
          ],
          [
            7.134897,
            46.384829
          ],
          [
            7.134893,
            46.384835
          ],
          [
            7.134893,
            46.384835
          ],
          [
            7.134893,
            46.384835
          ],
          [
            7.134893,
            46.384835
          ],
          [
            7.134893,
            46.384835
          ],
          [
            7.134893,
            46.384835
          ],
          [
            7.134893,
            46.384835
          ],
          [
            7.134893,
            46.384835
          ],
          [
            7.134893,
            46.384835
          ],
          [
            7.134893,
            46.384835
          ],
          [
            7.134893,
            46.384835
          ],
          [
            7.134893,
            46.384835
          ],
          [
            7.134893,
            46.384835
          ],
          [
            7.134912,
            46.384835
          ],
          [
            7.134914,
            46.384836
          ],
          [
            7.134976,
            46.384807
          ],
          [
            7.134976,
            46.384807
          ],
          [
            7.135001,
            46.384809
          ],
          [
            7.135009,
            46.384808
          ],
          [
            7.135015,
            46.384813
          ],
          [
            7.135016,
            46.384812
          ],
          [
            7.135016,
            46.384811
          ],
          [
            7.135019,
            46.384807
          ],
          [
            7.135026,
            46.384802
          ],
          [
            7.135026,
            46.384802
          ],
          [
            7.135035,
            46.384804
          ],
          [
            7.135042,
            46.384803
          ],
          [
            7.135049,
            46.384804
          ],
          [
            7.13506,
            46.384805
          ],
          [
            7.13505,
            46.384805
          ],
          [
            7.135061,
            46.384811
          ],
          [
            7.135068,
            46.384805
          ],
          [
            7.135071,
            46.384804
          ],
          [
            7.135093,
            46.384796
          ],
          [
            7.135089,
            46.384805
          ],
          [
            7.13509,
            46.384808
          ],
          [
            7.135089,
            46.384801
          ],
          [
            7.135089,
            46.384801
          ],
          [
            7.135089,
            46.384801
          ],
          [
            7.135089,
            46.384801
          ],
          [
            7.135089,
            46.384801
          ],
          [
            7.135089,
            46.384801
          ],
          [
            7.135089,
            46.384801
          ],
          [
            7.135103,
            46.384799
          ],
          [
            7.135119,
            46.384784
          ],
          [
            7.135126,
            46.384785
          ],
          [
            7.135121,
            46.384783
          ],
          [
            7.135119,
            46.384781
          ],
          [
            7.13512,
            46.384783
          ],
          [
            7.135117,
            46.384782
          ],
          [
            7.135117,
            46.384781
          ],
          [
            7.135121,
            46.384788
          ],
          [
            7.13513,
            46.384792
          ],
          [
            7.135131,
            46.384792
          ],
          [
            7.135132,
            46.384791
          ],
          [
            7.135136,
            46.384792
          ],
          [
            7.135148,
            46.384783
          ],
          [
            7.13515,
            46.384781
          ],
          [
            7.13515,
            46.384779
          ],
          [
            7.13515,
            46.384779
          ],
          [
            7.13515,
            46.384779
          ],
          [
            7.13515,
            46.384779
          ],
          [
            7.13515,
            46.384779
          ],
          [
            7.135163,
            46.384761
          ],
          [
            7.135164,
            46.384761
          ],
          [
            7.135164,
            46.384761
          ],
          [
            7.135164,
            46.384761
          ],
          [
            7.135164,
            46.384761
          ],
          [
            7.135164,
            46.384761
          ],
          [
            7.135164,
            46.384761
          ],
          [
            7.135164,
            46.384761
          ],
          [
            7.135164,
            46.384761
          ],
          [
            7.135164,
            46.384761
          ],
          [
            7.135169,
            46.384762
          ],
          [
            7.13517,
            46.384762
          ],
          [
            7.135171,
            46.384758
          ],
          [
            7.135174,
            46.384754
          ],
          [
            7.135178,
            46.384754
          ],
          [
            7.135176,
            46.384761
          ],
          [
            7.135186,
            46.384755
          ],
          [
            7.135188,
            46.384753
          ],
          [
            7.135188,
            46.384753
          ],
          [
            7.135189,
            46.384754
          ],
          [
            7.135189,
            46.384754
          ],
          [
            7.135189,
            46.384754
          ],
          [
            7.135189,
            46.384754
          ],
          [
            7.135189,
            46.384754
          ],
          [
            7.135191,
            46.384754
          ],
          [
            7.135193,
            46.384752
          ],
          [
            7.135192,
            46.384748
          ],
          [
            7.135189,
            46.384754
          ],
          [
            7.135189,
            46.384754
          ],
          [
            7.135189,
            46.384754
          ],
          [
            7.135203,
            46.384744
          ],
          [
            7.135214,
            46.384749
          ],
          [
            7.135214,
            46.384749
          ],
          [
            7.135214,
            46.384749
          ],
          [
            7.135214,
            46.384749
          ],
          [
            7.135214,
            46.384749
          ],
          [
            7.135214,
            46.384749
          ],
          [
            7.135214,
            46.384749
          ],
          [
            7.135231,
            46.38475
          ],
          [
            7.135251,
            46.38474
          ],
          [
            7.135265,
            46.384732
          ],
          [
            7.135265,
            46.384732
          ],
          [
            7.135265,
            46.384732
          ],
          [
            7.135274,
            46.384734
          ],
          [
            7.135279,
            46.384722
          ],
          [
            7.135261,
            46.384716
          ],
          [
            7.135261,
            46.384714
          ],
          [
            7.135263,
            46.384707
          ],
          [
            7.135267,
            46.384704
          ],
          [
            7.135267,
            46.384706
          ],
          [
            7.135267,
            46.384704
          ],
          [
            7.135272,
            46.38471
          ],
          [
            7.13527,
            46.384712
          ],
          [
            7.13529,
            46.384703
          ],
          [
            7.135292,
            46.384704
          ],
          [
            7.135285,
            46.384705
          ],
          [
            7.135282,
            46.384703
          ],
          [
            7.13529,
            46.384703
          ],
          [
            7.13529,
            46.384698
          ],
          [
            7.135292,
            46.384692
          ],
          [
            7.135297,
            46.384687
          ],
          [
            7.135294,
            46.384685
          ],
          [
            7.135291,
            46.384687
          ],
          [
            7.135291,
            46.384687
          ],
          [
            7.135291,
            46.384687
          ],
          [
            7.135291,
            46.384687
          ],
          [
            7.1353,
            46.384676
          ],
          [
            7.135301,
            46.38467
          ],
          [
            7.135301,
            46.38467
          ],
          [
            7.135305,
            46.384661
          ],
          [
            7.135304,
            46.384661
          ],
          [
            7.135304,
            46.38466
          ],
          [
            7.135304,
            46.38465
          ],
          [
            7.135304,
            46.384631
          ],
          [
            7.135303,
            46.384602
          ],
          [
            7.135305,
            46.384604
          ],
          [
            7.135323,
            46.384625
          ],
          [
            7.135322,
            46.384623
          ],
          [
            7.135325,
            46.384622
          ],
          [
            7.135329,
            46.384621
          ],
          [
            7.135336,
            46.384619
          ],
          [
            7.135343,
            46.384619
          ],
          [
            7.135328,
            46.384623
          ],
          [
            7.135314,
            46.384625
          ],
          [
            7.135297,
            46.384631
          ],
          [
            7.135297,
            46.384631
          ],
          [
            7.135297,
            46.384631
          ],
          [
            7.135305,
            46.384634
          ],
          [
            7.135303,
            46.384633
          ],
          [
            7.135308,
            46.384628
          ],
          [
            7.135313,
            46.384625
          ],
          [
            7.135308,
            46.384635
          ],
          [
            7.13531,
            46.384631
          ],
          [
            7.135315,
            46.384626
          ],
          [
            7.135318,
            46.384629
          ],
          [
            7.135322,
            46.384631
          ],
          [
            7.135324,
            46.384627
          ],
          [
            7.135328,
            46.384625
          ],
          [
            7.135332,
            46.384625
          ],
          [
            7.13534,
            46.384629
          ],
          [
            7.135349,
            46.384628
          ],
          [
            7.135347,
            46.384629
          ],
          [
            7.135339,
            46.384632
          ],
          [
            7.135343,
            46.384634
          ],
          [
            7.135343,
            46.384633
          ],
          [
            7.135343,
            46.384633
          ],
          [
            7.135341,
            46.384634
          ],
          [
            7.135342,
            46.384636
          ],
          [
            7.135347,
            46.384627
          ],
          [
            7.135348,
            46.384625
          ],
          [
            7.135349,
            46.384623
          ],
          [
            7.135351,
            46.384621
          ],
          [
            7.135356,
            46.384619
          ],
          [
            7.13535,
            46.384626
          ],
          [
            7.135374,
            46.384625
          ],
          [
            7.135384,
            46.384616
          ],
          [
            7.135386,
            46.384621
          ],
          [
            7.135384,
            46.384639
          ],
          [
            7.135381,
            46.384643
          ],
          [
            7.135382,
            46.384642
          ],
          [
            7.135399,
            46.384642
          ],
          [
            7.135411,
            46.384647
          ],
          [
            7.13542,
            46.384645
          ],
          [
            7.135422,
            46.384644
          ],
          [
            7.135423,
            46.384632
          ],
          [
            7.13542,
            46.384629
          ],
          [
            7.13542,
            46.384628
          ],
          [
            7.13542,
            46.384628
          ],
          [
            7.135431,
            46.384628
          ],
          [
            7.135437,
            46.384631
          ],
          [
            7.13542,
            46.384628
          ],
          [
            7.135431,
            46.384622
          ],
          [
            7.135414,
            46.384605
          ],
          [
            7.135426,
            46.384608
          ],
          [
            7.135431,
            46.384607
          ],
          [
            7.135426,
            46.384608
          ],
          [
            7.135438,
            46.384601
          ],
          [
            7.135448,
            46.384586
          ],
          [
            7.135449,
            46.384579
          ],
          [
            7.135437,
            46.384589
          ],
          [
            7.135437,
            46.384585
          ],
          [
            7.135432,
            46.384582
          ],
          [
            7.135433,
            46.384586
          ],
          [
            7.135432,
            46.384591
          ],
          [
            7.13545,
            46.384602
          ],
          [
            7.135455,
            46.384605
          ],
          [
            7.135455,
            46.38459
          ],
          [
            7.135446,
            46.384569
          ],
          [
            7.135456,
            46.384574
          ],
          [
            7.135462,
            46.384576
          ],
          [
            7.135473,
            46.384585
          ],
          [
            7.135477,
            46.3846
          ],
          [
            7.135487,
            46.384602
          ],
          [
            7.135482,
            46.384594
          ],
          [
            7.135494,
            46.38459
          ],
          [
            7.135495,
            46.384584
          ],
          [
            7.135488,
            46.384572
          ],
          [
            7.135516,
            46.384576
          ],
          [
            7.13552,
            46.384587
          ],
          [
            7.13552,
            46.38459
          ],
          [
            7.135519,
            46.38459
          ],
          [
            7.135519,
            46.384576
          ],
          [
            7.135517,
            46.384575
          ],
          [
            7.135515,
            46.384572
          ],
          [
            7.135513,
            46.384581
          ],
          [
            7.135515,
            46.384585
          ],
          [
            7.13552,
            46.384578
          ],
          [
            7.135515,
            46.38458
          ],
          [
            7.135511,
            46.384571
          ],
          [
            7.135511,
            46.384568
          ],
          [
            7.135509,
            46.384567
          ],
          [
            7.135504,
            46.384564
          ],
          [
            7.135506,
            46.384553
          ],
          [
            7.135514,
            46.38454
          ],
          [
            7.135515,
            46.38454
          ],
          [
            7.135531,
            46.38454
          ],
          [
            7.135522,
            46.384541
          ],
          [
            7.135514,
            46.384546
          ],
          [
            7.135518,
            46.384549
          ],
          [
            7.135511,
            46.384556
          ],
          [
            7.13551,
            46.384561
          ],
          [
            7.135532,
            46.384548
          ],
          [
            7.135542,
            46.384547
          ],
          [
            7.135554,
            46.384542
          ],
          [
            7.135552,
            46.384542
          ],
          [
            7.135556,
            46.384538
          ],
          [
            7.13556,
            46.384538
          ],
          [
            7.135547,
            46.384543
          ],
          [
            7.13556,
            46.384546
          ],
          [
            7.135571,
            46.384546
          ],
          [
            7.135567,
            46.38455
          ],
          [
            7.135561,
            46.384552
          ],
          [
            7.135571,
            46.38455
          ],
          [
            7.13559,
            46.384537
          ],
          [
            7.135588,
            46.384535
          ],
          [
            7.135592,
            46.384529
          ],
          [
            7.13559,
            46.384525
          ],
          [
            7.135598,
            46.384516
          ],
          [
            7.1356,
            46.38451
          ],
          [
            7.135603,
            46.384507
          ],
          [
            7.135607,
            46.384498
          ],
          [
            7.135607,
            46.384496
          ],
          [
            7.135608,
            46.384495
          ],
          [
            7.135607,
            46.384493
          ],
          [
            7.135612,
            46.384491
          ],
          [
            7.135612,
            46.384495
          ],
          [
            7.135615,
            46.384493
          ],
          [
            7.135621,
            46.384485
          ],
          [
            7.135625,
            46.384487
          ],
          [
            7.135629,
            46.384488
          ],
          [
            7.135631,
            46.384489
          ],
          [
            7.135633,
            46.384493
          ],
          [
            7.135637,
            46.384494
          ],
          [
            7.13564,
            46.384496
          ],
          [
            7.135635,
            46.384493
          ],
          [
            7.135627,
            46.384486
          ],
          [
            7.135636,
            46.384489
          ],
          [
            7.135634,
            46.384492
          ],
          [
            7.135639,
            46.384494
          ],
          [
            7.135638,
            46.384495
          ],
          [
            7.135647,
            46.384504
          ],
          [
            7.135656,
            46.384509
          ],
          [
            7.135652,
            46.384508
          ],
          [
            7.135653,
            46.384509
          ],
          [
            7.13567,
            46.38452
          ],
          [
            7.135674,
            46.384518
          ],
          [
            7.135668,
            46.384504
          ],
          [
            7.135664,
            46.384501
          ],
          [
            7.135666,
            46.384498
          ],
          [
            7.135672,
            46.384491
          ],
          [
            7.135679,
            46.384484
          ],
          [
            7.135686,
            46.384482
          ],
          [
            7.135689,
            46.384479
          ],
          [
            7.13568,
            46.384481
          ],
          [
            7.135682,
            46.384483
          ],
          [
            7.135709,
            46.384469
          ],
          [
            7.13569,
            46.38447
          ],
          [
            7.135672,
            46.384478
          ],
          [
            7.135682,
            46.384485
          ],
          [
            7.13568,
            46.384496
          ],
          [
            7.135712,
            46.384516
          ],
          [
            7.135713,
            46.384533
          ],
          [
            7.135712,
            46.384542
          ],
          [
            7.135714,
            46.384544
          ],
          [
            7.135713,
            46.384545
          ],
          [
            7.135708,
            46.384543
          ],
          [
            7.135705,
            46.38453
          ],
          [
            7.135702,
            46.384529
          ],
          [
            7.135688,
            46.384525
          ],
          [
            7.13569,
            46.384522
          ],
          [
            7.13569,
            46.384523
          ],
          [
            7.13569,
            46.384507
          ],
          [
            7.135685,
            46.384502
          ],
          [
            7.135684,
            46.384502
          ],
          [
            7.135685,
            46.384493
          ],
          [
            7.13568,
            46.384485
          ],
          [
            7.135683,
            46.384484
          ],
          [
            7.135683,
            46.384485
          ],
          [
            7.135684,
            46.384494
          ],
          [
            7.135678,
            46.384494
          ],
          [
            7.135678,
            46.384488
          ],
          [
            7.135683,
            46.384493
          ],
          [
            7.135686,
            46.3845
          ],
          [
            7.135686,
            46.384501
          ],
          [
            7.135687,
            46.384501
          ],
          [
            7.135687,
            46.384508
          ],
          [
            7.135693,
            46.384524
          ],
          [
            7.135688,
            46.384523
          ],
          [
            7.135696,
            46.384541
          ],
          [
            7.135693,
            46.384523
          ],
          [
            7.135698,
            46.384517
          ],
          [
            7.135699,
            46.384508
          ],
          [
            7.135698,
            46.384508
          ],
          [
            7.135699,
            46.384508
          ],
          [
            7.135697,
            46.384503
          ],
          [
            7.135706,
            46.384503
          ],
          [
            7.135706,
            46.384493
          ],
          [
            7.135706,
            46.384504
          ],
          [
            7.135705,
            46.384518
          ],
          [
            7.135705,
            46.384518
          ],
          [
            7.135707,
            46.38452
          ],
          [
            7.13571,
            46.384529
          ],
          [
            7.135705,
            46.384586
          ],
          [
            7.135705,
            46.384581
          ],
          [
            7.135703,
            46.384571
          ],
          [
            7.135697,
            46.384539
          ],
          [
            7.135681,
            46.38451
          ],
          [
            7.135677,
            46.384511
          ],
          [
            7.13568,
            46.384519
          ],
          [
            7.135686,
            46.384518
          ],
          [
            7.135696,
            46.384547
          ],
          [
            7.135696,
            46.384547
          ],
          [
            7.13571,
            46.38453
          ],
          [
            7.135713,
            46.38453
          ],
          [
            7.135707,
            46.384533
          ],
          [
            7.135705,
            46.384532
          ],
          [
            7.135685,
            46.384529
          ],
          [
            7.135683,
            46.384517
          ],
          [
            7.135687,
            46.384513
          ],
          [
            7.135701,
            46.384513
          ],
          [
            7.135701,
            46.384492
          ],
          [
            7.135713,
            46.384506
          ],
          [
            7.13571,
            46.3845
          ],
          [
            7.135713,
            46.384519
          ],
          [
            7.135709,
            46.384513
          ],
          [
            7.135705,
            46.384517
          ],
          [
            7.135709,
            46.384517
          ],
          [
            7.135701,
            46.384517
          ],
          [
            7.1357,
            46.384518
          ],
          [
            7.135698,
            46.384517
          ],
          [
            7.13569,
            46.384514
          ],
          [
            7.135689,
            46.384512
          ],
          [
            7.135695,
            46.384513
          ],
          [
            7.13568,
            46.384499
          ],
          [
            7.135679,
            46.384499
          ],
          [
            7.135679,
            46.384503
          ],
          [
            7.135683,
            46.384507
          ],
          [
            7.1357,
            46.38452
          ],
          [
            7.135701,
            46.384498
          ],
          [
            7.1357,
            46.384505
          ],
          [
            7.135705,
            46.384508
          ],
          [
            7.135715,
            46.384505
          ],
          [
            7.135721,
            46.384502
          ],
          [
            7.135721,
            46.384495
          ],
          [
            7.135719,
            46.384498
          ],
          [
            7.135712,
            46.384492
          ],
          [
            7.1357,
            46.384485
          ],
          [
            7.135684,
            46.384466
          ],
          [
            7.135696,
            46.384442
          ],
          [
            7.135699,
            46.384441
          ],
          [
            7.135697,
            46.38444
          ],
          [
            7.135693,
            46.384441
          ],
          [
            7.135702,
            46.384437
          ],
          [
            7.1357,
            46.384437
          ],
          [
            7.135697,
            46.384442
          ],
          [
            7.135689,
            46.38445
          ],
          [
            7.135707,
            46.384449
          ],
          [
            7.13571,
            46.384456
          ],
          [
            7.135704,
            46.384475
          ],
          [
            7.135719,
            46.384478
          ],
          [
            7.135724,
            46.384481
          ],
          [
            7.135719,
            46.384485
          ],
          [
            7.135722,
            46.384485
          ],
          [
            7.135724,
            46.384484
          ],
          [
            7.135721,
            46.384481
          ],
          [
            7.135727,
            46.384476
          ],
          [
            7.135726,
            46.384467
          ],
          [
            7.135728,
            46.384465
          ],
          [
            7.135718,
            46.384461
          ],
          [
            7.135709,
            46.384456
          ],
          [
            7.135709,
            46.384458
          ],
          [
            7.135698,
            46.384458
          ],
          [
            7.135691,
            46.384461
          ],
          [
            7.135682,
            46.384456
          ],
          [
            7.135691,
            46.384455
          ],
          [
            7.135711,
            46.384451
          ],
          [
            7.135714,
            46.384448
          ],
          [
            7.135722,
            46.384444
          ],
          [
            7.135731,
            46.384437
          ],
          [
            7.135724,
            46.384417
          ],
          [
            7.135735,
            46.384424
          ],
          [
            7.135735,
            46.384428
          ],
          [
            7.135733,
            46.384432
          ],
          [
            7.135733,
            46.384438
          ],
          [
            7.135736,
            46.384437
          ],
          [
            7.135732,
            46.384441
          ],
          [
            7.135738,
            46.384439
          ],
          [
            7.135739,
            46.38444
          ],
          [
            7.135727,
            46.384447
          ],
          [
            7.135743,
            46.384452
          ],
          [
            7.135742,
            46.384445
          ],
          [
            7.135741,
            46.384446
          ],
          [
            7.135742,
            46.384443
          ],
          [
            7.135742,
            46.384436
          ],
          [
            7.135743,
            46.384431
          ],
          [
            7.135748,
            46.384438
          ],
          [
            7.135755,
            46.384433
          ],
          [
            7.135746,
            46.38443
          ],
          [
            7.135744,
            46.384427
          ],
          [
            7.135748,
            46.384424
          ],
          [
            7.135753,
            46.384422
          ],
          [
            7.135754,
            46.384425
          ],
          [
            7.135764,
            46.384419
          ],
          [
            7.135772,
            46.384415
          ],
          [
            7.135774,
            46.384415
          ],
          [
            7.135771,
            46.38442
          ],
          [
            7.135767,
            46.384422
          ],
          [
            7.135776,
            46.384424
          ],
          [
            7.135751,
            46.384427
          ],
          [
            7.135752,
            46.384429
          ],
          [
            7.135774,
            46.384433
          ],
          [
            7.135787,
            46.38443
          ],
          [
            7.135785,
            46.384414
          ],
          [
            7.135784,
            46.384412
          ],
          [
            7.13579,
            46.384414
          ],
          [
            7.135802,
            46.384416
          ],
          [
            7.135804,
            46.384411
          ],
          [
            7.135813,
            46.384411
          ],
          [
            7.135808,
            46.384413
          ],
          [
            7.135838,
            46.384408
          ],
          [
            7.135824,
            46.384411
          ],
          [
            7.135817,
            46.384412
          ],
          [
            7.135818,
            46.384411
          ],
          [
            7.135807,
            46.384414
          ],
          [
            7.135807,
            46.384416
          ],
          [
            7.135814,
            46.384418
          ],
          [
            7.135827,
            46.384417
          ],
          [
            7.135823,
            46.384415
          ],
          [
            7.135822,
            46.384402
          ],
          [
            7.135827,
            46.3844
          ],
          [
            7.135831,
            46.3844
          ],
          [
            7.135832,
            46.384401
          ],
          [
            7.135854,
            46.384385
          ],
          [
            7.135858,
            46.384375
          ],
          [
            7.135849,
            46.384378
          ],
          [
            7.135841,
            46.384373
          ],
          [
            7.135839,
            46.384378
          ],
          [
            7.13584,
            46.384377
          ],
          [
            7.135849,
            46.384368
          ],
          [
            7.135857,
            46.38437
          ],
          [
            7.13585,
            46.384369
          ],
          [
            7.135831,
            46.384365
          ],
          [
            7.135826,
            46.384365
          ],
          [
            7.135823,
            46.38437
          ],
          [
            7.135823,
            46.384371
          ],
          [
            7.135827,
            46.384371
          ],
          [
            7.135825,
            46.384371
          ],
          [
            7.135825,
            46.384372
          ],
          [
            7.135828,
            46.384371
          ],
          [
            7.135824,
            46.384372
          ],
          [
            7.135826,
            46.384371
          ],
          [
            7.135845,
            46.384367
          ],
          [
            7.135846,
            46.384373
          ],
          [
            7.135848,
            46.384368
          ],
          [
            7.135852,
            46.384367
          ],
          [
            7.135855,
            46.384365
          ],
          [
            7.135857,
            46.384365
          ],
          [
            7.135857,
            46.384363
          ],
          [
            7.13586,
            46.384363
          ],
          [
            7.135865,
            46.384356
          ],
          [
            7.135856,
            46.384364
          ],
          [
            7.135854,
            46.384363
          ],
          [
            7.135861,
            46.384352
          ],
          [
            7.135873,
            46.384337
          ],
          [
            7.135878,
            46.384339
          ],
          [
            7.13588,
            46.384344
          ],
          [
            7.135882,
            46.384346
          ],
          [
            7.135876,
            46.384366
          ],
          [
            7.135874,
            46.384369
          ],
          [
            7.135875,
            46.384371
          ],
          [
            7.135875,
            46.384372
          ],
          [
            7.13589,
            46.384375
          ],
          [
            7.135892,
            46.384371
          ],
          [
            7.135892,
            46.38436
          ],
          [
            7.135885,
            46.384363
          ],
          [
            7.135891,
            46.384358
          ],
          [
            7.135901,
            46.384353
          ],
          [
            7.135905,
            46.384352
          ],
          [
            7.135883,
            46.38434
          ],
          [
            7.135868,
            46.384352
          ],
          [
            7.135858,
            46.38436
          ],
          [
            7.135844,
            46.384379
          ],
          [
            7.135862,
            46.384366
          ],
          [
            7.135866,
            46.384363
          ],
          [
            7.135861,
            46.384365
          ],
          [
            7.135862,
            46.384358
          ],
          [
            7.135885,
            46.384339
          ],
          [
            7.135876,
            46.384319
          ],
          [
            7.135876,
            46.384317
          ],
          [
            7.135876,
            46.384315
          ],
          [
            7.135875,
            46.384314
          ],
          [
            7.135875,
            46.384312
          ],
          [
            7.135871,
            46.384318
          ],
          [
            7.135867,
            46.384323
          ],
          [
            7.135862,
            46.384333
          ],
          [
            7.13586,
            46.384339
          ],
          [
            7.13586,
            46.384344
          ],
          [
            7.135868,
            46.38435
          ],
          [
            7.135866,
            46.384349
          ],
          [
            7.135863,
            46.38435
          ],
          [
            7.135865,
            46.384346
          ],
          [
            7.13587,
            46.384343
          ],
          [
            7.135868,
            46.384341
          ],
          [
            7.135873,
            46.38434
          ],
          [
            7.135883,
            46.384318
          ],
          [
            7.135887,
            46.384314
          ],
          [
            7.135896,
            46.384315
          ],
          [
            7.135896,
            46.384314
          ],
          [
            7.1359,
            46.384312
          ],
          [
            7.135898,
            46.384315
          ],
          [
            7.135892,
            46.384317
          ],
          [
            7.135891,
            46.384314
          ],
          [
            7.135893,
            46.384318
          ],
          [
            7.1359,
            46.384317
          ],
          [
            7.13591,
            46.384313
          ],
          [
            7.135907,
            46.384317
          ],
          [
            7.135905,
            46.384312
          ],
          [
            7.135895,
            46.38431
          ],
          [
            7.135888,
            46.384306
          ],
          [
            7.13589,
            46.384301
          ],
          [
            7.135897,
            46.384285
          ],
          [
            7.135889,
            46.384289
          ],
          [
            7.135865,
            46.38429
          ],
          [
            7.135852,
            46.38431
          ],
          [
            7.135855,
            46.384309
          ],
          [
            7.135859,
            46.384311
          ],
          [
            7.13586,
            46.38431
          ],
          [
            7.135862,
            46.384305
          ],
          [
            7.135878,
            46.384298
          ],
          [
            7.135886,
            46.384303
          ],
          [
            7.135855,
            46.384292
          ],
          [
            7.135842,
            46.384295
          ],
          [
            7.135849,
            46.384296
          ],
          [
            7.13586,
            46.384304
          ],
          [
            7.135869,
            46.384299
          ],
          [
            7.135882,
            46.384291
          ],
          [
            7.135891,
            46.384292
          ],
          [
            7.135903,
            46.384301
          ],
          [
            7.135911,
            46.384308
          ],
          [
            7.135915,
            46.384323
          ],
          [
            7.13595,
            46.384345
          ],
          [
            7.135943,
            46.384341
          ],
          [
            7.135959,
            46.384342
          ],
          [
            7.135952,
            46.384337
          ],
          [
            7.135935,
            46.38432
          ],
          [
            7.135925,
            46.384313
          ],
          [
            7.13592,
            46.384304
          ],
          [
            7.135919,
            46.384305
          ],
          [
            7.13591,
            46.384306
          ],
          [
            7.135912,
            46.384304
          ],
          [
            7.135907,
            46.384301
          ],
          [
            7.135917,
            46.3843
          ],
          [
            7.135904,
            46.384296
          ],
          [
            7.135905,
            46.384289
          ],
          [
            7.135896,
            46.384283
          ],
          [
            7.135891,
            46.384277
          ],
          [
            7.135892,
            46.384278
          ],
          [
            7.135901,
            46.38428
          ],
          [
            7.135901,
            46.384282
          ],
          [
            7.135905,
            46.384283
          ],
          [
            7.135906,
            46.384282
          ],
          [
            7.135904,
            46.38428
          ],
          [
            7.135901,
            46.384279
          ],
          [
            7.135902,
            46.384277
          ],
          [
            7.135909,
            46.384275
          ],
          [
            7.135909,
            46.384275
          ],
          [
            7.13592,
            46.384271
          ],
          [
            7.135926,
            46.384269
          ],
          [
            7.135921,
            46.38427
          ],
          [
            7.135909,
            46.384274
          ],
          [
            7.13591,
            46.384276
          ],
          [
            7.135927,
            46.38428
          ],
          [
            7.135931,
            46.384281
          ],
          [
            7.135937,
            46.384292
          ],
          [
            7.135937,
            46.384293
          ],
          [
            7.135936,
            46.384288
          ],
          [
            7.135937,
            46.384287
          ],
          [
            7.135946,
            46.384289
          ],
          [
            7.135954,
            46.384288
          ],
          [
            7.135956,
            46.384285
          ],
          [
            7.13594,
            46.384291
          ],
          [
            7.135957,
            46.384263
          ],
          [
            7.135957,
            46.38426
          ],
          [
            7.135958,
            46.384256
          ],
          [
            7.135963,
            46.384252
          ],
          [
            7.135968,
            46.384252
          ],
          [
            7.135974,
            46.384248
          ],
          [
            7.135974,
            46.384249
          ],
          [
            7.135972,
            46.384247
          ],
          [
            7.135971,
            46.384245
          ],
          [
            7.135972,
            46.384242
          ],
          [
            7.135972,
            46.384265
          ],
          [
            7.135977,
            46.384273
          ],
          [
            7.135978,
            46.38427
          ],
          [
            7.135975,
            46.384267
          ],
          [
            7.135977,
            46.38427
          ],
          [
            7.135975,
            46.384269
          ],
          [
            7.135984,
            46.384272
          ],
          [
            7.135978,
            46.384283
          ],
          [
            7.135974,
            46.384284
          ],
          [
            7.135963,
            46.384288
          ],
          [
            7.135968,
            46.38428
          ],
          [
            7.135966,
            46.384284
          ],
          [
            7.135964,
            46.384289
          ],
          [
            7.135978,
            46.384281
          ],
          [
            7.135983,
            46.384249
          ],
          [
            7.135986,
            46.384231
          ],
          [
            7.135975,
            46.384231
          ],
          [
            7.135966,
            46.38423
          ],
          [
            7.135974,
            46.38423
          ],
          [
            7.135966,
            46.384233
          ],
          [
            7.135962,
            46.384235
          ],
          [
            7.135948,
            46.384237
          ],
          [
            7.135952,
            46.384241
          ],
          [
            7.135966,
            46.384244
          ],
          [
            7.135987,
            46.384246
          ],
          [
            7.136005,
            46.384262
          ],
          [
            7.136034,
            46.384268
          ],
          [
            7.136042,
            46.384266
          ],
          [
            7.136034,
            46.384249
          ],
          [
            7.136035,
            46.38424
          ],
          [
            7.13604,
            46.38423
          ],
          [
            7.13603,
            46.384222
          ],
          [
            7.136019,
            46.384213
          ],
          [
            7.136033,
            46.384223
          ],
          [
            7.136032,
            46.384224
          ],
          [
            7.136026,
            46.38421
          ],
          [
            7.136024,
            46.3842
          ],
          [
            7.136023,
            46.384191
          ],
          [
            7.136024,
            46.384197
          ],
          [
            7.136025,
            46.384203
          ],
          [
            7.13603,
            46.384202
          ],
          [
            7.136033,
            46.384205
          ],
          [
            7.136035,
            46.384203
          ],
          [
            7.136038,
            46.384213
          ],
          [
            7.136042,
            46.384225
          ],
          [
            7.136034,
            46.384213
          ],
          [
            7.136029,
            46.384203
          ],
          [
            7.136031,
            46.384194
          ],
          [
            7.136034,
            46.384192
          ],
          [
            7.13604,
            46.384201
          ],
          [
            7.136049,
            46.384213
          ],
          [
            7.136056,
            46.384217
          ],
          [
            7.136057,
            46.38422
          ],
          [
            7.136055,
            46.384222
          ],
          [
            7.136055,
            46.384227
          ],
          [
            7.136053,
            46.384219
          ],
          [
            7.136042,
            46.384201
          ],
          [
            7.136021,
            46.384181
          ],
          [
            7.136052,
            46.384202
          ],
          [
            7.136056,
            46.384206
          ],
          [
            7.136025,
            46.38418
          ],
          [
            7.136003,
            46.384185
          ],
          [
            7.136009,
            46.384189
          ],
          [
            7.136029,
            46.384199
          ],
          [
            7.136071,
            46.384204
          ],
          [
            7.136065,
            46.384217
          ],
          [
            7.136066,
            46.384224
          ],
          [
            7.136066,
            46.384223
          ],
          [
            7.136048,
            46.38422
          ],
          [
            7.136045,
            46.384216
          ],
          [
            7.136071,
            46.384218
          ],
          [
            7.136071,
            46.384224
          ],
          [
            7.13607,
            46.384223
          ],
          [
            7.136072,
            46.384221
          ],
          [
            7.136074,
            46.384219
          ],
          [
            7.136071,
            46.384217
          ],
          [
            7.136068,
            46.384219
          ],
          [
            7.136073,
            46.384207
          ],
          [
            7.13606,
            46.384193
          ],
          [
            7.136059,
            46.384183
          ],
          [
            7.136045,
            46.384173
          ],
          [
            7.136046,
            46.384177
          ],
          [
            7.136044,
            46.384186
          ],
          [
            7.136047,
            46.38419
          ],
          [
            7.13605,
            46.384197
          ],
          [
            7.136044,
            46.384195
          ],
          [
            7.136042,
            46.384195
          ],
          [
            7.136041,
            46.384191
          ],
          [
            7.136039,
            46.384192
          ],
          [
            7.136036,
            46.384191
          ],
          [
            7.136041,
            46.384178
          ],
          [
            7.136053,
            46.384165
          ],
          [
            7.136065,
            46.384174
          ],
          [
            7.136067,
            46.384171
          ],
          [
            7.136061,
            46.384167
          ],
          [
            7.136057,
            46.384166
          ],
          [
            7.136053,
            46.384159
          ],
          [
            7.136055,
            46.384159
          ],
          [
            7.136049,
            46.384148
          ],
          [
            7.136052,
            46.38415
          ],
          [
            7.136051,
            46.384154
          ],
          [
            7.136051,
            46.384155
          ],
          [
            7.136049,
            46.38415
          ],
          [
            7.136049,
            46.384152
          ],
          [
            7.136049,
            46.384156
          ],
          [
            7.136066,
            46.384167
          ],
          [
            7.136087,
            46.384176
          ],
          [
            7.136077,
            46.384185
          ],
          [
            7.136083,
            46.384191
          ],
          [
            7.136084,
            46.384172
          ],
          [
            7.1361,
            46.384166
          ],
          [
            7.136102,
            46.384169
          ],
          [
            7.136104,
            46.384171
          ],
          [
            7.136105,
            46.384165
          ],
          [
            7.136108,
            46.384177
          ],
          [
            7.136107,
            46.38418
          ],
          [
            7.136101,
            46.384176
          ],
          [
            7.136104,
            46.38418
          ],
          [
            7.136103,
            46.384178
          ],
          [
            7.136098,
            46.384174
          ],
          [
            7.136099,
            46.384172
          ],
          [
            7.136105,
            46.384167
          ],
          [
            7.136103,
            46.384164
          ],
          [
            7.136101,
            46.384152
          ],
          [
            7.136102,
            46.384151
          ],
          [
            7.136096,
            46.384147
          ],
          [
            7.136099,
            46.384142
          ],
          [
            7.136099,
            46.384144
          ],
          [
            7.136102,
            46.384141
          ],
          [
            7.136105,
            46.384127
          ],
          [
            7.136104,
            46.384125
          ],
          [
            7.136106,
            46.384114
          ],
          [
            7.13612,
            46.384113
          ],
          [
            7.136145,
            46.384115
          ],
          [
            7.136158,
            46.384125
          ],
          [
            7.136157,
            46.384129
          ],
          [
            7.136154,
            46.384131
          ],
          [
            7.136149,
            46.38413
          ],
          [
            7.136153,
            46.384131
          ],
          [
            7.136156,
            46.384134
          ],
          [
            7.136159,
            46.384134
          ],
          [
            7.136141,
            46.38413
          ],
          [
            7.136127,
            46.384131
          ],
          [
            7.136127,
            46.384131
          ],
          [
            7.136118,
            46.384134
          ],
          [
            7.136109,
            46.384107
          ],
          [
            7.136107,
            46.384106
          ],
          [
            7.136108,
            46.384099
          ],
          [
            7.136111,
            46.3841
          ],
          [
            7.136112,
            46.384105
          ],
          [
            7.136114,
            46.384105
          ],
          [
            7.136125,
            46.384106
          ],
          [
            7.136125,
            46.384103
          ],
          [
            7.136146,
            46.384099
          ],
          [
            7.136146,
            46.384101
          ],
          [
            7.136141,
            46.384103
          ],
          [
            7.136145,
            46.384112
          ],
          [
            7.136147,
            46.384115
          ],
          [
            7.13615,
            46.384118
          ],
          [
            7.136136,
            46.384122
          ],
          [
            7.136132,
            46.384126
          ],
          [
            7.136133,
            46.384126
          ],
          [
            7.136131,
            46.384129
          ],
          [
            7.136133,
            46.384131
          ],
          [
            7.136134,
            46.38413
          ],
          [
            7.136135,
            46.38413
          ],
          [
            7.136138,
            46.384131
          ],
          [
            7.136139,
            46.384138
          ],
          [
            7.136136,
            46.384144
          ],
          [
            7.136133,
            46.384139
          ],
          [
            7.136129,
            46.384138
          ],
          [
            7.136128,
            46.384133
          ],
          [
            7.13613,
            46.38413
          ],
          [
            7.136134,
            46.384128
          ],
          [
            7.136131,
            46.384124
          ],
          [
            7.13613,
            46.384123
          ],
          [
            7.13613,
            46.384112
          ],
          [
            7.136145,
            46.384111
          ],
          [
            7.136153,
            46.384118
          ],
          [
            7.136155,
            46.384112
          ],
          [
            7.13615,
            46.384108
          ],
          [
            7.136146,
            46.384104
          ],
          [
            7.136147,
            46.384095
          ],
          [
            7.136135,
            46.384092
          ],
          [
            7.136151,
            46.384084
          ],
          [
            7.136153,
            46.384085
          ],
          [
            7.13616,
            46.384081
          ],
          [
            7.136161,
            46.384081
          ],
          [
            7.136161,
            46.384084
          ],
          [
            7.136161,
            46.384088
          ],
          [
            7.136161,
            46.384082
          ],
          [
            7.136161,
            46.384084
          ],
          [
            7.13616,
            46.384083
          ],
          [
            7.13616,
            46.384086
          ],
          [
            7.136159,
            46.384087
          ],
          [
            7.136159,
            46.384087
          ],
          [
            7.136158,
            46.384088
          ],
          [
            7.136157,
            46.384091
          ],
          [
            7.136155,
            46.38409
          ],
          [
            7.136152,
            46.384081
          ],
          [
            7.136148,
            46.384073
          ],
          [
            7.136145,
            46.384074
          ],
          [
            7.136144,
            46.384075
          ],
          [
            7.136142,
            46.384076
          ],
          [
            7.136133,
            46.384057
          ],
          [
            7.136131,
            46.384051
          ],
          [
            7.136135,
            46.384052
          ],
          [
            7.13614,
            46.384065
          ],
          [
            7.13615,
            46.38408
          ],
          [
            7.136163,
            46.384085
          ],
          [
            7.136166,
            46.384084
          ],
          [
            7.136167,
            46.384082
          ],
          [
            7.136168,
            46.384078
          ],
          [
            7.136176,
            46.384076
          ],
          [
            7.136158,
            46.384057
          ],
          [
            7.136163,
            46.384048
          ],
          [
            7.136196,
            46.384077
          ],
          [
            7.136197,
            46.384082
          ],
          [
            7.136186,
            46.384065
          ],
          [
            7.13617,
            46.384033
          ],
          [
            7.136168,
            46.384027
          ],
          [
            7.136168,
            46.384026
          ],
          [
            7.136172,
            46.384032
          ],
          [
            7.13619,
            46.384052
          ],
          [
            7.13619,
            46.384056
          ],
          [
            7.136192,
            46.384057
          ],
          [
            7.136194,
            46.384058
          ],
          [
            7.136195,
            46.384051
          ],
          [
            7.136196,
            46.384036
          ],
          [
            7.136198,
            46.384034
          ],
          [
            7.136192,
            46.38404
          ],
          [
            7.13619,
            46.384039
          ],
          [
            7.136178,
            46.384052
          ],
          [
            7.136176,
            46.384057
          ],
          [
            7.136179,
            46.384058
          ],
          [
            7.136182,
            46.384058
          ],
          [
            7.136183,
            46.384054
          ],
          [
            7.13618,
            46.384032
          ],
          [
            7.136178,
            46.384025
          ],
          [
            7.136176,
            46.384011
          ],
          [
            7.136164,
            46.384008
          ],
          [
            7.136171,
            46.384027
          ],
          [
            7.136179,
            46.38404
          ],
          [
            7.13618,
            46.384041
          ],
          [
            7.136181,
            46.384041
          ],
          [
            7.13618,
            46.38404
          ],
          [
            7.13618,
            46.384042
          ],
          [
            7.136186,
            46.384046
          ],
          [
            7.136196,
            46.384047
          ],
          [
            7.136199,
            46.38405
          ],
          [
            7.136209,
            46.384025
          ],
          [
            7.136208,
            46.384026
          ],
          [
            7.136202,
            46.384027
          ],
          [
            7.136196,
            46.38403
          ],
          [
            7.136193,
            46.384029
          ],
          [
            7.136192,
            46.384028
          ],
          [
            7.136194,
            46.384024
          ],
          [
            7.136197,
            46.384021
          ],
          [
            7.136197,
            46.38402
          ],
          [
            7.136197,
            46.384018
          ],
          [
            7.136198,
            46.384016
          ],
          [
            7.136198,
            46.384015
          ],
          [
            7.136201,
            46.384013
          ],
          [
            7.136192,
            46.384028
          ],
          [
            7.136212,
            46.384056
          ],
          [
            7.136222,
            46.384056
          ],
          [
            7.136226,
            46.384056
          ],
          [
            7.136228,
            46.384055
          ],
          [
            7.136234,
            46.384054
          ],
          [
            7.13622,
            46.384037
          ],
          [
            7.13621,
            46.384029
          ],
          [
            7.136202,
            46.384005
          ],
          [
            7.136203,
            46.384007
          ],
          [
            7.136204,
            46.384011
          ],
          [
            7.136205,
            46.384014
          ],
          [
            7.136218,
            46.384018
          ],
          [
            7.136227,
            46.384019
          ],
          [
            7.136243,
            46.384024
          ],
          [
            7.136239,
            46.384026
          ],
          [
            7.136224,
            46.384017
          ],
          [
            7.136225,
            46.384012
          ],
          [
            7.136221,
            46.384011
          ],
          [
            7.136223,
            46.384012
          ],
          [
            7.136238,
            46.384013
          ],
          [
            7.136235,
            46.384012
          ],
          [
            7.136241,
            46.384013
          ],
          [
            7.136245,
            46.384013
          ],
          [
            7.136241,
            46.384014
          ],
          [
            7.13626,
            46.384018
          ],
          [
            7.136251,
            46.384016
          ],
          [
            7.136214,
            46.384008
          ],
          [
            7.136211,
            46.384017
          ],
          [
            7.136218,
            46.384019
          ],
          [
            7.136218,
            46.384019
          ],
          [
            7.136213,
            46.384011
          ],
          [
            7.136212,
            46.384011
          ],
          [
            7.136211,
            46.38401
          ],
          [
            7.136212,
            46.384011
          ],
          [
            7.136218,
            46.384013
          ],
          [
            7.136218,
            46.384013
          ],
          [
            7.136219,
            46.384011
          ],
          [
            7.136223,
            46.38401
          ],
          [
            7.136229,
            46.384013
          ],
          [
            7.136232,
            46.384019
          ],
          [
            7.136234,
            46.384025
          ],
          [
            7.136236,
            46.384037
          ],
          [
            7.13623,
            46.384037
          ],
          [
            7.136228,
            46.384027
          ],
          [
            7.13623,
            46.384026
          ],
          [
            7.136233,
            46.384023
          ],
          [
            7.136233,
            46.384013
          ],
          [
            7.13623,
            46.38401
          ],
          [
            7.136228,
            46.384011
          ],
          [
            7.136227,
            46.384011
          ],
          [
            7.136223,
            46.384006
          ],
          [
            7.136219,
            46.384002
          ],
          [
            7.13621,
            46.383997
          ],
          [
            7.136217,
            46.384012
          ],
          [
            7.136212,
            46.384012
          ],
          [
            7.13621,
            46.384015
          ],
          [
            7.136223,
            46.384013
          ],
          [
            7.136219,
            46.384018
          ],
          [
            7.136222,
            46.384008
          ],
          [
            7.136225,
            46.384011
          ],
          [
            7.136224,
            46.384013
          ],
          [
            7.136227,
            46.384017
          ],
          [
            7.136228,
            46.384023
          ],
          [
            7.136233,
            46.384031
          ],
          [
            7.136246,
            46.384045
          ],
          [
            7.136243,
            46.384042
          ],
          [
            7.136236,
            46.384033
          ],
          [
            7.136229,
            46.384026
          ],
          [
            7.136231,
            46.384032
          ],
          [
            7.136215,
            46.38402
          ],
          [
            7.136214,
            46.384014
          ],
          [
            7.136216,
            46.384011
          ],
          [
            7.136209,
            46.384015
          ],
          [
            7.136206,
            46.384015
          ],
          [
            7.136199,
            46.384023
          ],
          [
            7.136221,
            46.384007
          ],
          [
            7.136222,
            46.38401
          ],
          [
            7.136222,
            46.38401
          ],
          [
            7.136225,
            46.384008
          ],
          [
            7.136218,
            46.384011
          ],
          [
            7.136218,
            46.384004
          ],
          [
            7.136216,
            46.384004
          ],
          [
            7.136214,
            46.384006
          ],
          [
            7.136212,
            46.384012
          ],
          [
            7.136208,
            46.384012
          ],
          [
            7.136209,
            46.384003
          ],
          [
            7.136209,
            46.384
          ],
          [
            7.136208,
            46.384
          ],
          [
            7.136206,
            46.383996
          ],
          [
            7.136205,
            46.383994
          ],
          [
            7.136208,
            46.383993
          ],
          [
            7.136209,
            46.383999
          ],
          [
            7.13621,
            46.384003
          ],
          [
            7.136214,
            46.384017
          ],
          [
            7.136215,
            46.384027
          ],
          [
            7.136224,
            46.384058
          ],
          [
            7.136228,
            46.384066
          ],
          [
            7.136234,
            46.384078
          ],
          [
            7.136244,
            46.384073
          ],
          [
            7.136262,
            46.38408
          ],
          [
            7.136266,
            46.384059
          ],
          [
            7.136275,
            46.384064
          ],
          [
            7.136274,
            46.384058
          ],
          [
            7.13627,
            46.384067
          ],
          [
            7.136265,
            46.38407
          ],
          [
            7.136262,
            46.384083
          ],
          [
            7.136251,
            46.384093
          ],
          [
            7.136241,
            46.384067
          ],
          [
            7.136217,
            46.384051
          ],
          [
            7.136208,
            46.384044
          ],
          [
            7.136198,
            46.384038
          ],
          [
            7.136202,
            46.384039
          ],
          [
            7.136206,
            46.384053
          ],
          [
            7.136215,
            46.384051
          ],
          [
            7.136222,
            46.384063
          ],
          [
            7.136215,
            46.384074
          ],
          [
            7.136227,
            46.384076
          ],
          [
            7.136238,
            46.384071
          ],
          [
            7.136236,
            46.384069
          ],
          [
            7.136237,
            46.384068
          ],
          [
            7.136231,
            46.384065
          ],
          [
            7.136225,
            46.384061
          ],
          [
            7.136223,
            46.384059
          ],
          [
            7.136224,
            46.384043
          ],
          [
            7.136228,
            46.384039
          ],
          [
            7.136231,
            46.384004
          ],
          [
            7.136225,
            46.383995
          ],
          [
            7.136222,
            46.383997
          ],
          [
            7.136218,
            46.383998
          ],
          [
            7.136213,
            46.383999
          ],
          [
            7.136215,
            46.384011
          ],
          [
            7.136216,
            46.384014
          ],
          [
            7.136218,
            46.384017
          ],
          [
            7.136216,
            46.384015
          ],
          [
            7.136214,
            46.38401
          ],
          [
            7.136213,
            46.38401
          ],
          [
            7.136209,
            46.384007
          ],
          [
            7.136208,
            46.384005
          ],
          [
            7.136205,
            46.384002
          ],
          [
            7.136204,
            46.384
          ],
          [
            7.136199,
            46.383996
          ],
          [
            7.136198,
            46.383999
          ],
          [
            7.13619,
            46.383997
          ],
          [
            7.1362,
            46.384007
          ],
          [
            7.1362,
            46.384008
          ],
          [
            7.136205,
            46.384009
          ],
          [
            7.136207,
            46.38401
          ],
          [
            7.136204,
            46.384006
          ],
          [
            7.136205,
            46.384011
          ],
          [
            7.136204,
            46.384011
          ],
          [
            7.136198,
            46.384007
          ],
          [
            7.136196,
            46.384007
          ],
          [
            7.136194,
            46.384004
          ],
          [
            7.136187,
            46.383992
          ],
          [
            7.136197,
            46.384002
          ],
          [
            7.136196,
            46.384016
          ],
          [
            7.136205,
            46.38402
          ],
          [
            7.136215,
            46.384022
          ],
          [
            7.136219,
            46.384025
          ],
          [
            7.136222,
            46.384035
          ],
          [
            7.136218,
            46.384034
          ],
          [
            7.13622,
            46.384036
          ],
          [
            7.136219,
            46.384037
          ],
          [
            7.136219,
            46.384035
          ],
          [
            7.136212,
            46.384032
          ],
          [
            7.136204,
            46.384025
          ],
          [
            7.136205,
            46.384025
          ],
          [
            7.136204,
            46.384025
          ],
          [
            7.136205,
            46.384024
          ],
          [
            7.136207,
            46.384022
          ],
          [
            7.13622,
            46.384031
          ],
          [
            7.136223,
            46.38403
          ],
          [
            7.136222,
            46.384053
          ],
          [
            7.136228,
            46.384059
          ],
          [
            7.136229,
            46.384063
          ],
          [
            7.136222,
            46.384056
          ],
          [
            7.136224,
            46.384056
          ],
          [
            7.136223,
            46.384058
          ],
          [
            7.13622,
            46.384055
          ],
          [
            7.136216,
            46.384052
          ],
          [
            7.136206,
            46.384034
          ],
          [
            7.136199,
            46.384025
          ],
          [
            7.136198,
            46.384025
          ],
          [
            7.136201,
            46.384019
          ],
          [
            7.136202,
            46.384019
          ],
          [
            7.136209,
            46.38401
          ],
          [
            7.136217,
            46.384029
          ],
          [
            7.136228,
            46.384035
          ],
          [
            7.136227,
            46.384017
          ],
          [
            7.136216,
            46.383975
          ],
          [
            7.136216,
            46.383973
          ],
          [
            7.136224,
            46.383973
          ],
          [
            7.136229,
            46.383969
          ],
          [
            7.136248,
            46.383981
          ],
          [
            7.136261,
            46.383974
          ],
          [
            7.136274,
            46.383988
          ],
          [
            7.13628,
            46.384009
          ],
          [
            7.136285,
            46.384028
          ],
          [
            7.136288,
            46.384035
          ],
          [
            7.136288,
            46.384025
          ],
          [
            7.136281,
            46.384033
          ],
          [
            7.13627,
            46.384019
          ],
          [
            7.136269,
            46.384027
          ],
          [
            7.136272,
            46.384021
          ],
          [
            7.136264,
            46.38405
          ],
          [
            7.13626,
            46.38407
          ],
          [
            7.136257,
            46.384076
          ],
          [
            7.136254,
            46.384079
          ],
          [
            7.13625,
            46.384066
          ],
          [
            7.136246,
            46.384068
          ],
          [
            7.136242,
            46.384064
          ],
          [
            7.136238,
            46.38406
          ],
          [
            7.136239,
            46.38406
          ],
          [
            7.136241,
            46.384057
          ],
          [
            7.136241,
            46.384051
          ],
          [
            7.136231,
            46.38408
          ],
          [
            7.136228,
            46.384067
          ],
          [
            7.136227,
            46.384057
          ],
          [
            7.136228,
            46.384058
          ],
          [
            7.136233,
            46.384056
          ],
          [
            7.136235,
            46.384054
          ],
          [
            7.136236,
            46.384049
          ],
          [
            7.136237,
            46.384042
          ],
          [
            7.136244,
            46.38405
          ],
          [
            7.136257,
            46.384031
          ],
          [
            7.13625,
            46.384009
          ],
          [
            7.136246,
            46.384007
          ],
          [
            7.136241,
            46.384003
          ],
          [
            7.136235,
            46.384003
          ],
          [
            7.136233,
            46.384004
          ],
          [
            7.136223,
            46.383988
          ],
          [
            7.136217,
            46.38398
          ],
          [
            7.136217,
            46.383975
          ],
          [
            7.13622,
            46.383975
          ],
          [
            7.136222,
            46.383982
          ],
          [
            7.136226,
            46.383987
          ],
          [
            7.136226,
            46.383989
          ],
          [
            7.136225,
            46.383997
          ],
          [
            7.136238,
            46.384014
          ],
          [
            7.136239,
            46.384012
          ],
          [
            7.136239,
            46.384014
          ],
          [
            7.136242,
            46.384016
          ],
          [
            7.136242,
            46.384012
          ],
          [
            7.13624,
            46.384003
          ],
          [
            7.136233,
            46.383998
          ],
          [
            7.136225,
            46.383986
          ],
          [
            7.13622,
            46.383984
          ],
          [
            7.136232,
            46.384
          ],
          [
            7.13624,
            46.38401
          ],
          [
            7.136242,
            46.383995
          ],
          [
            7.136247,
            46.383989
          ],
          [
            7.136244,
            46.383988
          ],
          [
            7.13624,
            46.383986
          ],
          [
            7.136238,
            46.383992
          ],
          [
            7.136235,
            46.383991
          ],
          [
            7.136236,
            46.383984
          ],
          [
            7.136239,
            46.383988
          ],
          [
            7.136224,
            46.383973
          ],
          [
            7.136227,
            46.383979
          ],
          [
            7.136231,
            46.383981
          ],
          [
            7.136234,
            46.383981
          ],
          [
            7.136241,
            46.383975
          ],
          [
            7.136236,
            46.383976
          ],
          [
            7.136249,
            46.383979
          ],
          [
            7.13626,
            46.383985
          ],
          [
            7.136267,
            46.384013
          ],
          [
            7.136254,
            46.384
          ],
          [
            7.136237,
            46.383973
          ],
          [
            7.136256,
            46.383982
          ],
          [
            7.136256,
            46.383968
          ],
          [
            7.136249,
            46.38395
          ],
          [
            7.136232,
            46.383933
          ],
          [
            7.136229,
            46.383929
          ],
          [
            7.136222,
            46.383923
          ],
          [
            7.136227,
            46.383965
          ],
          [
            7.136219,
            46.383977
          ],
          [
            7.136215,
            46.383978
          ],
          [
            7.136215,
            46.38398
          ],
          [
            7.136224,
            46.383999
          ],
          [
            7.136234,
            46.384018
          ],
          [
            7.13623,
            46.384018
          ],
          [
            7.13623,
            46.384016
          ],
          [
            7.136236,
            46.384015
          ],
          [
            7.136221,
            46.383985
          ],
          [
            7.136254,
            46.384011
          ],
          [
            7.136271,
            46.384019
          ],
          [
            7.136275,
            46.384023
          ],
          [
            7.136276,
            46.384035
          ],
          [
            7.136275,
            46.384045
          ],
          [
            7.136276,
            46.384047
          ],
          [
            7.136277,
            46.384047
          ],
          [
            7.136263,
            46.384036
          ],
          [
            7.136237,
            46.383993
          ],
          [
            7.13624,
            46.384
          ],
          [
            7.136241,
            46.384004
          ],
          [
            7.136243,
            46.384013
          ],
          [
            7.136252,
            46.384028
          ],
          [
            7.136243,
            46.384034
          ],
          [
            7.136248,
            46.384039
          ],
          [
            7.13625,
            46.384052
          ],
          [
            7.136251,
            46.384048
          ],
          [
            7.13625,
            46.384043
          ],
          [
            7.136262,
            46.384056
          ],
          [
            7.136256,
            46.384044
          ],
          [
            7.13626,
            46.38404
          ],
          [
            7.13625,
            46.384013
          ],
          [
            7.136248,
            46.383993
          ],
          [
            7.136255,
            46.383995
          ],
          [
            7.136266,
            46.383997
          ],
          [
            7.136266,
            46.384001
          ],
          [
            7.136271,
            46.384005
          ],
          [
            7.136269,
            46.384008
          ],
          [
            7.136263,
            46.384008
          ],
          [
            7.136268,
            46.384019
          ],
          [
            7.136247,
            46.384001
          ],
          [
            7.136246,
            46.384011
          ],
          [
            7.136228,
            46.383989
          ],
          [
            7.136219,
            46.383979
          ],
          [
            7.136224,
            46.383987
          ],
          [
            7.136219,
            46.383984
          ],
          [
            7.136217,
            46.383987
          ],
          [
            7.136215,
            46.383987
          ],
          [
            7.13621,
            46.383992
          ],
          [
            7.136208,
            46.383993
          ],
          [
            7.136208,
            46.384005
          ],
          [
            7.136205,
            46.384013
          ],
          [
            7.136204,
            46.384038
          ],
          [
            7.136206,
            46.384065
          ],
          [
            7.136205,
            46.384054
          ],
          [
            7.136217,
            46.384043
          ],
          [
            7.136217,
            46.384037
          ],
          [
            7.136221,
            46.384035
          ],
          [
            7.136222,
            46.384037
          ],
          [
            7.136234,
            46.384019
          ],
          [
            7.136237,
            46.384021
          ],
          [
            7.13624,
            46.384017
          ],
          [
            7.136232,
            46.384006
          ],
          [
            7.136232,
            46.384004
          ],
          [
            7.136238,
            46.38401
          ],
          [
            7.136243,
            46.384015
          ],
          [
            7.136244,
            46.384018
          ],
          [
            7.136245,
            46.384023
          ],
          [
            7.136236,
            46.384022
          ],
          [
            7.136239,
            46.384034
          ],
          [
            7.13623,
            46.384024
          ],
          [
            7.136229,
            46.384026
          ],
          [
            7.136229,
            46.384024
          ],
          [
            7.136229,
            46.384023
          ],
          [
            7.136229,
            46.38402
          ],
          [
            7.136222,
            46.383994
          ],
          [
            7.13623,
            46.383999
          ],
          [
            7.136231,
            46.383994
          ],
          [
            7.136228,
            46.383991
          ],
          [
            7.136237,
            46.383994
          ],
          [
            7.136246,
            46.384017
          ],
          [
            7.136244,
            46.384032
          ],
          [
            7.136244,
            46.384071
          ],
          [
            7.136218,
            46.384031
          ],
          [
            7.136232,
            46.384042
          ],
          [
            7.136234,
            46.384043
          ],
          [
            7.13624,
            46.384035
          ],
          [
            7.136227,
            46.383976
          ],
          [
            7.136226,
            46.383977
          ],
          [
            7.136231,
            46.383997
          ],
          [
            7.13623,
            46.384002
          ],
          [
            7.136217,
            46.383969
          ],
          [
            7.136215,
            46.383983
          ],
          [
            7.136218,
            46.383987
          ],
          [
            7.136219,
            46.383997
          ],
          [
            7.136218,
            46.383992
          ],
          [
            7.136229,
            46.384001
          ],
          [
            7.136235,
            46.383992
          ],
          [
            7.136237,
            46.383989
          ],
          [
            7.136232,
            46.383984
          ],
          [
            7.136233,
            46.383983
          ],
          [
            7.136232,
            46.383983
          ],
          [
            7.136228,
            46.383995
          ],
          [
            7.136226,
            46.383996
          ],
          [
            7.136225,
            46.383997
          ],
          [
            7.136224,
            46.383997
          ],
          [
            7.136223,
            46.383998
          ],
          [
            7.136224,
            46.384004
          ],
          [
            7.136224,
            46.384007
          ],
          [
            7.136224,
            46.384007
          ],
          [
            7.136227,
            46.384003
          ],
          [
            7.136222,
            46.384007
          ],
          [
            7.13622,
            46.383993
          ],
          [
            7.136215,
            46.383986
          ],
          [
            7.13621,
            46.383971
          ],
          [
            7.136207,
            46.383972
          ],
          [
            7.136205,
            46.383977
          ],
          [
            7.136203,
            46.383979
          ],
          [
            7.136201,
            46.383984
          ],
          [
            7.13619,
            46.383978
          ],
          [
            7.136182,
            46.383976
          ],
          [
            7.136179,
            46.383993
          ],
          [
            7.136207,
            46.384032
          ],
          [
            7.13623,
            46.384051
          ],
          [
            7.136222,
            46.384013
          ],
          [
            7.136252,
            46.384012
          ],
          [
            7.136304,
            46.383995
          ],
          [
            7.136285,
            46.383956
          ],
          [
            7.136281,
            46.383954
          ],
          [
            7.136275,
            46.383953
          ],
          [
            7.136274,
            46.383952
          ],
          [
            7.13627,
            46.383972
          ],
          [
            7.136259,
            46.383982
          ],
          [
            7.136249,
            46.383986
          ],
          [
            7.136233,
            46.38401
          ],
          [
            7.136228,
            46.384022
          ],
          [
            7.136219,
            46.384034
          ],
          [
            7.136215,
            46.384036
          ],
          [
            7.136227,
            46.384035
          ],
          [
            7.13621,
            46.384027
          ],
          [
            7.136217,
            46.384019
          ],
          [
            7.136215,
            46.383994
          ],
          [
            7.136198,
            46.383987
          ],
          [
            7.136197,
            46.383988
          ],
          [
            7.136195,
            46.383985
          ],
          [
            7.136202,
            46.384012
          ],
          [
            7.136202,
            46.384057
          ],
          [
            7.136205,
            46.384042
          ],
          [
            7.136201,
            46.384036
          ],
          [
            7.136192,
            46.384018
          ],
          [
            7.136197,
            46.383988
          ],
          [
            7.136208,
            46.383995
          ],
          [
            7.136211,
            46.38401
          ],
          [
            7.136219,
            46.384017
          ],
          [
            7.136229,
            46.384031
          ],
          [
            7.136234,
            46.384035
          ],
          [
            7.136237,
            46.384041
          ],
          [
            7.136242,
            46.384048
          ],
          [
            7.136241,
            46.384037
          ],
          [
            7.136242,
            46.384029
          ],
          [
            7.136242,
            46.384014
          ],
          [
            7.136234,
            46.383999
          ],
          [
            7.136232,
            46.383999
          ],
          [
            7.136233,
            46.383995
          ],
          [
            7.136236,
            46.383992
          ],
          [
            7.136247,
            46.38398
          ],
          [
            7.136234,
            46.38397
          ],
          [
            7.136214,
            46.383971
          ],
          [
            7.136211,
            46.383972
          ],
          [
            7.13621,
            46.383976
          ],
          [
            7.136199,
            46.383977
          ],
          [
            7.136205,
            46.384037
          ],
          [
            7.136226,
            46.384048
          ],
          [
            7.13623,
            46.384046
          ],
          [
            7.136234,
            46.384052
          ],
          [
            7.136234,
            46.384055
          ],
          [
            7.13622,
            46.384103
          ],
          [
            7.13619,
            46.384101
          ],
          [
            7.136188,
            46.3841
          ],
          [
            7.136184,
            46.384062
          ],
          [
            7.136193,
            46.38404
          ],
          [
            7.136199,
            46.384036
          ],
          [
            7.136204,
            46.384032
          ],
          [
            7.136199,
            46.384031
          ],
          [
            7.136195,
            46.38404
          ],
          [
            7.136223,
            46.384042
          ],
          [
            7.136225,
            46.384034
          ],
          [
            7.136226,
            46.38403
          ],
          [
            7.136227,
            46.384026
          ],
          [
            7.136215,
            46.384014
          ],
          [
            7.136224,
            46.384017
          ],
          [
            7.136239,
            46.384028
          ],
          [
            7.136252,
            46.384039
          ],
          [
            7.136256,
            46.384039
          ],
          [
            7.136238,
            46.384029
          ],
          [
            7.136238,
            46.384016
          ],
          [
            7.136223,
            46.384008
          ],
          [
            7.136219,
            46.384009
          ],
          [
            7.136212,
            46.384013
          ],
          [
            7.136211,
            46.384011
          ],
          [
            7.13621,
            46.384001
          ],
          [
            7.136205,
            46.383995
          ],
          [
            7.136206,
            46.383991
          ],
          [
            7.136205,
            46.383986
          ],
          [
            7.136201,
            46.383979
          ],
          [
            7.136211,
            46.383989
          ],
          [
            7.136214,
            46.384
          ],
          [
            7.136214,
            46.384001
          ],
          [
            7.136213,
            46.384008
          ],
          [
            7.136215,
            46.384011
          ],
          [
            7.136213,
            46.384012
          ],
          [
            7.136212,
            46.384014
          ],
          [
            7.136221,
            46.384024
          ],
          [
            7.136211,
            46.384022
          ],
          [
            7.136208,
            46.384025
          ],
          [
            7.136213,
            46.384031
          ],
          [
            7.13622,
            46.384027
          ],
          [
            7.136227,
            46.384026
          ],
          [
            7.136232,
            46.384022
          ],
          [
            7.136234,
            46.384017
          ],
          [
            7.136236,
            46.384011
          ],
          [
            7.136238,
            46.384009
          ],
          [
            7.136236,
            46.384009
          ],
          [
            7.136239,
            46.384011
          ],
          [
            7.136242,
            46.384002
          ],
          [
            7.136235,
            46.383995
          ],
          [
            7.136223,
            46.383996
          ],
          [
            7.136221,
            46.38399
          ],
          [
            7.136215,
            46.383992
          ],
          [
            7.136205,
            46.384002
          ],
          [
            7.136203,
            46.384005
          ],
          [
            7.136206,
            46.384001
          ],
          [
            7.136205,
            46.384003
          ],
          [
            7.136202,
            46.384005
          ],
          [
            7.136207,
            46.384008
          ],
          [
            7.136211,
            46.384007
          ],
          [
            7.13621,
            46.384014
          ],
          [
            7.136212,
            46.384018
          ],
          [
            7.136213,
            46.38402
          ],
          [
            7.136213,
            46.384023
          ],
          [
            7.136215,
            46.384016
          ],
          [
            7.13622,
            46.384021
          ],
          [
            7.136219,
            46.384022
          ],
          [
            7.13622,
            46.384024
          ],
          [
            7.13622,
            46.384022
          ],
          [
            7.13622,
            46.384015
          ],
          [
            7.136219,
            46.384011
          ],
          [
            7.136219,
            46.384007
          ],
          [
            7.136217,
            46.384
          ],
          [
            7.136215,
            46.383996
          ],
          [
            7.136211,
            46.383999
          ],
          [
            7.136208,
            46.384
          ],
          [
            7.136205,
            46.384
          ],
          [
            7.136205,
            46.383995
          ],
          [
            7.136205,
            46.383994
          ],
          [
            7.136203,
            46.383999
          ],
          [
            7.136203,
            46.384
          ],
          [
            7.136203,
            46.384002
          ],
          [
            7.136204,
            46.384005
          ],
          [
            7.13621,
            46.384021
          ],
          [
            7.136214,
            46.384025
          ],
          [
            7.136215,
            46.384022
          ],
          [
            7.136218,
            46.384008
          ],
          [
            7.136248,
            46.384011
          ],
          [
            7.136268,
            46.383994
          ],
          [
            7.136269,
            46.38399
          ],
          [
            7.136283,
            46.383964
          ],
          [
            7.136275,
            46.383951
          ],
          [
            7.136275,
            46.383952
          ],
          [
            7.136281,
            46.383962
          ],
          [
            7.136278,
            46.383962
          ],
          [
            7.136279,
            46.38396
          ],
          [
            7.13628,
            46.383964
          ],
          [
            7.136275,
            46.383961
          ],
          [
            7.136274,
            46.383964
          ],
          [
            7.136265,
            46.383958
          ],
          [
            7.136263,
            46.383949
          ],
          [
            7.136262,
            46.383951
          ],
          [
            7.136268,
            46.383959
          ],
          [
            7.136289,
            46.38396
          ],
          [
            7.136297,
            46.383963
          ],
          [
            7.136305,
            46.383955
          ],
          [
            7.136296,
            46.383946
          ],
          [
            7.136297,
            46.383937
          ],
          [
            7.136304,
            46.383934
          ],
          [
            7.136314,
            46.383936
          ],
          [
            7.136318,
            46.383941
          ],
          [
            7.136328,
            46.383966
          ],
          [
            7.136332,
            46.383967
          ],
          [
            7.136326,
            46.383967
          ],
          [
            7.136315,
            46.383964
          ],
          [
            7.136313,
            46.383966
          ],
          [
            7.136316,
            46.383959
          ],
          [
            7.136309,
            46.383964
          ],
          [
            7.13631,
            46.383965
          ],
          [
            7.136313,
            46.383964
          ],
          [
            7.136313,
            46.383964
          ],
          [
            7.136323,
            46.383962
          ],
          [
            7.136324,
            46.383966
          ],
          [
            7.136324,
            46.383969
          ],
          [
            7.136324,
            46.383972
          ],
          [
            7.136323,
            46.383974
          ],
          [
            7.136319,
            46.383973
          ],
          [
            7.136317,
            46.383975
          ],
          [
            7.136314,
            46.383974
          ],
          [
            7.136317,
            46.383979
          ],
          [
            7.136316,
            46.383986
          ],
          [
            7.136316,
            46.383988
          ],
          [
            7.136316,
            46.383991
          ],
          [
            7.136316,
            46.383994
          ],
          [
            7.136316,
            46.383996
          ],
          [
            7.136328,
            46.383988
          ],
          [
            7.136321,
            46.383986
          ],
          [
            7.136343,
            46.383969
          ],
          [
            7.136346,
            46.383968
          ],
          [
            7.136342,
            46.38396
          ],
          [
            7.136347,
            46.383949
          ],
          [
            7.136347,
            46.383945
          ],
          [
            7.136347,
            46.383943
          ],
          [
            7.136343,
            46.383943
          ],
          [
            7.136343,
            46.383941
          ],
          [
            7.136349,
            46.383943
          ],
          [
            7.136351,
            46.383939
          ],
          [
            7.136356,
            46.38394
          ],
          [
            7.136359,
            46.383939
          ],
          [
            7.136365,
            46.383942
          ],
          [
            7.136355,
            46.383945
          ],
          [
            7.136353,
            46.383944
          ],
          [
            7.136353,
            46.383948
          ],
          [
            7.136366,
            46.383951
          ],
          [
            7.136372,
            46.383946
          ],
          [
            7.136371,
            46.383949
          ],
          [
            7.136372,
            46.38395
          ],
          [
            7.136371,
            46.383952
          ],
          [
            7.136371,
            46.383954
          ],
          [
            7.136364,
            46.383949
          ],
          [
            7.136362,
            46.383945
          ],
          [
            7.136363,
            46.383945
          ],
          [
            7.136363,
            46.383944
          ],
          [
            7.136361,
            46.383947
          ],
          [
            7.136361,
            46.383948
          ],
          [
            7.136361,
            46.383954
          ],
          [
            7.136365,
            46.38396
          ],
          [
            7.136379,
            46.383957
          ],
          [
            7.136382,
            46.383962
          ],
          [
            7.136381,
            46.383962
          ],
          [
            7.13638,
            46.383961
          ],
          [
            7.136379,
            46.383959
          ],
          [
            7.136375,
            46.383956
          ],
          [
            7.136371,
            46.383955
          ],
          [
            7.136369,
            46.383958
          ],
          [
            7.136379,
            46.383965
          ],
          [
            7.136378,
            46.383966
          ],
          [
            7.136375,
            46.383967
          ],
          [
            7.136376,
            46.38397
          ],
          [
            7.136385,
            46.383988
          ],
          [
            7.136395,
            46.38398
          ],
          [
            7.13639,
            46.383974
          ],
          [
            7.136395,
            46.38397
          ],
          [
            7.136397,
            46.383974
          ],
          [
            7.136398,
            46.383969
          ],
          [
            7.136397,
            46.383965
          ],
          [
            7.136385,
            46.383965
          ],
          [
            7.136366,
            46.38396
          ],
          [
            7.136359,
            46.383943
          ],
          [
            7.136373,
            46.383949
          ],
          [
            7.136387,
            46.38395
          ],
          [
            7.13638,
            46.383945
          ],
          [
            7.136379,
            46.38395
          ],
          [
            7.136371,
            46.383953
          ],
          [
            7.136349,
            46.383956
          ],
          [
            7.136314,
            46.383975
          ],
          [
            7.136309,
            46.383986
          ],
          [
            7.13632,
            46.383991
          ],
          [
            7.136319,
            46.383982
          ],
          [
            7.136317,
            46.383978
          ],
          [
            7.136317,
            46.383974
          ],
          [
            7.136318,
            46.383975
          ],
          [
            7.136322,
            46.383982
          ],
          [
            7.136323,
            46.383982
          ],
          [
            7.136325,
            46.383987
          ],
          [
            7.136328,
            46.383989
          ],
          [
            7.136333,
            46.383974
          ],
          [
            7.136342,
            46.383966
          ],
          [
            7.136361,
            46.383952
          ],
          [
            7.136398,
            46.383952
          ],
          [
            7.13641,
            46.383952
          ],
          [
            7.136418,
            46.38395
          ],
          [
            7.136412,
            46.383939
          ],
          [
            7.136408,
            46.383937
          ],
          [
            7.136395,
            46.383931
          ],
          [
            7.136359,
            46.383886
          ],
          [
            7.136359,
            46.383901
          ],
          [
            7.136369,
            46.38391
          ],
          [
            7.13637,
            46.383924
          ],
          [
            7.136364,
            46.383929
          ],
          [
            7.136363,
            46.383963
          ],
          [
            7.136366,
            46.383959
          ],
          [
            7.136375,
            46.383958
          ],
          [
            7.136383,
            46.383966
          ],
          [
            7.136394,
            46.38395
          ],
          [
            7.136396,
            46.383956
          ],
          [
            7.136409,
            46.383982
          ],
          [
            7.136404,
            46.383992
          ],
          [
            7.136394,
            46.384023
          ],
          [
            7.13637,
            46.38402
          ],
          [
            7.136355,
            46.384007
          ],
          [
            7.136351,
            46.384
          ],
          [
            7.136348,
            46.383995
          ],
          [
            7.136348,
            46.383992
          ],
          [
            7.136348,
            46.383994
          ],
          [
            7.136347,
            46.383992
          ],
          [
            7.136347,
            46.38399
          ],
          [
            7.136346,
            46.383982
          ],
          [
            7.136347,
            46.383976
          ],
          [
            7.136378,
            46.383981
          ],
          [
            7.136385,
            46.383977
          ],
          [
            7.136386,
            46.38397
          ],
          [
            7.136381,
            46.38397
          ],
          [
            7.136379,
            46.383969
          ],
          [
            7.136379,
            46.383968
          ],
          [
            7.136378,
            46.383965
          ],
          [
            7.13638,
            46.383962
          ],
          [
            7.136385,
            46.383951
          ],
          [
            7.136388,
            46.383949
          ],
          [
            7.13639,
            46.383952
          ],
          [
            7.136392,
            46.383948
          ],
          [
            7.136385,
            46.383956
          ],
          [
            7.136382,
            46.383957
          ],
          [
            7.13638,
            46.38396
          ],
          [
            7.136377,
            46.383962
          ],
          [
            7.136376,
            46.38396
          ],
          [
            7.136375,
            46.383955
          ],
          [
            7.136373,
            46.383955
          ],
          [
            7.136371,
            46.383949
          ],
          [
            7.136354,
            46.38394
          ],
          [
            7.136387,
            46.383938
          ],
          [
            7.136383,
            46.383936
          ],
          [
            7.136383,
            46.383931
          ],
          [
            7.136389,
            46.383935
          ],
          [
            7.136391,
            46.383952
          ],
          [
            7.136377,
            46.383943
          ],
          [
            7.136374,
            46.383945
          ],
          [
            7.136372,
            46.383934
          ],
          [
            7.136366,
            46.383933
          ],
          [
            7.136361,
            46.383935
          ],
          [
            7.136362,
            46.383922
          ],
          [
            7.136375,
            46.383917
          ],
          [
            7.136391,
            46.383928
          ],
          [
            7.136394,
            46.383926
          ],
          [
            7.136405,
            46.38393
          ],
          [
            7.136398,
            46.383922
          ],
          [
            7.136372,
            46.383886
          ],
          [
            7.136372,
            46.383891
          ],
          [
            7.136375,
            46.383908
          ],
          [
            7.136376,
            46.383918
          ],
          [
            7.136375,
            46.383919
          ],
          [
            7.136366,
            46.38392
          ],
          [
            7.136363,
            46.383926
          ],
          [
            7.136374,
            46.383941
          ],
          [
            7.13637,
            46.383939
          ],
          [
            7.136366,
            46.383939
          ],
          [
            7.136377,
            46.383937
          ],
          [
            7.13639,
            46.383939
          ],
          [
            7.136384,
            46.383935
          ],
          [
            7.136384,
            46.383936
          ],
          [
            7.136385,
            46.383931
          ],
          [
            7.136402,
            46.383941
          ],
          [
            7.136397,
            46.383937
          ],
          [
            7.136396,
            46.383954
          ],
          [
            7.136397,
            46.38396
          ],
          [
            7.136402,
            46.383963
          ],
          [
            7.13639,
            46.383951
          ],
          [
            7.136391,
            46.383941
          ],
          [
            7.136384,
            46.383939
          ],
          [
            7.136375,
            46.383942
          ],
          [
            7.136374,
            46.383942
          ],
          [
            7.136372,
            46.383945
          ],
          [
            7.136351,
            46.383927
          ],
          [
            7.136342,
            46.383928
          ],
          [
            7.136343,
            46.383928
          ],
          [
            7.136339,
            46.383936
          ],
          [
            7.136336,
            46.383941
          ],
          [
            7.136336,
            46.38394
          ],
          [
            7.136339,
            46.383941
          ],
          [
            7.136341,
            46.383939
          ],
          [
            7.13634,
            46.383934
          ],
          [
            7.136351,
            46.383931
          ],
          [
            7.136359,
            46.383932
          ],
          [
            7.13637,
            46.383926
          ],
          [
            7.136382,
            46.383943
          ],
          [
            7.136387,
            46.383947
          ],
          [
            7.136388,
            46.383943
          ],
          [
            7.136396,
            46.383954
          ],
          [
            7.136401,
            46.383959
          ],
          [
            7.136416,
            46.383966
          ],
          [
            7.136425,
            46.383971
          ],
          [
            7.136442,
            46.383971
          ],
          [
            7.136458,
            46.383962
          ],
          [
            7.13646,
            46.383956
          ],
          [
            7.136439,
            46.383954
          ],
          [
            7.136433,
            46.383954
          ],
          [
            7.136421,
            46.383954
          ],
          [
            7.136395,
            46.383948
          ],
          [
            7.136387,
            46.383937
          ],
          [
            7.136389,
            46.383937
          ],
          [
            7.13639,
            46.383935
          ],
          [
            7.136389,
            46.383938
          ],
          [
            7.136388,
            46.38394
          ],
          [
            7.136386,
            46.383944
          ],
          [
            7.136388,
            46.383947
          ],
          [
            7.136388,
            46.383947
          ],
          [
            7.136394,
            46.383953
          ],
          [
            7.136406,
            46.383967
          ],
          [
            7.136386,
            46.383967
          ],
          [
            7.136407,
            46.383998
          ],
          [
            7.136422,
            46.383968
          ],
          [
            7.13639,
            46.38396
          ],
          [
            7.136401,
            46.383958
          ],
          [
            7.136405,
            46.383961
          ],
          [
            7.136405,
            46.383958
          ],
          [
            7.136406,
            46.383957
          ],
          [
            7.136407,
            46.383958
          ],
          [
            7.136419,
            46.383966
          ],
          [
            7.136426,
            46.383973
          ],
          [
            7.136428,
            46.383983
          ],
          [
            7.136408,
            46.383982
          ],
          [
            7.136399,
            46.383983
          ],
          [
            7.136413,
            46.383993
          ],
          [
            7.136431,
            46.383999
          ],
          [
            7.136435,
            46.383999
          ],
          [
            7.136451,
            46.384006
          ],
          [
            7.136454,
            46.384014
          ],
          [
            7.136476,
            46.384017
          ],
          [
            7.136485,
            46.384015
          ],
          [
            7.136483,
            46.384012
          ],
          [
            7.136466,
            46.384003
          ],
          [
            7.136458,
            46.383973
          ],
          [
            7.136465,
            46.383967
          ],
          [
            7.136465,
            46.383962
          ],
          [
            7.136466,
            46.383962
          ],
          [
            7.136465,
            46.383962
          ],
          [
            7.136461,
            46.383961
          ],
          [
            7.136447,
            46.383956
          ],
          [
            7.136443,
            46.383946
          ],
          [
            7.136423,
            46.383945
          ],
          [
            7.136417,
            46.383946
          ],
          [
            7.136419,
            46.383972
          ],
          [
            7.136453,
            46.384005
          ],
          [
            7.136493,
            46.384018
          ],
          [
            7.136473,
            46.384003
          ],
          [
            7.136486,
            46.38402
          ],
          [
            7.136495,
            46.384027
          ],
          [
            7.1365,
            46.384031
          ],
          [
            7.136497,
            46.384033
          ],
          [
            7.136496,
            46.384033
          ],
          [
            7.136507,
            46.384042
          ],
          [
            7.136509,
            46.384011
          ],
          [
            7.136522,
            46.384027
          ],
          [
            7.136518,
            46.384023
          ],
          [
            7.136509,
            46.384018
          ],
          [
            7.136501,
            46.38401
          ],
          [
            7.136493,
            46.384008
          ],
          [
            7.136491,
            46.384007
          ],
          [
            7.136486,
            46.384004
          ],
          [
            7.136479,
            46.383996
          ],
          [
            7.13647,
            46.383988
          ],
          [
            7.13646,
            46.383976
          ],
          [
            7.136451,
            46.38396
          ],
          [
            7.136446,
            46.383958
          ],
          [
            7.136441,
            46.383961
          ],
          [
            7.136433,
            46.383959
          ],
          [
            7.136425,
            46.383961
          ],
          [
            7.136444,
            46.383954
          ],
          [
            7.136443,
            46.383964
          ],
          [
            7.13644,
            46.383967
          ],
          [
            7.13644,
            46.383984
          ],
          [
            7.136437,
            46.38399
          ],
          [
            7.136446,
            46.383993
          ],
          [
            7.136445,
            46.383999
          ],
          [
            7.136444,
            46.383999
          ],
          [
            7.136449,
            46.383992
          ],
          [
            7.136452,
            46.383982
          ],
          [
            7.136452,
            46.383978
          ],
          [
            7.136449,
            46.38397
          ],
          [
            7.136438,
            46.383955
          ],
          [
            7.13639,
            46.383941
          ],
          [
            7.136365,
            46.383924
          ],
          [
            7.136363,
            46.383923
          ],
          [
            7.136373,
            46.38393
          ],
          [
            7.136392,
            46.383949
          ],
          [
            7.136409,
            46.383957
          ],
          [
            7.136424,
            46.383961
          ],
          [
            7.136423,
            46.383964
          ],
          [
            7.13642,
            46.383962
          ],
          [
            7.136415,
            46.38396
          ],
          [
            7.136412,
            46.383966
          ],
          [
            7.136414,
            46.383968
          ],
          [
            7.136413,
            46.383967
          ],
          [
            7.13641,
            46.383967
          ],
          [
            7.136376,
            46.383961
          ],
          [
            7.136367,
            46.383945
          ],
          [
            7.136343,
            46.383937
          ],
          [
            7.136355,
            46.383939
          ],
          [
            7.13636,
            46.38394
          ],
          [
            7.13638,
            46.383944
          ],
          [
            7.136361,
            46.38392
          ],
          [
            7.136339,
            46.383906
          ],
          [
            7.136338,
            46.383907
          ],
          [
            7.136328,
            46.383907
          ],
          [
            7.136329,
            46.383907
          ],
          [
            7.136357,
            46.38392
          ],
          [
            7.13637,
            46.383911
          ],
          [
            7.136413,
            46.383942
          ],
          [
            7.136433,
            46.383962
          ],
          [
            7.136435,
            46.383974
          ],
          [
            7.136441,
            46.383996
          ],
          [
            7.136443,
            46.384006
          ],
          [
            7.136429,
            46.384002
          ],
          [
            7.136424,
            46.384001
          ],
          [
            7.136425,
            46.383985
          ],
          [
            7.136433,
            46.383984
          ],
          [
            7.13644,
            46.383959
          ],
          [
            7.136439,
            46.38394
          ],
          [
            7.136448,
            46.383934
          ],
          [
            7.13645,
            46.383933
          ],
          [
            7.136442,
            46.383949
          ],
          [
            7.136437,
            46.383957
          ],
          [
            7.13645,
            46.383977
          ],
          [
            7.136454,
            46.38399
          ],
          [
            7.136467,
            46.384008
          ],
          [
            7.136471,
            46.384028
          ],
          [
            7.136461,
            46.384023
          ],
          [
            7.136452,
            46.384023
          ],
          [
            7.136451,
            46.384021
          ],
          [
            7.136447,
            46.384021
          ],
          [
            7.136441,
            46.38402
          ],
          [
            7.136442,
            46.38402
          ],
          [
            7.136466,
            46.384034
          ],
          [
            7.136462,
            46.384017
          ],
          [
            7.136459,
            46.384006
          ],
          [
            7.13646,
            46.384004
          ],
          [
            7.136451,
            46.383993
          ],
          [
            7.13645,
            46.383992
          ],
          [
            7.136418,
            46.383963
          ],
          [
            7.136423,
            46.383964
          ],
          [
            7.136461,
            46.383967
          ],
          [
            7.136445,
            46.383964
          ],
          [
            7.136448,
            46.383967
          ],
          [
            7.136443,
            46.383966
          ],
          [
            7.136444,
            46.383967
          ],
          [
            7.136443,
            46.383967
          ],
          [
            7.136427,
            46.383959
          ],
          [
            7.136427,
            46.383956
          ],
          [
            7.136425,
            46.383945
          ],
          [
            7.136413,
            46.383909
          ],
          [
            7.13641,
            46.383905
          ],
          [
            7.136406,
            46.3839
          ],
          [
            7.136409,
            46.3839
          ],
          [
            7.136411,
            46.383899
          ],
          [
            7.136414,
            46.383906
          ],
          [
            7.136415,
            46.383905
          ],
          [
            7.136406,
            46.383912
          ],
          [
            7.136397,
            46.383915
          ],
          [
            7.13642,
            46.383927
          ],
          [
            7.136438,
            46.383942
          ],
          [
            7.136437,
            46.383943
          ],
          [
            7.13643,
            46.38394
          ],
          [
            7.136429,
            46.38394
          ],
          [
            7.136438,
            46.383945
          ],
          [
            7.136432,
            46.383944
          ],
          [
            7.136431,
            46.383961
          ],
          [
            7.136422,
            46.383971
          ],
          [
            7.136462,
            46.383986
          ],
          [
            7.13647,
            46.383983
          ],
          [
            7.13652,
            46.384011
          ],
          [
            7.136514,
            46.384003
          ],
          [
            7.136498,
            46.383983
          ],
          [
            7.136488,
            46.383988
          ],
          [
            7.136483,
            46.383995
          ],
          [
            7.136484,
            46.384001
          ],
          [
            7.136469,
            46.383991
          ],
          [
            7.136477,
            46.383986
          ],
          [
            7.136471,
            46.383987
          ],
          [
            7.136466,
            46.383969
          ],
          [
            7.136473,
            46.383968
          ],
          [
            7.136446,
            46.383951
          ],
          [
            7.136442,
            46.383956
          ],
          [
            7.136448,
            46.38395
          ],
          [
            7.136447,
            46.383952
          ],
          [
            7.136439,
            46.38395
          ],
          [
            7.136435,
            46.383945
          ],
          [
            7.136437,
            46.383948
          ],
          [
            7.13645,
            46.383949
          ],
          [
            7.136466,
            46.383977
          ],
          [
            7.136476,
            46.383991
          ],
          [
            7.13647,
            46.384007
          ],
          [
            7.136469,
            46.384006
          ],
          [
            7.136489,
            46.384028
          ],
          [
            7.136463,
            46.384021
          ],
          [
            7.136424,
            46.383999
          ],
          [
            7.13644,
            46.383995
          ],
          [
            7.136446,
            46.383996
          ],
          [
            7.136444,
            46.383993
          ],
          [
            7.136453,
            46.383992
          ],
          [
            7.136472,
            46.383985
          ],
          [
            7.136448,
            46.383953
          ],
          [
            7.136447,
            46.383962
          ],
          [
            7.136447,
            46.383962
          ],
          [
            7.136442,
            46.383944
          ],
          [
            7.136435,
            46.383931
          ],
          [
            7.136438,
            46.383916
          ],
          [
            7.136442,
            46.383918
          ],
          [
            7.136446,
            46.383929
          ],
          [
            7.136437,
            46.383946
          ],
          [
            7.136443,
            46.383947
          ],
          [
            7.136447,
            46.383951
          ],
          [
            7.136435,
            46.383961
          ],
          [
            7.136419,
            46.38396
          ],
          [
            7.136397,
            46.383952
          ],
          [
            7.136399,
            46.383954
          ],
          [
            7.136396,
            46.383951
          ],
          [
            7.136395,
            46.383947
          ],
          [
            7.136417,
            46.383955
          ],
          [
            7.136422,
            46.383963
          ],
          [
            7.136418,
            46.38396
          ],
          [
            7.136409,
            46.383959
          ],
          [
            7.13641,
            46.383958
          ],
          [
            7.136407,
            46.383953
          ],
          [
            7.136407,
            46.383956
          ],
          [
            7.136412,
            46.383959
          ],
          [
            7.136411,
            46.383947
          ],
          [
            7.136408,
            46.383935
          ],
          [
            7.136408,
            46.383936
          ],
          [
            7.136401,
            46.383935
          ],
          [
            7.136392,
            46.383923
          ],
          [
            7.136377,
            46.38391
          ],
          [
            7.13638,
            46.383918
          ],
          [
            7.136389,
            46.383935
          ],
          [
            7.136406,
            46.383954
          ],
          [
            7.136411,
            46.383962
          ],
          [
            7.136411,
            46.383967
          ],
          [
            7.136395,
            46.383977
          ],
          [
            7.136414,
            46.384007
          ],
          [
            7.136418,
            46.384006
          ],
          [
            7.136428,
            46.384005
          ],
          [
            7.136422,
            46.383999
          ],
          [
            7.136417,
            46.383998
          ],
          [
            7.136416,
            46.383998
          ],
          [
            7.136414,
            46.383998
          ],
          [
            7.136413,
            46.383991
          ],
          [
            7.136392,
            46.383973
          ],
          [
            7.136387,
            46.383955
          ],
          [
            7.136407,
            46.383945
          ],
          [
            7.136411,
            46.383943
          ],
          [
            7.136436,
            46.383966
          ],
          [
            7.136439,
            46.383974
          ],
          [
            7.136451,
            46.383974
          ],
          [
            7.136445,
            46.383973
          ],
          [
            7.136451,
            46.383985
          ],
          [
            7.136451,
            46.383978
          ],
          [
            7.136448,
            46.383971
          ],
          [
            7.136433,
            46.383973
          ],
          [
            7.136414,
            46.383953
          ],
          [
            7.136406,
            46.38394
          ],
          [
            7.136408,
            46.383942
          ],
          [
            7.136405,
            46.383937
          ],
          [
            7.136399,
            46.383943
          ],
          [
            7.136401,
            46.383957
          ],
          [
            7.136402,
            46.383961
          ],
          [
            7.136404,
            46.383959
          ],
          [
            7.136417,
            46.383958
          ],
          [
            7.136419,
            46.383955
          ],
          [
            7.136425,
            46.383959
          ],
          [
            7.136421,
            46.383966
          ],
          [
            7.13642,
            46.38396
          ],
          [
            7.136413,
            46.383947
          ],
          [
            7.136381,
            46.383945
          ],
          [
            7.136371,
            46.383943
          ],
          [
            7.136366,
            46.383943
          ],
          [
            7.136362,
            46.383942
          ],
          [
            7.136366,
            46.383939
          ],
          [
            7.136392,
            46.383939
          ],
          [
            7.136394,
            46.383942
          ],
          [
            7.136394,
            46.383952
          ],
          [
            7.136415,
            46.383969
          ],
          [
            7.136415,
            46.383967
          ],
          [
            7.136403,
            46.383962
          ],
          [
            7.136409,
            46.383957
          ],
          [
            7.136419,
            46.383962
          ],
          [
            7.136409,
            46.383957
          ],
          [
            7.136419,
            46.383957
          ],
          [
            7.136415,
            46.383955
          ],
          [
            7.136414,
            46.383954
          ],
          [
            7.13641,
            46.383954
          ],
          [
            7.136409,
            46.383946
          ],
          [
            7.136409,
            46.383942
          ],
          [
            7.136405,
            46.383932
          ],
          [
            7.136412,
            46.383937
          ],
          [
            7.136421,
            46.383942
          ],
          [
            7.136423,
            46.383944
          ],
          [
            7.136413,
            46.383935
          ],
          [
            7.136416,
            46.383962
          ],
          [
            7.136417,
            46.383963
          ],
          [
            7.13642,
            46.383958
          ],
          [
            7.136421,
            46.383962
          ],
          [
            7.136419,
            46.383963
          ],
          [
            7.136415,
            46.38396
          ],
          [
            7.13641,
            46.383961
          ],
          [
            7.136407,
            46.383959
          ],
          [
            7.136407,
            46.383964
          ],
          [
            7.13641,
            46.383964
          ],
          [
            7.136415,
            46.38397
          ],
          [
            7.136426,
            46.383975
          ],
          [
            7.13643,
            46.383991
          ],
          [
            7.136443,
            46.383988
          ],
          [
            7.136443,
            46.383977
          ],
          [
            7.136442,
            46.383972
          ],
          [
            7.136452,
            46.383956
          ],
          [
            7.136451,
            46.383954
          ],
          [
            7.136455,
            46.383952
          ],
          [
            7.136458,
            46.383955
          ],
          [
            7.136464,
            46.383959
          ],
          [
            7.13647,
            46.383959
          ],
          [
            7.136466,
            46.383961
          ],
          [
            7.136469,
            46.383977
          ],
          [
            7.136471,
            46.383985
          ],
          [
            7.13647,
            46.383988
          ],
          [
            7.136467,
            46.38399
          ],
          [
            7.136473,
            46.383998
          ],
          [
            7.13647,
            46.384001
          ],
          [
            7.136467,
            46.384004
          ],
          [
            7.136463,
            46.384004
          ],
          [
            7.136453,
            46.384002
          ],
          [
            7.136455,
            46.383999
          ],
          [
            7.136442,
            46.383992
          ],
          [
            7.136441,
            46.383991
          ],
          [
            7.136444,
            46.383991
          ],
          [
            7.136451,
            46.383985
          ],
          [
            7.136451,
            46.383973
          ],
          [
            7.136439,
            46.383977
          ],
          [
            7.136429,
            46.383981
          ],
          [
            7.13642,
            46.383961
          ],
          [
            7.136445,
            46.383963
          ],
          [
            7.136461,
            46.383975
          ],
          [
            7.136459,
            46.383977
          ],
          [
            7.136471,
            46.383977
          ],
          [
            7.13647,
            46.383974
          ],
          [
            7.136465,
            46.383971
          ],
          [
            7.136459,
            46.383968
          ],
          [
            7.136453,
            46.383963
          ],
          [
            7.13644,
            46.383955
          ],
          [
            7.136438,
            46.383953
          ],
          [
            7.136433,
            46.38395
          ],
          [
            7.136432,
            46.383954
          ],
          [
            7.13644,
            46.383977
          ],
          [
            7.13644,
            46.383963
          ],
          [
            7.136438,
            46.383957
          ],
          [
            7.136431,
            46.383953
          ],
          [
            7.13642,
            46.383937
          ],
          [
            7.136439,
            46.383946
          ],
          [
            7.13643,
            46.383935
          ],
          [
            7.136435,
            46.383938
          ],
          [
            7.136414,
            46.383943
          ],
          [
            7.136399,
            46.38394
          ],
          [
            7.136412,
            46.383934
          ],
          [
            7.136415,
            46.383939
          ],
          [
            7.13641,
            46.383925
          ],
          [
            7.136438,
            46.383937
          ],
          [
            7.136443,
            46.383946
          ],
          [
            7.136416,
            46.383928
          ],
          [
            7.136418,
            46.383934
          ],
          [
            7.136415,
            46.383946
          ],
          [
            7.136416,
            46.383949
          ],
          [
            7.136429,
            46.383967
          ],
          [
            7.136424,
            46.38397
          ],
          [
            7.136422,
            46.383971
          ],
          [
            7.136433,
            46.383982
          ],
          [
            7.136426,
            46.383978
          ],
          [
            7.136428,
            46.383978
          ],
          [
            7.136433,
            46.383975
          ],
          [
            7.13645,
            46.383983
          ],
          [
            7.136449,
            46.383989
          ],
          [
            7.136456,
            46.384006
          ],
          [
            7.136456,
            46.384008
          ],
          [
            7.136454,
            46.384002
          ],
          [
            7.136452,
            46.383997
          ],
          [
            7.136444,
            46.383985
          ],
          [
            7.136437,
            46.38397
          ],
          [
            7.136437,
            46.383964
          ],
          [
            7.136437,
            46.383963
          ],
          [
            7.136445,
            46.383979
          ],
          [
            7.13644,
            46.383976
          ],
          [
            7.13644,
            46.383974
          ],
          [
            7.136438,
            46.383959
          ],
          [
            7.136434,
            46.383954
          ],
          [
            7.136412,
            46.383938
          ],
          [
            7.13641,
            46.383926
          ],
          [
            7.136414,
            46.383926
          ],
          [
            7.13642,
            46.383931
          ],
          [
            7.136427,
            46.383934
          ],
          [
            7.136432,
            46.383928
          ],
          [
            7.136429,
            46.383918
          ],
          [
            7.136429,
            46.38391
          ],
          [
            7.136426,
            46.38391
          ],
          [
            7.136421,
            46.383902
          ],
          [
            7.136418,
            46.383895
          ],
          [
            7.136426,
            46.383903
          ],
          [
            7.136424,
            46.3839
          ],
          [
            7.136425,
            46.383908
          ],
          [
            7.136427,
            46.383915
          ],
          [
            7.13643,
            46.383921
          ],
          [
            7.136423,
            46.383916
          ],
          [
            7.136419,
            46.383905
          ],
          [
            7.13642,
            46.383907
          ],
          [
            7.136432,
            46.383917
          ],
          [
            7.136428,
            46.383919
          ],
          [
            7.136421,
            46.383913
          ],
          [
            7.136428,
            46.383932
          ],
          [
            7.136426,
            46.383931
          ],
          [
            7.136427,
            46.383937
          ],
          [
            7.136425,
            46.38395
          ],
          [
            7.136431,
            46.383944
          ],
          [
            7.136431,
            46.383939
          ],
          [
            7.136427,
            46.383967
          ],
          [
            7.136415,
            46.383969
          ],
          [
            7.136406,
            46.38397
          ],
          [
            7.136402,
            46.383972
          ],
          [
            7.136404,
            46.383974
          ],
          [
            7.136406,
            46.383974
          ],
          [
            7.136422,
            46.383972
          ],
          [
            7.136428,
            46.38399
          ],
          [
            7.136426,
            46.383992
          ],
          [
            7.136424,
            46.383991
          ],
          [
            7.136425,
            46.384001
          ],
          [
            7.136422,
            46.383982
          ],
          [
            7.136429,
            46.383954
          ],
          [
            7.136428,
            46.383942
          ],
          [
            7.136427,
            46.383943
          ],
          [
            7.136424,
            46.38395
          ],
          [
            7.136423,
            46.383956
          ],
          [
            7.136422,
            46.383967
          ],
          [
            7.13642,
            46.38397
          ],
          [
            7.136413,
            46.38397
          ],
          [
            7.136405,
            46.383977
          ],
          [
            7.136407,
            46.383988
          ],
          [
            7.13641,
            46.383988
          ],
          [
            7.136407,
            46.383999
          ],
          [
            7.136417,
            46.384004
          ],
          [
            7.136436,
            46.383997
          ],
          [
            7.136454,
            46.383965
          ],
          [
            7.136446,
            46.383967
          ],
          [
            7.13644,
            46.383965
          ],
          [
            7.136442,
            46.38396
          ],
          [
            7.136422,
            46.383956
          ],
          [
            7.136429,
            46.383959
          ],
          [
            7.136425,
            46.383958
          ],
          [
            7.136424,
            46.383953
          ],
          [
            7.136421,
            46.383949
          ],
          [
            7.136419,
            46.383947
          ],
          [
            7.136416,
            46.383951
          ],
          [
            7.136408,
            46.383945
          ],
          [
            7.136403,
            46.383931
          ],
          [
            7.1364,
            46.383932
          ],
          [
            7.1364,
            46.38393
          ],
          [
            7.13639,
            46.383903
          ],
          [
            7.136393,
            46.383908
          ],
          [
            7.136386,
            46.383917
          ],
          [
            7.136385,
            46.383919
          ],
          [
            7.136391,
            46.383933
          ],
          [
            7.136392,
            46.383938
          ],
          [
            7.136404,
            46.383941
          ],
          [
            7.136407,
            46.383928
          ],
          [
            7.136408,
            46.383891
          ],
          [
            7.136425,
            46.383862
          ],
          [
            7.136419,
            46.38389
          ],
          [
            7.136417,
            46.383898
          ],
          [
            7.13642,
            46.383898
          ],
          [
            7.13642,
            46.383899
          ],
          [
            7.136422,
            46.383921
          ],
          [
            7.136421,
            46.383932
          ],
          [
            7.13642,
            46.383927
          ],
          [
            7.136418,
            46.383928
          ],
          [
            7.136416,
            46.383927
          ],
          [
            7.136425,
            46.383934
          ],
          [
            7.136429,
            46.383939
          ],
          [
            7.13643,
            46.38394
          ],
          [
            7.13643,
            46.383933
          ],
          [
            7.136432,
            46.38393
          ],
          [
            7.13643,
            46.383916
          ],
          [
            7.136432,
            46.383916
          ],
          [
            7.136443,
            46.383918
          ],
          [
            7.136452,
            46.383916
          ],
          [
            7.136451,
            46.383915
          ],
          [
            7.136449,
            46.383906
          ],
          [
            7.136449,
            46.383906
          ],
          [
            7.136455,
            46.383909
          ],
          [
            7.136457,
            46.38391
          ],
          [
            7.136456,
            46.383911
          ],
          [
            7.136453,
            46.383909
          ],
          [
            7.136466,
            46.383926
          ],
          [
            7.136473,
            46.383927
          ],
          [
            7.136473,
            46.383922
          ],
          [
            7.136475,
            46.38392
          ],
          [
            7.136471,
            46.383919
          ],
          [
            7.136479,
            46.383912
          ],
          [
            7.136486,
            46.383911
          ],
          [
            7.136488,
            46.383909
          ],
          [
            7.136488,
            46.383907
          ],
          [
            7.136492,
            46.3839
          ],
          [
            7.13649,
            46.383898
          ],
          [
            7.136489,
            46.3839
          ],
          [
            7.136489,
            46.3839
          ],
          [
            7.136497,
            46.383883
          ],
          [
            7.1365,
            46.383881
          ],
          [
            7.136497,
            46.383874
          ],
          [
            7.136495,
            46.38387
          ],
          [
            7.136495,
            46.383874
          ],
          [
            7.136495,
            46.38387
          ],
          [
            7.136494,
            46.383876
          ],
          [
            7.136495,
            46.383871
          ],
          [
            7.136492,
            46.383872
          ],
          [
            7.136484,
            46.383869
          ],
          [
            7.136485,
            46.383862
          ],
          [
            7.136484,
            46.383864
          ],
          [
            7.136487,
            46.383853
          ],
          [
            7.136488,
            46.383854
          ],
          [
            7.136493,
            46.383858
          ],
          [
            7.136495,
            46.383852
          ],
          [
            7.136497,
            46.383854
          ],
          [
            7.136509,
            46.383863
          ],
          [
            7.136504,
            46.383863
          ],
          [
            7.136505,
            46.383863
          ],
          [
            7.136501,
            46.38386
          ],
          [
            7.13649,
            46.383864
          ],
          [
            7.136476,
            46.383859
          ],
          [
            7.136484,
            46.383871
          ],
          [
            7.136504,
            46.383864
          ],
          [
            7.136512,
            46.38387
          ],
          [
            7.13651,
            46.383866
          ],
          [
            7.136516,
            46.383864
          ],
          [
            7.136509,
            46.383854
          ],
          [
            7.136516,
            46.383854
          ],
          [
            7.136517,
            46.383849
          ],
          [
            7.136518,
            46.383842
          ],
          [
            7.136523,
            46.383842
          ],
          [
            7.136526,
            46.383846
          ],
          [
            7.136526,
            46.383847
          ],
          [
            7.136526,
            46.383848
          ],
          [
            7.136527,
            46.383842
          ],
          [
            7.136525,
            46.383834
          ],
          [
            7.136526,
            46.383834
          ],
          [
            7.136523,
            46.383833
          ],
          [
            7.136517,
            46.383833
          ],
          [
            7.136516,
            46.383825
          ],
          [
            7.136518,
            46.383826
          ],
          [
            7.136524,
            46.383823
          ],
          [
            7.136523,
            46.383822
          ],
          [
            7.136528,
            46.38382
          ],
          [
            7.136528,
            46.383819
          ],
          [
            7.136532,
            46.383808
          ],
          [
            7.136532,
            46.383817
          ],
          [
            7.136536,
            46.383814
          ],
          [
            7.136543,
            46.383821
          ],
          [
            7.13653,
            46.383825
          ],
          [
            7.136525,
            46.383828
          ],
          [
            7.136523,
            46.383832
          ],
          [
            7.136533,
            46.383835
          ],
          [
            7.136539,
            46.383831
          ],
          [
            7.136551,
            46.383837
          ],
          [
            7.136551,
            46.383839
          ],
          [
            7.136552,
            46.383841
          ],
          [
            7.136561,
            46.383846
          ],
          [
            7.136562,
            46.383844
          ],
          [
            7.136561,
            46.383837
          ],
          [
            7.136556,
            46.38383
          ],
          [
            7.136555,
            46.383831
          ],
          [
            7.136555,
            46.383835
          ],
          [
            7.136538,
            46.383822
          ],
          [
            7.13654,
            46.38382
          ],
          [
            7.136533,
            46.383817
          ],
          [
            7.136532,
            46.383832
          ],
          [
            7.136545,
            46.383851
          ],
          [
            7.13654,
            46.383872
          ],
          [
            7.136542,
            46.38387
          ],
          [
            7.136561,
            46.383884
          ],
          [
            7.136565,
            46.383886
          ],
          [
            7.136567,
            46.383892
          ],
          [
            7.136561,
            46.383894
          ],
          [
            7.136571,
            46.383887
          ],
          [
            7.13657,
            46.383885
          ],
          [
            7.136575,
            46.38388
          ],
          [
            7.136577,
            46.383879
          ],
          [
            7.136574,
            46.383876
          ],
          [
            7.136558,
            46.383878
          ],
          [
            7.136555,
            46.383871
          ],
          [
            7.136545,
            46.383867
          ],
          [
            7.136545,
            46.383868
          ],
          [
            7.136543,
            46.383865
          ],
          [
            7.136553,
            46.383863
          ],
          [
            7.136558,
            46.383862
          ],
          [
            7.136551,
            46.383863
          ],
          [
            7.136545,
            46.383864
          ],
          [
            7.136549,
            46.383863
          ],
          [
            7.136561,
            46.383853
          ],
          [
            7.136551,
            46.383858
          ],
          [
            7.136545,
            46.383855
          ],
          [
            7.136544,
            46.383854
          ],
          [
            7.136541,
            46.383857
          ],
          [
            7.136539,
            46.383858
          ],
          [
            7.136562,
            46.383861
          ],
          [
            7.13657,
            46.383859
          ],
          [
            7.136571,
            46.383855
          ],
          [
            7.136575,
            46.383852
          ],
          [
            7.136576,
            46.383851
          ],
          [
            7.136573,
            46.383849
          ],
          [
            7.136579,
            46.383848
          ],
          [
            7.136574,
            46.383856
          ],
          [
            7.136585,
            46.383859
          ],
          [
            7.136583,
            46.38386
          ],
          [
            7.136581,
            46.383858
          ],
          [
            7.13657,
            46.383856
          ],
          [
            7.136572,
            46.383856
          ],
          [
            7.136573,
            46.383856
          ],
          [
            7.136568,
            46.383864
          ],
          [
            7.136571,
            46.383859
          ],
          [
            7.136576,
            46.383856
          ],
          [
            7.136579,
            46.38386
          ],
          [
            7.136587,
            46.383856
          ],
          [
            7.136594,
            46.383853
          ],
          [
            7.136603,
            46.383868
          ],
          [
            7.136599,
            46.383874
          ],
          [
            7.1366,
            46.383874
          ],
          [
            7.136599,
            46.383871
          ],
          [
            7.136598,
            46.383863
          ],
          [
            7.136598,
            46.38385
          ],
          [
            7.136606,
            46.383846
          ],
          [
            7.13661,
            46.383826
          ],
          [
            7.136611,
            46.383826
          ],
          [
            7.136601,
            46.383833
          ],
          [
            7.136615,
            46.383852
          ],
          [
            7.136611,
            46.383853
          ],
          [
            7.136599,
            46.383848
          ],
          [
            7.136603,
            46.383853
          ],
          [
            7.136603,
            46.383876
          ],
          [
            7.136579,
            46.383883
          ],
          [
            7.136563,
            46.383887
          ],
          [
            7.136573,
            46.383877
          ],
          [
            7.13656,
            46.383881
          ],
          [
            7.136565,
            46.383876
          ],
          [
            7.136556,
            46.383875
          ],
          [
            7.136569,
            46.383878
          ],
          [
            7.136569,
            46.383878
          ],
          [
            7.13656,
            46.383875
          ],
          [
            7.136564,
            46.383876
          ],
          [
            7.136584,
            46.383879
          ],
          [
            7.136592,
            46.383878
          ],
          [
            7.136583,
            46.383896
          ],
          [
            7.136585,
            46.383888
          ],
          [
            7.136584,
            46.383897
          ],
          [
            7.136584,
            46.383899
          ],
          [
            7.136585,
            46.383908
          ],
          [
            7.136584,
            46.383905
          ],
          [
            7.136576,
            46.383896
          ],
          [
            7.136579,
            46.383887
          ],
          [
            7.136574,
            46.383896
          ],
          [
            7.136575,
            46.383893
          ],
          [
            7.136576,
            46.383903
          ],
          [
            7.136574,
            46.383903
          ],
          [
            7.136572,
            46.383902
          ],
          [
            7.13657,
            46.383899
          ],
          [
            7.136586,
            46.383882
          ],
          [
            7.136588,
            46.38388
          ],
          [
            7.136587,
            46.383879
          ],
          [
            7.136582,
            46.38388
          ],
          [
            7.136587,
            46.383879
          ],
          [
            7.136591,
            46.383873
          ],
          [
            7.136596,
            46.383869
          ],
          [
            7.136593,
            46.383867
          ],
          [
            7.136588,
            46.38387
          ],
          [
            7.136589,
            46.383865
          ],
          [
            7.136593,
            46.383864
          ],
          [
            7.136585,
            46.383883
          ],
          [
            7.136581,
            46.383889
          ],
          [
            7.136578,
            46.383892
          ],
          [
            7.136576,
            46.383896
          ],
          [
            7.136573,
            46.3839
          ],
          [
            7.136569,
            46.383907
          ],
          [
            7.136564,
            46.383908
          ],
          [
            7.136571,
            46.383898
          ],
          [
            7.136577,
            46.383904
          ],
          [
            7.136579,
            46.383896
          ],
          [
            7.136579,
            46.383898
          ],
          [
            7.136579,
            46.383905
          ],
          [
            7.136584,
            46.383903
          ],
          [
            7.136584,
            46.383896
          ],
          [
            7.136577,
            46.38387
          ],
          [
            7.136583,
            46.38388
          ],
          [
            7.136583,
            46.38388
          ],
          [
            7.136585,
            46.383902
          ],
          [
            7.136587,
            46.383894
          ],
          [
            7.136596,
            46.38388
          ],
          [
            7.1366,
            46.383878
          ],
          [
            7.136603,
            46.383876
          ],
          [
            7.136597,
            46.383878
          ],
          [
            7.136592,
            46.383874
          ],
          [
            7.136592,
            46.383874
          ],
          [
            7.13659,
            46.383873
          ],
          [
            7.136589,
            46.383871
          ],
          [
            7.136587,
            46.383862
          ],
          [
            7.136583,
            46.383869
          ],
          [
            7.136578,
            46.383884
          ],
          [
            7.13658,
            46.383894
          ],
          [
            7.13658,
            46.383895
          ],
          [
            7.136587,
            46.383904
          ],
          [
            7.136585,
            46.383903
          ],
          [
            7.136587,
            46.3839
          ],
          [
            7.13659,
            46.383898
          ],
          [
            7.136588,
            46.383888
          ],
          [
            7.136582,
            46.38389
          ],
          [
            7.136586,
            46.383908
          ],
          [
            7.136584,
            46.383895
          ],
          [
            7.136596,
            46.383885
          ],
          [
            7.136616,
            46.383887
          ],
          [
            7.136612,
            46.383888
          ],
          [
            7.136605,
            46.38389
          ],
          [
            7.136597,
            46.383884
          ],
          [
            7.136594,
            46.383875
          ],
          [
            7.136596,
            46.383873
          ],
          [
            7.136594,
            46.383871
          ],
          [
            7.136593,
            46.383867
          ],
          [
            7.136598,
            46.383868
          ],
          [
            7.136601,
            46.383866
          ],
          [
            7.136601,
            46.38386
          ],
          [
            7.136615,
            46.383867
          ],
          [
            7.136626,
            46.383867
          ],
          [
            7.136632,
            46.383856
          ],
          [
            7.136629,
            46.383857
          ],
          [
            7.136626,
            46.383857
          ],
          [
            7.136628,
            46.383839
          ],
          [
            7.136628,
            46.383838
          ],
          [
            7.136632,
            46.383839
          ],
          [
            7.136642,
            46.383835
          ],
          [
            7.136631,
            46.383848
          ],
          [
            7.136613,
            46.383864
          ],
          [
            7.136605,
            46.383863
          ],
          [
            7.136606,
            46.383867
          ],
          [
            7.136602,
            46.383869
          ],
          [
            7.136602,
            46.383866
          ],
          [
            7.13661,
            46.383868
          ],
          [
            7.136612,
            46.383866
          ],
          [
            7.136611,
            46.383867
          ],
          [
            7.136611,
            46.383865
          ],
          [
            7.136614,
            46.383861
          ],
          [
            7.136608,
            46.383874
          ],
          [
            7.136599,
            46.383879
          ],
          [
            7.136608,
            46.383896
          ],
          [
            7.136622,
            46.383897
          ],
          [
            7.136623,
            46.383889
          ],
          [
            7.13662,
            46.383883
          ],
          [
            7.13662,
            46.38388
          ],
          [
            7.136615,
            46.383881
          ],
          [
            7.136613,
            46.383873
          ],
          [
            7.136613,
            46.383864
          ],
          [
            7.136602,
            46.383859
          ],
          [
            7.136622,
            46.383867
          ],
          [
            7.136623,
            46.383872
          ],
          [
            7.136622,
            46.38388
          ],
          [
            7.136621,
            46.383884
          ],
          [
            7.136622,
            46.383881
          ],
          [
            7.136623,
            46.38388
          ],
          [
            7.136623,
            46.383879
          ],
          [
            7.136623,
            46.383871
          ],
          [
            7.136621,
            46.383876
          ],
          [
            7.136618,
            46.383879
          ],
          [
            7.136618,
            46.383877
          ],
          [
            7.136615,
            46.38388
          ],
          [
            7.136613,
            46.383879
          ],
          [
            7.136607,
            46.383899
          ],
          [
            7.136602,
            46.383892
          ],
          [
            7.136601,
            46.383884
          ],
          [
            7.136602,
            46.383881
          ],
          [
            7.136605,
            46.383872
          ],
          [
            7.136619,
            46.383859
          ],
          [
            7.136619,
            46.383854
          ],
          [
            7.136634,
            46.383852
          ],
          [
            7.136633,
            46.383849
          ],
          [
            7.136632,
            46.383846
          ],
          [
            7.136633,
            46.383847
          ],
          [
            7.136632,
            46.383842
          ],
          [
            7.13663,
            46.383845
          ],
          [
            7.136628,
            46.383851
          ],
          [
            7.136627,
            46.383855
          ],
          [
            7.136628,
            46.383858
          ],
          [
            7.136625,
            46.38386
          ],
          [
            7.136622,
            46.38386
          ],
          [
            7.136623,
            46.38386
          ],
          [
            7.136623,
            46.383863
          ],
          [
            7.136618,
            46.383872
          ],
          [
            7.136617,
            46.383878
          ],
          [
            7.136615,
            46.383886
          ],
          [
            7.136611,
            46.383894
          ],
          [
            7.136609,
            46.383897
          ],
          [
            7.136609,
            46.383901
          ],
          [
            7.136608,
            46.383897
          ],
          [
            7.136615,
            46.383895
          ],
          [
            7.136607,
            46.38389
          ],
          [
            7.136604,
            46.383886
          ],
          [
            7.13661,
            46.38388
          ],
          [
            7.136612,
            46.383879
          ],
          [
            7.136613,
            46.383878
          ],
          [
            7.136614,
            46.383877
          ],
          [
            7.136615,
            46.383876
          ],
          [
            7.136615,
            46.383876
          ],
          [
            7.136609,
            46.383878
          ],
          [
            7.136614,
            46.383869
          ],
          [
            7.136605,
            46.383864
          ],
          [
            7.136602,
            46.383869
          ],
          [
            7.136599,
            46.383871
          ],
          [
            7.136595,
            46.383872
          ],
          [
            7.136594,
            46.383873
          ],
          [
            7.1366,
            46.383872
          ],
          [
            7.136608,
            46.383868
          ],
          [
            7.136605,
            46.38388
          ],
          [
            7.136608,
            46.38389
          ],
          [
            7.136604,
            46.383883
          ],
          [
            7.136606,
            46.383884
          ],
          [
            7.136605,
            46.383881
          ],
          [
            7.136613,
            46.383887
          ],
          [
            7.136613,
            46.383887
          ],
          [
            7.13661,
            46.38388
          ],
          [
            7.136612,
            46.383882
          ],
          [
            7.136612,
            46.38388
          ],
          [
            7.136612,
            46.383885
          ],
          [
            7.13661,
            46.383886
          ],
          [
            7.13661,
            46.383885
          ],
          [
            7.136607,
            46.383885
          ],
          [
            7.136601,
            46.383875
          ],
          [
            7.13661,
            46.383866
          ],
          [
            7.136623,
            46.383881
          ],
          [
            7.136607,
            46.38387
          ],
          [
            7.136602,
            46.38387
          ],
          [
            7.136603,
            46.383885
          ],
          [
            7.136599,
            46.38389
          ],
          [
            7.136594,
            46.383903
          ],
          [
            7.136593,
            46.383906
          ],
          [
            7.136593,
            46.383907
          ],
          [
            7.136593,
            46.38391
          ],
          [
            7.136592,
            46.383911
          ],
          [
            7.136594,
            46.38391
          ],
          [
            7.136593,
            46.383912
          ],
          [
            7.136594,
            46.383911
          ],
          [
            7.136595,
            46.383911
          ],
          [
            7.136596,
            46.38391
          ],
          [
            7.136599,
            46.383908
          ],
          [
            7.136603,
            46.383907
          ],
          [
            7.136611,
            46.383916
          ],
          [
            7.136616,
            46.383915
          ],
          [
            7.136617,
            46.383915
          ],
          [
            7.136621,
            46.383915
          ],
          [
            7.136621,
            46.383914
          ],
          [
            7.136609,
            46.383909
          ],
          [
            7.136607,
            46.383911
          ],
          [
            7.136609,
            46.383894
          ],
          [
            7.136603,
            46.383892
          ],
          [
            7.136599,
            46.38389
          ],
          [
            7.136596,
            46.383891
          ],
          [
            7.13661,
            46.383887
          ],
          [
            7.136607,
            46.383892
          ],
          [
            7.136606,
            46.383889
          ],
          [
            7.136599,
            46.383876
          ],
          [
            7.136596,
            46.383867
          ],
          [
            7.136599,
            46.38387
          ],
          [
            7.136617,
            46.383875
          ],
          [
            7.136611,
            46.383869
          ],
          [
            7.136615,
            46.38387
          ],
          [
            7.136603,
            46.38387
          ],
          [
            7.136605,
            46.383865
          ],
          [
            7.136607,
            46.383869
          ],
          [
            7.136603,
            46.38387
          ],
          [
            7.136598,
            46.383871
          ],
          [
            7.136598,
            46.383874
          ],
          [
            7.136598,
            46.383878
          ],
          [
            7.136597,
            46.383878
          ],
          [
            7.136603,
            46.383887
          ],
          [
            7.136602,
            46.383888
          ],
          [
            7.136599,
            46.383886
          ],
          [
            7.136599,
            46.383872
          ],
          [
            7.136591,
            46.383861
          ],
          [
            7.13661,
            46.383864
          ],
          [
            7.136607,
            46.383855
          ],
          [
            7.136615,
            46.383863
          ],
          [
            7.136616,
            46.383874
          ],
          [
            7.136619,
            46.383877
          ],
          [
            7.136628,
            46.383882
          ],
          [
            7.136623,
            46.38388
          ],
          [
            7.136619,
            46.383874
          ],
          [
            7.136611,
            46.383872
          ],
          [
            7.136601,
            46.383861
          ],
          [
            7.136607,
            46.383865
          ],
          [
            7.136597,
            46.383865
          ],
          [
            7.136612,
            46.383871
          ],
          [
            7.136609,
            46.383876
          ],
          [
            7.136606,
            46.383875
          ],
          [
            7.136601,
            46.383877
          ],
          [
            7.136598,
            46.383881
          ],
          [
            7.136608,
            46.383882
          ],
          [
            7.136612,
            46.383883
          ],
          [
            7.136606,
            46.383882
          ],
          [
            7.136602,
            46.383886
          ],
          [
            7.136608,
            46.383883
          ],
          [
            7.136599,
            46.383875
          ],
          [
            7.136607,
            46.383878
          ],
          [
            7.136614,
            46.38387
          ],
          [
            7.136612,
            46.383871
          ],
          [
            7.136615,
            46.383858
          ],
          [
            7.136614,
            46.383854
          ],
          [
            7.136611,
            46.383858
          ],
          [
            7.136612,
            46.383859
          ],
          [
            7.136613,
            46.383856
          ],
          [
            7.136623,
            46.383858
          ],
          [
            7.136626,
            46.383862
          ],
          [
            7.136622,
            46.383859
          ],
          [
            7.136619,
            46.383855
          ],
          [
            7.136613,
            46.383853
          ],
          [
            7.136615,
            46.383851
          ],
          [
            7.136625,
            46.383857
          ],
          [
            7.136614,
            46.383859
          ],
          [
            7.136618,
            46.383858
          ],
          [
            7.136608,
            46.383854
          ],
          [
            7.136608,
            46.383855
          ],
          [
            7.136612,
            46.383846
          ],
          [
            7.136617,
            46.383857
          ],
          [
            7.136621,
            46.383866
          ],
          [
            7.136623,
            46.383871
          ],
          [
            7.136619,
            46.383871
          ],
          [
            7.136616,
            46.383865
          ],
          [
            7.136615,
            46.383864
          ],
          [
            7.136621,
            46.383859
          ],
          [
            7.136623,
            46.38386
          ],
          [
            7.136616,
            46.383861
          ],
          [
            7.136597,
            46.383841
          ],
          [
            7.136597,
            46.383827
          ],
          [
            7.136601,
            46.383822
          ],
          [
            7.136624,
            46.383821
          ],
          [
            7.136623,
            46.383829
          ],
          [
            7.136645,
            46.383833
          ],
          [
            7.136628,
            46.383838
          ],
          [
            7.136621,
            46.383834
          ],
          [
            7.136624,
            46.383835
          ],
          [
            7.136618,
            46.383833
          ],
          [
            7.136627,
            46.383835
          ],
          [
            7.136624,
            46.383842
          ],
          [
            7.136619,
            46.383844
          ],
          [
            7.136619,
            46.383842
          ],
          [
            7.136628,
            46.383843
          ],
          [
            7.136647,
            46.38385
          ],
          [
            7.136634,
            46.38384
          ],
          [
            7.13664,
            46.383828
          ],
          [
            7.136639,
            46.383829
          ],
          [
            7.136646,
            46.383834
          ],
          [
            7.136637,
            46.383839
          ],
          [
            7.136629,
            46.383843
          ],
          [
            7.136628,
            46.383839
          ],
          [
            7.13662,
            46.38384
          ],
          [
            7.136619,
            46.383838
          ],
          [
            7.136618,
            46.38384
          ],
          [
            7.136621,
            46.383842
          ],
          [
            7.136626,
            46.383842
          ],
          [
            7.136626,
            46.383844
          ],
          [
            7.136623,
            46.383848
          ],
          [
            7.136624,
            46.383844
          ],
          [
            7.136628,
            46.383841
          ],
          [
            7.136627,
            46.383838
          ],
          [
            7.136633,
            46.383842
          ],
          [
            7.136631,
            46.383845
          ],
          [
            7.136629,
            46.383851
          ],
          [
            7.136627,
            46.383846
          ],
          [
            7.136635,
            46.383835
          ],
          [
            7.136633,
            46.383834
          ],
          [
            7.136631,
            46.383835
          ],
          [
            7.136637,
            46.383836
          ],
          [
            7.136641,
            46.383836
          ],
          [
            7.136651,
            46.383836
          ],
          [
            7.13666,
            46.383827
          ],
          [
            7.13666,
            46.383826
          ],
          [
            7.13666,
            46.383826
          ],
          [
            7.136659,
            46.383826
          ],
          [
            7.136658,
            46.383824
          ],
          [
            7.136661,
            46.383825
          ],
          [
            7.13666,
            46.383826
          ],
          [
            7.136658,
            46.383821
          ],
          [
            7.136659,
            46.383821
          ],
          [
            7.13666,
            46.383819
          ],
          [
            7.136664,
            46.383822
          ],
          [
            7.136671,
            46.383823
          ],
          [
            7.136666,
            46.383826
          ],
          [
            7.136668,
            46.383823
          ],
          [
            7.136667,
            46.38382
          ],
          [
            7.136667,
            46.38382
          ],
          [
            7.136669,
            46.383819
          ],
          [
            7.136681,
            46.383818
          ],
          [
            7.136675,
            46.383816
          ],
          [
            7.136677,
            46.383815
          ],
          [
            7.136679,
            46.383814
          ],
          [
            7.136678,
            46.383813
          ],
          [
            7.136678,
            46.383813
          ],
          [
            7.136679,
            46.383811
          ],
          [
            7.13668,
            46.38381
          ],
          [
            7.136685,
            46.383812
          ],
          [
            7.136675,
            46.383812
          ],
          [
            7.136682,
            46.383812
          ],
          [
            7.136691,
            46.383812
          ],
          [
            7.136688,
            46.383811
          ],
          [
            7.136686,
            46.383811
          ],
          [
            7.136685,
            46.383811
          ],
          [
            7.136688,
            46.383813
          ],
          [
            7.136689,
            46.383814
          ],
          [
            7.136695,
            46.383812
          ],
          [
            7.136711,
            46.38381
          ],
          [
            7.136712,
            46.38381
          ],
          [
            7.136703,
            46.383813
          ],
          [
            7.136719,
            46.383814
          ],
          [
            7.136717,
            46.383811
          ],
          [
            7.136714,
            46.38381
          ],
          [
            7.136715,
            46.383806
          ],
          [
            7.136721,
            46.383804
          ],
          [
            7.136717,
            46.383797
          ],
          [
            7.136727,
            46.38379
          ],
          [
            7.136721,
            46.383789
          ],
          [
            7.13672,
            46.383786
          ],
          [
            7.13672,
            46.383792
          ],
          [
            7.136725,
            46.383789
          ],
          [
            7.136717,
            46.383789
          ],
          [
            7.136722,
            46.383792
          ],
          [
            7.136735,
            46.383787
          ],
          [
            7.13673,
            46.383787
          ],
          [
            7.136732,
            46.383789
          ],
          [
            7.136726,
            46.383786
          ],
          [
            7.136726,
            46.383786
          ],
          [
            7.136726,
            46.383786
          ],
          [
            7.136726,
            46.383786
          ],
          [
            7.136726,
            46.383786
          ],
          [
            7.136726,
            46.383786
          ],
          [
            7.136726,
            46.383786
          ],
          [
            7.136726,
            46.383786
          ],
          [
            7.136726,
            46.383786
          ],
          [
            7.136726,
            46.383786
          ],
          [
            7.136726,
            46.383786
          ],
          [
            7.136726,
            46.383786
          ],
          [
            7.136726,
            46.383786
          ],
          [
            7.136726,
            46.383786
          ],
          [
            7.136726,
            46.383786
          ],
          [
            7.136733,
            46.383786
          ],
          [
            7.136737,
            46.383785
          ],
          [
            7.136726,
            46.383786
          ],
          [
            7.136742,
            46.38378
          ],
          [
            7.136749,
            46.383773
          ],
          [
            7.13675,
            46.383771
          ],
          [
            7.136752,
            46.383771
          ],
          [
            7.136755,
            46.383768
          ],
          [
            7.136757,
            46.383763
          ],
          [
            7.136758,
            46.383761
          ],
          [
            7.136757,
            46.38376
          ],
          [
            7.136758,
            46.383757
          ],
          [
            7.136758,
            46.383757
          ],
          [
            7.136757,
            46.38376
          ],
          [
            7.13676,
            46.383753
          ],
          [
            7.136763,
            46.383752
          ],
          [
            7.136764,
            46.383741
          ],
          [
            7.136762,
            46.383741
          ],
          [
            7.136761,
            46.383748
          ],
          [
            7.136762,
            46.383742
          ],
          [
            7.136758,
            46.383738
          ],
          [
            7.13674,
            46.383746
          ],
          [
            7.136743,
            46.383742
          ],
          [
            7.136738,
            46.383734
          ],
          [
            7.136738,
            46.383734
          ],
          [
            7.136738,
            46.383734
          ],
          [
            7.136738,
            46.383734
          ],
          [
            7.136738,
            46.383734
          ],
          [
            7.136738,
            46.383734
          ],
          [
            7.136738,
            46.383734
          ],
          [
            7.136738,
            46.383734
          ],
          [
            7.136738,
            46.383734
          ],
          [
            7.136738,
            46.383734
          ],
          [
            7.136736,
            46.383714
          ],
          [
            7.136733,
            46.383711
          ],
          [
            7.136733,
            46.383711
          ],
          [
            7.136733,
            46.383711
          ],
          [
            7.136733,
            46.383711
          ],
          [
            7.136733,
            46.383711
          ],
          [
            7.136733,
            46.383711
          ],
          [
            7.136733,
            46.383711
          ],
          [
            7.136734,
            46.383714
          ],
          [
            7.136733,
            46.383707
          ],
          [
            7.136742,
            46.383722
          ],
          [
            7.13675,
            46.383716
          ],
          [
            7.13675,
            46.383726
          ],
          [
            7.136756,
            46.38372
          ],
          [
            7.136756,
            46.38372
          ],
          [
            7.136756,
            46.38372
          ],
          [
            7.136756,
            46.38372
          ],
          [
            7.136756,
            46.38372
          ],
          [
            7.136756,
            46.38372
          ],
          [
            7.136756,
            46.38372
          ],
          [
            7.136756,
            46.38372
          ],
          [
            7.136756,
            46.38372
          ],
          [
            7.136762,
            46.383711
          ],
          [
            7.136759,
            46.383718
          ],
          [
            7.136756,
            46.38372
          ],
          [
            7.136756,
            46.38372
          ],
          [
            7.136756,
            46.38372
          ],
          [
            7.136757,
            46.383719
          ],
          [
            7.136752,
            46.383718
          ],
          [
            7.136754,
            46.383717
          ],
          [
            7.136752,
            46.383714
          ],
          [
            7.136756,
            46.38372
          ],
          [
            7.136756,
            46.38372
          ],
          [
            7.136756,
            46.38372
          ],
          [
            7.136756,
            46.38372
          ],
          [
            7.136756,
            46.38372
          ],
          [
            7.136756,
            46.38372
          ],
          [
            7.136756,
            46.38372
          ],
          [
            7.136758,
            46.38372
          ],
          [
            7.136756,
            46.38372
          ],
          [
            7.136756,
            46.38372
          ],
          [
            7.136756,
            46.38372
          ],
          [
            7.136774,
            46.383721
          ],
          [
            7.136756,
            46.38372
          ],
          [
            7.136756,
            46.38372
          ],
          [
            7.136756,
            46.38372
          ],
          [
            7.136756,
            46.38372
          ],
          [
            7.136736,
            46.383709
          ],
          [
            7.136736,
            46.383709
          ],
          [
            7.136736,
            46.383709
          ],
          [
            7.136742,
            46.383709
          ],
          [
            7.136766,
            46.38371
          ],
          [
            7.136766,
            46.38371
          ],
          [
            7.13675,
            46.383716
          ],
          [
            7.13675,
            46.383718
          ],
          [
            7.136762,
            46.38371
          ],
          [
            7.136763,
            46.383713
          ],
          [
            7.13676,
            46.383712
          ],
          [
            7.13676,
            46.383714
          ],
          [
            7.136766,
            46.38371
          ],
          [
            7.136766,
            46.38371
          ],
          [
            7.136759,
            46.383715
          ],
          [
            7.136753,
            46.383717
          ],
          [
            7.136765,
            46.38372
          ],
          [
            7.136766,
            46.38371
          ],
          [
            7.136766,
            46.38371
          ],
          [
            7.13676,
            46.383723
          ],
          [
            7.136751,
            46.383713
          ],
          [
            7.136753,
            46.383715
          ],
          [
            7.136745,
            46.383714
          ],
          [
            7.136744,
            46.383708
          ],
          [
            7.136749,
            46.383717
          ],
          [
            7.136763,
            46.383719
          ],
          [
            7.136766,
            46.38371
          ],
          [
            7.136766,
            46.38371
          ],
          [
            7.136766,
            46.38371
          ],
          [
            7.136753,
            46.383715
          ],
          [
            7.136754,
            46.383718
          ],
          [
            7.136766,
            46.38371
          ],
          [
            7.136766,
            46.38371
          ],
          [
            7.136766,
            46.38371
          ],
          [
            7.136766,
            46.38371
          ],
          [
            7.136759,
            46.383715
          ],
          [
            7.136766,
            46.38371
          ],
          [
            7.136754,
            46.383714
          ],
          [
            7.136752,
            46.383717
          ],
          [
            7.136751,
            46.383712
          ],
          [
            7.136755,
            46.383719
          ],
          [
            7.136757,
            46.383718
          ],
          [
            7.136757,
            46.383718
          ],
          [
            7.136759,
            46.383712
          ],
          [
            7.136766,
            46.38371
          ],
          [
            7.136764,
            46.383711
          ],
          [
            7.136766,
            46.38371
          ],
          [
            7.136764,
            46.383712
          ],
          [
            7.13676,
            46.383704
          ],
          [
            7.136761,
            46.383711
          ],
          [
            7.136757,
            46.383714
          ],
          [
            7.136752,
            46.383714
          ],
          [
            7.136766,
            46.38371
          ],
          [
            7.136766,
            46.38371
          ],
          [
            7.136766,
            46.38371
          ],
          [
            7.136746,
            46.383712
          ],
          [
            7.136746,
            46.383715
          ],
          [
            7.136746,
            46.383715
          ],
          [
            7.136746,
            46.383715
          ],
          [
            7.136746,
            46.383715
          ],
          [
            7.136746,
            46.383715
          ],
          [
            7.136746,
            46.383715
          ],
          [
            7.136746,
            46.383715
          ],
          [
            7.136746,
            46.383715
          ],
          [
            7.136746,
            46.383715
          ],
          [
            7.136746,
            46.383715
          ],
          [
            7.136746,
            46.383715
          ],
          [
            7.136746,
            46.383715
          ],
          [
            7.136746,
            46.383715
          ],
          [
            7.136746,
            46.383715
          ],
          [
            7.136746,
            46.383715
          ],
          [
            7.136746,
            46.383715
          ],
          [
            7.136746,
            46.383715
          ],
          [
            7.136746,
            46.383715
          ],
          [
            7.136746,
            46.383715
          ],
          [
            7.136746,
            46.383715
          ],
          [
            7.136746,
            46.383715
          ],
          [
            7.136746,
            46.383715
          ],
          [
            7.136746,
            46.383715
          ],
          [
            7.136746,
            46.383715
          ],
          [
            7.136746,
            46.383715
          ],
          [
            7.136746,
            46.383715
          ],
          [
            7.136746,
            46.383715
          ],
          [
            7.136746,
            46.383715
          ],
          [
            7.136746,
            46.383715
          ],
          [
            7.136746,
            46.383715
          ],
          [
            7.136746,
            46.383715
          ],
          [
            7.136746,
            46.383715
          ],
          [
            7.136746,
            46.383715
          ],
          [
            7.136746,
            46.383715
          ],
          [
            7.136746,
            46.383715
          ],
          [
            7.136746,
            46.383715
          ],
          [
            7.136752,
            46.38371
          ],
          [
            7.136758,
            46.383721
          ],
          [
            7.136753,
            46.383718
          ],
          [
            7.136748,
            46.383715
          ],
          [
            7.136749,
            46.383716
          ],
          [
            7.136746,
            46.383715
          ],
          [
            7.136746,
            46.383715
          ],
          [
            7.136746,
            46.383715
          ],
          [
            7.136746,
            46.383715
          ],
          [
            7.136746,
            46.383715
          ],
          [
            7.136749,
            46.383712
          ],
          [
            7.136724,
            46.383685
          ],
          [
            7.136717,
            46.383673
          ],
          [
            7.136709,
            46.383673
          ],
          [
            7.13671,
            46.383675
          ],
          [
            7.13671,
            46.383675
          ],
          [
            7.136693,
            46.383662
          ],
          [
            7.136693,
            46.383661
          ],
          [
            7.136689,
            46.383649
          ],
          [
            7.136659,
            46.383658
          ],
          [
            7.136662,
            46.383663
          ],
          [
            7.136661,
            46.383662
          ],
          [
            7.136643,
            46.38365
          ],
          [
            7.136633,
            46.383641
          ],
          [
            7.136633,
            46.383654
          ],
          [
            7.136627,
            46.38365
          ],
          [
            7.136633,
            46.383654
          ],
          [
            7.136633,
            46.383654
          ],
          [
            7.136633,
            46.383654
          ],
          [
            7.136633,
            46.383654
          ],
          [
            7.136633,
            46.383654
          ],
          [
            7.136633,
            46.383654
          ],
          [
            7.136633,
            46.383654
          ],
          [
            7.136633,
            46.383654
          ],
          [
            7.136633,
            46.383654
          ],
          [
            7.136633,
            46.383654
          ],
          [
            7.136633,
            46.383654
          ],
          [
            7.136633,
            46.383654
          ],
          [
            7.136633,
            46.383654
          ],
          [
            7.136633,
            46.383654
          ],
          [
            7.136633,
            46.383654
          ],
          [
            7.136633,
            46.383654
          ],
          [
            7.136633,
            46.383654
          ],
          [
            7.136633,
            46.383654
          ],
          [
            7.136633,
            46.383654
          ],
          [
            7.136633,
            46.383654
          ],
          [
            7.136633,
            46.383654
          ],
          [
            7.136633,
            46.383654
          ],
          [
            7.136633,
            46.383654
          ],
          [
            7.136633,
            46.383654
          ],
          [
            7.136633,
            46.383654
          ],
          [
            7.136633,
            46.383654
          ],
          [
            7.136633,
            46.383654
          ],
          [
            7.136633,
            46.383654
          ],
          [
            7.136633,
            46.383654
          ],
          [
            7.136633,
            46.383654
          ],
          [
            7.136633,
            46.383654
          ],
          [
            7.136633,
            46.383654
          ],
          [
            7.136633,
            46.383654
          ],
          [
            7.136633,
            46.383654
          ],
          [
            7.136633,
            46.383654
          ],
          [
            7.136633,
            46.383654
          ],
          [
            7.136633,
            46.383654
          ],
          [
            7.136618,
            46.383651
          ],
          [
            7.13661,
            46.383654
          ],
          [
            7.13661,
            46.383654
          ],
          [
            7.136611,
            46.383654
          ],
          [
            7.13661,
            46.383654
          ],
          [
            7.13661,
            46.383654
          ],
          [
            7.13661,
            46.383654
          ],
          [
            7.13661,
            46.383654
          ],
          [
            7.13661,
            46.383654
          ],
          [
            7.13661,
            46.383654
          ],
          [
            7.13661,
            46.383654
          ],
          [
            7.13661,
            46.383654
          ],
          [
            7.13661,
            46.383654
          ],
          [
            7.13661,
            46.383654
          ],
          [
            7.13661,
            46.383654
          ],
          [
            7.13661,
            46.383654
          ],
          [
            7.13661,
            46.383654
          ],
          [
            7.13661,
            46.383654
          ],
          [
            7.13661,
            46.383654
          ],
          [
            7.13661,
            46.383654
          ],
          [
            7.13661,
            46.383654
          ],
          [
            7.13661,
            46.383654
          ],
          [
            7.13661,
            46.383654
          ],
          [
            7.13661,
            46.383654
          ],
          [
            7.13661,
            46.383654
          ],
          [
            7.13661,
            46.383654
          ],
          [
            7.13661,
            46.383654
          ],
          [
            7.13661,
            46.383654
          ],
          [
            7.13661,
            46.383654
          ],
          [
            7.13661,
            46.383654
          ],
          [
            7.13661,
            46.383654
          ],
          [
            7.13661,
            46.383654
          ],
          [
            7.13661,
            46.383654
          ],
          [
            7.13661,
            46.383654
          ],
          [
            7.136614,
            46.38365
          ],
          [
            7.136614,
            46.38365
          ],
          [
            7.136614,
            46.383651
          ],
          [
            7.13661,
            46.383654
          ],
          [
            7.13661,
            46.383654
          ],
          [
            7.13661,
            46.383654
          ],
          [
            7.13661,
            46.383654
          ],
          [
            7.13661,
            46.383654
          ],
          [
            7.136622,
            46.383654
          ],
          [
            7.13661,
            46.383654
          ],
          [
            7.13661,
            46.383654
          ],
          [
            7.13661,
            46.383654
          ],
          [
            7.13661,
            46.383654
          ],
          [
            7.13661,
            46.383654
          ],
          [
            7.13661,
            46.383654
          ],
          [
            7.13661,
            46.383654
          ],
          [
            7.13661,
            46.383654
          ],
          [
            7.13661,
            46.383654
          ],
          [
            7.13661,
            46.383654
          ],
          [
            7.13661,
            46.383654
          ],
          [
            7.13661,
            46.383654
          ],
          [
            7.13661,
            46.383654
          ],
          [
            7.13661,
            46.383654
          ],
          [
            7.13661,
            46.383654
          ],
          [
            7.13661,
            46.383654
          ],
          [
            7.13661,
            46.383654
          ],
          [
            7.13661,
            46.383654
          ],
          [
            7.13661,
            46.383654
          ],
          [
            7.13661,
            46.383654
          ],
          [
            7.13661,
            46.383654
          ],
          [
            7.13661,
            46.383654
          ],
          [
            7.13661,
            46.383654
          ],
          [
            7.13661,
            46.383654
          ],
          [
            7.13661,
            46.383654
          ],
          [
            7.13661,
            46.383654
          ],
          [
            7.13661,
            46.383654
          ],
          [
            7.13661,
            46.383654
          ],
          [
            7.13661,
            46.383654
          ],
          [
            7.13661,
            46.383654
          ],
          [
            7.13661,
            46.383654
          ],
          [
            7.13661,
            46.383654
          ],
          [
            7.13661,
            46.383654
          ],
          [
            7.13661,
            46.383654
          ],
          [
            7.13661,
            46.383654
          ],
          [
            7.13661,
            46.383654
          ],
          [
            7.13661,
            46.383654
          ],
          [
            7.13661,
            46.383654
          ],
          [
            7.13661,
            46.383654
          ],
          [
            7.13661,
            46.383654
          ],
          [
            7.13661,
            46.383654
          ],
          [
            7.13661,
            46.383654
          ],
          [
            7.13661,
            46.383654
          ],
          [
            7.13661,
            46.383654
          ],
          [
            7.136604,
            46.383663
          ],
          [
            7.13661,
            46.383654
          ],
          [
            7.13661,
            46.383654
          ],
          [
            7.13661,
            46.383654
          ],
          [
            7.13661,
            46.383654
          ],
          [
            7.13661,
            46.383654
          ],
          [
            7.13661,
            46.383654
          ],
          [
            7.13661,
            46.383654
          ],
          [
            7.13661,
            46.383654
          ],
          [
            7.13661,
            46.383654
          ],
          [
            7.13661,
            46.383654
          ],
          [
            7.13661,
            46.383654
          ],
          [
            7.13661,
            46.383654
          ],
          [
            7.13661,
            46.383654
          ],
          [
            7.13661,
            46.383654
          ],
          [
            7.13661,
            46.383654
          ],
          [
            7.13661,
            46.383654
          ],
          [
            7.13661,
            46.383654
          ],
          [
            7.13661,
            46.383654
          ],
          [
            7.13661,
            46.383654
          ],
          [
            7.13661,
            46.383654
          ],
          [
            7.13661,
            46.383654
          ],
          [
            7.13661,
            46.383654
          ],
          [
            7.13661,
            46.383654
          ],
          [
            7.13661,
            46.383654
          ],
          [
            7.13661,
            46.383654
          ],
          [
            7.13661,
            46.383654
          ],
          [
            7.13661,
            46.383654
          ],
          [
            7.13661,
            46.383654
          ],
          [
            7.13661,
            46.383654
          ],
          [
            7.13661,
            46.383654
          ],
          [
            7.13661,
            46.383654
          ],
          [
            7.13661,
            46.383654
          ],
          [
            7.13661,
            46.383654
          ],
          [
            7.13661,
            46.383654
          ],
          [
            7.13661,
            46.383654
          ],
          [
            7.13661,
            46.383654
          ],
          [
            7.13661,
            46.383654
          ],
          [
            7.13661,
            46.383654
          ],
          [
            7.13661,
            46.383654
          ],
          [
            7.13661,
            46.383654
          ],
          [
            7.13661,
            46.383654
          ],
          [
            7.13661,
            46.383654
          ],
          [
            7.13661,
            46.383654
          ],
          [
            7.13661,
            46.383654
          ],
          [
            7.13661,
            46.383654
          ],
          [
            7.13661,
            46.383654
          ],
          [
            7.13661,
            46.383654
          ],
          [
            7.13661,
            46.383654
          ],
          [
            7.136621,
            46.383652
          ],
          [
            7.136622,
            46.383653
          ],
          [
            7.13661,
            46.383654
          ],
          [
            7.13661,
            46.383654
          ],
          [
            7.13661,
            46.383654
          ],
          [
            7.13661,
            46.383654
          ],
          [
            7.13661,
            46.383654
          ],
          [
            7.13661,
            46.383654
          ],
          [
            7.13661,
            46.383654
          ],
          [
            7.13661,
            46.383654
          ],
          [
            7.13661,
            46.383654
          ],
          [
            7.13661,
            46.383654
          ],
          [
            7.13661,
            46.383654
          ],
          [
            7.13661,
            46.383654
          ],
          [
            7.13661,
            46.383654
          ],
          [
            7.13661,
            46.383654
          ],
          [
            7.13661,
            46.383654
          ],
          [
            7.13661,
            46.383654
          ],
          [
            7.13661,
            46.383654
          ],
          [
            7.13661,
            46.383654
          ],
          [
            7.136614,
            46.383657
          ],
          [
            7.136613,
            46.383656
          ],
          [
            7.13661,
            46.383654
          ],
          [
            7.13661,
            46.383654
          ],
          [
            7.13661,
            46.383654
          ],
          [
            7.13661,
            46.383654
          ],
          [
            7.13661,
            46.383654
          ],
          [
            7.13661,
            46.383654
          ],
          [
            7.13661,
            46.383654
          ],
          [
            7.13661,
            46.383654
          ],
          [
            7.13661,
            46.383654
          ],
          [
            7.13661,
            46.383654
          ],
          [
            7.13661,
            46.383654
          ],
          [
            7.13661,
            46.383654
          ],
          [
            7.13661,
            46.383654
          ],
          [
            7.13661,
            46.383654
          ],
          [
            7.13661,
            46.383654
          ],
          [
            7.13661,
            46.383654
          ],
          [
            7.13661,
            46.383654
          ],
          [
            7.13661,
            46.383654
          ],
          [
            7.13661,
            46.383654
          ],
          [
            7.13661,
            46.383654
          ],
          [
            7.13661,
            46.383654
          ],
          [
            7.13661,
            46.383654
          ],
          [
            7.13661,
            46.383654
          ],
          [
            7.13661,
            46.383654
          ],
          [
            7.13661,
            46.383654
          ],
          [
            7.13661,
            46.383654
          ],
          [
            7.13661,
            46.383654
          ],
          [
            7.13661,
            46.383654
          ],
          [
            7.13661,
            46.383654
          ],
          [
            7.13661,
            46.383654
          ],
          [
            7.13661,
            46.383654
          ],
          [
            7.13661,
            46.383654
          ],
          [
            7.13661,
            46.383654
          ],
          [
            7.13661,
            46.383654
          ],
          [
            7.136614,
            46.383655
          ],
          [
            7.13661,
            46.383654
          ],
          [
            7.13661,
            46.383654
          ],
          [
            7.136616,
            46.383657
          ],
          [
            7.136615,
            46.383655
          ],
          [
            7.13661,
            46.383654
          ],
          [
            7.13661,
            46.383654
          ],
          [
            7.13661,
            46.383654
          ],
          [
            7.136623,
            46.383649
          ],
          [
            7.13661,
            46.383654
          ],
          [
            7.13661,
            46.383654
          ],
          [
            7.13661,
            46.383654
          ],
          [
            7.13661,
            46.383654
          ],
          [
            7.13661,
            46.383654
          ],
          [
            7.13661,
            46.383654
          ],
          [
            7.13661,
            46.383654
          ],
          [
            7.13661,
            46.38366
          ],
          [
            7.13661,
            46.383654
          ],
          [
            7.13661,
            46.383654
          ],
          [
            7.13661,
            46.383654
          ],
          [
            7.13661,
            46.383654
          ],
          [
            7.13661,
            46.383654
          ],
          [
            7.13661,
            46.383654
          ],
          [
            7.13661,
            46.383654
          ],
          [
            7.13661,
            46.383654
          ],
          [
            7.13661,
            46.383654
          ],
          [
            7.13661,
            46.383654
          ],
          [
            7.13661,
            46.383654
          ],
          [
            7.13661,
            46.383654
          ],
          [
            7.13661,
            46.383654
          ],
          [
            7.13661,
            46.383654
          ],
          [
            7.13661,
            46.383654
          ],
          [
            7.13661,
            46.383654
          ],
          [
            7.13661,
            46.383654
          ],
          [
            7.13661,
            46.383654
          ],
          [
            7.13661,
            46.383654
          ],
          [
            7.13661,
            46.383654
          ],
          [
            7.13661,
            46.383654
          ],
          [
            7.13661,
            46.383654
          ],
          [
            7.13661,
            46.383654
          ],
          [
            7.13661,
            46.383654
          ],
          [
            7.13661,
            46.383654
          ],
          [
            7.13661,
            46.383654
          ],
          [
            7.13661,
            46.383654
          ],
          [
            7.13661,
            46.383654
          ],
          [
            7.136615,
            46.383662
          ],
          [
            7.13661,
            46.383654
          ],
          [
            7.13661,
            46.383654
          ],
          [
            7.13661,
            46.383654
          ],
          [
            7.13661,
            46.383654
          ],
          [
            7.13661,
            46.383654
          ],
          [
            7.13661,
            46.383654
          ],
          [
            7.13661,
            46.383654
          ],
          [
            7.13661,
            46.383654
          ],
          [
            7.13661,
            46.383654
          ],
          [
            7.13661,
            46.383654
          ],
          [
            7.13661,
            46.383654
          ],
          [
            7.13661,
            46.383654
          ],
          [
            7.13661,
            46.383654
          ],
          [
            7.13661,
            46.383654
          ],
          [
            7.13661,
            46.383654
          ],
          [
            7.13661,
            46.383654
          ],
          [
            7.13661,
            46.383654
          ],
          [
            7.13661,
            46.383654
          ],
          [
            7.13661,
            46.383654
          ],
          [
            7.13661,
            46.383654
          ],
          [
            7.13661,
            46.383654
          ],
          [
            7.13661,
            46.383654
          ],
          [
            7.13661,
            46.383654
          ],
          [
            7.13661,
            46.383654
          ],
          [
            7.13661,
            46.383654
          ],
          [
            7.13661,
            46.383654
          ],
          [
            7.13661,
            46.383654
          ],
          [
            7.13661,
            46.383654
          ],
          [
            7.13661,
            46.383654
          ],
          [
            7.13661,
            46.383654
          ],
          [
            7.13661,
            46.383654
          ],
          [
            7.13661,
            46.383654
          ],
          [
            7.13661,
            46.383654
          ],
          [
            7.13661,
            46.383654
          ],
          [
            7.13661,
            46.383654
          ],
          [
            7.13661,
            46.383654
          ],
          [
            7.13661,
            46.383654
          ],
          [
            7.13661,
            46.383654
          ],
          [
            7.13661,
            46.383654
          ],
          [
            7.13661,
            46.383654
          ],
          [
            7.13661,
            46.383654
          ],
          [
            7.13661,
            46.383654
          ],
          [
            7.13661,
            46.383654
          ],
          [
            7.13661,
            46.383654
          ],
          [
            7.13661,
            46.383654
          ],
          [
            7.13661,
            46.383654
          ],
          [
            7.13661,
            46.383654
          ],
          [
            7.13661,
            46.383654
          ],
          [
            7.13661,
            46.383654
          ],
          [
            7.13661,
            46.383654
          ],
          [
            7.13661,
            46.383654
          ],
          [
            7.13661,
            46.383654
          ],
          [
            7.136618,
            46.383659
          ],
          [
            7.13661,
            46.383654
          ],
          [
            7.13661,
            46.383654
          ],
          [
            7.13661,
            46.383654
          ],
          [
            7.13661,
            46.383654
          ],
          [
            7.13661,
            46.383654
          ],
          [
            7.13661,
            46.383654
          ],
          [
            7.13661,
            46.383654
          ],
          [
            7.13661,
            46.383654
          ],
          [
            7.13661,
            46.383654
          ],
          [
            7.13661,
            46.383654
          ],
          [
            7.13661,
            46.383654
          ],
          [
            7.13661,
            46.383654
          ],
          [
            7.13661,
            46.383654
          ],
          [
            7.13661,
            46.383654
          ],
          [
            7.13661,
            46.383654
          ],
          [
            7.13661,
            46.383654
          ],
          [
            7.13661,
            46.383654
          ],
          [
            7.13661,
            46.383654
          ],
          [
            7.136614,
            46.383661
          ],
          [
            7.136613,
            46.383651
          ],
          [
            7.136604,
            46.383649
          ],
          [
            7.136615,
            46.38366
          ],
          [
            7.13662,
            46.383663
          ],
          [
            7.13661,
            46.383654
          ],
          [
            7.13661,
            46.383654
          ],
          [
            7.13661,
            46.383654
          ],
          [
            7.13661,
            46.383654
          ],
          [
            7.13661,
            46.383654
          ],
          [
            7.13661,
            46.383654
          ],
          [
            7.13661,
            46.383654
          ],
          [
            7.13661,
            46.383654
          ],
          [
            7.13661,
            46.383654
          ],
          [
            7.13661,
            46.383654
          ],
          [
            7.13661,
            46.383654
          ],
          [
            7.13661,
            46.383654
          ],
          [
            7.13661,
            46.383654
          ],
          [
            7.13661,
            46.383654
          ],
          [
            7.13661,
            46.383654
          ],
          [
            7.13661,
            46.383654
          ],
          [
            7.13661,
            46.383654
          ],
          [
            7.13661,
            46.383654
          ],
          [
            7.13661,
            46.383654
          ],
          [
            7.13661,
            46.383654
          ],
          [
            7.13661,
            46.383654
          ],
          [
            7.13661,
            46.383654
          ],
          [
            7.13661,
            46.383654
          ],
          [
            7.13661,
            46.383654
          ],
          [
            7.13661,
            46.383654
          ],
          [
            7.13661,
            46.383654
          ],
          [
            7.13661,
            46.383654
          ],
          [
            7.13661,
            46.383654
          ],
          [
            7.13661,
            46.383654
          ],
          [
            7.13661,
            46.383654
          ],
          [
            7.13661,
            46.383654
          ],
          [
            7.13661,
            46.383654
          ],
          [
            7.13661,
            46.383654
          ],
          [
            7.13661,
            46.383654
          ],
          [
            7.13661,
            46.383654
          ],
          [
            7.13661,
            46.383654
          ],
          [
            7.13661,
            46.383654
          ],
          [
            7.13661,
            46.383654
          ],
          [
            7.13661,
            46.383654
          ],
          [
            7.13661,
            46.383654
          ],
          [
            7.13661,
            46.383654
          ],
          [
            7.13661,
            46.383654
          ],
          [
            7.13661,
            46.383654
          ],
          [
            7.13661,
            46.383654
          ],
          [
            7.13661,
            46.383654
          ],
          [
            7.13661,
            46.383654
          ],
          [
            7.13661,
            46.383654
          ],
          [
            7.13661,
            46.383654
          ],
          [
            7.136611,
            46.383651
          ],
          [
            7.13661,
            46.383654
          ],
          [
            7.13661,
            46.383654
          ],
          [
            7.13661,
            46.383654
          ],
          [
            7.13661,
            46.383654
          ],
          [
            7.13661,
            46.383654
          ],
          [
            7.13661,
            46.383654
          ],
          [
            7.13661,
            46.383654
          ],
          [
            7.13661,
            46.383654
          ],
          [
            7.13661,
            46.383654
          ],
          [
            7.13661,
            46.383654
          ],
          [
            7.13661,
            46.383654
          ],
          [
            7.13661,
            46.383654
          ],
          [
            7.13661,
            46.383654
          ],
          [
            7.136617,
            46.383655
          ],
          [
            7.136616,
            46.383652
          ],
          [
            7.136621,
            46.383653
          ],
          [
            7.13661,
            46.383654
          ],
          [
            7.13661,
            46.383654
          ],
          [
            7.13661,
            46.383654
          ],
          [
            7.13661,
            46.383654
          ],
          [
            7.13661,
            46.383654
          ],
          [
            7.13661,
            46.383654
          ],
          [
            7.13661,
            46.383654
          ],
          [
            7.13661,
            46.383654
          ],
          [
            7.13661,
            46.383654
          ],
          [
            7.13661,
            46.383654
          ],
          [
            7.13661,
            46.383654
          ],
          [
            7.13661,
            46.383654
          ],
          [
            7.13661,
            46.383654
          ],
          [
            7.13661,
            46.383654
          ],
          [
            7.13661,
            46.383654
          ],
          [
            7.13661,
            46.383654
          ],
          [
            7.13661,
            46.383654
          ],
          [
            7.136613,
            46.383647
          ],
          [
            7.13661,
            46.383654
          ],
          [
            7.13661,
            46.383654
          ],
          [
            7.13661,
            46.383654
          ],
          [
            7.13661,
            46.383654
          ],
          [
            7.13661,
            46.383654
          ],
          [
            7.13661,
            46.383654
          ],
          [
            7.13661,
            46.383654
          ],
          [
            7.13661,
            46.383654
          ],
          [
            7.13661,
            46.383654
          ],
          [
            7.13661,
            46.383654
          ],
          [
            7.13661,
            46.383654
          ],
          [
            7.13661,
            46.383654
          ],
          [
            7.13661,
            46.383654
          ],
          [
            7.13661,
            46.383654
          ],
          [
            7.13661,
            46.383654
          ],
          [
            7.13661,
            46.383654
          ],
          [
            7.13661,
            46.383654
          ],
          [
            7.13661,
            46.383654
          ],
          [
            7.13661,
            46.383654
          ],
          [
            7.136617,
            46.383652
          ],
          [
            7.136612,
            46.383654
          ],
          [
            7.13661,
            46.383654
          ],
          [
            7.13661,
            46.383654
          ],
          [
            7.13661,
            46.383654
          ],
          [
            7.13661,
            46.383654
          ],
          [
            7.13661,
            46.383654
          ],
          [
            7.13661,
            46.383654
          ],
          [
            7.13661,
            46.383654
          ],
          [
            7.13661,
            46.383654
          ],
          [
            7.13661,
            46.383654
          ],
          [
            7.13661,
            46.383654
          ],
          [
            7.13661,
            46.383654
          ],
          [
            7.13661,
            46.383654
          ],
          [
            7.136612,
            46.383656
          ],
          [
            7.13661,
            46.383654
          ],
          [
            7.13661,
            46.383654
          ],
          [
            7.13661,
            46.383654
          ],
          [
            7.136615,
            46.383654
          ],
          [
            7.13661,
            46.383654
          ],
          [
            7.13661,
            46.383654
          ],
          [
            7.13661,
            46.383654
          ],
          [
            7.13661,
            46.383654
          ],
          [
            7.13661,
            46.383654
          ],
          [
            7.13661,
            46.383654
          ],
          [
            7.13661,
            46.383654
          ],
          [
            7.13661,
            46.383654
          ],
          [
            7.13661,
            46.383654
          ],
          [
            7.136619,
            46.383653
          ],
          [
            7.13661,
            46.383654
          ],
          [
            7.13661,
            46.383654
          ],
          [
            7.13661,
            46.383654
          ],
          [
            7.13661,
            46.383654
          ],
          [
            7.13661,
            46.383654
          ],
          [
            7.13661,
            46.383654
          ],
          [
            7.136616,
            46.383652
          ],
          [
            7.136615,
            46.383657
          ],
          [
            7.13661,
            46.383654
          ],
          [
            7.13661,
            46.383654
          ],
          [
            7.13661,
            46.383654
          ],
          [
            7.13661,
            46.383654
          ],
          [
            7.13661,
            46.383654
          ],
          [
            7.13661,
            46.383654
          ],
          [
            7.13661,
            46.383654
          ],
          [
            7.13661,
            46.383654
          ],
          [
            7.13661,
            46.383654
          ],
          [
            7.13661,
            46.383654
          ],
          [
            7.13661,
            46.383654
          ],
          [
            7.13661,
            46.383654
          ],
          [
            7.13661,
            46.383654
          ],
          [
            7.13661,
            46.383654
          ],
          [
            7.13661,
            46.383654
          ],
          [
            7.13661,
            46.383654
          ],
          [
            7.13661,
            46.383654
          ],
          [
            7.13661,
            46.383654
          ],
          [
            7.13661,
            46.383654
          ],
          [
            7.13661,
            46.383654
          ],
          [
            7.13661,
            46.383654
          ],
          [
            7.13661,
            46.383654
          ],
          [
            7.13661,
            46.383654
          ],
          [
            7.13661,
            46.383654
          ],
          [
            7.13661,
            46.383654
          ],
          [
            7.13661,
            46.383654
          ],
          [
            7.13661,
            46.383654
          ],
          [
            7.13661,
            46.383654
          ],
          [
            7.13661,
            46.383654
          ],
          [
            7.13661,
            46.383654
          ],
          [
            7.13661,
            46.383654
          ],
          [
            7.13661,
            46.383654
          ],
          [
            7.13661,
            46.383654
          ],
          [
            7.13661,
            46.383654
          ],
          [
            7.13661,
            46.383654
          ],
          [
            7.13661,
            46.383654
          ],
          [
            7.13661,
            46.383654
          ],
          [
            7.13661,
            46.383654
          ],
          [
            7.13661,
            46.383654
          ],
          [
            7.13661,
            46.383654
          ],
          [
            7.13661,
            46.383654
          ],
          [
            7.13661,
            46.383654
          ],
          [
            7.13661,
            46.383654
          ],
          [
            7.13661,
            46.383654
          ],
          [
            7.13661,
            46.383654
          ],
          [
            7.136611,
            46.383656
          ],
          [
            7.13661,
            46.383654
          ],
          [
            7.13661,
            46.383654
          ],
          [
            7.13661,
            46.383654
          ],
          [
            7.13661,
            46.383654
          ],
          [
            7.136623,
            46.383658
          ],
          [
            7.136625,
            46.383658
          ],
          [
            7.136623,
            46.383653
          ],
          [
            7.13662,
            46.383651
          ],
          [
            7.13661,
            46.383654
          ],
          [
            7.13661,
            46.383654
          ],
          [
            7.13661,
            46.383654
          ],
          [
            7.13661,
            46.383654
          ],
          [
            7.13661,
            46.383654
          ],
          [
            7.13661,
            46.383654
          ],
          [
            7.13661,
            46.383654
          ],
          [
            7.13661,
            46.383654
          ],
          [
            7.13661,
            46.383654
          ],
          [
            7.13661,
            46.383654
          ],
          [
            7.13661,
            46.383654
          ],
          [
            7.13661,
            46.383654
          ],
          [
            7.13661,
            46.383654
          ],
          [
            7.13661,
            46.383654
          ],
          [
            7.13661,
            46.383654
          ],
          [
            7.13661,
            46.383654
          ],
          [
            7.13661,
            46.383654
          ],
          [
            7.13661,
            46.383654
          ],
          [
            7.13661,
            46.383654
          ],
          [
            7.13661,
            46.383654
          ],
          [
            7.13661,
            46.383654
          ],
          [
            7.13661,
            46.383654
          ],
          [
            7.13661,
            46.383654
          ],
          [
            7.13661,
            46.383654
          ],
          [
            7.13661,
            46.383654
          ],
          [
            7.13661,
            46.383654
          ],
          [
            7.13661,
            46.383654
          ],
          [
            7.13661,
            46.383654
          ],
          [
            7.13661,
            46.383654
          ],
          [
            7.136643,
            46.383653
          ],
          [
            7.136634,
            46.383654
          ],
          [
            7.136634,
            46.383652
          ],
          [
            7.136641,
            46.383634
          ],
          [
            7.136646,
            46.383633
          ],
          [
            7.136643,
            46.383632
          ],
          [
            7.136645,
            46.383626
          ],
          [
            7.136639,
            46.383614
          ],
          [
            7.13664,
            46.383603
          ],
          [
            7.136641,
            46.383604
          ],
          [
            7.136641,
            46.383604
          ],
          [
            7.136641,
            46.383604
          ],
          [
            7.136646,
            46.383588
          ],
          [
            7.136648,
            46.383574
          ],
          [
            7.136651,
            46.383563
          ],
          [
            7.136656,
            46.383566
          ],
          [
            7.136656,
            46.383566
          ],
          [
            7.136656,
            46.383566
          ],
          [
            7.136656,
            46.383566
          ],
          [
            7.136656,
            46.383566
          ],
          [
            7.136656,
            46.383566
          ],
          [
            7.136656,
            46.383566
          ],
          [
            7.136656,
            46.383566
          ],
          [
            7.136656,
            46.383566
          ],
          [
            7.136662,
            46.383555
          ],
          [
            7.136651,
            46.38356
          ],
          [
            7.136651,
            46.383556
          ],
          [
            7.136656,
            46.383566
          ],
          [
            7.136656,
            46.383566
          ],
          [
            7.136656,
            46.383566
          ],
          [
            7.136656,
            46.383566
          ],
          [
            7.136656,
            46.383566
          ],
          [
            7.136658,
            46.383555
          ],
          [
            7.136656,
            46.383566
          ],
          [
            7.136656,
            46.383566
          ],
          [
            7.136656,
            46.383566
          ],
          [
            7.136656,
            46.383566
          ],
          [
            7.136656,
            46.383566
          ],
          [
            7.136664,
            46.383555
          ],
          [
            7.136713,
            46.383518
          ],
          [
            7.136713,
            46.383518
          ],
          [
            7.136749,
            46.383478
          ],
          [
            7.136813,
            46.383456
          ],
          [
            7.136835,
            46.383472
          ],
          [
            7.136844,
            46.383499
          ],
          [
            7.136848,
            46.38353
          ],
          [
            7.13685,
            46.383557
          ],
          [
            7.136848,
            46.383571
          ],
          [
            7.136844,
            46.383573
          ],
          [
            7.136843,
            46.383572
          ],
          [
            7.136844,
            46.383572
          ],
          [
            7.136881,
            46.383593
          ],
          [
            7.136905,
            46.383625
          ],
          [
            7.136909,
            46.383637
          ],
          [
            7.13692,
            46.383652
          ],
          [
            7.136945,
            46.383694
          ],
          [
            7.136957,
            46.383715
          ],
          [
            7.136986,
            46.383771
          ],
          [
            7.136998,
            46.383802
          ],
          [
            7.137006,
            46.383832
          ],
          [
            7.137016,
            46.383881
          ],
          [
            7.137035,
            46.383918
          ],
          [
            7.137037,
            46.383929
          ],
          [
            7.137037,
            46.383929
          ],
          [
            7.137037,
            46.383929
          ],
          [
            7.137037,
            46.383929
          ],
          [
            7.137037,
            46.383929
          ],
          [
            7.137037,
            46.383929
          ],
          [
            7.137037,
            46.383929
          ],
          [
            7.137037,
            46.383929
          ],
          [
            7.137037,
            46.383929
          ],
          [
            7.137037,
            46.383929
          ],
          [
            7.137037,
            46.383929
          ],
          [
            7.137037,
            46.383929
          ],
          [
            7.137037,
            46.383929
          ],
          [
            7.137037,
            46.383929
          ],
          [
            7.137037,
            46.383929
          ],
          [
            7.137037,
            46.383929
          ],
          [
            7.137037,
            46.383929
          ],
          [
            7.137037,
            46.383929
          ],
          [
            7.137037,
            46.383929
          ],
          [
            7.137037,
            46.383929
          ],
          [
            7.137039,
            46.383928
          ],
          [
            7.13716,
            46.383992
          ],
          [
            7.137178,
            46.38397
          ],
          [
            7.137204,
            46.383924
          ],
          [
            7.137229,
            46.383875
          ],
          [
            7.137286,
            46.383805
          ],
          [
            7.137339,
            46.383774
          ],
          [
            7.137454,
            46.383754
          ],
          [
            7.137512,
            46.383763
          ],
          [
            7.137551,
            46.38375
          ],
          [
            7.137568,
            46.383735
          ],
          [
            7.137575,
            46.383727
          ],
          [
            7.137575,
            46.383727
          ],
          [
            7.137575,
            46.383727
          ],
          [
            7.137575,
            46.383727
          ],
          [
            7.137575,
            46.383727
          ],
          [
            7.137573,
            46.38373
          ],
          [
            7.137575,
            46.383727
          ],
          [
            7.137575,
            46.383727
          ],
          [
            7.137575,
            46.383727
          ],
          [
            7.137575,
            46.383727
          ],
          [
            7.137562,
            46.383748
          ],
          [
            7.137565,
            46.383737
          ],
          [
            7.137565,
            46.383734
          ],
          [
            7.137575,
            46.383727
          ],
          [
            7.137575,
            46.383727
          ],
          [
            7.137575,
            46.383727
          ],
          [
            7.137575,
            46.383727
          ],
          [
            7.137575,
            46.383727
          ],
          [
            7.137575,
            46.383727
          ],
          [
            7.137575,
            46.383727
          ],
          [
            7.137575,
            46.383727
          ],
          [
            7.137575,
            46.383727
          ],
          [
            7.137575,
            46.383727
          ],
          [
            7.137564,
            46.383734
          ],
          [
            7.137575,
            46.383727
          ],
          [
            7.137575,
            46.383727
          ],
          [
            7.137575,
            46.383727
          ],
          [
            7.137575,
            46.383727
          ],
          [
            7.137568,
            46.383723
          ],
          [
            7.137622,
            46.38372
          ],
          [
            7.13771,
            46.383766
          ],
          [
            7.137722,
            46.383792
          ],
          [
            7.137743,
            46.383858
          ],
          [
            7.13776,
            46.383922
          ],
          [
            7.137763,
            46.383947
          ],
          [
            7.137761,
            46.383968
          ],
          [
            7.137769,
            46.383977
          ],
          [
            7.137777,
            46.383975
          ],
          [
            7.137859,
            46.383953
          ],
          [
            7.137899,
            46.383923
          ],
          [
            7.137934,
            46.383893
          ],
          [
            7.137963,
            46.383851
          ],
          [
            7.137981,
            46.383817
          ],
          [
            7.137991,
            46.383793
          ],
          [
            7.137987,
            46.383785
          ],
          [
            7.137987,
            46.383785
          ],
          [
            7.138,
            46.383781
          ],
          [
            7.138027,
            46.383761
          ],
          [
            7.1381,
            46.383699
          ],
          [
            7.138146,
            46.383661
          ],
          [
            7.13819,
            46.383627
          ],
          [
            7.138219,
            46.383606
          ],
          [
            7.138235,
            46.3836
          ],
          [
            7.138241,
            46.383598
          ],
          [
            7.138237,
            46.383599
          ],
          [
            7.138237,
            46.383599
          ],
          [
            7.138274,
            46.38358
          ],
          [
            7.13828,
            46.383576
          ],
          [
            7.138291,
            46.383565
          ],
          [
            7.138291,
            46.383565
          ],
          [
            7.138291,
            46.383565
          ],
          [
            7.138291,
            46.383565
          ],
          [
            7.138291,
            46.383565
          ],
          [
            7.138291,
            46.383565
          ],
          [
            7.138384,
            46.383529
          ],
          [
            7.13846,
            46.38351
          ],
          [
            7.138471,
            46.383544
          ],
          [
            7.138501,
            46.383566
          ],
          [
            7.138543,
            46.383564
          ],
          [
            7.138575,
            46.383544
          ],
          [
            7.1386,
            46.383528
          ],
          [
            7.138609,
            46.383528
          ],
          [
            7.138613,
            46.383533
          ],
          [
            7.138616,
            46.383538
          ],
          [
            7.13862,
            46.383544
          ],
          [
            7.138623,
            46.383549
          ],
          [
            7.138627,
            46.383554
          ],
          [
            7.13863,
            46.383559
          ],
          [
            7.138634,
            46.383564
          ],
          [
            7.138661,
            46.383628
          ],
          [
            7.13871,
            46.383641
          ],
          [
            7.138752,
            46.38366
          ],
          [
            7.138767,
            46.383694
          ],
          [
            7.138793,
            46.383718
          ],
          [
            7.13884,
            46.383724
          ],
          [
            7.138897,
            46.38374
          ],
          [
            7.13892,
            46.383766
          ],
          [
            7.138916,
            46.383799
          ],
          [
            7.138914,
            46.383811
          ],
          [
            7.138911,
            46.383811
          ],
          [
            7.138907,
            46.383806
          ],
          [
            7.138907,
            46.383806
          ],
          [
            7.138907,
            46.383806
          ],
          [
            7.138907,
            46.383806
          ],
          [
            7.138907,
            46.383806
          ],
          [
            7.138907,
            46.383806
          ],
          [
            7.138907,
            46.383806
          ],
          [
            7.138907,
            46.383806
          ],
          [
            7.138945,
            46.383832
          ],
          [
            7.138981,
            46.383842
          ],
          [
            7.139034,
            46.383825
          ],
          [
            7.13909,
            46.383807
          ],
          [
            7.13916,
            46.383791
          ],
          [
            7.13922,
            46.383807
          ],
          [
            7.139283,
            46.383804
          ],
          [
            7.139338,
            46.383785
          ],
          [
            7.139371,
            46.383773
          ],
          [
            7.139436,
            46.383755
          ],
          [
            7.139458,
            46.383748
          ],
          [
            7.139473,
            46.383742
          ],
          [
            7.139523,
            46.383724
          ],
          [
            7.139536,
            46.383719
          ],
          [
            7.139553,
            46.383714
          ],
          [
            7.139553,
            46.383714
          ],
          [
            7.139553,
            46.383714
          ],
          [
            7.139628,
            46.383729
          ],
          [
            7.139671,
            46.383758
          ],
          [
            7.139736,
            46.383784
          ],
          [
            7.139786,
            46.383798
          ],
          [
            7.139836,
            46.383824
          ],
          [
            7.139887,
            46.383865
          ],
          [
            7.139928,
            46.383894
          ],
          [
            7.139986,
            46.383917
          ],
          [
            7.140028,
            46.383944
          ],
          [
            7.140085,
            46.383966
          ],
          [
            7.14015,
            46.383979
          ],
          [
            7.140204,
            46.383984
          ],
          [
            7.14025,
            46.38398
          ],
          [
            7.140282,
            46.383968
          ],
          [
            7.140317,
            46.383955
          ],
          [
            7.140321,
            46.383955
          ],
          [
            7.140333,
            46.383957
          ],
          [
            7.140333,
            46.383957
          ],
          [
            7.140333,
            46.383957
          ],
          [
            7.140333,
            46.383957
          ],
          [
            7.140348,
            46.383965
          ],
          [
            7.14036,
            46.383964
          ],
          [
            7.140403,
            46.383961
          ],
          [
            7.140469,
            46.383963
          ],
          [
            7.140521,
            46.383974
          ],
          [
            7.140569,
            46.383993
          ],
          [
            7.14063,
            46.384016
          ],
          [
            7.140687,
            46.384043
          ],
          [
            7.140743,
            46.384063
          ],
          [
            7.140805,
            46.384071
          ],
          [
            7.140874,
            46.384078
          ],
          [
            7.140937,
            46.384074
          ],
          [
            7.140999,
            46.384065
          ],
          [
            7.141054,
            46.384059
          ],
          [
            7.141128,
            46.384064
          ],
          [
            7.141155,
            46.384072
          ],
          [
            7.141179,
            46.384082
          ],
          [
            7.141208,
            46.384093
          ],
          [
            7.141244,
            46.384106
          ],
          [
            7.141333,
            46.38415
          ],
          [
            7.141432,
            46.384227
          ],
          [
            7.141473,
            46.384277
          ],
          [
            7.141516,
            46.384324
          ],
          [
            7.141606,
            46.384392
          ],
          [
            7.141636,
            46.38442
          ],
          [
            7.141653,
            46.384445
          ],
          [
            7.141684,
            46.384487
          ],
          [
            7.141729,
            46.384532
          ],
          [
            7.141745,
            46.384552
          ],
          [
            7.141752,
            46.384568
          ],
          [
            7.141756,
            46.384585
          ],
          [
            7.141756,
            46.384585
          ],
          [
            7.141756,
            46.384585
          ],
          [
            7.141756,
            46.384585
          ],
          [
            7.141756,
            46.384585
          ],
          [
            7.141756,
            46.384585
          ],
          [
            7.141756,
            46.384585
          ],
          [
            7.141756,
            46.384585
          ],
          [
            7.141756,
            46.384585
          ],
          [
            7.141756,
            46.384585
          ],
          [
            7.141715,
            46.384617
          ],
          [
            7.141687,
            46.384685
          ],
          [
            7.141696,
            46.384765
          ],
          [
            7.141706,
            46.384809
          ],
          [
            7.141711,
            46.384861
          ],
          [
            7.141732,
            46.38492
          ],
          [
            7.141767,
            46.384982
          ],
          [
            7.141777,
            46.385051
          ],
          [
            7.141764,
            46.385119
          ],
          [
            7.141748,
            46.385191
          ],
          [
            7.141726,
            46.385259
          ],
          [
            7.141658,
            46.385385
          ],
          [
            7.141618,
            46.385443
          ],
          [
            7.141571,
            46.385497
          ],
          [
            7.141525,
            46.385555
          ],
          [
            7.141487,
            46.385619
          ],
          [
            7.141463,
            46.385695
          ],
          [
            7.141443,
            46.385779
          ],
          [
            7.141421,
            46.385854
          ],
          [
            7.141395,
            46.38592
          ],
          [
            7.141376,
            46.385968
          ],
          [
            7.141352,
            46.386015
          ],
          [
            7.14133,
            46.38607
          ],
          [
            7.14127,
            46.386191
          ],
          [
            7.141232,
            46.386307
          ],
          [
            7.141213,
            46.386359
          ],
          [
            7.141171,
            46.386446
          ],
          [
            7.141142,
            46.386486
          ],
          [
            7.14109,
            46.386537
          ],
          [
            7.141034,
            46.386598
          ],
          [
            7.141002,
            46.38663
          ],
          [
            7.14098,
            46.386651
          ],
          [
            7.140966,
            46.386666
          ],
          [
            7.140965,
            46.386669
          ],
          [
            7.140941,
            46.386693
          ],
          [
            7.140918,
            46.386705
          ],
          [
            7.140872,
            46.386728
          ],
          [
            7.140828,
            46.386752
          ],
          [
            7.140815,
            46.38678
          ],
          [
            7.140806,
            46.386791
          ],
          [
            7.14079,
            46.386812
          ],
          [
            7.140756,
            46.386837
          ],
          [
            7.140756,
            46.386834
          ],
          [
            7.140724,
            46.386859
          ],
          [
            7.140698,
            46.386894
          ],
          [
            7.140664,
            46.386934
          ],
          [
            7.140645,
            46.386957
          ],
          [
            7.140643,
            46.386966
          ],
          [
            7.140629,
            46.386994
          ],
          [
            7.140627,
            46.386992
          ],
          [
            7.140628,
            46.386994
          ],
          [
            7.140616,
            46.387009
          ],
          [
            7.140609,
            46.387023
          ],
          [
            7.140591,
            46.387041
          ],
          [
            7.140597,
            46.387031
          ],
          [
            7.140576,
            46.387063
          ],
          [
            7.140572,
            46.387068
          ],
          [
            7.140558,
            46.387091
          ],
          [
            7.140524,
            46.38712
          ],
          [
            7.140494,
            46.387149
          ],
          [
            7.140475,
            46.387163
          ],
          [
            7.140437,
            46.387196
          ],
          [
            7.140421,
            46.387204
          ],
          [
            7.140399,
            46.38722
          ],
          [
            7.140398,
            46.387224
          ],
          [
            7.1404,
            46.387224
          ],
          [
            7.140389,
            46.387231
          ],
          [
            7.140326,
            46.38727
          ],
          [
            7.140307,
            46.387279
          ],
          [
            7.140293,
            46.387281
          ],
          [
            7.140286,
            46.387287
          ],
          [
            7.140243,
            46.387316
          ],
          [
            7.140201,
            46.387329
          ],
          [
            7.140192,
            46.387334
          ],
          [
            7.14018,
            46.387342
          ],
          [
            7.140163,
            46.387361
          ],
          [
            7.140158,
            46.387365
          ],
          [
            7.140113,
            46.387381
          ],
          [
            7.140097,
            46.387384
          ],
          [
            7.140093,
            46.387386
          ],
          [
            7.140074,
            46.387389
          ],
          [
            7.140057,
            46.387394
          ],
          [
            7.140043,
            46.387392
          ],
          [
            7.140042,
            46.38739
          ],
          [
            7.14002,
            46.387395
          ],
          [
            7.140012,
            46.387398
          ],
          [
            7.139987,
            46.387409
          ],
          [
            7.139961,
            46.387415
          ],
          [
            7.139943,
            46.387424
          ],
          [
            7.139924,
            46.387427
          ],
          [
            7.139897,
            46.387434
          ],
          [
            7.13986,
            46.387453
          ],
          [
            7.139822,
            46.387481
          ],
          [
            7.139819,
            46.387482
          ],
          [
            7.139787,
            46.387499
          ],
          [
            7.139769,
            46.387511
          ],
          [
            7.139774,
            46.387504
          ],
          [
            7.139775,
            46.387504
          ],
          [
            7.139775,
            46.387504
          ],
          [
            7.139775,
            46.387504
          ],
          [
            7.139775,
            46.387504
          ],
          [
            7.139775,
            46.387504
          ],
          [
            7.139775,
            46.387504
          ],
          [
            7.139775,
            46.387504
          ],
          [
            7.139775,
            46.387504
          ],
          [
            7.139775,
            46.387504
          ],
          [
            7.139775,
            46.387504
          ],
          [
            7.139775,
            46.387504
          ],
          [
            7.139775,
            46.387504
          ],
          [
            7.139775,
            46.387504
          ],
          [
            7.139775,
            46.387504
          ],
          [
            7.139775,
            46.387504
          ],
          [
            7.139775,
            46.387504
          ],
          [
            7.139775,
            46.387504
          ],
          [
            7.139775,
            46.387504
          ],
          [
            7.13977,
            46.387506
          ],
          [
            7.139758,
            46.387512
          ],
          [
            7.139761,
            46.387515
          ],
          [
            7.139758,
            46.387527
          ],
          [
            7.139645,
            46.387596
          ],
          [
            7.139559,
            46.387659
          ],
          [
            7.139468,
            46.387751
          ],
          [
            7.139393,
            46.387827
          ],
          [
            7.139376,
            46.387853
          ],
          [
            7.139364,
            46.387864
          ],
          [
            7.13937,
            46.387863
          ],
          [
            7.13937,
            46.387863
          ],
          [
            7.13937,
            46.387863
          ],
          [
            7.139298,
            46.38793
          ],
          [
            7.139219,
            46.387984
          ],
          [
            7.139181,
            46.388017
          ],
          [
            7.139105,
            46.388092
          ],
          [
            7.139066,
            46.388136
          ],
          [
            7.138969,
            46.388233
          ],
          [
            7.138948,
            46.38828
          ],
          [
            7.138946,
            46.388331
          ],
          [
            7.138924,
            46.388438
          ],
          [
            7.13888,
            46.388493
          ],
          [
            7.138858,
            46.388557
          ],
          [
            7.138825,
            46.388615
          ],
          [
            7.138762,
            46.388653
          ],
          [
            7.138676,
            46.388681
          ],
          [
            7.138596,
            46.388717
          ],
          [
            7.138537,
            46.388752
          ],
          [
            7.138492,
            46.38878
          ],
          [
            7.138474,
            46.388788
          ],
          [
            7.138469,
            46.388789
          ],
          [
            7.138469,
            46.388789
          ],
          [
            7.138471,
            46.388789
          ],
          [
            7.138467,
            46.3888
          ],
          [
            7.138434,
            46.388893
          ],
          [
            7.138411,
            46.388939
          ],
          [
            7.138376,
            46.388976
          ],
          [
            7.138323,
            46.389019
          ],
          [
            7.13827,
            46.389049
          ],
          [
            7.138223,
            46.389091
          ],
          [
            7.138266,
            46.389196
          ],
          [
            7.1383,
            46.389251
          ],
          [
            7.138331,
            46.38931
          ],
          [
            7.138327,
            46.389359
          ],
          [
            7.138291,
            46.389404
          ],
          [
            7.138144,
            46.389451
          ],
          [
            7.138068,
            46.389462
          ],
          [
            7.137997,
            46.389469
          ],
          [
            7.137953,
            46.389476
          ],
          [
            7.137944,
            46.389478
          ],
          [
            7.137948,
            46.389479
          ],
          [
            7.137948,
            46.389479
          ],
          [
            7.137948,
            46.389479
          ],
          [
            7.137929,
            46.389502
          ],
          [
            7.137976,
            46.389617
          ],
          [
            7.137997,
            46.389701
          ],
          [
            7.137979,
            46.389779
          ],
          [
            7.137941,
            46.389854
          ],
          [
            7.137901,
            46.389915
          ],
          [
            7.137862,
            46.389966
          ],
          [
            7.137831,
            46.390009
          ],
          [
            7.137803,
            46.390045
          ],
          [
            7.137778,
            46.39007
          ],
          [
            7.137759,
            46.390095
          ],
          [
            7.137694,
            46.390152
          ],
          [
            7.137664,
            46.390148
          ],
          [
            7.137641,
            46.390145
          ],
          [
            7.137547,
            46.390128
          ],
          [
            7.137505,
            46.390122
          ],
          [
            7.13746,
            46.390135
          ],
          [
            7.137371,
            46.390199
          ],
          [
            7.13729,
            46.390275
          ],
          [
            7.137236,
            46.390341
          ],
          [
            7.137206,
            46.390373
          ],
          [
            7.137175,
            46.390409
          ],
          [
            7.137147,
            46.390442
          ],
          [
            7.13707,
            46.390501
          ],
          [
            7.136962,
            46.390534
          ],
          [
            7.136863,
            46.390586
          ],
          [
            7.136722,
            46.390643
          ],
          [
            7.136607,
            46.390669
          ],
          [
            7.136579,
            46.390681
          ],
          [
            7.136572,
            46.390689
          ],
          [
            7.136518,
            46.39074
          ],
          [
            7.136475,
            46.390779
          ],
          [
            7.136426,
            46.390815
          ],
          [
            7.136371,
            46.390847
          ],
          [
            7.136321,
            46.390873
          ],
          [
            7.136229,
            46.390912
          ],
          [
            7.136194,
            46.390919
          ],
          [
            7.136171,
            46.390921
          ],
          [
            7.136174,
            46.390918
          ],
          [
            7.136169,
            46.390921
          ],
          [
            7.136171,
            46.39092
          ],
          [
            7.136171,
            46.39092
          ],
          [
            7.13617,
            46.390917
          ],
          [
            7.136159,
            46.390931
          ],
          [
            7.13614,
            46.390962
          ],
          [
            7.1361,
            46.391003
          ],
          [
            7.136059,
            46.391049
          ],
          [
            7.136059,
            46.391094
          ],
          [
            7.136038,
            46.391144
          ],
          [
            7.13602,
            46.391193
          ],
          [
            7.136018,
            46.391252
          ],
          [
            7.135995,
            46.391306
          ],
          [
            7.135983,
            46.391366
          ],
          [
            7.135975,
            46.391438
          ],
          [
            7.135928,
            46.391497
          ],
          [
            7.135857,
            46.391538
          ],
          [
            7.135782,
            46.391577
          ],
          [
            7.135722,
            46.39162
          ],
          [
            7.13566,
            46.391666
          ],
          [
            7.135592,
            46.391698
          ],
          [
            7.13554,
            46.391718
          ],
          [
            7.135512,
            46.391722
          ],
          [
            7.135501,
            46.391718
          ],
          [
            7.135501,
            46.39171
          ],
          [
            7.135504,
            46.391712
          ],
          [
            7.135504,
            46.391712
          ],
          [
            7.135488,
            46.391755
          ],
          [
            7.135476,
            46.39181
          ],
          [
            7.135437,
            46.391947
          ],
          [
            7.135442,
            46.392021
          ],
          [
            7.135415,
            46.392095
          ],
          [
            7.135382,
            46.392166
          ],
          [
            7.135347,
            46.392237
          ],
          [
            7.135297,
            46.392304
          ],
          [
            7.135289,
            46.392377
          ],
          [
            7.135285,
            46.392457
          ],
          [
            7.135239,
            46.392524
          ],
          [
            7.135229,
            46.392605
          ],
          [
            7.13526,
            46.392684
          ],
          [
            7.135293,
            46.392766
          ],
          [
            7.135335,
            46.392845
          ],
          [
            7.135392,
            46.392914
          ],
          [
            7.135435,
            46.392984
          ],
          [
            7.135471,
            46.393051
          ],
          [
            7.135498,
            46.393119
          ],
          [
            7.135515,
            46.393188
          ],
          [
            7.135528,
            46.393262
          ],
          [
            7.135524,
            46.393339
          ],
          [
            7.135519,
            46.393417
          ],
          [
            7.135516,
            46.3935
          ],
          [
            7.135523,
            46.393585
          ],
          [
            7.135532,
            46.393677
          ],
          [
            7.135529,
            46.393773
          ],
          [
            7.135504,
            46.393871
          ],
          [
            7.135441,
            46.393939
          ],
          [
            7.135385,
            46.39398
          ],
          [
            7.135349,
            46.394014
          ],
          [
            7.135328,
            46.39404
          ],
          [
            7.135311,
            46.394061
          ],
          [
            7.135296,
            46.394081
          ],
          [
            7.13526,
            46.394111
          ],
          [
            7.135261,
            46.394112
          ],
          [
            7.135261,
            46.394112
          ],
          [
            7.135261,
            46.394112
          ],
          [
            7.135261,
            46.394112
          ],
          [
            7.135261,
            46.394112
          ],
          [
            7.135265,
            46.394094
          ],
          [
            7.135265,
            46.394086
          ],
          [
            7.135265,
            46.394086
          ],
          [
            7.135265,
            46.394086
          ],
          [
            7.135265,
            46.394086
          ],
          [
            7.135265,
            46.394086
          ],
          [
            7.135265,
            46.394086
          ],
          [
            7.135265,
            46.394086
          ],
          [
            7.135265,
            46.394086
          ],
          [
            7.135265,
            46.394086
          ],
          [
            7.135244,
            46.394092
          ],
          [
            7.135207,
            46.394157
          ],
          [
            7.135206,
            46.39425
          ],
          [
            7.135228,
            46.394319
          ],
          [
            7.135258,
            46.39441
          ],
          [
            7.135252,
            46.394508
          ],
          [
            7.135208,
            46.394604
          ],
          [
            7.135143,
            46.394699
          ],
          [
            7.135067,
            46.394788
          ],
          [
            7.134998,
            46.39487
          ],
          [
            7.134928,
            46.394944
          ],
          [
            7.134796,
            46.395082
          ],
          [
            7.134746,
            46.395145
          ],
          [
            7.134701,
            46.395193
          ],
          [
            7.134638,
            46.395254
          ],
          [
            7.134616,
            46.395275
          ],
          [
            7.134442,
            46.39544
          ],
          [
            7.134401,
            46.39547
          ],
          [
            7.134286,
            46.395554
          ],
          [
            7.134227,
            46.395609
          ],
          [
            7.134171,
            46.395676
          ],
          [
            7.134103,
            46.395746
          ],
          [
            7.134027,
            46.395812
          ],
          [
            7.133949,
            46.395872
          ],
          [
            7.133789,
            46.395968
          ],
          [
            7.133728,
            46.396019
          ],
          [
            7.133684,
            46.396054
          ],
          [
            7.133625,
            46.396079
          ],
          [
            7.133528,
            46.396169
          ],
          [
            7.133514,
            46.396289
          ],
          [
            7.133522,
            46.396353
          ],
          [
            7.133538,
            46.39642
          ],
          [
            7.133576,
            46.396494
          ],
          [
            7.133627,
            46.396565
          ],
          [
            7.133689,
            46.396615
          ],
          [
            7.133722,
            46.396634
          ],
          [
            7.133727,
            46.396636
          ],
          [
            7.133727,
            46.396636
          ],
          [
            7.133727,
            46.396636
          ],
          [
            7.133727,
            46.396636
          ],
          [
            7.133727,
            46.396636
          ],
          [
            7.133727,
            46.396636
          ],
          [
            7.133727,
            46.396636
          ],
          [
            7.133706,
            46.396655
          ],
          [
            7.133691,
            46.39666
          ],
          [
            7.133691,
            46.39666
          ],
          [
            7.13371,
            46.396696
          ],
          [
            7.133743,
            46.396774
          ],
          [
            7.133712,
            46.396846
          ],
          [
            7.133711,
            46.396863
          ],
          [
            7.133712,
            46.396874
          ],
          [
            7.13372,
            46.396885
          ],
          [
            7.133721,
            46.396911
          ],
          [
            7.133695,
            46.396925
          ],
          [
            7.133636,
            46.396925
          ],
          [
            7.133581,
            46.396944
          ],
          [
            7.133573,
            46.396968
          ],
          [
            7.133574,
            46.396998
          ],
          [
            7.133551,
            46.397023
          ],
          [
            7.133513,
            46.397029
          ],
          [
            7.133475,
            46.397055
          ],
          [
            7.133471,
            46.397088
          ],
          [
            7.133481,
            46.397123
          ],
          [
            7.133457,
            46.397146
          ],
          [
            7.13344,
            46.397188
          ],
          [
            7.133456,
            46.397239
          ],
          [
            7.133466,
            46.397307
          ],
          [
            7.133437,
            46.397369
          ],
          [
            7.133391,
            46.397427
          ],
          [
            7.133341,
            46.39747
          ],
          [
            7.133291,
            46.397501
          ],
          [
            7.133234,
            46.397525
          ],
          [
            7.133174,
            46.397534
          ],
          [
            7.133122,
            46.397524
          ],
          [
            7.13308,
            46.397514
          ],
          [
            7.133052,
            46.397526
          ],
          [
            7.133055,
            46.397538
          ],
          [
            7.133064,
            46.397576
          ],
          [
            7.133026,
            46.397647
          ],
          [
            7.132979,
            46.397699
          ],
          [
            7.132966,
            46.397773
          ],
          [
            7.132963,
            46.39786
          ],
          [
            7.132928,
            46.397964
          ],
          [
            7.13286,
            46.39806
          ],
          [
            7.132767,
            46.39814
          ],
          [
            7.132669,
            46.398211
          ],
          [
            7.132569,
            46.398279
          ],
          [
            7.13248,
            46.398346
          ],
          [
            7.132398,
            46.398416
          ],
          [
            7.132319,
            46.398482
          ],
          [
            7.132243,
            46.398549
          ],
          [
            7.13217,
            46.398617
          ],
          [
            7.132096,
            46.398703
          ],
          [
            7.132026,
            46.398792
          ],
          [
            7.131951,
            46.398887
          ],
          [
            7.131859,
            46.398985
          ],
          [
            7.13173,
            46.399071
          ],
          [
            7.131576,
            46.399127
          ],
          [
            7.131426,
            46.399167
          ],
          [
            7.131301,
            46.399208
          ],
          [
            7.131192,
            46.399254
          ],
          [
            7.130998,
            46.399349
          ],
          [
            7.130887,
            46.399387
          ],
          [
            7.130774,
            46.399425
          ],
          [
            7.130658,
            46.399474
          ],
          [
            7.130553,
            46.399535
          ],
          [
            7.130451,
            46.39959
          ],
          [
            7.130345,
            46.39964
          ],
          [
            7.130237,
            46.399691
          ],
          [
            7.130129,
            46.399738
          ],
          [
            7.130021,
            46.39978
          ],
          [
            7.129911,
            46.399828
          ],
          [
            7.129803,
            46.399872
          ],
          [
            7.129701,
            46.399924
          ],
          [
            7.129592,
            46.399983
          ],
          [
            7.129476,
            46.400043
          ],
          [
            7.129351,
            46.400103
          ],
          [
            7.129227,
            46.400172
          ],
          [
            7.129108,
            46.400246
          ],
          [
            7.12899,
            46.400316
          ],
          [
            7.128877,
            46.400383
          ],
          [
            7.128763,
            46.400442
          ],
          [
            7.128648,
            46.400502
          ],
          [
            7.128536,
            46.400562
          ],
          [
            7.128428,
            46.400623
          ],
          [
            7.128326,
            46.400682
          ],
          [
            7.128225,
            46.40074
          ],
          [
            7.128132,
            46.400799
          ],
          [
            7.12804,
            46.40086
          ],
          [
            7.127949,
            46.400921
          ],
          [
            7.127867,
            46.40099
          ],
          [
            7.127717,
            46.401127
          ],
          [
            7.127644,
            46.401196
          ],
          [
            7.127565,
            46.401266
          ],
          [
            7.127376,
            46.4014
          ],
          [
            7.127262,
            46.401465
          ],
          [
            7.127146,
            46.40153
          ],
          [
            7.127031,
            46.401603
          ],
          [
            7.126929,
            46.401683
          ],
          [
            7.126832,
            46.401766
          ],
          [
            7.126738,
            46.401842
          ],
          [
            7.126644,
            46.401912
          ],
          [
            7.126543,
            46.401975
          ],
          [
            7.126437,
            46.402034
          ],
          [
            7.126334,
            46.402099
          ],
          [
            7.126233,
            46.402168
          ],
          [
            7.12613,
            46.402243
          ],
          [
            7.126044,
            46.402322
          ],
          [
            7.125959,
            46.402401
          ],
          [
            7.125878,
            46.402481
          ],
          [
            7.125797,
            46.402551
          ],
          [
            7.125716,
            46.402618
          ],
          [
            7.125642,
            46.40267
          ],
          [
            7.125566,
            46.402714
          ],
          [
            7.125433,
            46.402772
          ],
          [
            7.125372,
            46.402796
          ],
          [
            7.125319,
            46.402825
          ],
          [
            7.1252,
            46.402886
          ],
          [
            7.125078,
            46.402955
          ],
          [
            7.12495,
            46.403031
          ],
          [
            7.124888,
            46.403065
          ],
          [
            7.124765,
            46.403136
          ],
          [
            7.124625,
            46.403203
          ],
          [
            7.124466,
            46.403261
          ],
          [
            7.124385,
            46.403282
          ],
          [
            7.124305,
            46.403303
          ],
          [
            7.124227,
            46.403318
          ],
          [
            7.124149,
            46.403321
          ],
          [
            7.124069,
            46.4033
          ],
          [
            7.123993,
            46.403259
          ],
          [
            7.123932,
            46.403199
          ],
          [
            7.123888,
            46.403127
          ],
          [
            7.123856,
            46.40305
          ],
          [
            7.123817,
            46.402979
          ],
          [
            7.123775,
            46.402908
          ],
          [
            7.123718,
            46.402839
          ],
          [
            7.123638,
            46.402775
          ],
          [
            7.12355,
            46.40272
          ],
          [
            7.123367,
            46.402605
          ],
          [
            7.123294,
            46.402538
          ],
          [
            7.123247,
            46.402458
          ],
          [
            7.123198,
            46.402377
          ],
          [
            7.123171,
            46.402287
          ],
          [
            7.123172,
            46.402175
          ],
          [
            7.123161,
            46.402075
          ],
          [
            7.123148,
            46.401974
          ],
          [
            7.123131,
            46.401877
          ],
          [
            7.123133,
            46.40178
          ],
          [
            7.12315,
            46.401685
          ],
          [
            7.123207,
            46.401583
          ],
          [
            7.123252,
            46.401481
          ],
          [
            7.123281,
            46.401373
          ],
          [
            7.123313,
            46.401272
          ],
          [
            7.123339,
            46.401169
          ],
          [
            7.123378,
            46.40106
          ],
          [
            7.123425,
            46.40095
          ],
          [
            7.123488,
            46.400842
          ],
          [
            7.123565,
            46.400747
          ],
          [
            7.123624,
            46.400646
          ],
          [
            7.12367,
            46.400547
          ],
          [
            7.123702,
            46.400454
          ],
          [
            7.123731,
            46.400365
          ],
          [
            7.123771,
            46.400278
          ],
          [
            7.12382,
            46.400186
          ],
          [
            7.123921,
            46.400012
          ],
          [
            7.123999,
            46.399939
          ],
          [
            7.124074,
            46.399873
          ],
          [
            7.12413,
            46.3998
          ],
          [
            7.12411,
            46.399728
          ],
          [
            7.124012,
            46.39974
          ],
          [
            7.123958,
            46.399769
          ],
          [
            7.123899,
            46.39981
          ],
          [
            7.123835,
            46.399852
          ],
          [
            7.123768,
            46.399894
          ],
          [
            7.123629,
            46.399987
          ],
          [
            7.123476,
            46.400084
          ],
          [
            7.123393,
            46.400137
          ],
          [
            7.123313,
            46.400189
          ],
          [
            7.123234,
            46.400245
          ],
          [
            7.123149,
            46.400298
          ],
          [
            7.123054,
            46.400353
          ],
          [
            7.122956,
            46.400405
          ],
          [
            7.122848,
            46.400446
          ],
          [
            7.122735,
            46.400484
          ],
          [
            7.122635,
            46.40053
          ],
          [
            7.122526,
            46.400565
          ],
          [
            7.122415,
            46.400602
          ],
          [
            7.12231,
            46.400649
          ],
          [
            7.122193,
            46.400686
          ],
          [
            7.122062,
            46.400708
          ],
          [
            7.121931,
            46.400737
          ],
          [
            7.121806,
            46.40078
          ],
          [
            7.121696,
            46.400847
          ],
          [
            7.121628,
            46.400924
          ],
          [
            7.121491,
            46.401061
          ],
          [
            7.121435,
            46.401043
          ],
          [
            7.121385,
            46.401013
          ],
          [
            7.121364,
            46.400963
          ],
          [
            7.121366,
            46.400901
          ],
          [
            7.121371,
            46.400832
          ],
          [
            7.121383,
            46.40075
          ],
          [
            7.121374,
            46.400662
          ],
          [
            7.121254,
            46.400541
          ],
          [
            7.121169,
            46.400475
          ],
          [
            7.121094,
            46.400402
          ],
          [
            7.121025,
            46.400322
          ],
          [
            7.120971,
            46.400235
          ],
          [
            7.12092,
            46.400142
          ],
          [
            7.120874,
            46.400053
          ],
          [
            7.120755,
            46.399879
          ],
          [
            7.12066,
            46.399804
          ],
          [
            7.120539,
            46.399753
          ],
          [
            7.120403,
            46.39973
          ],
          [
            7.120258,
            46.399723
          ],
          [
            7.120115,
            46.399723
          ],
          [
            7.119845,
            46.399718
          ],
          [
            7.119716,
            46.39971
          ],
          [
            7.119482,
            46.39969
          ],
          [
            7.119285,
            46.399658
          ],
          [
            7.119189,
            46.399641
          ],
          [
            7.11902,
            46.399618
          ],
          [
            7.118885,
            46.399621
          ],
          [
            7.118588,
            46.399657
          ],
          [
            7.118538,
            46.399666
          ],
          [
            7.118232,
            46.399737
          ],
          [
            7.118181,
            46.399765
          ],
          [
            7.118134,
            46.399794
          ],
          [
            7.118021,
            46.399869
          ],
          [
            7.117898,
            46.399961
          ],
          [
            7.117782,
            46.400058
          ],
          [
            7.117736,
            46.40011
          ],
          [
            7.117682,
            46.400165
          ],
          [
            7.117605,
            46.400204
          ],
          [
            7.117512,
            46.400214
          ],
          [
            7.117409,
            46.400211
          ],
          [
            7.117316,
            46.400212
          ],
          [
            7.117209,
            46.400204
          ],
          [
            7.117102,
            46.400173
          ],
          [
            7.116995,
            46.400156
          ],
          [
            7.116875,
            46.400131
          ],
          [
            7.116757,
            46.400104
          ],
          [
            7.116653,
            46.400089
          ],
          [
            7.116561,
            46.400079
          ],
          [
            7.116392,
            46.400101
          ],
          [
            7.116333,
            46.400121
          ],
          [
            7.116289,
            46.400149
          ],
          [
            7.116266,
            46.400164
          ],
          [
            7.116244,
            46.400175
          ],
          [
            7.116245,
            46.400181
          ],
          [
            7.116248,
            46.400183
          ],
          [
            7.116248,
            46.400183
          ],
          [
            7.116248,
            46.400183
          ],
          [
            7.116248,
            46.400183
          ],
          [
            7.116248,
            46.400183
          ],
          [
            7.116231,
            46.400191
          ],
          [
            7.116212,
            46.400204
          ],
          [
            7.116188,
            46.400229
          ],
          [
            7.116112,
            46.400342
          ],
          [
            7.116095,
            46.400376
          ],
          [
            7.116052,
            46.40045
          ],
          [
            7.116022,
            46.400492
          ],
          [
            7.115979,
            46.400557
          ],
          [
            7.11596,
            46.400584
          ],
          [
            7.115944,
            46.400596
          ],
          [
            7.115925,
            46.400616
          ],
          [
            7.115921,
            46.400629
          ],
          [
            7.115901,
            46.400655
          ],
          [
            7.115873,
            46.400692
          ],
          [
            7.115801,
            46.400745
          ],
          [
            7.115795,
            46.400755
          ],
          [
            7.115703,
            46.400825
          ],
          [
            7.115638,
            46.400869
          ],
          [
            7.115556,
            46.400915
          ],
          [
            7.115536,
            46.400923
          ],
          [
            7.115522,
            46.400928
          ],
          [
            7.115506,
            46.400933
          ],
          [
            7.115509,
            46.400936
          ],
          [
            7.115485,
            46.400947
          ],
          [
            7.115474,
            46.400947
          ],
          [
            7.115449,
            46.400959
          ],
          [
            7.115431,
            46.400965
          ],
          [
            7.115416,
            46.400968
          ],
          [
            7.1154,
            46.400978
          ],
          [
            7.11537,
            46.400989
          ],
          [
            7.115345,
            46.400996
          ],
          [
            7.115304,
            46.401005
          ],
          [
            7.115226,
            46.401036
          ],
          [
            7.115157,
            46.401057
          ],
          [
            7.115103,
            46.401072
          ],
          [
            7.115031,
            46.401091
          ],
          [
            7.11498,
            46.401102
          ],
          [
            7.114976,
            46.401102
          ],
          [
            7.114963,
            46.401103
          ],
          [
            7.114959,
            46.401102
          ],
          [
            7.11495,
            46.401103
          ],
          [
            7.114938,
            46.401104
          ],
          [
            7.114921,
            46.401104
          ],
          [
            7.114919,
            46.401101
          ],
          [
            7.114891,
            46.401099
          ],
          [
            7.11488,
            46.401095
          ],
          [
            7.114861,
            46.401091
          ],
          [
            7.114845,
            46.40109
          ],
          [
            7.114791,
            46.401072
          ],
          [
            7.114781,
            46.401068
          ],
          [
            7.114735,
            46.401048
          ],
          [
            7.114731,
            46.401046
          ],
          [
            7.114674,
            46.401015
          ],
          [
            7.114668,
            46.401011
          ],
          [
            7.114657,
            46.401003
          ],
          [
            7.114611,
            46.400973
          ],
          [
            7.114544,
            46.400934
          ],
          [
            7.114519,
            46.400916
          ],
          [
            7.114479,
            46.400896
          ],
          [
            7.114452,
            46.400881
          ],
          [
            7.114399,
            46.400851
          ],
          [
            7.114374,
            46.400839
          ],
          [
            7.114362,
            46.400831
          ],
          [
            7.114344,
            46.400818
          ],
          [
            7.114328,
            46.400809
          ],
          [
            7.114299,
            46.4008
          ],
          [
            7.114254,
            46.400772
          ],
          [
            7.114246,
            46.400766
          ],
          [
            7.114179,
            46.400731
          ],
          [
            7.114156,
            46.400718
          ],
          [
            7.114144,
            46.400712
          ],
          [
            7.114139,
            46.40071
          ],
          [
            7.114132,
            46.400706
          ],
          [
            7.114121,
            46.400704
          ],
          [
            7.114111,
            46.400703
          ],
          [
            7.114094,
            46.400697
          ],
          [
            7.114092,
            46.400697
          ],
          [
            7.114058,
            46.400679
          ],
          [
            7.114002,
            46.400654
          ],
          [
            7.113987,
            46.400658
          ],
          [
            7.113966,
            46.400656
          ],
          [
            7.113899,
            46.400654
          ],
          [
            7.113859,
            46.400658
          ],
          [
            7.113831,
            46.40066
          ],
          [
            7.113817,
            46.400662
          ],
          [
            7.113753,
            46.400673
          ],
          [
            7.113705,
            46.400682
          ],
          [
            7.113682,
            46.400688
          ],
          [
            7.11361,
            46.400715
          ],
          [
            7.113589,
            46.400724
          ],
          [
            7.11357,
            46.400728
          ],
          [
            7.113536,
            46.400737
          ],
          [
            7.113526,
            46.40074
          ],
          [
            7.113485,
            46.400752
          ],
          [
            7.113467,
            46.400758
          ],
          [
            7.113458,
            46.400763
          ],
          [
            7.11344,
            46.400769
          ],
          [
            7.113413,
            46.400776
          ],
          [
            7.113403,
            46.400778
          ],
          [
            7.113331,
            46.400794
          ],
          [
            7.113259,
            46.400799
          ],
          [
            7.113131,
            46.400817
          ],
          [
            7.113058,
            46.40084
          ],
          [
            7.113031,
            46.400848
          ],
          [
            7.112886,
            46.400893
          ],
          [
            7.112793,
            46.400908
          ],
          [
            7.112765,
            46.400912
          ],
          [
            7.112688,
            46.400922
          ],
          [
            7.112662,
            46.400927
          ],
          [
            7.112647,
            46.40093
          ],
          [
            7.112611,
            46.400928
          ],
          [
            7.112554,
            46.400929
          ],
          [
            7.112548,
            46.400931
          ],
          [
            7.112542,
            46.400936
          ],
          [
            7.112526,
            46.400941
          ],
          [
            7.112513,
            46.400944
          ],
          [
            7.112445,
            46.400954
          ],
          [
            7.112419,
            46.400949
          ],
          [
            7.112386,
            46.400951
          ],
          [
            7.112332,
            46.400966
          ],
          [
            7.112261,
            46.400984
          ],
          [
            7.11225,
            46.400987
          ],
          [
            7.112232,
            46.400992
          ],
          [
            7.112222,
            46.400995
          ],
          [
            7.112201,
            46.400999
          ],
          [
            7.112178,
            46.401004
          ],
          [
            7.112167,
            46.401007
          ],
          [
            7.112118,
            46.401011
          ],
          [
            7.112102,
            46.401015
          ],
          [
            7.112092,
            46.401014
          ],
          [
            7.112043,
            46.401018
          ],
          [
            7.112024,
            46.401023
          ],
          [
            7.112016,
            46.401023
          ],
          [
            7.111996,
            46.401025
          ],
          [
            7.111973,
            46.401036
          ],
          [
            7.111942,
            46.401047
          ],
          [
            7.111919,
            46.401053
          ],
          [
            7.111882,
            46.401057
          ],
          [
            7.111865,
            46.40106
          ],
          [
            7.111851,
            46.401065
          ],
          [
            7.111822,
            46.401076
          ],
          [
            7.11178,
            46.401081
          ],
          [
            7.111756,
            46.401083
          ],
          [
            7.111739,
            46.401083
          ],
          [
            7.111704,
            46.401086
          ],
          [
            7.111704,
            46.401087
          ],
          [
            7.111668,
            46.401094
          ],
          [
            7.111651,
            46.401097
          ],
          [
            7.111635,
            46.401096
          ],
          [
            7.111603,
            46.401098
          ],
          [
            7.111579,
            46.401096
          ],
          [
            7.111539,
            46.401091
          ],
          [
            7.111528,
            46.401095
          ],
          [
            7.111527,
            46.401091
          ],
          [
            7.111527,
            46.401091
          ],
          [
            7.111527,
            46.401091
          ],
          [
            7.111516,
            46.40109
          ],
          [
            7.111507,
            46.401091
          ],
          [
            7.111496,
            46.40109
          ],
          [
            7.11148,
            46.401083
          ],
          [
            7.111496,
            46.40109
          ],
          [
            7.111439,
            46.401073
          ],
          [
            7.111379,
            46.401083
          ],
          [
            7.111163,
            46.401091
          ],
          [
            7.11101,
            46.401096
          ],
          [
            7.110946,
            46.401096
          ],
          [
            7.110882,
            46.401091
          ],
          [
            7.110858,
            46.401089
          ],
          [
            7.110699,
            46.40108
          ],
          [
            7.110552,
            46.401087
          ],
          [
            7.110416,
            46.401085
          ],
          [
            7.110293,
            46.401085
          ],
          [
            7.110155,
            46.401088
          ],
          [
            7.11003,
            46.401096
          ],
          [
            7.110001,
            46.401101
          ],
          [
            7.109915,
            46.401115
          ],
          [
            7.109806,
            46.401109
          ],
          [
            7.109757,
            46.401124
          ],
          [
            7.109706,
            46.401131
          ],
          [
            7.109685,
            46.401147
          ],
          [
            7.109636,
            46.401173
          ],
          [
            7.109566,
            46.401196
          ],
          [
            7.109495,
            46.401226
          ],
          [
            7.109364,
            46.401266
          ],
          [
            7.109257,
            46.401278
          ],
          [
            7.109227,
            46.401277
          ],
          [
            7.109169,
            46.401288
          ],
          [
            7.109049,
            46.401294
          ],
          [
            7.108932,
            46.401305
          ],
          [
            7.10876,
            46.401318
          ],
          [
            7.108603,
            46.401325
          ],
          [
            7.108492,
            46.40131
          ],
          [
            7.108461,
            46.401304
          ],
          [
            7.108419,
            46.401298
          ],
          [
            7.108392,
            46.401296
          ],
          [
            7.108375,
            46.401293
          ],
          [
            7.108353,
            46.401289
          ],
          [
            7.108167,
            46.401254
          ],
          [
            7.108129,
            46.401244
          ],
          [
            7.108089,
            46.401232
          ],
          [
            7.108046,
            46.401217
          ],
          [
            7.107961,
            46.40121
          ],
          [
            7.107919,
            46.401209
          ],
          [
            7.107871,
            46.401208
          ],
          [
            7.107757,
            46.401202
          ],
          [
            7.107555,
            46.401195
          ],
          [
            7.107494,
            46.401187
          ],
          [
            7.107434,
            46.401175
          ],
          [
            7.107371,
            46.401162
          ],
          [
            7.107304,
            46.401149
          ],
          [
            7.107234,
            46.401136
          ],
          [
            7.107163,
            46.401124
          ],
          [
            7.107012,
            46.401097
          ],
          [
            7.106935,
            46.40108
          ],
          [
            7.106856,
            46.40106
          ],
          [
            7.106777,
            46.401031
          ],
          [
            7.1067,
            46.400996
          ],
          [
            7.10654,
            46.400912
          ],
          [
            7.106379,
            46.400822
          ],
          [
            7.106222,
            46.400733
          ],
          [
            7.106065,
            46.400641
          ],
          [
            7.105915,
            46.400549
          ],
          [
            7.105783,
            46.400447
          ],
          [
            7.105733,
            46.400394
          ],
          [
            7.105687,
            46.400338
          ],
          [
            7.105614,
            46.400229
          ],
          [
            7.105551,
            46.400115
          ],
          [
            7.105472,
            46.399993
          ],
          [
            7.105387,
            46.399862
          ],
          [
            7.105312,
            46.399734
          ],
          [
            7.105199,
            46.399552
          ],
          [
            7.105149,
            46.399482
          ],
          [
            7.105138,
            46.399472
          ],
          [
            7.105127,
            46.399457
          ],
          [
            7.105067,
            46.399381
          ],
          [
            7.105033,
            46.399343
          ],
          [
            7.104995,
            46.399316
          ],
          [
            7.104891,
            46.399275
          ],
          [
            7.104847,
            46.399256
          ],
          [
            7.104689,
            46.399183
          ],
          [
            7.104624,
            46.399154
          ],
          [
            7.104561,
            46.399127
          ],
          [
            7.104415,
            46.399049
          ],
          [
            7.104346,
            46.398989
          ],
          [
            7.104258,
            46.398915
          ],
          [
            7.104205,
            46.398872
          ],
          [
            7.104151,
            46.398825
          ],
          [
            7.104089,
            46.398761
          ],
          [
            7.104035,
            46.398695
          ],
          [
            7.103991,
            46.398629
          ],
          [
            7.103958,
            46.398559
          ],
          [
            7.103929,
            46.398488
          ],
          [
            7.10384,
            46.398269
          ],
          [
            7.103807,
            46.398158
          ],
          [
            7.103793,
            46.398095
          ],
          [
            7.103743,
            46.398019
          ],
          [
            7.103704,
            46.397986
          ],
          [
            7.103598,
            46.397922
          ],
          [
            7.10351,
            46.397816
          ],
          [
            7.1035,
            46.397797
          ],
          [
            7.103479,
            46.397718
          ],
          [
            7.103479,
            46.397714
          ],
          [
            7.103486,
            46.397701
          ],
          [
            7.103509,
            46.397645
          ],
          [
            7.103517,
            46.397606
          ],
          [
            7.103528,
            46.39757
          ],
          [
            7.103539,
            46.397535
          ],
          [
            7.103552,
            46.397464
          ],
          [
            7.103548,
            46.397449
          ],
          [
            7.103565,
            46.397357
          ],
          [
            7.103546,
            46.397252
          ],
          [
            7.103496,
            46.397104
          ],
          [
            7.103484,
            46.397079
          ],
          [
            7.10345,
            46.39701
          ],
          [
            7.103415,
            46.396963
          ],
          [
            7.103397,
            46.396939
          ],
          [
            7.103284,
            46.396862
          ],
          [
            7.103141,
            46.396827
          ],
          [
            7.103008,
            46.396795
          ],
          [
            7.10287,
            46.396762
          ],
          [
            7.102781,
            46.396738
          ],
          [
            7.102694,
            46.396705
          ],
          [
            7.102587,
            46.396612
          ],
          [
            7.102552,
            46.39652
          ],
          [
            7.102553,
            46.396476
          ],
          [
            7.102554,
            46.396447
          ],
          [
            7.102554,
            46.396447
          ]
        ]
      },
      "properties": {
        "name": "17734986543"
      }
    }
  ]
}