{
  "type": "FeatureCollection",
  "features": [
    {
      "type": "Feature",
      "geometry": {
        "type": "LineString",
        "coordinates": [
          [
            9.820624,
            46.644345
          ],
          [
            9.820622,
            46.64437
          ],
          [
            9.820621,
            46.644377
          ],
          [
            9.820621,
            46.644387
          ],
          [
            9.820621,
            46.644377
          ],
          [
            9.820621,
            46.644377
          ],
          [
            9.820621,
            46.644377
          ],
          [
            9.820621,
            46.644377
          ],
          [
            9.820655,
            46.644377
          ],
          [
            9.820737,
            46.64437
          ],
          [
            9.820879,
            46.644337
          ],
          [
            9.821019,
            46.644302
          ],
          [
            9.821021,
            46.644302
          ],
          [
            9.821026,
            46.644304
          ],
          [
            9.821071,
            46.644305
          ],
          [
            9.821161,
            46.644304
          ],
          [
            9.821207,
            46.64431
          ],
          [
            9.821218,
            46.644315
          ],
          [
            9.821308,
            46.644354
          ],
          [
            9.82146,
            46.644407
          ],
          [
            9.821591,
            46.64444
          ],
          [
            9.821592,
            46.644452
          ],
          [
            9.821575,
            46.644471
          ],
          [
            9.821571,
            46.644478
          ],
          [
            9.82157,
            46.644477
          ],
          [
            9.82157,
            46.644472
          ],
          [
            9.821568,
            46.64447
          ],
          [
            9.821571,
            46.644478
          ],
          [
            9.821571,
            46.644478
          ],
          [
            9.821576,
            46.644473
          ],
          [
            9.821579,
            46.644481
          ],
          [
            9.821588,
            46.644464
          ],
          [
            9.821588,
            46.644463
          ],
          [
            9.821588,
            46.644463
          ],
          [
            9.821588,
            46.644463
          ],
          [
            9.821588,
            46.644463
          ],
          [
            9.821588,
            46.644463
          ],
          [
            9.821588,
            46.644463
          ],
          [
            9.821588,
            46.644463
          ],
          [
            9.821588,
            46.644463
          ],
          [
            9.821644,
            46.644446
          ],
          [
            9.821716,
            46.644449
          ],
          [
            9.821722,
            46.644449
          ],
          [
            9.821758,
            46.644458
          ],
          [
            9.821813,
            46.644471
          ],
          [
            9.821855,
            46.64449
          ],
          [
            9.822015,
            46.644514
          ],
          [
            9.822142,
            46.64452
          ],
          [
            9.82216,
            46.644522
          ],
          [
            9.822212,
            46.644519
          ],
          [
            9.822283,
            46.644508
          ],
          [
            9.822327,
            46.644499
          ],
          [
            9.822426,
            46.64448
          ],
          [
            9.822489,
            46.644471
          ],
          [
            9.822505,
            46.644469
          ],
          [
            9.822547,
            46.644463
          ],
          [
            9.822588,
            46.644455
          ],
          [
            9.822619,
            46.644455
          ],
          [
            9.822631,
            46.644456
          ],
          [
            9.822725,
            46.644472
          ],
          [
            9.82274,
            46.644471
          ],
          [
            9.822756,
            46.644474
          ],
          [
            9.822766,
            46.644475
          ],
          [
            9.82283,
            46.644484
          ],
          [
            9.822863,
            46.644496
          ],
          [
            9.82296,
            46.644546
          ],
          [
            9.822961,
            46.644548
          ],
          [
            9.822959,
            46.644551
          ],
          [
            9.822965,
            46.64455
          ],
          [
            9.822973,
            46.644551
          ],
          [
            9.822987,
            46.644552
          ],
          [
            9.823066,
            46.644563
          ],
          [
            9.823105,
            46.644579
          ],
          [
            9.823143,
            46.644588
          ],
          [
            9.82317,
            46.644591
          ],
          [
            9.823207,
            46.64459
          ],
          [
            9.823268,
            46.644579
          ],
          [
            9.823307,
            46.644563
          ],
          [
            9.823316,
            46.644556
          ],
          [
            9.823341,
            46.644537
          ],
          [
            9.823346,
            46.644533
          ],
          [
            9.823359,
            46.644524
          ],
          [
            9.823373,
            46.644509
          ],
          [
            9.823424,
            46.644491
          ],
          [
            9.823437,
            46.644486
          ],
          [
            9.823481,
            46.644472
          ],
          [
            9.823485,
            46.644469
          ],
          [
            9.823542,
            46.644441
          ],
          [
            9.823566,
            46.644429
          ],
          [
            9.823581,
            46.644418
          ],
          [
            9.8236,
            46.644411
          ],
          [
            9.823631,
            46.644404
          ],
          [
            9.823653,
            46.644396
          ],
          [
            9.823661,
            46.644398
          ],
          [
            9.823689,
            46.644397
          ],
          [
            9.823703,
            46.644397
          ],
          [
            9.823726,
            46.644384
          ],
          [
            9.823728,
            46.644382
          ],
          [
            9.823747,
            46.644377
          ],
          [
            9.823784,
            46.644343
          ],
          [
            9.823779,
            46.644338
          ],
          [
            9.823783,
            46.644323
          ],
          [
            9.823781,
            46.644318
          ],
          [
            9.823775,
            46.644317
          ],
          [
            9.823775,
            46.644316
          ],
          [
            9.82378,
            46.644306
          ],
          [
            9.823797,
            46.644275
          ],
          [
            9.823799,
            46.644258
          ],
          [
            9.823796,
            46.644227
          ],
          [
            9.823805,
            46.644215
          ],
          [
            9.823808,
            46.644208
          ],
          [
            9.823836,
            46.644202
          ],
          [
            9.823877,
            46.644176
          ],
          [
            9.823907,
            46.644181
          ],
          [
            9.823958,
            46.644174
          ],
          [
            9.824002,
            46.644169
          ],
          [
            9.824022,
            46.644167
          ],
          [
            9.824055,
            46.644168
          ],
          [
            9.824104,
            46.644161
          ],
          [
            9.824191,
            46.644144
          ],
          [
            9.824261,
            46.644139
          ],
          [
            9.824296,
            46.644141
          ],
          [
            9.824324,
            46.644142
          ],
          [
            9.824375,
            46.644144
          ],
          [
            9.824397,
            46.644146
          ],
          [
            9.824449,
            46.644152
          ],
          [
            9.82449,
            46.644151
          ],
          [
            9.824529,
            46.644139
          ],
          [
            9.824595,
            46.644121
          ],
          [
            9.824609,
            46.644118
          ],
          [
            9.824626,
            46.644115
          ],
          [
            9.824634,
            46.644114
          ],
          [
            9.824719,
            46.644092
          ],
          [
            9.824807,
            46.644071
          ],
          [
            9.824843,
            46.644059
          ],
          [
            9.824859,
            46.644052
          ],
          [
            9.824912,
            46.644034
          ],
          [
            9.824943,
            46.644027
          ],
          [
            9.824953,
            46.644024
          ],
          [
            9.82499,
            46.644009
          ],
          [
            9.824999,
            46.644008
          ],
          [
            9.825082,
            46.643997
          ],
          [
            9.825169,
            46.644
          ],
          [
            9.825259,
            46.643984
          ],
          [
            9.825322,
            46.643979
          ],
          [
            9.825331,
            46.643976
          ],
          [
            9.825433,
            46.643966
          ],
          [
            9.825504,
            46.643962
          ],
          [
            9.825568,
            46.643961
          ],
          [
            9.825573,
            46.643959
          ],
          [
            9.825624,
            46.643951
          ],
          [
            9.825674,
            46.643946
          ],
          [
            9.825726,
            46.643929
          ],
          [
            9.825767,
            46.643911
          ],
          [
            9.825812,
            46.643892
          ],
          [
            9.82584,
            46.643885
          ],
          [
            9.825854,
            46.643885
          ],
          [
            9.825857,
            46.643882
          ],
          [
            9.825858,
            46.643881
          ],
          [
            9.825865,
            46.643879
          ],
          [
            9.82589,
            46.643872
          ],
          [
            9.825925,
            46.643866
          ],
          [
            9.825971,
            46.643857
          ],
          [
            9.826002,
            46.64385
          ],
          [
            9.826038,
            46.643845
          ],
          [
            9.826074,
            46.643841
          ],
          [
            9.826142,
            46.643831
          ],
          [
            9.826172,
            46.643816
          ],
          [
            9.826204,
            46.643796
          ],
          [
            9.826275,
            46.643791
          ],
          [
            9.826375,
            46.643785
          ],
          [
            9.82638,
            46.643784
          ],
          [
            9.826399,
            46.643772
          ],
          [
            9.826423,
            46.643759
          ],
          [
            9.826458,
            46.643738
          ],
          [
            9.826467,
            46.643735
          ],
          [
            9.826552,
            46.6437
          ],
          [
            9.826601,
            46.643693
          ],
          [
            9.826647,
            46.643692
          ],
          [
            9.826676,
            46.643715
          ],
          [
            9.826677,
            46.64372
          ],
          [
            9.826673,
            46.643748
          ],
          [
            9.826675,
            46.643768
          ],
          [
            9.826698,
            46.643813
          ],
          [
            9.82672,
            46.643832
          ],
          [
            9.826803,
            46.643893
          ],
          [
            9.826862,
            46.643922
          ],
          [
            9.826894,
            46.643955
          ],
          [
            9.826911,
            46.644002
          ],
          [
            9.826919,
            46.644008
          ],
          [
            9.826946,
            46.64401
          ],
          [
            9.82695,
            46.644012
          ],
          [
            9.826964,
            46.644018
          ],
          [
            9.826972,
            46.644023
          ],
          [
            9.826971,
            46.644032
          ],
          [
            9.826992,
            46.644039
          ],
          [
            9.826999,
            46.64404
          ],
          [
            9.827016,
            46.644042
          ],
          [
            9.827056,
            46.64406
          ],
          [
            9.827082,
            46.644066
          ],
          [
            9.8271,
            46.644073
          ],
          [
            9.827174,
            46.644092
          ],
          [
            9.827188,
            46.6441
          ],
          [
            9.827212,
            46.644112
          ],
          [
            9.827221,
            46.644094
          ],
          [
            9.82728,
            46.644059
          ],
          [
            9.827286,
            46.644057
          ],
          [
            9.827288,
            46.644059
          ],
          [
            9.827289,
            46.644062
          ],
          [
            9.827263,
            46.644072
          ],
          [
            9.827268,
            46.644071
          ],
          [
            9.827295,
            46.644069
          ],
          [
            9.827292,
            46.644067
          ],
          [
            9.827293,
            46.644063
          ],
          [
            9.827295,
            46.644057
          ],
          [
            9.827307,
            46.64405
          ],
          [
            9.827297,
            46.64405
          ],
          [
            9.827275,
            46.644046
          ],
          [
            9.827277,
            46.644041
          ],
          [
            9.827315,
            46.64406
          ],
          [
            9.827327,
            46.644075
          ],
          [
            9.827332,
            46.64408
          ],
          [
            9.827339,
            46.644086
          ],
          [
            9.827345,
            46.644092
          ],
          [
            9.827345,
            46.644118
          ],
          [
            9.827386,
            46.644143
          ],
          [
            9.827452,
            46.64415
          ],
          [
            9.827513,
            46.64417
          ],
          [
            9.82759,
            46.644197
          ],
          [
            9.827664,
            46.644212
          ],
          [
            9.827793,
            46.64422
          ],
          [
            9.827811,
            46.644216
          ],
          [
            9.827857,
            46.644213
          ],
          [
            9.827869,
            46.644214
          ],
          [
            9.827896,
            46.644215
          ],
          [
            9.827925,
            46.644215
          ],
          [
            9.827976,
            46.644212
          ],
          [
            9.827997,
            46.644207
          ],
          [
            9.828021,
            46.644209
          ],
          [
            9.828084,
            46.644211
          ],
          [
            9.828162,
            46.64421
          ],
          [
            9.828204,
            46.644231
          ],
          [
            9.828225,
            46.64424
          ],
          [
            9.828235,
            46.644248
          ],
          [
            9.828238,
            46.644254
          ],
          [
            9.828265,
            46.644261
          ],
          [
            9.828337,
            46.644269
          ],
          [
            9.828441,
            46.644291
          ],
          [
            9.8285,
            46.644304
          ],
          [
            9.828543,
            46.644316
          ],
          [
            9.828558,
            46.644318
          ],
          [
            9.828586,
            46.644321
          ],
          [
            9.828609,
            46.64432
          ],
          [
            9.828614,
            46.64432
          ],
          [
            9.828628,
            46.644321
          ],
          [
            9.828686,
            46.644322
          ],
          [
            9.828701,
            46.644322
          ],
          [
            9.828794,
            46.644332
          ],
          [
            9.828845,
            46.644341
          ],
          [
            9.828892,
            46.64433
          ],
          [
            9.828933,
            46.644337
          ],
          [
            9.828974,
            46.644353
          ],
          [
            9.828987,
            46.644355
          ],
          [
            9.829098,
            46.644364
          ],
          [
            9.829137,
            46.64437
          ],
          [
            9.829197,
            46.6444
          ],
          [
            9.829278,
            46.644418
          ],
          [
            9.829306,
            46.644411
          ],
          [
            9.829337,
            46.644401
          ],
          [
            9.82936,
            46.644394
          ],
          [
            9.829368,
            46.6444
          ],
          [
            9.829409,
            46.644407
          ],
          [
            9.829465,
            46.644413
          ],
          [
            9.829519,
            46.644418
          ],
          [
            9.829588,
            46.644427
          ],
          [
            9.829661,
            46.644425
          ],
          [
            9.829696,
            46.644425
          ],
          [
            9.829727,
            46.64443
          ],
          [
            9.829762,
            46.644434
          ],
          [
            9.829866,
            46.644434
          ],
          [
            9.829934,
            46.644445
          ],
          [
            9.829942,
            46.644446
          ],
          [
            9.830051,
            46.644444
          ],
          [
            9.830122,
            46.644446
          ],
          [
            9.83018,
            46.644468
          ],
          [
            9.830235,
            46.644469
          ],
          [
            9.830256,
            46.644468
          ],
          [
            9.830267,
            46.644474
          ],
          [
            9.83029,
            46.64448
          ],
          [
            9.830389,
            46.644508
          ],
          [
            9.830444,
            46.644514
          ],
          [
            9.83045,
            46.644517
          ],
          [
            9.830487,
            46.644524
          ],
          [
            9.830513,
            46.644524
          ],
          [
            9.830557,
            46.644515
          ],
          [
            9.830601,
            46.644526
          ],
          [
            9.83063,
            46.644554
          ],
          [
            9.830653,
            46.644583
          ],
          [
            9.830713,
            46.644675
          ],
          [
            9.830716,
            46.644721
          ],
          [
            9.830712,
            46.644746
          ],
          [
            9.830708,
            46.644756
          ],
          [
            9.830665,
            46.644853
          ],
          [
            9.83066,
            46.644862
          ],
          [
            9.830625,
            46.644919
          ],
          [
            9.830631,
            46.644945
          ],
          [
            9.830707,
            46.644978
          ],
          [
            9.830758,
            46.64502
          ],
          [
            9.830761,
            46.645049
          ],
          [
            9.830764,
            46.645074
          ],
          [
            9.83077,
            46.645094
          ],
          [
            9.830792,
            46.645148
          ],
          [
            9.830818,
            46.64519
          ],
          [
            9.830832,
            46.645221
          ],
          [
            9.830846,
            46.645235
          ],
          [
            9.830844,
            46.645246
          ],
          [
            9.830855,
            46.645296
          ],
          [
            9.830861,
            46.645321
          ],
          [
            9.830864,
            46.645341
          ],
          [
            9.830868,
            46.645369
          ],
          [
            9.830863,
            46.645404
          ],
          [
            9.830864,
            46.645425
          ],
          [
            9.830859,
            46.645464
          ],
          [
            9.830851,
            46.645469
          ],
          [
            9.830848,
            46.645478
          ],
          [
            9.830846,
            46.64549
          ],
          [
            9.830836,
            46.645556
          ],
          [
            9.830825,
            46.645603
          ],
          [
            9.830828,
            46.645611
          ],
          [
            9.830822,
            46.645627
          ],
          [
            9.830811,
            46.645665
          ],
          [
            9.8308,
            46.64571
          ],
          [
            9.830796,
            46.645727
          ],
          [
            9.830756,
            46.645786
          ],
          [
            9.830752,
            46.645791
          ],
          [
            9.830731,
            46.645839
          ],
          [
            9.830727,
            46.645851
          ],
          [
            9.830712,
            46.645904
          ],
          [
            9.830709,
            46.645911
          ],
          [
            9.830691,
            46.645978
          ],
          [
            9.830689,
            46.645989
          ],
          [
            9.830685,
            46.646034
          ],
          [
            9.830685,
            46.646039
          ],
          [
            9.830679,
            46.646079
          ],
          [
            9.830684,
            46.646122
          ],
          [
            9.830689,
            46.64613
          ],
          [
            9.830733,
            46.646176
          ],
          [
            9.830749,
            46.646185
          ],
          [
            9.830781,
            46.646219
          ],
          [
            9.830791,
            46.646227
          ],
          [
            9.83081,
            46.64624
          ],
          [
            9.830849,
            46.646271
          ],
          [
            9.830855,
            46.646288
          ],
          [
            9.830851,
            46.646331
          ],
          [
            9.83087,
            46.646391
          ],
          [
            9.830883,
            46.646415
          ],
          [
            9.830895,
            46.64648
          ],
          [
            9.83092,
            46.646513
          ],
          [
            9.830925,
            46.646528
          ],
          [
            9.830888,
            46.646538
          ],
          [
            9.830818,
            46.646544
          ],
          [
            9.830787,
            46.646537
          ],
          [
            9.830771,
            46.646521
          ],
          [
            9.830784,
            46.646476
          ],
          [
            9.830793,
            46.646463
          ],
          [
            9.830798,
            46.646458
          ],
          [
            9.830798,
            46.646458
          ],
          [
            9.830801,
            46.646455
          ],
          [
            9.830809,
            46.646451
          ],
          [
            9.830804,
            46.64645
          ],
          [
            9.830809,
            46.646478
          ],
          [
            9.830807,
            46.646466
          ],
          [
            9.830814,
            46.646468
          ],
          [
            9.830808,
            46.646471
          ],
          [
            9.830813,
            46.646468
          ],
          [
            9.830813,
            46.646468
          ],
          [
            9.830813,
            46.646468
          ],
          [
            9.830813,
            46.646468
          ],
          [
            9.830787,
            46.646489
          ],
          [
            9.830778,
            46.646499
          ],
          [
            9.830789,
            46.646508
          ],
          [
            9.830803,
            46.646531
          ],
          [
            9.830812,
            46.646538
          ],
          [
            9.830875,
            46.646576
          ],
          [
            9.830899,
            46.646582
          ],
          [
            9.830898,
            46.646593
          ],
          [
            9.830905,
            46.646599
          ],
          [
            9.830914,
            46.646672
          ],
          [
            9.830914,
            46.646687
          ],
          [
            9.83092,
            46.646729
          ],
          [
            9.830926,
            46.646783
          ],
          [
            9.830928,
            46.646824
          ],
          [
            9.830921,
            46.646852
          ],
          [
            9.830936,
            46.646904
          ],
          [
            9.830942,
            46.64691
          ],
          [
            9.830965,
            46.646959
          ],
          [
            9.830977,
            46.646978
          ],
          [
            9.830986,
            46.647022
          ],
          [
            9.83099,
            46.647048
          ],
          [
            9.830979,
            46.647127
          ],
          [
            9.830959,
            46.647215
          ],
          [
            9.830927,
            46.647304
          ],
          [
            9.830897,
            46.64739
          ],
          [
            9.830884,
            46.647443
          ],
          [
            9.830882,
            46.647453
          ],
          [
            9.830854,
            46.647511
          ],
          [
            9.830862,
            46.647509
          ],
          [
            9.830873,
            46.647507
          ],
          [
            9.830867,
            46.647515
          ],
          [
            9.83084,
            46.64755
          ],
          [
            9.830847,
            46.647571
          ],
          [
            9.830847,
            46.647622
          ],
          [
            9.830863,
            46.647638
          ],
          [
            9.830896,
            46.647656
          ],
          [
            9.830924,
            46.64768
          ],
          [
            9.830934,
            46.647691
          ],
          [
            9.830954,
            46.64771
          ],
          [
            9.830969,
            46.647728
          ],
          [
            9.830978,
            46.647741
          ],
          [
            9.830983,
            46.647783
          ],
          [
            9.830977,
            46.647796
          ],
          [
            9.830917,
            46.647844
          ],
          [
            9.830939,
            46.647907
          ],
          [
            9.830916,
            46.647933
          ],
          [
            9.830904,
            46.647935
          ],
          [
            9.830874,
            46.647937
          ],
          [
            9.830843,
            46.647958
          ],
          [
            9.830848,
            46.647967
          ],
          [
            9.830848,
            46.647979
          ],
          [
            9.830843,
            46.648004
          ],
          [
            9.830841,
            46.648011
          ],
          [
            9.830838,
            46.648019
          ],
          [
            9.830811,
            46.648032
          ],
          [
            9.830813,
            46.648042
          ],
          [
            9.830812,
            46.648057
          ],
          [
            9.830809,
            46.648063
          ],
          [
            9.830783,
            46.648071
          ],
          [
            9.830776,
            46.648073
          ],
          [
            9.830762,
            46.648084
          ],
          [
            9.830755,
            46.648097
          ],
          [
            9.830745,
            46.648106
          ],
          [
            9.830748,
            46.648104
          ],
          [
            9.830745,
            46.64811
          ],
          [
            9.830743,
            46.648111
          ],
          [
            9.830748,
            46.648104
          ],
          [
            9.830748,
            46.648104
          ],
          [
            9.830748,
            46.648104
          ],
          [
            9.830748,
            46.648104
          ],
          [
            9.830748,
            46.648104
          ],
          [
            9.830748,
            46.648104
          ],
          [
            9.830735,
            46.648137
          ],
          [
            9.830696,
            46.648184
          ],
          [
            9.83069,
            46.648218
          ],
          [
            9.830688,
            46.648225
          ],
          [
            9.830687,
            46.648233
          ],
          [
            9.830682,
            46.64824
          ],
          [
            9.830657,
            46.648281
          ],
          [
            9.830635,
            46.64834
          ],
          [
            9.830629,
            46.648352
          ],
          [
            9.830629,
            46.648352
          ],
          [
            9.830629,
            46.648352
          ],
          [
            9.830629,
            46.648352
          ],
          [
            9.830629,
            46.648351
          ],
          [
            9.830617,
            46.648352
          ],
          [
            9.830629,
            46.648352
          ],
          [
            9.830629,
            46.648352
          ],
          [
            9.8306,
            46.648352
          ],
          [
            9.830595,
            46.648315
          ],
          [
            9.8306,
            46.648324
          ],
          [
            9.830593,
            46.648341
          ],
          [
            9.830601,
            46.648335
          ],
          [
            9.8306,
            46.648328
          ],
          [
            9.8306,
            46.648328
          ],
          [
            9.8306,
            46.648328
          ],
          [
            9.8306,
            46.648328
          ],
          [
            9.8306,
            46.648328
          ],
          [
            9.830587,
            46.648315
          ],
          [
            9.830561,
            46.648284
          ],
          [
            9.830554,
            46.648282
          ],
          [
            9.830558,
            46.648281
          ],
          [
            9.830558,
            46.648281
          ],
          [
            9.830558,
            46.648281
          ],
          [
            9.830558,
            46.648281
          ],
          [
            9.830555,
            46.648281
          ],
          [
            9.830558,
            46.648281
          ],
          [
            9.830558,
            46.648281
          ],
          [
            9.830558,
            46.648281
          ],
          [
            9.830558,
            46.648281
          ],
          [
            9.830558,
            46.648281
          ],
          [
            9.830558,
            46.648281
          ],
          [
            9.830558,
            46.648281
          ],
          [
            9.830558,
            46.648281
          ],
          [
            9.830558,
            46.648281
          ],
          [
            9.830558,
            46.648281
          ],
          [
            9.830558,
            46.648281
          ],
          [
            9.830558,
            46.648281
          ],
          [
            9.830558,
            46.648281
          ],
          [
            9.830558,
            46.648281
          ],
          [
            9.830548,
            46.648284
          ],
          [
            9.830547,
            46.648271
          ],
          [
            9.830534,
            46.648272
          ],
          [
            9.830535,
            46.648281
          ],
          [
            9.830536,
            46.648287
          ],
          [
            9.830536,
            46.648287
          ],
          [
            9.830553,
            46.648307
          ],
          [
            9.830565,
            46.648321
          ],
          [
            9.830595,
            46.648353
          ],
          [
            9.830613,
            46.648377
          ],
          [
            9.83065,
            46.648418
          ],
          [
            9.830691,
            46.648481
          ],
          [
            9.830715,
            46.648527
          ],
          [
            9.830723,
            46.648543
          ],
          [
            9.830728,
            46.648552
          ],
          [
            9.830752,
            46.648587
          ],
          [
            9.830758,
            46.648616
          ],
          [
            9.830779,
            46.64869
          ],
          [
            9.830785,
            46.648711
          ],
          [
            9.830804,
            46.648762
          ],
          [
            9.830815,
            46.648807
          ],
          [
            9.830819,
            46.648822
          ],
          [
            9.830829,
            46.648879
          ],
          [
            9.83083,
            46.648895
          ],
          [
            9.83084,
            46.648943
          ],
          [
            9.830841,
            46.648964
          ],
          [
            9.830838,
            46.649013
          ],
          [
            9.830839,
            46.649074
          ],
          [
            9.830832,
            46.649143
          ],
          [
            9.830838,
            46.649181
          ],
          [
            9.830847,
            46.649203
          ],
          [
            9.830855,
            46.649244
          ],
          [
            9.830859,
            46.649255
          ],
          [
            9.83087,
            46.649299
          ],
          [
            9.830872,
            46.649301
          ],
          [
            9.830887,
            46.649341
          ],
          [
            9.830897,
            46.649369
          ],
          [
            9.830905,
            46.649389
          ],
          [
            9.830918,
            46.649422
          ],
          [
            9.830931,
            46.64945
          ],
          [
            9.830939,
            46.649476
          ],
          [
            9.830948,
            46.649504
          ],
          [
            9.830963,
            46.649521
          ],
          [
            9.830972,
            46.649559
          ],
          [
            9.830974,
            46.649578
          ],
          [
            9.830978,
            46.649608
          ],
          [
            9.830975,
            46.649647
          ],
          [
            9.830976,
            46.649657
          ],
          [
            9.830975,
            46.64968
          ],
          [
            9.830975,
            46.649694
          ],
          [
            9.830973,
            46.649706
          ],
          [
            9.830971,
            46.649756
          ],
          [
            9.83097,
            46.64979
          ],
          [
            9.83097,
            46.649804
          ],
          [
            9.830973,
            46.649854
          ],
          [
            9.830988,
            46.649914
          ],
          [
            9.831021,
            46.649975
          ],
          [
            9.831062,
            46.650043
          ],
          [
            9.831107,
            46.650116
          ],
          [
            9.831139,
            46.650166
          ],
          [
            9.831151,
            46.650183
          ],
          [
            9.831197,
            46.650244
          ],
          [
            9.83122,
            46.650281
          ],
          [
            9.831286,
            46.650359
          ],
          [
            9.831371,
            46.650431
          ],
          [
            9.831448,
            46.650479
          ],
          [
            9.831476,
            46.650495
          ],
          [
            9.831498,
            46.650503
          ],
          [
            9.831536,
            46.65052
          ],
          [
            9.831556,
            46.650537
          ],
          [
            9.831601,
            46.650568
          ],
          [
            9.831616,
            46.650587
          ],
          [
            9.831638,
            46.650624
          ],
          [
            9.831668,
            46.65067
          ],
          [
            9.83168,
            46.650683
          ],
          [
            9.831721,
            46.650739
          ],
          [
            9.831726,
            46.650749
          ],
          [
            9.831775,
            46.650797
          ],
          [
            9.831843,
            46.650872
          ],
          [
            9.831895,
            46.650929
          ],
          [
            9.831933,
            46.650979
          ],
          [
            9.831965,
            46.651021
          ],
          [
            9.832006,
            46.651062
          ],
          [
            9.832027,
            46.651083
          ],
          [
            9.832059,
            46.651118
          ],
          [
            9.832081,
            46.651151
          ],
          [
            9.832108,
            46.651214
          ],
          [
            9.832125,
            46.651244
          ],
          [
            9.832168,
            46.651299
          ],
          [
            9.832245,
            46.651351
          ],
          [
            9.832322,
            46.651419
          ],
          [
            9.832372,
            46.651484
          ],
          [
            9.8324,
            46.651514
          ],
          [
            9.83244,
            46.651558
          ],
          [
            9.832478,
            46.651592
          ],
          [
            9.832498,
            46.651609
          ],
          [
            9.832533,
            46.651651
          ],
          [
            9.832553,
            46.651679
          ],
          [
            9.832561,
            46.651699
          ],
          [
            9.83257,
            46.651715
          ],
          [
            9.832601,
            46.651748
          ],
          [
            9.832608,
            46.651755
          ],
          [
            9.832632,
            46.651776
          ],
          [
            9.832647,
            46.651784
          ],
          [
            9.832673,
            46.651812
          ],
          [
            9.832677,
            46.651824
          ],
          [
            9.832688,
            46.651837
          ],
          [
            9.832714,
            46.651864
          ],
          [
            9.832742,
            46.651898
          ],
          [
            9.832751,
            46.651909
          ],
          [
            9.832767,
            46.651937
          ],
          [
            9.832768,
            46.651937
          ],
          [
            9.832786,
            46.651949
          ],
          [
            9.832792,
            46.651957
          ],
          [
            9.832796,
            46.651966
          ],
          [
            9.832805,
            46.651987
          ],
          [
            9.832835,
            46.652032
          ],
          [
            9.832839,
            46.652039
          ],
          [
            9.832846,
            46.652088
          ],
          [
            9.832848,
            46.65213
          ],
          [
            9.832856,
            46.652183
          ],
          [
            9.832866,
            46.652207
          ],
          [
            9.832873,
            46.652221
          ],
          [
            9.832888,
            46.652254
          ],
          [
            9.832898,
            46.65227
          ],
          [
            9.832912,
            46.652313
          ],
          [
            9.832919,
            46.652328
          ],
          [
            9.832936,
            46.652373
          ],
          [
            9.832937,
            46.652376
          ],
          [
            9.832939,
            46.652419
          ],
          [
            9.832936,
            46.652444
          ],
          [
            9.832923,
            46.65247
          ],
          [
            9.832923,
            46.652491
          ],
          [
            9.832923,
            46.652516
          ],
          [
            9.832932,
            46.652553
          ],
          [
            9.832936,
            46.652576
          ],
          [
            9.832936,
            46.652586
          ],
          [
            9.832957,
            46.652622
          ],
          [
            9.832963,
            46.652628
          ],
          [
            9.832986,
            46.652674
          ],
          [
            9.833,
            46.652696
          ],
          [
            9.833036,
            46.652747
          ],
          [
            9.833041,
            46.652753
          ],
          [
            9.833079,
            46.652792
          ],
          [
            9.833093,
            46.652842
          ],
          [
            9.833091,
            46.652907
          ],
          [
            9.83309,
            46.65292
          ],
          [
            9.833101,
            46.652973
          ],
          [
            9.833122,
            46.653008
          ],
          [
            9.833141,
            46.653039
          ],
          [
            9.833184,
            46.653139
          ],
          [
            9.833205,
            46.653196
          ],
          [
            9.833205,
            46.653209
          ],
          [
            9.833222,
            46.653252
          ],
          [
            9.833227,
            46.653269
          ],
          [
            9.833266,
            46.653333
          ],
          [
            9.833306,
            46.653419
          ],
          [
            9.833347,
            46.653513
          ],
          [
            9.833402,
            46.653609
          ],
          [
            9.83349,
            46.653698
          ],
          [
            9.833499,
            46.653704
          ],
          [
            9.833532,
            46.653725
          ],
          [
            9.833534,
            46.65373
          ],
          [
            9.833594,
            46.653772
          ],
          [
            9.833638,
            46.653827
          ],
          [
            9.833647,
            46.653832
          ],
          [
            9.833664,
            46.65385
          ],
          [
            9.833702,
            46.653892
          ],
          [
            9.83372,
            46.65391
          ],
          [
            9.833733,
            46.653969
          ],
          [
            9.833746,
            46.653987
          ],
          [
            9.833752,
            46.654013
          ],
          [
            9.833733,
            46.654033
          ],
          [
            9.833724,
            46.654037
          ],
          [
            9.83372,
            46.654035
          ],
          [
            9.83372,
            46.654035
          ],
          [
            9.83372,
            46.654035
          ],
          [
            9.83372,
            46.654035
          ],
          [
            9.833714,
            46.654037
          ],
          [
            9.833713,
            46.654037
          ],
          [
            9.833724,
            46.65404
          ],
          [
            9.833723,
            46.654044
          ],
          [
            9.833738,
            46.654035
          ],
          [
            9.83372,
            46.654035
          ],
          [
            9.833744,
            46.654034
          ],
          [
            9.833728,
            46.654036
          ],
          [
            9.833721,
            46.654037
          ],
          [
            9.833715,
            46.654042
          ],
          [
            9.833718,
            46.654041
          ],
          [
            9.833723,
            46.654034
          ],
          [
            9.833732,
            46.654035
          ],
          [
            9.833742,
            46.654036
          ],
          [
            9.833742,
            46.654036
          ],
          [
            9.833742,
            46.654036
          ],
          [
            9.833742,
            46.654036
          ],
          [
            9.833742,
            46.654036
          ],
          [
            9.833742,
            46.654036
          ],
          [
            9.833742,
            46.654036
          ],
          [
            9.833742,
            46.654036
          ],
          [
            9.833736,
            46.654035
          ],
          [
            9.833789,
            46.654074
          ],
          [
            9.833813,
            46.654113
          ],
          [
            9.833831,
            46.654134
          ],
          [
            9.833833,
            46.654162
          ],
          [
            9.833822,
            46.654197
          ],
          [
            9.833819,
            46.654212
          ],
          [
            9.833822,
            46.654226
          ],
          [
            9.833828,
            46.654231
          ],
          [
            9.833827,
            46.654237
          ],
          [
            9.833824,
            46.654249
          ],
          [
            9.833822,
            46.654295
          ],
          [
            9.833822,
            46.654302
          ],
          [
            9.833828,
            46.654315
          ],
          [
            9.833851,
            46.654344
          ],
          [
            9.833862,
            46.654365
          ],
          [
            9.833864,
            46.654379
          ],
          [
            9.833874,
            46.654401
          ],
          [
            9.83389,
            46.654437
          ],
          [
            9.833893,
            46.654469
          ],
          [
            9.833902,
            46.654485
          ],
          [
            9.833922,
            46.654515
          ],
          [
            9.833933,
            46.65453
          ],
          [
            9.83396,
            46.654567
          ],
          [
            9.833962,
            46.654572
          ],
          [
            9.833969,
            46.654598
          ],
          [
            9.833992,
            46.654611
          ],
          [
            9.83399,
            46.654608
          ],
          [
            9.833992,
            46.654607
          ],
          [
            9.833992,
            46.654607
          ],
          [
            9.834026,
            46.654641
          ],
          [
            9.834035,
            46.654647
          ],
          [
            9.834035,
            46.654647
          ],
          [
            9.834036,
            46.654648
          ],
          [
            9.83405,
            46.654659
          ],
          [
            9.83405,
            46.654659
          ],
          [
            9.83405,
            46.654659
          ],
          [
            9.83405,
            46.654659
          ],
          [
            9.834063,
            46.654674
          ],
          [
            9.834074,
            46.654684
          ],
          [
            9.834079,
            46.654684
          ],
          [
            9.834094,
            46.654678
          ],
          [
            9.834096,
            46.654676
          ],
          [
            9.834096,
            46.654676
          ],
          [
            9.834096,
            46.654676
          ],
          [
            9.834137,
            46.65471
          ],
          [
            9.834137,
            46.65471
          ],
          [
            9.834143,
            46.654718
          ],
          [
            9.834174,
            46.654737
          ],
          [
            9.834185,
            46.654752
          ],
          [
            9.834205,
            46.654761
          ],
          [
            9.834209,
            46.654768
          ],
          [
            9.834223,
            46.654787
          ],
          [
            9.834221,
            46.654788
          ],
          [
            9.834221,
            46.654788
          ],
          [
            9.834225,
            46.654788
          ],
          [
            9.834231,
            46.654792
          ],
          [
            9.834221,
            46.654788
          ],
          [
            9.834244,
            46.654803
          ],
          [
            9.834268,
            46.65482
          ],
          [
            9.834268,
            46.65482
          ],
          [
            9.834268,
            46.65482
          ],
          [
            9.834267,
            46.654821
          ],
          [
            9.834268,
            46.65482
          ],
          [
            9.834268,
            46.65482
          ],
          [
            9.834277,
            46.654839
          ],
          [
            9.834285,
            46.654847
          ],
          [
            9.83434,
            46.654899
          ],
          [
            9.83434,
            46.654903
          ],
          [
            9.834365,
            46.654923
          ],
          [
            9.834393,
            46.654933
          ],
          [
            9.83443,
            46.654936
          ],
          [
            9.834441,
            46.654929
          ],
          [
            9.83448,
            46.65491
          ],
          [
            9.834488,
            46.654901
          ],
          [
            9.834509,
            46.654882
          ],
          [
            9.834492,
            46.654893
          ],
          [
            9.834492,
            46.654893
          ],
          [
            9.834492,
            46.654893
          ],
          [
            9.834492,
            46.654893
          ],
          [
            9.834492,
            46.654893
          ],
          [
            9.834508,
            46.654884
          ],
          [
            9.834508,
            46.654884
          ],
          [
            9.834508,
            46.654884
          ],
          [
            9.834508,
            46.654884
          ],
          [
            9.834508,
            46.654884
          ],
          [
            9.834508,
            46.654884
          ],
          [
            9.834508,
            46.654884
          ],
          [
            9.834508,
            46.654884
          ],
          [
            9.834508,
            46.654884
          ],
          [
            9.834508,
            46.654884
          ],
          [
            9.834507,
            46.654884
          ],
          [
            9.834494,
            46.65489
          ],
          [
            9.834508,
            46.654884
          ],
          [
            9.834508,
            46.654884
          ],
          [
            9.834508,
            46.654884
          ],
          [
            9.834508,
            46.654884
          ],
          [
            9.834508,
            46.654884
          ],
          [
            9.834524,
            46.654875
          ],
          [
            9.834529,
            46.654875
          ],
          [
            9.834529,
            46.654875
          ],
          [
            9.834529,
            46.654875
          ],
          [
            9.834529,
            46.654875
          ],
          [
            9.834529,
            46.654875
          ],
          [
            9.834521,
            46.65488
          ],
          [
            9.834547,
            46.654932
          ],
          [
            9.834587,
            46.654986
          ],
          [
            9.834592,
            46.654995
          ],
          [
            9.834608,
            46.655074
          ],
          [
            9.834596,
            46.655075
          ],
          [
            9.834596,
            46.655075
          ],
          [
            9.834596,
            46.655075
          ],
          [
            9.834608,
            46.655074
          ],
          [
            9.834647,
            46.655097
          ],
          [
            9.834671,
            46.655125
          ],
          [
            9.834689,
            46.655164
          ],
          [
            9.834717,
            46.655228
          ],
          [
            9.834721,
            46.655229
          ],
          [
            9.834719,
            46.655229
          ],
          [
            9.834719,
            46.655229
          ],
          [
            9.834739,
            46.655247
          ],
          [
            9.834803,
            46.655311
          ],
          [
            9.834808,
            46.655316
          ],
          [
            9.834883,
            46.655372
          ],
          [
            9.834969,
            46.655412
          ],
          [
            9.834986,
            46.655427
          ],
          [
            9.835054,
            46.655454
          ],
          [
            9.835097,
            46.655486
          ],
          [
            9.835134,
            46.655517
          ],
          [
            9.835148,
            46.655524
          ],
          [
            9.835183,
            46.655548
          ],
          [
            9.83521,
            46.655564
          ],
          [
            9.835258,
            46.655599
          ],
          [
            9.835268,
            46.655605
          ],
          [
            9.835341,
            46.655638
          ],
          [
            9.835347,
            46.655644
          ],
          [
            9.835372,
            46.655677
          ],
          [
            9.835362,
            46.655706
          ],
          [
            9.835372,
            46.655715
          ],
          [
            9.835389,
            46.65574
          ],
          [
            9.835435,
            46.655782
          ],
          [
            9.835446,
            46.655795
          ],
          [
            9.835473,
            46.655841
          ],
          [
            9.835526,
            46.655881
          ],
          [
            9.835535,
            46.65589
          ],
          [
            9.835584,
            46.655929
          ],
          [
            9.835594,
            46.655948
          ],
          [
            9.835602,
            46.655977
          ],
          [
            9.835608,
            46.655994
          ],
          [
            9.835628,
            46.656041
          ],
          [
            9.835642,
            46.656074
          ],
          [
            9.835648,
            46.656095
          ],
          [
            9.835666,
            46.656116
          ],
          [
            9.835676,
            46.656138
          ],
          [
            9.835702,
            46.656162
          ],
          [
            9.835744,
            46.656184
          ],
          [
            9.835749,
            46.656189
          ],
          [
            9.835779,
            46.65621
          ],
          [
            9.835806,
            46.656231
          ],
          [
            9.835842,
            46.656248
          ],
          [
            9.835877,
            46.656271
          ],
          [
            9.835894,
            46.656284
          ],
          [
            9.835946,
            46.656315
          ],
          [
            9.835959,
            46.656315
          ],
          [
            9.835965,
            46.656311
          ],
          [
            9.835969,
            46.656316
          ],
          [
            9.835977,
            46.656317
          ],
          [
            9.835978,
            46.656325
          ],
          [
            9.835978,
            46.656325
          ],
          [
            9.836003,
            46.656346
          ],
          [
            9.836016,
            46.656349
          ],
          [
            9.836019,
            46.656358
          ],
          [
            9.83604,
            46.656366
          ],
          [
            9.836041,
            46.656366
          ],
          [
            9.836041,
            46.656366
          ],
          [
            9.836041,
            46.656366
          ],
          [
            9.836041,
            46.656365
          ],
          [
            9.836049,
            46.656366
          ],
          [
            9.836103,
            46.656376
          ],
          [
            9.836188,
            46.656365
          ],
          [
            9.836242,
            46.656289
          ],
          [
            9.836246,
            46.656273
          ],
          [
            9.836233,
            46.656279
          ],
          [
            9.836239,
            46.656266
          ],
          [
            9.836244,
            46.656262
          ],
          [
            9.836242,
            46.656278
          ],
          [
            9.836233,
            46.65628
          ],
          [
            9.836233,
            46.65628
          ],
          [
            9.836234,
            46.656271
          ],
          [
            9.836228,
            46.656277
          ],
          [
            9.836233,
            46.65628
          ],
          [
            9.836233,
            46.65628
          ],
          [
            9.836233,
            46.65628
          ],
          [
            9.836233,
            46.65628
          ],
          [
            9.836233,
            46.65628
          ],
          [
            9.836233,
            46.65628
          ],
          [
            9.836233,
            46.65628
          ],
          [
            9.836233,
            46.65628
          ],
          [
            9.836233,
            46.65628
          ],
          [
            9.836233,
            46.65628
          ],
          [
            9.836233,
            46.65628
          ],
          [
            9.836236,
            46.65628
          ],
          [
            9.836233,
            46.65628
          ],
          [
            9.836233,
            46.65628
          ],
          [
            9.836233,
            46.65628
          ],
          [
            9.836233,
            46.65628
          ],
          [
            9.836233,
            46.65628
          ],
          [
            9.836233,
            46.65628
          ],
          [
            9.836233,
            46.65628
          ],
          [
            9.836247,
            46.65627
          ],
          [
            9.836247,
            46.65627
          ],
          [
            9.836247,
            46.65627
          ],
          [
            9.836247,
            46.65627
          ],
          [
            9.836247,
            46.65627
          ],
          [
            9.836247,
            46.65627
          ],
          [
            9.836243,
            46.656267
          ],
          [
            9.836247,
            46.65627
          ],
          [
            9.836247,
            46.65627
          ],
          [
            9.836247,
            46.65627
          ],
          [
            9.836247,
            46.65627
          ],
          [
            9.836247,
            46.65627
          ],
          [
            9.836247,
            46.65627
          ],
          [
            9.836254,
            46.656263
          ],
          [
            9.836247,
            46.65627
          ],
          [
            9.836247,
            46.65627
          ],
          [
            9.836247,
            46.65627
          ],
          [
            9.836247,
            46.65627
          ],
          [
            9.836247,
            46.65627
          ],
          [
            9.836247,
            46.65627
          ],
          [
            9.836247,
            46.65627
          ],
          [
            9.836247,
            46.65627
          ],
          [
            9.836247,
            46.65627
          ],
          [
            9.836247,
            46.65627
          ],
          [
            9.836241,
            46.656269
          ],
          [
            9.836246,
            46.656271
          ],
          [
            9.836247,
            46.65627
          ],
          [
            9.836254,
            46.656269
          ],
          [
            9.836245,
            46.656269
          ],
          [
            9.836233,
            46.656282
          ],
          [
            9.836253,
            46.656275
          ],
          [
            9.836259,
            46.656273
          ],
          [
            9.836247,
            46.65627
          ],
          [
            9.836247,
            46.65627
          ],
          [
            9.836247,
            46.65627
          ],
          [
            9.836247,
            46.65627
          ],
          [
            9.836247,
            46.65627
          ],
          [
            9.836247,
            46.65627
          ],
          [
            9.836243,
            46.656251
          ],
          [
            9.836249,
            46.656276
          ],
          [
            9.836247,
            46.65627
          ],
          [
            9.836247,
            46.65627
          ],
          [
            9.836247,
            46.65627
          ],
          [
            9.836247,
            46.65627
          ],
          [
            9.836269,
            46.656263
          ],
          [
            9.836271,
            46.656256
          ],
          [
            9.836262,
            46.656259
          ],
          [
            9.836266,
            46.656263
          ],
          [
            9.836255,
            46.656271
          ],
          [
            9.836247,
            46.65627
          ],
          [
            9.836246,
            46.656263
          ],
          [
            9.836247,
            46.65627
          ],
          [
            9.836247,
            46.65627
          ],
          [
            9.836247,
            46.65627
          ],
          [
            9.836247,
            46.65627
          ],
          [
            9.836244,
            46.656271
          ],
          [
            9.836236,
            46.656279
          ],
          [
            9.836245,
            46.656267
          ],
          [
            9.83626,
            46.656251
          ],
          [
            9.836243,
            46.656274
          ],
          [
            9.836238,
            46.656277
          ],
          [
            9.836247,
            46.65627
          ],
          [
            9.836237,
            46.65627
          ],
          [
            9.83624,
            46.656265
          ],
          [
            9.836241,
            46.656264
          ],
          [
            9.836242,
            46.656277
          ],
          [
            9.836247,
            46.65627
          ],
          [
            9.836247,
            46.65627
          ],
          [
            9.836242,
            46.656274
          ],
          [
            9.83624,
            46.656264
          ],
          [
            9.836243,
            46.656256
          ],
          [
            9.836238,
            46.656267
          ],
          [
            9.836245,
            46.656269
          ],
          [
            9.836251,
            46.656265
          ],
          [
            9.836264,
            46.656257
          ],
          [
            9.836259,
            46.656258
          ],
          [
            9.836243,
            46.65627
          ],
          [
            9.836246,
            46.656269
          ],
          [
            9.836243,
            46.656272
          ],
          [
            9.836247,
            46.65627
          ],
          [
            9.83624,
            46.656267
          ],
          [
            9.83624,
            46.656262
          ],
          [
            9.836244,
            46.656265
          ],
          [
            9.83625,
            46.656265
          ],
          [
            9.836253,
            46.656266
          ],
          [
            9.836262,
            46.656266
          ],
          [
            9.836275,
            46.656269
          ],
          [
            9.836274,
            46.65627
          ],
          [
            9.836272,
            46.65627
          ],
          [
            9.836268,
            46.65627
          ],
          [
            9.83625,
            46.656274
          ],
          [
            9.836236,
            46.656283
          ],
          [
            9.836236,
            46.656283
          ],
          [
            9.836236,
            46.656283
          ],
          [
            9.836236,
            46.656283
          ],
          [
            9.836236,
            46.656283
          ],
          [
            9.836236,
            46.656283
          ],
          [
            9.836236,
            46.656283
          ],
          [
            9.836236,
            46.656283
          ],
          [
            9.836236,
            46.656283
          ],
          [
            9.836236,
            46.656283
          ],
          [
            9.836236,
            46.656283
          ],
          [
            9.836236,
            46.656283
          ],
          [
            9.836236,
            46.656283
          ],
          [
            9.836236,
            46.656283
          ],
          [
            9.836236,
            46.656283
          ],
          [
            9.83625,
            46.656273
          ],
          [
            9.83625,
            46.656273
          ],
          [
            9.83625,
            46.656273
          ],
          [
            9.83625,
            46.656273
          ],
          [
            9.83625,
            46.656273
          ],
          [
            9.83625,
            46.656273
          ],
          [
            9.83625,
            46.656273
          ],
          [
            9.83625,
            46.656273
          ],
          [
            9.83625,
            46.656273
          ],
          [
            9.83625,
            46.656273
          ],
          [
            9.83625,
            46.656273
          ],
          [
            9.83625,
            46.656273
          ],
          [
            9.83625,
            46.656273
          ],
          [
            9.83625,
            46.656273
          ],
          [
            9.83625,
            46.656273
          ],
          [
            9.83625,
            46.656273
          ],
          [
            9.83625,
            46.656273
          ],
          [
            9.83625,
            46.656273
          ],
          [
            9.83625,
            46.656273
          ],
          [
            9.83625,
            46.656273
          ],
          [
            9.83625,
            46.656273
          ],
          [
            9.83625,
            46.656273
          ],
          [
            9.83625,
            46.656273
          ],
          [
            9.83625,
            46.656273
          ],
          [
            9.83625,
            46.656273
          ],
          [
            9.83625,
            46.656273
          ],
          [
            9.83625,
            46.656273
          ],
          [
            9.83625,
            46.656273
          ],
          [
            9.83625,
            46.656273
          ],
          [
            9.836241,
            46.656285
          ],
          [
            9.836241,
            46.656285
          ],
          [
            9.836241,
            46.656285
          ],
          [
            9.836241,
            46.656285
          ],
          [
            9.836241,
            46.656285
          ],
          [
            9.836241,
            46.656285
          ],
          [
            9.836241,
            46.656285
          ],
          [
            9.836241,
            46.656285
          ],
          [
            9.836241,
            46.656285
          ],
          [
            9.836241,
            46.656285
          ],
          [
            9.836241,
            46.656285
          ],
          [
            9.836241,
            46.656285
          ],
          [
            9.836241,
            46.656285
          ],
          [
            9.836241,
            46.656285
          ],
          [
            9.836241,
            46.656285
          ],
          [
            9.836241,
            46.656285
          ],
          [
            9.836241,
            46.656285
          ],
          [
            9.836241,
            46.656285
          ],
          [
            9.836241,
            46.656285
          ],
          [
            9.836241,
            46.656285
          ],
          [
            9.836241,
            46.656285
          ],
          [
            9.836241,
            46.656285
          ],
          [
            9.836241,
            46.656285
          ],
          [
            9.836241,
            46.656285
          ],
          [
            9.836241,
            46.656285
          ],
          [
            9.836241,
            46.656285
          ],
          [
            9.836241,
            46.656285
          ],
          [
            9.836241,
            46.656285
          ],
          [
            9.836241,
            46.656285
          ],
          [
            9.836241,
            46.656285
          ],
          [
            9.836241,
            46.656285
          ],
          [
            9.836241,
            46.656285
          ],
          [
            9.836241,
            46.656285
          ],
          [
            9.836241,
            46.656285
          ],
          [
            9.836241,
            46.656285
          ],
          [
            9.836241,
            46.656285
          ],
          [
            9.836241,
            46.656285
          ],
          [
            9.836241,
            46.656285
          ],
          [
            9.836241,
            46.656285
          ],
          [
            9.836241,
            46.656285
          ],
          [
            9.836241,
            46.656285
          ],
          [
            9.836241,
            46.656285
          ],
          [
            9.836241,
            46.656285
          ],
          [
            9.836241,
            46.656285
          ],
          [
            9.836246,
            46.656288
          ],
          [
            9.836256,
            46.656279
          ],
          [
            9.836227,
            46.656288
          ],
          [
            9.836241,
            46.656285
          ],
          [
            9.836241,
            46.656285
          ],
          [
            9.83625,
            46.656275
          ],
          [
            9.836242,
            46.656269
          ],
          [
            9.836242,
            46.656269
          ],
          [
            9.836242,
            46.656269
          ],
          [
            9.836242,
            46.656269
          ],
          [
            9.836242,
            46.656269
          ],
          [
            9.836242,
            46.656269
          ],
          [
            9.836242,
            46.656269
          ],
          [
            9.836242,
            46.656269
          ],
          [
            9.836242,
            46.656269
          ],
          [
            9.836242,
            46.656269
          ],
          [
            9.836242,
            46.656269
          ],
          [
            9.836242,
            46.656269
          ],
          [
            9.836242,
            46.656269
          ],
          [
            9.836233,
            46.656278
          ],
          [
            9.836242,
            46.656269
          ],
          [
            9.836242,
            46.656269
          ],
          [
            9.836242,
            46.656269
          ],
          [
            9.836242,
            46.656269
          ],
          [
            9.836242,
            46.656269
          ],
          [
            9.836242,
            46.656269
          ],
          [
            9.836234,
            46.656286
          ],
          [
            9.836244,
            46.656268
          ],
          [
            9.836263,
            46.656282
          ],
          [
            9.836266,
            46.656283
          ],
          [
            9.836266,
            46.656283
          ],
          [
            9.836266,
            46.656283
          ],
          [
            9.836266,
            46.656283
          ],
          [
            9.836266,
            46.656283
          ],
          [
            9.836266,
            46.656283
          ],
          [
            9.836266,
            46.656283
          ],
          [
            9.836266,
            46.656283
          ],
          [
            9.836266,
            46.656283
          ],
          [
            9.836248,
            46.656293
          ],
          [
            9.836236,
            46.656299
          ],
          [
            9.836242,
            46.656293
          ],
          [
            9.836242,
            46.656293
          ],
          [
            9.836242,
            46.656293
          ],
          [
            9.836242,
            46.656293
          ],
          [
            9.836242,
            46.656293
          ],
          [
            9.836242,
            46.656293
          ],
          [
            9.836242,
            46.656293
          ],
          [
            9.836242,
            46.656293
          ],
          [
            9.836242,
            46.656293
          ],
          [
            9.836242,
            46.656293
          ],
          [
            9.836242,
            46.656293
          ],
          [
            9.836242,
            46.656293
          ],
          [
            9.836242,
            46.656293
          ],
          [
            9.836241,
            46.656293
          ],
          [
            9.836238,
            46.656301
          ],
          [
            9.836244,
            46.656302
          ],
          [
            9.836245,
            46.6563
          ],
          [
            9.836221,
            46.656296
          ],
          [
            9.836238,
            46.656297
          ],
          [
            9.836242,
            46.656293
          ],
          [
            9.836242,
            46.656293
          ],
          [
            9.836242,
            46.656293
          ],
          [
            9.836242,
            46.656293
          ],
          [
            9.836242,
            46.656293
          ],
          [
            9.836242,
            46.656293
          ],
          [
            9.836242,
            46.656293
          ],
          [
            9.836239,
            46.656295
          ],
          [
            9.83624,
            46.656301
          ],
          [
            9.83623,
            46.656312
          ],
          [
            9.83623,
            46.656312
          ],
          [
            9.83623,
            46.656312
          ],
          [
            9.83623,
            46.656312
          ],
          [
            9.83623,
            46.656312
          ],
          [
            9.83623,
            46.656312
          ],
          [
            9.83623,
            46.656312
          ],
          [
            9.83623,
            46.656312
          ],
          [
            9.83623,
            46.656312
          ],
          [
            9.83623,
            46.656312
          ],
          [
            9.83623,
            46.656312
          ],
          [
            9.83623,
            46.656312
          ],
          [
            9.83623,
            46.656312
          ],
          [
            9.83623,
            46.656312
          ],
          [
            9.83623,
            46.656312
          ],
          [
            9.83623,
            46.656312
          ],
          [
            9.83623,
            46.656312
          ],
          [
            9.83623,
            46.656312
          ],
          [
            9.83623,
            46.656312
          ],
          [
            9.83623,
            46.656312
          ],
          [
            9.83623,
            46.656312
          ],
          [
            9.83623,
            46.656312
          ],
          [
            9.83623,
            46.656312
          ],
          [
            9.836245,
            46.656308
          ],
          [
            9.83623,
            46.656312
          ],
          [
            9.83623,
            46.656312
          ],
          [
            9.83623,
            46.656312
          ],
          [
            9.83623,
            46.656312
          ],
          [
            9.83623,
            46.656312
          ],
          [
            9.83623,
            46.656312
          ],
          [
            9.83623,
            46.656312
          ],
          [
            9.83623,
            46.656312
          ],
          [
            9.83623,
            46.656312
          ],
          [
            9.83623,
            46.656312
          ],
          [
            9.83623,
            46.656312
          ],
          [
            9.83623,
            46.656312
          ],
          [
            9.83623,
            46.656312
          ],
          [
            9.836247,
            46.656304
          ],
          [
            9.836246,
            46.656301
          ],
          [
            9.836264,
            46.656306
          ],
          [
            9.836247,
            46.656304
          ],
          [
            9.836243,
            46.656297
          ],
          [
            9.836248,
            46.656293
          ],
          [
            9.836246,
            46.656306
          ],
          [
            9.836222,
            46.6563
          ],
          [
            9.836222,
            46.656296
          ],
          [
            9.836222,
            46.656292
          ],
          [
            9.836222,
            46.656283
          ],
          [
            9.836238,
            46.656289
          ],
          [
            9.836247,
            46.656304
          ],
          [
            9.836239,
            46.656292
          ],
          [
            9.836245,
            46.656296
          ],
          [
            9.836247,
            46.656304
          ],
          [
            9.836247,
            46.656304
          ],
          [
            9.836247,
            46.656304
          ],
          [
            9.836228,
            46.656285
          ],
          [
            9.836207,
            46.65626
          ],
          [
            9.836216,
            46.656249
          ],
          [
            9.836219,
            46.65627
          ],
          [
            9.836212,
            46.656278
          ],
          [
            9.836212,
            46.656278
          ],
          [
            9.836217,
            46.656282
          ],
          [
            9.836212,
            46.656278
          ],
          [
            9.836212,
            46.656278
          ],
          [
            9.836202,
            46.656258
          ],
          [
            9.836187,
            46.656272
          ],
          [
            9.836181,
            46.656276
          ],
          [
            9.836181,
            46.656276
          ],
          [
            9.836179,
            46.656277
          ],
          [
            9.836186,
            46.656315
          ],
          [
            9.836217,
            46.6563
          ],
          [
            9.836224,
            46.656298
          ],
          [
            9.836222,
            46.656291
          ],
          [
            9.836223,
            46.656291
          ],
          [
            9.836221,
            46.65629
          ],
          [
            9.836223,
            46.656291
          ],
          [
            9.836236,
            46.656301
          ],
          [
            9.836249,
            46.656307
          ],
          [
            9.83627,
            46.656318
          ],
          [
            9.836277,
            46.656321
          ],
          [
            9.836281,
            46.656326
          ],
          [
            9.836281,
            46.656326
          ],
          [
            9.836267,
            46.656317
          ],
          [
            9.83628,
            46.656322
          ],
          [
            9.83628,
            46.656324
          ],
          [
            9.836281,
            46.656326
          ],
          [
            9.836281,
            46.656326
          ],
          [
            9.836281,
            46.656326
          ],
          [
            9.836295,
            46.656336
          ],
          [
            9.836306,
            46.656339
          ],
          [
            9.836305,
            46.656341
          ],
          [
            9.836305,
            46.65634
          ],
          [
            9.836305,
            46.65634
          ],
          [
            9.836299,
            46.656343
          ],
          [
            9.836304,
            46.656348
          ],
          [
            9.836303,
            46.65634
          ],
          [
            9.836303,
            46.656341
          ],
          [
            9.836305,
            46.65634
          ],
          [
            9.836305,
            46.65634
          ],
          [
            9.836304,
            46.656328
          ],
          [
            9.836279,
            46.656325
          ],
          [
            9.83627,
            46.656327
          ],
          [
            9.836231,
            46.656318
          ],
          [
            9.836227,
            46.656311
          ],
          [
            9.836219,
            46.6563
          ],
          [
            9.836206,
            46.656284
          ],
          [
            9.8362,
            46.656281
          ],
          [
            9.83621,
            46.656275
          ],
          [
            9.836233,
            46.656264
          ],
          [
            9.836231,
            46.656265
          ],
          [
            9.836221,
            46.656264
          ],
          [
            9.83623,
            46.656261
          ],
          [
            9.836232,
            46.656269
          ],
          [
            9.836214,
            46.656269
          ],
          [
            9.836211,
            46.656272
          ],
          [
            9.836201,
            46.65628
          ],
          [
            9.836196,
            46.656284
          ],
          [
            9.836196,
            46.656284
          ],
          [
            9.836196,
            46.656284
          ],
          [
            9.836196,
            46.656284
          ],
          [
            9.836196,
            46.656284
          ],
          [
            9.836196,
            46.656284
          ],
          [
            9.836244,
            46.656267
          ],
          [
            9.836242,
            46.656266
          ],
          [
            9.836235,
            46.656269
          ],
          [
            9.836235,
            46.656269
          ],
          [
            9.836235,
            46.656269
          ],
          [
            9.836235,
            46.656269
          ],
          [
            9.836235,
            46.656269
          ],
          [
            9.836235,
            46.656269
          ],
          [
            9.836235,
            46.656269
          ],
          [
            9.836235,
            46.656269
          ],
          [
            9.836235,
            46.656269
          ],
          [
            9.836235,
            46.656269
          ],
          [
            9.836235,
            46.656269
          ],
          [
            9.836235,
            46.656269
          ],
          [
            9.836235,
            46.656269
          ],
          [
            9.836235,
            46.656269
          ],
          [
            9.836235,
            46.656269
          ],
          [
            9.836235,
            46.656269
          ],
          [
            9.836235,
            46.656269
          ],
          [
            9.836235,
            46.656269
          ],
          [
            9.836235,
            46.656269
          ],
          [
            9.836235,
            46.656269
          ],
          [
            9.836235,
            46.656269
          ],
          [
            9.836219,
            46.656277
          ],
          [
            9.836209,
            46.656279
          ],
          [
            9.836219,
            46.656277
          ],
          [
            9.836213,
            46.656281
          ],
          [
            9.836216,
            46.656281
          ],
          [
            9.83622,
            46.656274
          ],
          [
            9.836219,
            46.656273
          ],
          [
            9.836219,
            46.656277
          ],
          [
            9.83623,
            46.65627
          ],
          [
            9.836229,
            46.656276
          ],
          [
            9.836251,
            46.656275
          ],
          [
            9.83623,
            46.656284
          ],
          [
            9.836234,
            46.656283
          ],
          [
            9.836234,
            46.656281
          ],
          [
            9.836219,
            46.656277
          ],
          [
            9.836239,
            46.656278
          ],
          [
            9.836239,
            46.656278
          ],
          [
            9.836237,
            46.656276
          ],
          [
            9.83623,
            46.656273
          ],
          [
            9.836244,
            46.656275
          ],
          [
            9.836235,
            46.656273
          ],
          [
            9.836239,
            46.656278
          ],
          [
            9.836239,
            46.656278
          ],
          [
            9.836236,
            46.656274
          ],
          [
            9.836239,
            46.656274
          ],
          [
            9.836239,
            46.656278
          ],
          [
            9.836227,
            46.656269
          ],
          [
            9.836234,
            46.656268
          ],
          [
            9.836235,
            46.656269
          ],
          [
            9.836234,
            46.656271
          ],
          [
            9.836227,
            46.656268
          ],
          [
            9.836227,
            46.656268
          ],
          [
            9.836236,
            46.65627
          ],
          [
            9.836227,
            46.656268
          ],
          [
            9.836227,
            46.656268
          ],
          [
            9.836227,
            46.656268
          ],
          [
            9.836227,
            46.656268
          ],
          [
            9.836218,
            46.656282
          ],
          [
            9.836227,
            46.656268
          ],
          [
            9.836227,
            46.656268
          ],
          [
            9.836227,
            46.656268
          ],
          [
            9.83623,
            46.656274
          ],
          [
            9.836232,
            46.656278
          ],
          [
            9.836227,
            46.656268
          ],
          [
            9.836227,
            46.656268
          ],
          [
            9.836227,
            46.656268
          ],
          [
            9.836227,
            46.656268
          ],
          [
            9.836227,
            46.656268
          ],
          [
            9.836238,
            46.656258
          ],
          [
            9.836228,
            46.656266
          ],
          [
            9.836223,
            46.656272
          ],
          [
            9.836227,
            46.656268
          ],
          [
            9.836227,
            46.656268
          ],
          [
            9.836227,
            46.656268
          ],
          [
            9.836225,
            46.656275
          ],
          [
            9.836227,
            46.656268
          ],
          [
            9.836232,
            46.656265
          ],
          [
            9.836244,
            46.656272
          ],
          [
            9.83625,
            46.656272
          ],
          [
            9.83624,
            46.656266
          ],
          [
            9.836241,
            46.656272
          ],
          [
            9.836245,
            46.656279
          ],
          [
            9.836228,
            46.656288
          ],
          [
            9.836239,
            46.656277
          ],
          [
            9.836235,
            46.656282
          ],
          [
            9.836239,
            46.656275
          ],
          [
            9.83624,
            46.656283
          ],
          [
            9.836252,
            46.656286
          ],
          [
            9.836251,
            46.656285
          ],
          [
            9.836249,
            46.656287
          ],
          [
            9.836242,
            46.656274
          ],
          [
            9.83624,
            46.656287
          ],
          [
            9.836233,
            46.656288
          ],
          [
            9.83624,
            46.656287
          ],
          [
            9.83624,
            46.656287
          ],
          [
            9.83624,
            46.656287
          ],
          [
            9.83624,
            46.656287
          ],
          [
            9.83624,
            46.656287
          ],
          [
            9.83624,
            46.656287
          ],
          [
            9.83624,
            46.656287
          ],
          [
            9.836247,
            46.656284
          ],
          [
            9.836243,
            46.65628
          ],
          [
            9.836251,
            46.656272
          ],
          [
            9.836256,
            46.656275
          ],
          [
            9.836263,
            46.656278
          ],
          [
            9.836263,
            46.656278
          ],
          [
            9.836263,
            46.656278
          ],
          [
            9.836263,
            46.656278
          ],
          [
            9.836263,
            46.656278
          ],
          [
            9.83625,
            46.656284
          ],
          [
            9.83624,
            46.656283
          ],
          [
            9.836246,
            46.656291
          ],
          [
            9.836244,
            46.656291
          ],
          [
            9.836244,
            46.656291
          ],
          [
            9.836244,
            46.656291
          ],
          [
            9.836244,
            46.656291
          ],
          [
            9.836244,
            46.656291
          ],
          [
            9.836244,
            46.656291
          ],
          [
            9.836244,
            46.656291
          ],
          [
            9.836244,
            46.656291
          ],
          [
            9.836244,
            46.656291
          ],
          [
            9.836244,
            46.656335
          ],
          [
            9.836231,
            46.656358
          ],
          [
            9.836234,
            46.656375
          ],
          [
            9.836234,
            46.656386
          ],
          [
            9.836232,
            46.656386
          ],
          [
            9.836235,
            46.656401
          ],
          [
            9.836213,
            46.656411
          ],
          [
            9.836188,
            46.656424
          ],
          [
            9.836139,
            46.656456
          ],
          [
            9.836136,
            46.656464
          ],
          [
            9.836131,
            46.65651
          ],
          [
            9.836172,
            46.656538
          ],
          [
            9.83619,
            46.656549
          ],
          [
            9.836304,
            46.656617
          ],
          [
            9.836435,
            46.656699
          ],
          [
            9.836515,
            46.656775
          ],
          [
            9.836576,
            46.656843
          ],
          [
            9.836638,
            46.656888
          ],
          [
            9.836668,
            46.656914
          ],
          [
            9.836687,
            46.656945
          ],
          [
            9.836697,
            46.656961
          ],
          [
            9.836725,
            46.656998
          ],
          [
            9.836763,
            46.657025
          ],
          [
            9.836774,
            46.657033
          ],
          [
            9.836811,
            46.65706
          ],
          [
            9.836843,
            46.657086
          ],
          [
            9.83689,
            46.65716
          ],
          [
            9.836897,
            46.657168
          ],
          [
            9.836947,
            46.657225
          ],
          [
            9.836983,
            46.65726
          ],
          [
            9.837013,
            46.657282
          ],
          [
            9.837084,
            46.657369
          ],
          [
            9.837101,
            46.657391
          ],
          [
            9.837129,
            46.657437
          ],
          [
            9.837187,
            46.657505
          ],
          [
            9.837238,
            46.657574
          ],
          [
            9.83725,
            46.6576
          ],
          [
            9.837297,
            46.657638
          ],
          [
            9.837348,
            46.657686
          ],
          [
            9.837354,
            46.657685
          ],
          [
            9.837399,
            46.657723
          ],
          [
            9.837432,
            46.657747
          ],
          [
            9.837523,
            46.657779
          ],
          [
            9.837569,
            46.657811
          ],
          [
            9.83759,
            46.657835
          ],
          [
            9.837596,
            46.657858
          ],
          [
            9.837602,
            46.657872
          ],
          [
            9.8376,
            46.657901
          ],
          [
            9.8376,
            46.657933
          ],
          [
            9.837593,
            46.657953
          ],
          [
            9.837596,
            46.657997
          ],
          [
            9.837607,
            46.658005
          ],
          [
            9.837624,
            46.658021
          ],
          [
            9.837637,
            46.65803
          ],
          [
            9.837677,
            46.658069
          ],
          [
            9.837687,
            46.658083
          ],
          [
            9.837721,
            46.658107
          ],
          [
            9.837728,
            46.658114
          ],
          [
            9.837761,
            46.658135
          ],
          [
            9.837785,
            46.658141
          ],
          [
            9.837813,
            46.658153
          ],
          [
            9.837843,
            46.658163
          ],
          [
            9.837869,
            46.658174
          ],
          [
            9.837885,
            46.658192
          ],
          [
            9.837902,
            46.658202
          ],
          [
            9.837925,
            46.65822
          ],
          [
            9.837938,
            46.658231
          ],
          [
            9.837962,
            46.658254
          ],
          [
            9.837972,
            46.658261
          ],
          [
            9.837993,
            46.658279
          ],
          [
            9.838,
            46.658284
          ],
          [
            9.838016,
            46.658307
          ],
          [
            9.838018,
            46.658315
          ],
          [
            9.838044,
            46.658343
          ],
          [
            9.838054,
            46.658355
          ],
          [
            9.838088,
            46.658381
          ],
          [
            9.838109,
            46.658402
          ],
          [
            9.838126,
            46.658416
          ],
          [
            9.838136,
            46.658424
          ],
          [
            9.838143,
            46.658428
          ],
          [
            9.838151,
            46.65843
          ],
          [
            9.838178,
            46.658441
          ],
          [
            9.838214,
            46.658452
          ],
          [
            9.83825,
            46.65847
          ],
          [
            9.83828,
            46.658488
          ],
          [
            9.838302,
            46.658516
          ],
          [
            9.838319,
            46.658538
          ],
          [
            9.838343,
            46.658561
          ],
          [
            9.838364,
            46.658573
          ],
          [
            9.838377,
            46.658591
          ],
          [
            9.838397,
            46.658604
          ],
          [
            9.838412,
            46.658615
          ],
          [
            9.838431,
            46.658638
          ],
          [
            9.838469,
            46.658677
          ],
          [
            9.838476,
            46.658685
          ],
          [
            9.838523,
            46.658732
          ],
          [
            9.838528,
            46.658737
          ],
          [
            9.838562,
            46.658775
          ],
          [
            9.838569,
            46.658788
          ],
          [
            9.83861,
            46.658816
          ],
          [
            9.83863,
            46.658839
          ],
          [
            9.838652,
            46.658857
          ],
          [
            9.838686,
            46.658882
          ],
          [
            9.838693,
            46.658889
          ],
          [
            9.838764,
            46.658941
          ],
          [
            9.838777,
            46.658948
          ],
          [
            9.83882,
            46.658973
          ],
          [
            9.838868,
            46.659014
          ],
          [
            9.838881,
            46.659027
          ],
          [
            9.838919,
            46.659059
          ],
          [
            9.838942,
            46.659084
          ],
          [
            9.838964,
            46.659116
          ],
          [
            9.838974,
            46.659126
          ],
          [
            9.838982,
            46.659137
          ],
          [
            9.838985,
            46.659143
          ],
          [
            9.838995,
            46.659163
          ],
          [
            9.83902,
            46.659198
          ],
          [
            9.839028,
            46.659209
          ],
          [
            9.83904,
            46.659218
          ],
          [
            9.839071,
            46.659241
          ],
          [
            9.839096,
            46.659264
          ],
          [
            9.839123,
            46.659287
          ],
          [
            9.839185,
            46.659325
          ],
          [
            9.839243,
            46.659378
          ],
          [
            9.839295,
            46.659446
          ],
          [
            9.839329,
            46.659522
          ],
          [
            9.839363,
            46.659589
          ],
          [
            9.839393,
            46.659629
          ],
          [
            9.83941,
            46.659653
          ],
          [
            9.839444,
            46.659729
          ],
          [
            9.839453,
            46.659743
          ],
          [
            9.839491,
            46.659802
          ],
          [
            9.839499,
            46.65981
          ],
          [
            9.839561,
            46.659864
          ],
          [
            9.839571,
            46.659873
          ],
          [
            9.839641,
            46.659903
          ],
          [
            9.839729,
            46.659941
          ],
          [
            9.839756,
            46.659954
          ],
          [
            9.839824,
            46.659994
          ],
          [
            9.839842,
            46.660012
          ],
          [
            9.839911,
            46.660074
          ],
          [
            9.839959,
            46.660133
          ],
          [
            9.839976,
            46.660143
          ],
          [
            9.840028,
            46.660178
          ],
          [
            9.840072,
            46.660211
          ],
          [
            9.840086,
            46.660224
          ],
          [
            9.840156,
            46.660268
          ],
          [
            9.840189,
            46.660297
          ],
          [
            9.840227,
            46.660333
          ],
          [
            9.840281,
            46.660392
          ],
          [
            9.840291,
            46.660404
          ],
          [
            9.840322,
            46.660442
          ],
          [
            9.840353,
            46.660469
          ],
          [
            9.840383,
            46.660499
          ],
          [
            9.840415,
            46.660525
          ],
          [
            9.840461,
            46.660552
          ],
          [
            9.840493,
            46.660562
          ],
          [
            9.840527,
            46.660583
          ],
          [
            9.840547,
            46.660606
          ],
          [
            9.840563,
            46.660616
          ],
          [
            9.840622,
            46.660637
          ],
          [
            9.84068,
            46.660656
          ],
          [
            9.840701,
            46.660673
          ],
          [
            9.840745,
            46.660694
          ],
          [
            9.840774,
            46.660713
          ],
          [
            9.840787,
            46.660728
          ],
          [
            9.840801,
            46.660748
          ],
          [
            9.840826,
            46.660773
          ],
          [
            9.840859,
            46.660813
          ],
          [
            9.840893,
            46.660843
          ],
          [
            9.84091,
            46.660873
          ],
          [
            9.840915,
            46.660888
          ],
          [
            9.840924,
            46.660898
          ],
          [
            9.840936,
            46.660914
          ],
          [
            9.840938,
            46.660921
          ],
          [
            9.840963,
            46.660949
          ],
          [
            9.840979,
            46.660971
          ],
          [
            9.841026,
            46.661019
          ],
          [
            9.841048,
            46.661044
          ],
          [
            9.841074,
            46.661072
          ],
          [
            9.841147,
            46.661119
          ],
          [
            9.84122,
            46.661174
          ],
          [
            9.841231,
            46.661185
          ],
          [
            9.841283,
            46.661225
          ],
          [
            9.841304,
            46.661255
          ],
          [
            9.841345,
            46.661302
          ],
          [
            9.841345,
            46.661308
          ],
          [
            9.841359,
            46.661336
          ],
          [
            9.8414,
            46.661379
          ],
          [
            9.841411,
            46.661392
          ],
          [
            9.841441,
            46.661439
          ],
          [
            9.841448,
            46.661444
          ],
          [
            9.84151,
            46.661491
          ],
          [
            9.841522,
            46.661524
          ],
          [
            9.841528,
            46.661548
          ],
          [
            9.841551,
            46.661577
          ],
          [
            9.841561,
            46.661581
          ],
          [
            9.841617,
            46.661623
          ],
          [
            9.841654,
            46.661673
          ],
          [
            9.841699,
            46.661713
          ],
          [
            9.84171,
            46.661723
          ],
          [
            9.841771,
            46.661766
          ],
          [
            9.841777,
            46.661772
          ],
          [
            9.841816,
            46.661806
          ],
          [
            9.84187,
            46.661842
          ],
          [
            9.841883,
            46.66185
          ],
          [
            9.841926,
            46.661875
          ],
          [
            9.841947,
            46.661887
          ],
          [
            9.842,
            46.661904
          ],
          [
            9.842019,
            46.661909
          ],
          [
            9.842046,
            46.66192
          ],
          [
            9.842061,
            46.661924
          ],
          [
            9.842079,
            46.661931
          ],
          [
            9.842118,
            46.661953
          ],
          [
            9.842134,
            46.661961
          ],
          [
            9.842149,
            46.661972
          ],
          [
            9.842175,
            46.66199
          ],
          [
            9.842197,
            46.662003
          ],
          [
            9.842222,
            46.66202
          ],
          [
            9.842233,
            46.662025
          ],
          [
            9.842265,
            46.662056
          ],
          [
            9.842345,
            46.66209
          ],
          [
            9.842399,
            46.662114
          ],
          [
            9.842427,
            46.662128
          ],
          [
            9.842459,
            46.662149
          ],
          [
            9.842475,
            46.662157
          ],
          [
            9.8425,
            46.66217
          ],
          [
            9.842534,
            46.662182
          ],
          [
            9.842534,
            46.662182
          ],
          [
            9.842533,
            46.662183
          ],
          [
            9.842566,
            46.662203
          ],
          [
            9.842594,
            46.662231
          ],
          [
            9.842643,
            46.66225
          ],
          [
            9.842653,
            46.662273
          ],
          [
            9.842702,
            46.662294
          ],
          [
            9.842717,
            46.662296
          ],
          [
            9.842732,
            46.662302
          ],
          [
            9.842747,
            46.662316
          ],
          [
            9.842745,
            46.662314
          ],
          [
            9.842765,
            46.662329
          ],
          [
            9.84279,
            46.662336
          ],
          [
            9.842794,
            46.662339
          ],
          [
            9.842814,
            46.662349
          ],
          [
            9.842852,
            46.662377
          ],
          [
            9.842877,
            46.662381
          ],
          [
            9.842907,
            46.66239
          ],
          [
            9.842907,
            46.662396
          ],
          [
            9.842965,
            46.662431
          ],
          [
            9.842979,
            46.662433
          ],
          [
            9.843029,
            46.662442
          ],
          [
            9.84306,
            46.66245
          ],
          [
            9.843193,
            46.662484
          ],
          [
            9.843271,
            46.662508
          ],
          [
            9.843294,
            46.662517
          ],
          [
            9.84336,
            46.662541
          ],
          [
            9.843387,
            46.662562
          ],
          [
            9.843453,
            46.662601
          ],
          [
            9.843459,
            46.662607
          ],
          [
            9.843501,
            46.662639
          ],
          [
            9.843512,
            46.66265
          ],
          [
            9.843564,
            46.662687
          ],
          [
            9.843594,
            46.662698
          ],
          [
            9.843618,
            46.662701
          ],
          [
            9.84368,
            46.662721
          ],
          [
            9.84373,
            46.662746
          ],
          [
            9.843774,
            46.662763
          ],
          [
            9.843863,
            46.662785
          ],
          [
            9.843876,
            46.662787
          ],
          [
            9.843987,
            46.662798
          ],
          [
            9.844092,
            46.662825
          ],
          [
            9.844113,
            46.662833
          ],
          [
            9.844164,
            46.662852
          ],
          [
            9.844255,
            46.662898
          ],
          [
            9.844355,
            46.662927
          ],
          [
            9.844376,
            46.662936
          ],
          [
            9.844415,
            46.662953
          ],
          [
            9.844428,
            46.662964
          ],
          [
            9.844476,
            46.662983
          ],
          [
            9.844498,
            46.662994
          ],
          [
            9.844551,
            46.663019
          ],
          [
            9.844611,
            46.663058
          ],
          [
            9.844666,
            46.663089
          ],
          [
            9.844743,
            46.663141
          ],
          [
            9.844803,
            46.663192
          ],
          [
            9.844881,
            46.663217
          ],
          [
            9.844881,
            46.663235
          ],
          [
            9.844986,
            46.663268
          ],
          [
            9.845023,
            46.663283
          ],
          [
            9.845062,
            46.663297
          ],
          [
            9.845108,
            46.663326
          ],
          [
            9.845115,
            46.66333
          ],
          [
            9.845128,
            46.66334
          ],
          [
            9.845174,
            46.663377
          ],
          [
            9.845199,
            46.663396
          ],
          [
            9.845222,
            46.66341
          ],
          [
            9.84523,
            46.663418
          ],
          [
            9.84526,
            46.663447
          ],
          [
            9.845265,
            46.66345
          ],
          [
            9.845304,
            46.663497
          ],
          [
            9.845331,
            46.663521
          ],
          [
            9.845341,
            46.663529
          ],
          [
            9.845355,
            46.663541
          ],
          [
            9.845378,
            46.663561
          ],
          [
            9.845392,
            46.663568
          ],
          [
            9.845418,
            46.66358
          ],
          [
            9.845446,
            46.663615
          ],
          [
            9.845478,
            46.663628
          ],
          [
            9.845544,
            46.66366
          ],
          [
            9.845583,
            46.663676
          ],
          [
            9.845616,
            46.663687
          ],
          [
            9.845655,
            46.663703
          ],
          [
            9.845666,
            46.663706
          ],
          [
            9.845686,
            46.663725
          ],
          [
            9.845697,
            46.663732
          ],
          [
            9.845703,
            46.663735
          ],
          [
            9.845708,
            46.663737
          ],
          [
            9.84573,
            46.663761
          ],
          [
            9.845743,
            46.663781
          ],
          [
            9.845756,
            46.663802
          ],
          [
            9.845764,
            46.663819
          ],
          [
            9.845765,
            46.663838
          ],
          [
            9.845767,
            46.663846
          ],
          [
            9.845772,
            46.663886
          ],
          [
            9.845773,
            46.663901
          ],
          [
            9.845767,
            46.663921
          ],
          [
            9.845768,
            46.663939
          ],
          [
            9.845772,
            46.663964
          ],
          [
            9.845786,
            46.66398
          ],
          [
            9.845796,
            46.664001
          ],
          [
            9.845806,
            46.664013
          ],
          [
            9.84582,
            46.664019
          ],
          [
            9.845826,
            46.664026
          ],
          [
            9.84583,
            46.664044
          ],
          [
            9.845843,
            46.664057
          ],
          [
            9.84587,
            46.66409
          ],
          [
            9.845886,
            46.664094
          ],
          [
            9.84592,
            46.664108
          ],
          [
            9.845959,
            46.664134
          ],
          [
            9.845971,
            46.664142
          ],
          [
            9.845999,
            46.664171
          ],
          [
            9.846003,
            46.664174
          ],
          [
            9.846041,
            46.664221
          ],
          [
            9.846077,
            46.664259
          ],
          [
            9.84608,
            46.664263
          ],
          [
            9.846097,
            46.664275
          ],
          [
            9.846114,
            46.664292
          ],
          [
            9.846145,
            46.664331
          ],
          [
            9.846147,
            46.664332
          ],
          [
            9.846165,
            46.664373
          ],
          [
            9.846202,
            46.66441
          ],
          [
            9.846206,
            46.664428
          ],
          [
            9.846213,
            46.66445
          ],
          [
            9.846213,
            46.664458
          ],
          [
            9.846234,
            46.664488
          ],
          [
            9.846238,
            46.664497
          ],
          [
            9.846248,
            46.664527
          ],
          [
            9.846255,
            46.664542
          ],
          [
            9.846264,
            46.664563
          ],
          [
            9.846264,
            46.664573
          ],
          [
            9.846287,
            46.664613
          ],
          [
            9.846299,
            46.664633
          ],
          [
            9.846296,
            46.664638
          ],
          [
            9.846291,
            46.664667
          ],
          [
            9.846289,
            46.664669
          ],
          [
            9.846282,
            46.664693
          ],
          [
            9.84628,
            46.664702
          ],
          [
            9.846267,
            46.66473
          ],
          [
            9.846258,
            46.664764
          ],
          [
            9.846255,
            46.66478
          ],
          [
            9.846265,
            46.664824
          ],
          [
            9.846275,
            46.664857
          ],
          [
            9.84628,
            46.664862
          ],
          [
            9.846299,
            46.664891
          ],
          [
            9.846304,
            46.664905
          ],
          [
            9.846307,
            46.664928
          ],
          [
            9.846322,
            46.66494
          ],
          [
            9.846341,
            46.664971
          ],
          [
            9.846356,
            46.665003
          ],
          [
            9.846361,
            46.665008
          ],
          [
            9.846379,
            46.665042
          ],
          [
            9.846402,
            46.665077
          ],
          [
            9.846406,
            46.665085
          ],
          [
            9.846415,
            46.665114
          ],
          [
            9.846426,
            46.665161
          ],
          [
            9.846428,
            46.665166
          ],
          [
            9.846433,
            46.665202
          ],
          [
            9.846433,
            46.665208
          ],
          [
            9.846439,
            46.665241
          ],
          [
            9.846447,
            46.665275
          ],
          [
            9.846449,
            46.665288
          ],
          [
            9.846478,
            46.665332
          ],
          [
            9.846495,
            46.665373
          ],
          [
            9.846497,
            46.665383
          ],
          [
            9.846519,
            46.665419
          ],
          [
            9.846553,
            46.665458
          ],
          [
            9.846565,
            46.665467
          ],
          [
            9.846586,
            46.665508
          ],
          [
            9.846589,
            46.665515
          ],
          [
            9.846603,
            46.665536
          ],
          [
            9.846625,
            46.665549
          ],
          [
            9.846656,
            46.665563
          ],
          [
            9.846682,
            46.665579
          ],
          [
            9.846721,
            46.665608
          ],
          [
            9.846725,
            46.665611
          ],
          [
            9.846744,
            46.665643
          ],
          [
            9.846757,
            46.66565
          ],
          [
            9.846797,
            46.665668
          ],
          [
            9.846805,
            46.665672
          ],
          [
            9.846847,
            46.665703
          ],
          [
            9.846854,
            46.665708
          ],
          [
            9.8469,
            46.665743
          ],
          [
            9.846923,
            46.665759
          ],
          [
            9.846976,
            46.665781
          ],
          [
            9.847015,
            46.665811
          ],
          [
            9.84703,
            46.665824
          ],
          [
            9.84707,
            46.665845
          ],
          [
            9.847099,
            46.665861
          ],
          [
            9.847154,
            46.665894
          ],
          [
            9.847161,
            46.6659
          ],
          [
            9.847185,
            46.665918
          ],
          [
            9.847272,
            46.665972
          ],
          [
            9.847348,
            46.666016
          ],
          [
            9.847399,
            46.666042
          ],
          [
            9.847406,
            46.666048
          ],
          [
            9.847482,
            46.666111
          ],
          [
            9.847523,
            46.666132
          ],
          [
            9.847544,
            46.666153
          ],
          [
            9.84756,
            46.666171
          ],
          [
            9.847575,
            46.666196
          ],
          [
            9.84758,
            46.666215
          ],
          [
            9.847583,
            46.666244
          ],
          [
            9.84759,
            46.666269
          ],
          [
            9.847592,
            46.666276
          ],
          [
            9.847596,
            46.666293
          ],
          [
            9.847598,
            46.666302
          ],
          [
            9.8476,
            46.66632
          ],
          [
            9.847633,
            46.66636
          ],
          [
            9.847646,
            46.666368
          ],
          [
            9.847681,
            46.666402
          ],
          [
            9.847693,
            46.666415
          ],
          [
            9.847732,
            46.666455
          ],
          [
            9.847805,
            46.6665
          ],
          [
            9.84793,
            46.666532
          ],
          [
            9.847958,
            46.666552
          ],
          [
            9.84799,
            46.666572
          ],
          [
            9.847996,
            46.666577
          ],
          [
            9.848017,
            46.666588
          ],
          [
            9.848033,
            46.666609
          ],
          [
            9.848052,
            46.666622
          ],
          [
            9.848059,
            46.666637
          ],
          [
            9.848078,
            46.666661
          ],
          [
            9.84811,
            46.666684
          ],
          [
            9.848133,
            46.666713
          ],
          [
            9.848158,
            46.666732
          ],
          [
            9.84818,
            46.666749
          ],
          [
            9.848215,
            46.666777
          ],
          [
            9.848239,
            46.6668
          ],
          [
            9.848262,
            46.666818
          ],
          [
            9.848298,
            46.666845
          ],
          [
            9.848351,
            46.666873
          ],
          [
            9.848355,
            46.666877
          ],
          [
            9.848397,
            46.66691
          ],
          [
            9.848406,
            46.666917
          ],
          [
            9.848408,
            46.66692
          ],
          [
            9.848412,
            46.666927
          ],
          [
            9.848417,
            46.666929
          ],
          [
            9.848434,
            46.66693
          ],
          [
            9.848433,
            46.666932
          ],
          [
            9.848449,
            46.66694
          ],
          [
            9.848462,
            46.666951
          ],
          [
            9.848488,
            46.666996
          ],
          [
            9.848516,
            46.667025
          ],
          [
            9.848557,
            46.667057
          ],
          [
            9.848563,
            46.667058
          ],
          [
            9.848565,
            46.667057
          ],
          [
            9.848565,
            46.667057
          ],
          [
            9.848565,
            46.667057
          ],
          [
            9.848565,
            46.667057
          ],
          [
            9.848573,
            46.667063
          ],
          [
            9.848577,
            46.667062
          ],
          [
            9.848582,
            46.667057
          ],
          [
            9.848572,
            46.667056
          ],
          [
            9.848551,
            46.667054
          ],
          [
            9.848546,
            46.667053
          ],
          [
            9.848562,
            46.667068
          ],
          [
            9.848563,
            46.66707
          ],
          [
            9.848567,
            46.667071
          ],
          [
            9.848566,
            46.667076
          ],
          [
            9.848555,
            46.667076
          ],
          [
            9.848555,
            46.667076
          ],
          [
            9.848555,
            46.667076
          ],
          [
            9.848555,
            46.667076
          ],
          [
            9.848555,
            46.667076
          ],
          [
            9.84856,
            46.667073
          ],
          [
            9.848578,
            46.667083
          ],
          [
            9.848592,
            46.667093
          ],
          [
            9.848614,
            46.667106
          ],
          [
            9.84863,
            46.667114
          ],
          [
            9.848631,
            46.667115
          ],
          [
            9.848631,
            46.667115
          ],
          [
            9.848631,
            46.667115
          ],
          [
            9.848631,
            46.667115
          ],
          [
            9.848639,
            46.667118
          ],
          [
            9.848691,
            46.667146
          ],
          [
            9.848733,
            46.667174
          ],
          [
            9.848737,
            46.667175
          ],
          [
            9.84875,
            46.667185
          ],
          [
            9.848757,
            46.667187
          ],
          [
            9.848769,
            46.66719
          ],
          [
            9.848769,
            46.66719
          ],
          [
            9.84881,
            46.66722
          ],
          [
            9.848824,
            46.667229
          ],
          [
            9.848862,
            46.667264
          ],
          [
            9.848868,
            46.667269
          ],
          [
            9.84888,
            46.66728
          ],
          [
            9.848892,
            46.667288
          ],
          [
            9.848914,
            46.667307
          ],
          [
            9.848913,
            46.667311
          ],
          [
            9.848945,
            46.667345
          ],
          [
            9.848951,
            46.667352
          ],
          [
            9.848994,
            46.667381
          ],
          [
            9.849051,
            46.667412
          ],
          [
            9.849067,
            46.667422
          ],
          [
            9.849073,
            46.66743
          ],
          [
            9.849106,
            46.667479
          ],
          [
            9.849114,
            46.667492
          ],
          [
            9.84915,
            46.667535
          ],
          [
            9.849165,
            46.667559
          ],
          [
            9.849203,
            46.667601
          ],
          [
            9.849254,
            46.66763
          ],
          [
            9.849278,
            46.667637
          ],
          [
            9.849285,
            46.66765
          ],
          [
            9.849298,
            46.667666
          ],
          [
            9.849321,
            46.667715
          ],
          [
            9.84936,
            46.667756
          ],
          [
            9.849387,
            46.667788
          ],
          [
            9.849438,
            46.667848
          ],
          [
            9.84945,
            46.667864
          ],
          [
            9.849492,
            46.667918
          ],
          [
            9.849516,
            46.667941
          ],
          [
            9.849555,
            46.667964
          ],
          [
            9.849586,
            46.667999
          ],
          [
            9.849591,
            46.668006
          ],
          [
            9.849638,
            46.668064
          ],
          [
            9.849652,
            46.668083
          ],
          [
            9.84967,
            46.668108
          ],
          [
            9.849702,
            46.668156
          ],
          [
            9.849718,
            46.668174
          ],
          [
            9.849734,
            46.668193
          ],
          [
            9.849748,
            46.668225
          ],
          [
            9.849751,
            46.668233
          ],
          [
            9.849786,
            46.668279
          ],
          [
            9.849805,
            46.668312
          ],
          [
            9.849811,
            46.668316
          ],
          [
            9.849832,
            46.66836
          ],
          [
            9.849837,
            46.668365
          ],
          [
            9.84985,
            46.668385
          ],
          [
            9.849853,
            46.668391
          ],
          [
            9.849873,
            46.668414
          ],
          [
            9.849883,
            46.668425
          ],
          [
            9.849903,
            46.668449
          ],
          [
            9.849905,
            46.668454
          ],
          [
            9.849904,
            46.668462
          ],
          [
            9.849927,
            46.668493
          ],
          [
            9.84995,
            46.668515
          ],
          [
            9.849972,
            46.668539
          ],
          [
            9.849981,
            46.668559
          ],
          [
            9.850002,
            46.668577
          ],
          [
            9.850026,
            46.668585
          ],
          [
            9.850035,
            46.668603
          ],
          [
            9.850041,
            46.668605
          ],
          [
            9.850052,
            46.668649
          ],
          [
            9.850054,
            46.668654
          ],
          [
            9.850079,
            46.668681
          ],
          [
            9.850088,
            46.668693
          ],
          [
            9.850104,
            46.668726
          ],
          [
            9.850106,
            46.668733
          ],
          [
            9.850114,
            46.668763
          ],
          [
            9.850124,
            46.668781
          ],
          [
            9.850147,
            46.668795
          ],
          [
            9.850144,
            46.668826
          ],
          [
            9.850149,
            46.668841
          ],
          [
            9.850182,
            46.668863
          ],
          [
            9.850194,
            46.668876
          ],
          [
            9.850219,
            46.668915
          ],
          [
            9.850233,
            46.668925
          ],
          [
            9.85025,
            46.668968
          ],
          [
            9.850249,
            46.668983
          ],
          [
            9.85027,
            46.668998
          ],
          [
            9.850283,
            46.669008
          ],
          [
            9.850304,
            46.669033
          ],
          [
            9.850312,
            46.66906
          ],
          [
            9.850311,
            46.669063
          ],
          [
            9.85031,
            46.669066
          ],
          [
            9.85034,
            46.669106
          ],
          [
            9.850345,
            46.669119
          ],
          [
            9.850359,
            46.669158
          ],
          [
            9.850415,
            46.669177
          ],
          [
            9.85042,
            46.669179
          ],
          [
            9.850458,
            46.669212
          ],
          [
            9.850473,
            46.669221
          ],
          [
            9.850497,
            46.669243
          ],
          [
            9.850511,
            46.669251
          ],
          [
            9.850541,
            46.669276
          ],
          [
            9.850544,
            46.669278
          ],
          [
            9.85056,
            46.669311
          ],
          [
            9.850579,
            46.66935
          ],
          [
            9.850586,
            46.669356
          ],
          [
            9.850591,
            46.669394
          ],
          [
            9.850602,
            46.669409
          ],
          [
            9.850622,
            46.669442
          ],
          [
            9.850638,
            46.669449
          ],
          [
            9.850647,
            46.669456
          ],
          [
            9.850645,
            46.66948
          ],
          [
            9.850647,
            46.669485
          ],
          [
            9.850654,
            46.669522
          ],
          [
            9.850649,
            46.669529
          ],
          [
            9.850647,
            46.669558
          ],
          [
            9.850657,
            46.669566
          ],
          [
            9.850667,
            46.669582
          ],
          [
            9.850689,
            46.669607
          ],
          [
            9.850685,
            46.669638
          ],
          [
            9.850683,
            46.669643
          ],
          [
            9.850695,
            46.669677
          ],
          [
            9.850721,
            46.669694
          ],
          [
            9.850726,
            46.669698
          ],
          [
            9.850748,
            46.669724
          ],
          [
            9.850754,
            46.66973
          ],
          [
            9.850771,
            46.669756
          ],
          [
            9.850777,
            46.669768
          ],
          [
            9.850788,
            46.669795
          ],
          [
            9.850786,
            46.669805
          ],
          [
            9.850768,
            46.669813
          ],
          [
            9.850766,
            46.669817
          ],
          [
            9.850759,
            46.669843
          ],
          [
            9.850762,
            46.669845
          ],
          [
            9.850758,
            46.669878
          ],
          [
            9.85075,
            46.669883
          ],
          [
            9.850748,
            46.669907
          ],
          [
            9.850747,
            46.669913
          ],
          [
            9.850768,
            46.669941
          ],
          [
            9.850773,
            46.669946
          ],
          [
            9.850778,
            46.669967
          ],
          [
            9.850778,
            46.669984
          ],
          [
            9.850771,
            46.670013
          ],
          [
            9.850785,
            46.670062
          ],
          [
            9.850795,
            46.670068
          ],
          [
            9.850801,
            46.670084
          ],
          [
            9.850811,
            46.67009
          ],
          [
            9.850832,
            46.670105
          ],
          [
            9.850854,
            46.670126
          ],
          [
            9.850888,
            46.67015
          ],
          [
            9.8509,
            46.67016
          ],
          [
            9.850968,
            46.670194
          ],
          [
            9.85102,
            46.670215
          ],
          [
            9.851048,
            46.670234
          ],
          [
            9.85109,
            46.670268
          ],
          [
            9.851119,
            46.670299
          ],
          [
            9.851125,
            46.670306
          ],
          [
            9.851178,
            46.670359
          ],
          [
            9.851189,
            46.670377
          ],
          [
            9.851219,
            46.670397
          ],
          [
            9.851245,
            46.670428
          ],
          [
            9.85126,
            46.670431
          ],
          [
            9.851316,
            46.670462
          ],
          [
            9.851355,
            46.670502
          ],
          [
            9.851353,
            46.670507
          ],
          [
            9.851354,
            46.670513
          ],
          [
            9.85139,
            46.670565
          ],
          [
            9.851396,
            46.670597
          ],
          [
            9.851398,
            46.670609
          ],
          [
            9.851421,
            46.670646
          ],
          [
            9.851424,
            46.67066
          ],
          [
            9.851417,
            46.670724
          ],
          [
            9.851415,
            46.670732
          ],
          [
            9.851432,
            46.67076
          ],
          [
            9.851428,
            46.670792
          ],
          [
            9.851428,
            46.670795
          ],
          [
            9.851457,
            46.670827
          ],
          [
            9.851461,
            46.670842
          ],
          [
            9.851478,
            46.6709
          ],
          [
            9.851496,
            46.670946
          ],
          [
            9.851507,
            46.670968
          ],
          [
            9.851505,
            46.671008
          ],
          [
            9.851521,
            46.671024
          ],
          [
            9.851529,
            46.67104
          ],
          [
            9.851539,
            46.671064
          ],
          [
            9.851547,
            46.67109
          ],
          [
            9.85157,
            46.671127
          ],
          [
            9.851571,
            46.671129
          ],
          [
            9.85158,
            46.671158
          ],
          [
            9.851583,
            46.671169
          ],
          [
            9.851608,
            46.671198
          ],
          [
            9.851623,
            46.671207
          ],
          [
            9.851664,
            46.671251
          ],
          [
            9.851695,
            46.67129
          ],
          [
            9.8517,
            46.671294
          ],
          [
            9.851713,
            46.671325
          ],
          [
            9.851717,
            46.671338
          ],
          [
            9.851716,
            46.671375
          ],
          [
            9.851691,
            46.671442
          ],
          [
            9.851668,
            46.671479
          ],
          [
            9.851651,
            46.671513
          ],
          [
            9.851625,
            46.671533
          ],
          [
            9.85161,
            46.671553
          ],
          [
            9.851584,
            46.671581
          ],
          [
            9.851545,
            46.671648
          ],
          [
            9.851536,
            46.671654
          ],
          [
            9.851513,
            46.671697
          ],
          [
            9.851509,
            46.671737
          ],
          [
            9.851506,
            46.671766
          ],
          [
            9.851512,
            46.67181
          ],
          [
            9.851511,
            46.67184
          ],
          [
            9.851516,
            46.671855
          ],
          [
            9.851528,
            46.671891
          ],
          [
            9.851535,
            46.671909
          ],
          [
            9.851559,
            46.671953
          ],
          [
            9.851574,
            46.671987
          ],
          [
            9.851581,
            46.671999
          ],
          [
            9.851636,
            46.672061
          ],
          [
            9.851645,
            46.672064
          ],
          [
            9.851666,
            46.672085
          ],
          [
            9.851667,
            46.672092
          ],
          [
            9.85166,
            46.672136
          ],
          [
            9.851672,
            46.67215
          ],
          [
            9.851687,
            46.672172
          ],
          [
            9.851691,
            46.672185
          ],
          [
            9.851689,
            46.672208
          ],
          [
            9.851688,
            46.672219
          ],
          [
            9.851691,
            46.672238
          ],
          [
            9.851691,
            46.672251
          ],
          [
            9.851697,
            46.672313
          ],
          [
            9.851699,
            46.672319
          ],
          [
            9.851696,
            46.67237
          ],
          [
            9.851698,
            46.672374
          ],
          [
            9.851703,
            46.672406
          ],
          [
            9.851719,
            46.672435
          ],
          [
            9.851723,
            46.672451
          ],
          [
            9.851734,
            46.672482
          ],
          [
            9.851735,
            46.672499
          ],
          [
            9.851745,
            46.672515
          ],
          [
            9.851758,
            46.672552
          ],
          [
            9.851766,
            46.672578
          ],
          [
            9.851772,
            46.672597
          ],
          [
            9.851762,
            46.672604
          ],
          [
            9.851788,
            46.672616
          ],
          [
            9.851807,
            46.672647
          ],
          [
            9.851801,
            46.672679
          ],
          [
            9.851797,
            46.672701
          ],
          [
            9.851805,
            46.672715
          ],
          [
            9.851827,
            46.672766
          ],
          [
            9.851828,
            46.672774
          ],
          [
            9.851865,
            46.672815
          ],
          [
            9.85187,
            46.672822
          ],
          [
            9.851883,
            46.672848
          ],
          [
            9.851896,
            46.672862
          ],
          [
            9.8519,
            46.672866
          ],
          [
            9.851935,
            46.6729
          ],
          [
            9.851937,
            46.672905
          ],
          [
            9.851936,
            46.672905
          ],
          [
            9.851936,
            46.672905
          ],
          [
            9.851936,
            46.672905
          ],
          [
            9.851936,
            46.672905
          ],
          [
            9.851936,
            46.672905
          ],
          [
            9.851936,
            46.672905
          ],
          [
            9.851936,
            46.672905
          ],
          [
            9.851936,
            46.672905
          ],
          [
            9.851936,
            46.672905
          ],
          [
            9.851936,
            46.672905
          ],
          [
            9.851927,
            46.672915
          ],
          [
            9.851918,
            46.672912
          ],
          [
            9.851918,
            46.672912
          ],
          [
            9.851918,
            46.672912
          ],
          [
            9.851918,
            46.672912
          ],
          [
            9.851928,
            46.672918
          ],
          [
            9.851918,
            46.672912
          ],
          [
            9.851918,
            46.672912
          ],
          [
            9.851918,
            46.672912
          ],
          [
            9.851918,
            46.672912
          ],
          [
            9.851918,
            46.672912
          ],
          [
            9.851918,
            46.672912
          ],
          [
            9.851918,
            46.672912
          ],
          [
            9.851918,
            46.672912
          ],
          [
            9.851918,
            46.672912
          ],
          [
            9.851925,
            46.672941
          ],
          [
            9.851911,
            46.672978
          ],
          [
            9.851911,
            46.672978
          ],
          [
            9.851911,
            46.672978
          ],
          [
            9.851911,
            46.672978
          ],
          [
            9.851911,
            46.672978
          ],
          [
            9.851911,
            46.672978
          ],
          [
            9.851911,
            46.672978
          ],
          [
            9.851911,
            46.672978
          ],
          [
            9.851911,
            46.672978
          ],
          [
            9.851911,
            46.672978
          ],
          [
            9.851911,
            46.672978
          ],
          [
            9.851911,
            46.672978
          ],
          [
            9.851905,
            46.672944
          ],
          [
            9.851902,
            46.672935
          ],
          [
            9.851931,
            46.672963
          ],
          [
            9.851934,
            46.672969
          ],
          [
            9.851941,
            46.672983
          ],
          [
            9.851943,
            46.673
          ],
          [
            9.851941,
            46.673013
          ],
          [
            9.85196,
            46.673045
          ],
          [
            9.851974,
            46.67306
          ],
          [
            9.851983,
            46.673094
          ],
          [
            9.851995,
            46.673123
          ],
          [
            9.851999,
            46.67313
          ],
          [
            9.852001,
            46.673133
          ],
          [
            9.852003,
            46.673141
          ],
          [
            9.852015,
            46.673166
          ],
          [
            9.852028,
            46.673182
          ],
          [
            9.852048,
            46.673213
          ],
          [
            9.852051,
            46.673219
          ],
          [
            9.852055,
            46.67324
          ],
          [
            9.852064,
            46.67326
          ],
          [
            9.852064,
            46.67328
          ],
          [
            9.852066,
            46.673288
          ],
          [
            9.85208,
            46.673301
          ],
          [
            9.852096,
            46.673316
          ],
          [
            9.852112,
            46.673326
          ],
          [
            9.852122,
            46.673349
          ],
          [
            9.852124,
            46.673365
          ],
          [
            9.852126,
            46.673382
          ],
          [
            9.852126,
            46.673402
          ],
          [
            9.852131,
            46.67341
          ],
          [
            9.852144,
            46.673436
          ],
          [
            9.852143,
            46.673445
          ],
          [
            9.852144,
            46.67347
          ],
          [
            9.852164,
            46.673519
          ],
          [
            9.852145,
            46.673543
          ],
          [
            9.852146,
            46.673552
          ],
          [
            9.852153,
            46.673602
          ],
          [
            9.85217,
            46.673635
          ],
          [
            9.8522,
            46.673672
          ],
          [
            9.852214,
            46.673689
          ],
          [
            9.852222,
            46.673699
          ],
          [
            9.852267,
            46.673739
          ],
          [
            9.852299,
            46.673774
          ],
          [
            9.852314,
            46.673792
          ],
          [
            9.852342,
            46.673804
          ],
          [
            9.852342,
            46.673811
          ],
          [
            9.852364,
            46.673876
          ],
          [
            9.852384,
            46.673904
          ],
          [
            9.852401,
            46.673929
          ],
          [
            9.852402,
            46.673936
          ],
          [
            9.852409,
            46.673962
          ],
          [
            9.852411,
            46.673971
          ],
          [
            9.85241,
            46.673985
          ],
          [
            9.852412,
            46.674006
          ],
          [
            9.852412,
            46.674019
          ],
          [
            9.852418,
            46.674041
          ],
          [
            9.852421,
            46.674053
          ],
          [
            9.852433,
            46.674072
          ],
          [
            9.852435,
            46.674073
          ],
          [
            9.852435,
            46.674104
          ],
          [
            9.852446,
            46.674159
          ],
          [
            9.85244,
            46.674205
          ],
          [
            9.852445,
            46.674246
          ],
          [
            9.852477,
            46.674328
          ],
          [
            9.852511,
            46.674392
          ],
          [
            9.852522,
            46.674411
          ],
          [
            9.852545,
            46.674448
          ],
          [
            9.852568,
            46.67448
          ],
          [
            9.85257,
            46.674487
          ],
          [
            9.852581,
            46.674526
          ],
          [
            9.852599,
            46.674568
          ],
          [
            9.852627,
            46.674599
          ],
          [
            9.852635,
            46.674607
          ],
          [
            9.852688,
            46.674654
          ],
          [
            9.852716,
            46.674681
          ],
          [
            9.852748,
            46.674703
          ],
          [
            9.852806,
            46.674742
          ],
          [
            9.852855,
            46.674757
          ],
          [
            9.852858,
            46.67477
          ],
          [
            9.852901,
            46.67479
          ],
          [
            9.852979,
            46.674837
          ],
          [
            9.853001,
            46.674868
          ],
          [
            9.853036,
            46.674908
          ],
          [
            9.853043,
            46.674915
          ],
          [
            9.85307,
            46.674959
          ],
          [
            9.853081,
            46.674975
          ],
          [
            9.853132,
            46.675032
          ],
          [
            9.853143,
            46.675036
          ],
          [
            9.853222,
            46.675077
          ],
          [
            9.85325,
            46.675144
          ],
          [
            9.853275,
            46.67517
          ],
          [
            9.853295,
            46.675182
          ],
          [
            9.8533,
            46.675191
          ],
          [
            9.853312,
            46.675206
          ],
          [
            9.853361,
            46.67524
          ],
          [
            9.853375,
            46.675243
          ],
          [
            9.853405,
            46.675261
          ],
          [
            9.853443,
            46.675289
          ],
          [
            9.853456,
            46.675295
          ],
          [
            9.853492,
            46.675316
          ],
          [
            9.853516,
            46.675335
          ],
          [
            9.853521,
            46.67537
          ],
          [
            9.853534,
            46.675399
          ],
          [
            9.853538,
            46.675453
          ],
          [
            9.853549,
            46.675527
          ],
          [
            9.85353,
            46.675534
          ],
          [
            9.853505,
            46.675547
          ],
          [
            9.853493,
            46.675552
          ],
          [
            9.853464,
            46.675577
          ],
          [
            9.853444,
            46.675594
          ],
          [
            9.853436,
            46.675597
          ],
          [
            9.853409,
            46.675603
          ],
          [
            9.853342,
            46.675619
          ],
          [
            9.853316,
            46.67564
          ],
          [
            9.853297,
            46.675654
          ],
          [
            9.853277,
            46.675676
          ],
          [
            9.853263,
            46.675682
          ],
          [
            9.853269,
            46.675697
          ],
          [
            9.853286,
            46.675708
          ],
          [
            9.853299,
            46.675731
          ],
          [
            9.853311,
            46.675733
          ],
          [
            9.853334,
            46.675743
          ],
          [
            9.853331,
            46.675759
          ],
          [
            9.853334,
            46.675762
          ],
          [
            9.853349,
            46.67577
          ],
          [
            9.853348,
            46.675775
          ],
          [
            9.853343,
            46.675784
          ],
          [
            9.853343,
            46.675798
          ],
          [
            9.853334,
            46.675817
          ],
          [
            9.853321,
            46.675844
          ],
          [
            9.853326,
            46.675857
          ],
          [
            9.853325,
            46.675871
          ],
          [
            9.853321,
            46.675883
          ],
          [
            9.853327,
            46.675886
          ],
          [
            9.853305,
            46.675893
          ],
          [
            9.853262,
            46.675912
          ],
          [
            9.853257,
            46.675925
          ],
          [
            9.853256,
            46.675935
          ],
          [
            9.853265,
            46.675948
          ],
          [
            9.853268,
            46.675954
          ],
          [
            9.853293,
            46.675978
          ],
          [
            9.853293,
            46.675978
          ],
          [
            9.853287,
            46.675974
          ],
          [
            9.853287,
            46.675974
          ],
          [
            9.853287,
            46.675974
          ],
          [
            9.853287,
            46.675974
          ],
          [
            9.853287,
            46.675974
          ],
          [
            9.853287,
            46.675974
          ],
          [
            9.853299,
            46.675973
          ],
          [
            9.853307,
            46.675979
          ],
          [
            9.85331,
            46.675979
          ],
          [
            9.85331,
            46.675979
          ],
          [
            9.8533,
            46.675995
          ],
          [
            9.853292,
            46.675999
          ],
          [
            9.853297,
            46.676004
          ],
          [
            9.853297,
            46.676004
          ],
          [
            9.853297,
            46.676004
          ],
          [
            9.853297,
            46.676004
          ],
          [
            9.853297,
            46.676004
          ],
          [
            9.853297,
            46.676004
          ],
          [
            9.853295,
            46.675995
          ],
          [
            9.853302,
            46.675982
          ],
          [
            9.853303,
            46.675981
          ],
          [
            9.853303,
            46.675981
          ],
          [
            9.853303,
            46.675981
          ],
          [
            9.853309,
            46.675984
          ],
          [
            9.853303,
            46.675981
          ],
          [
            9.853303,
            46.675981
          ],
          [
            9.853303,
            46.675981
          ],
          [
            9.853289,
            46.67599
          ],
          [
            9.853303,
            46.675981
          ],
          [
            9.853303,
            46.675981
          ],
          [
            9.853303,
            46.675981
          ],
          [
            9.853303,
            46.675981
          ],
          [
            9.853303,
            46.675981
          ],
          [
            9.853303,
            46.675981
          ],
          [
            9.853303,
            46.675981
          ],
          [
            9.853303,
            46.675981
          ],
          [
            9.853303,
            46.675981
          ],
          [
            9.853303,
            46.675981
          ],
          [
            9.853303,
            46.675981
          ],
          [
            9.853303,
            46.675981
          ],
          [
            9.853303,
            46.675981
          ],
          [
            9.853332,
            46.675972
          ],
          [
            9.853326,
            46.675959
          ],
          [
            9.853324,
            46.675958
          ],
          [
            9.853324,
            46.675958
          ],
          [
            9.8533,
            46.675951
          ],
          [
            9.8533,
            46.675951
          ],
          [
            9.853311,
            46.675965
          ],
          [
            9.853323,
            46.675982
          ],
          [
            9.853318,
            46.675984
          ],
          [
            9.853289,
            46.675981
          ],
          [
            9.853293,
            46.675977
          ],
          [
            9.853294,
            46.675982
          ],
          [
            9.853296,
            46.67598
          ],
          [
            9.853303,
            46.67599
          ],
          [
            9.853329,
            46.67601
          ],
          [
            9.853333,
            46.676016
          ],
          [
            9.853339,
            46.676056
          ],
          [
            9.853342,
            46.676068
          ],
          [
            9.853389,
            46.676079
          ],
          [
            9.853419,
            46.676098
          ],
          [
            9.853436,
            46.67612
          ],
          [
            9.853441,
            46.676131
          ],
          [
            9.85345,
            46.676137
          ],
          [
            9.853463,
            46.676171
          ],
          [
            9.853486,
            46.676199
          ],
          [
            9.853498,
            46.676213
          ],
          [
            9.853512,
            46.676224
          ],
          [
            9.85353,
            46.67625
          ],
          [
            9.853534,
            46.676253
          ],
          [
            9.853563,
            46.676274
          ],
          [
            9.853606,
            46.676302
          ],
          [
            9.85362,
            46.676306
          ],
          [
            9.853663,
            46.676312
          ],
          [
            9.853666,
            46.676312
          ],
          [
            9.853683,
            46.676323
          ],
          [
            9.853687,
            46.67633
          ],
          [
            9.85369,
            46.676339
          ],
          [
            9.853701,
            46.67635
          ],
          [
            9.853717,
            46.676366
          ],
          [
            9.853723,
            46.676373
          ],
          [
            9.853739,
            46.676391
          ],
          [
            9.853738,
            46.676396
          ],
          [
            9.853767,
            46.67642
          ],
          [
            9.853781,
            46.676433
          ],
          [
            9.853849,
            46.676465
          ],
          [
            9.853876,
            46.67648
          ],
          [
            9.853899,
            46.6765
          ],
          [
            9.853921,
            46.67652
          ],
          [
            9.853947,
            46.676542
          ],
          [
            9.853951,
            46.67656
          ],
          [
            9.85395,
            46.676596
          ],
          [
            9.853952,
            46.676604
          ],
          [
            9.853977,
            46.676628
          ],
          [
            9.853984,
            46.676634
          ],
          [
            9.854009,
            46.67668
          ],
          [
            9.854011,
            46.676687
          ],
          [
            9.854012,
            46.676685
          ],
          [
            9.854011,
            46.676665
          ],
          [
            9.853976,
            46.676617
          ],
          [
            9.85398,
            46.676614
          ],
          [
            9.853971,
            46.676599
          ],
          [
            9.853954,
            46.676581
          ],
          [
            9.853964,
            46.676583
          ],
          [
            9.853964,
            46.676583
          ],
          [
            9.853965,
            46.676583
          ],
          [
            9.853966,
            46.676587
          ],
          [
            9.853966,
            46.67659
          ],
          [
            9.853969,
            46.676594
          ],
          [
            9.853968,
            46.676594
          ],
          [
            9.853964,
            46.676583
          ],
          [
            9.853968,
            46.67659
          ],
          [
            9.853976,
            46.676601
          ],
          [
            9.853946,
            46.676606
          ],
          [
            9.853946,
            46.676606
          ],
          [
            9.853946,
            46.676606
          ],
          [
            9.853946,
            46.676602
          ],
          [
            9.853961,
            46.676608
          ],
          [
            9.853965,
            46.676606
          ],
          [
            9.853964,
            46.676607
          ],
          [
            9.85399,
            46.67663
          ],
          [
            9.854015,
            46.676645
          ],
          [
            9.854008,
            46.676643
          ],
          [
            9.854008,
            46.676643
          ],
          [
            9.854008,
            46.676643
          ],
          [
            9.854008,
            46.676643
          ],
          [
            9.854008,
            46.676643
          ],
          [
            9.854008,
            46.676643
          ],
          [
            9.854008,
            46.676643
          ],
          [
            9.854008,
            46.676643
          ],
          [
            9.854008,
            46.676643
          ],
          [
            9.854008,
            46.676643
          ],
          [
            9.854007,
            46.676677
          ],
          [
            9.854011,
            46.676713
          ],
          [
            9.854025,
            46.676723
          ],
          [
            9.854045,
            46.676751
          ],
          [
            9.854083,
            46.676813
          ],
          [
            9.854082,
            46.676865
          ],
          [
            9.854087,
            46.676887
          ],
          [
            9.854103,
            46.676912
          ],
          [
            9.854112,
            46.676931
          ],
          [
            9.854121,
            46.676953
          ],
          [
            9.854119,
            46.676994
          ],
          [
            9.854123,
            46.677018
          ],
          [
            9.854119,
            46.677041
          ],
          [
            9.854121,
            46.677074
          ],
          [
            9.854135,
            46.677109
          ],
          [
            9.854144,
            46.677138
          ],
          [
            9.854149,
            46.677157
          ],
          [
            9.854166,
            46.677187
          ],
          [
            9.854178,
            46.677199
          ],
          [
            9.854182,
            46.677204
          ],
          [
            9.854214,
            46.677235
          ],
          [
            9.854223,
            46.677241
          ],
          [
            9.854234,
            46.677253
          ],
          [
            9.854253,
            46.677298
          ],
          [
            9.854263,
            46.677312
          ],
          [
            9.854292,
            46.677355
          ],
          [
            9.854314,
            46.677391
          ],
          [
            9.854326,
            46.677412
          ],
          [
            9.854337,
            46.677432
          ],
          [
            9.854345,
            46.677443
          ],
          [
            9.85436,
            46.67746
          ],
          [
            9.854362,
            46.67747
          ],
          [
            9.854382,
            46.677519
          ],
          [
            9.854405,
            46.677587
          ],
          [
            9.854403,
            46.677595
          ],
          [
            9.854402,
            46.677646
          ],
          [
            9.854395,
            46.677688
          ],
          [
            9.854394,
            46.677692
          ],
          [
            9.854408,
            46.677733
          ],
          [
            9.854411,
            46.677741
          ],
          [
            9.854443,
            46.677794
          ],
          [
            9.854469,
            46.677843
          ],
          [
            9.854473,
            46.677852
          ],
          [
            9.854492,
            46.677903
          ],
          [
            9.854507,
            46.677932
          ],
          [
            9.85452,
            46.677947
          ],
          [
            9.854545,
            46.677986
          ],
          [
            9.854549,
            46.677998
          ],
          [
            9.854575,
            46.678035
          ],
          [
            9.854629,
            46.678084
          ],
          [
            9.854641,
            46.678094
          ],
          [
            9.854659,
            46.678121
          ],
          [
            9.854703,
            46.678169
          ],
          [
            9.854713,
            46.678177
          ],
          [
            9.85475,
            46.678198
          ],
          [
            9.854792,
            46.678242
          ],
          [
            9.854826,
            46.678272
          ],
          [
            9.854837,
            46.67828
          ],
          [
            9.854878,
            46.678307
          ],
          [
            9.854882,
            46.67831
          ],
          [
            9.854947,
            46.678367
          ],
          [
            9.854991,
            46.678408
          ],
          [
            9.854999,
            46.678415
          ],
          [
            9.855035,
            46.678441
          ],
          [
            9.855035,
            46.678441
          ],
          [
            9.855035,
            46.678441
          ],
          [
            9.855035,
            46.678441
          ],
          [
            9.855052,
            46.678454
          ],
          [
            9.855071,
            46.678472
          ],
          [
            9.855092,
            46.678504
          ],
          [
            9.855095,
            46.678507
          ],
          [
            9.855148,
            46.678536
          ],
          [
            9.855173,
            46.678556
          ],
          [
            9.85519,
            46.678563
          ],
          [
            9.85521,
            46.678574
          ],
          [
            9.855216,
            46.678571
          ],
          [
            9.855227,
            46.678562
          ],
          [
            9.855227,
            46.678562
          ],
          [
            9.855236,
            46.678579
          ],
          [
            9.85527,
            46.678606
          ],
          [
            9.855278,
            46.678617
          ],
          [
            9.855303,
            46.678629
          ],
          [
            9.855305,
            46.678632
          ],
          [
            9.855349,
            46.678665
          ],
          [
            9.855393,
            46.678689
          ],
          [
            9.855399,
            46.678703
          ],
          [
            9.855399,
            46.678741
          ],
          [
            9.855404,
            46.678752
          ],
          [
            9.855424,
            46.678779
          ],
          [
            9.855441,
            46.678797
          ],
          [
            9.855463,
            46.678838
          ],
          [
            9.855487,
            46.678871
          ],
          [
            9.855564,
            46.67891
          ],
          [
            9.855634,
            46.678934
          ],
          [
            9.855682,
            46.678961
          ],
          [
            9.855697,
            46.67897
          ],
          [
            9.855732,
            46.679
          ],
          [
            9.855741,
            46.679014
          ],
          [
            9.855804,
            46.679044
          ],
          [
            9.85582,
            46.679056
          ],
          [
            9.855832,
            46.679078
          ],
          [
            9.855891,
            46.679099
          ],
          [
            9.855926,
            46.679105
          ],
          [
            9.855952,
            46.679117
          ],
          [
            9.855942,
            46.679112
          ],
          [
            9.855943,
            46.679111
          ],
          [
            9.855943,
            46.679111
          ],
          [
            9.855958,
            46.679118
          ],
          [
            9.855943,
            46.679111
          ],
          [
            9.855943,
            46.679111
          ],
          [
            9.855943,
            46.679111
          ],
          [
            9.855943,
            46.679111
          ],
          [
            9.855943,
            46.679111
          ],
          [
            9.855967,
            46.679124
          ],
          [
            9.855975,
            46.679129
          ],
          [
            9.855986,
            46.679132
          ],
          [
            9.855994,
            46.679135
          ],
          [
            9.856021,
            46.679156
          ],
          [
            9.856047,
            46.679182
          ],
          [
            9.856061,
            46.679197
          ],
          [
            9.856105,
            46.67921
          ],
          [
            9.856128,
            46.679222
          ],
          [
            9.856143,
            46.679234
          ],
          [
            9.856191,
            46.679247
          ],
          [
            9.856211,
            46.67926
          ],
          [
            9.856217,
            46.679264
          ],
          [
            9.85623,
            46.679298
          ],
          [
            9.856304,
            46.679346
          ],
          [
            9.856315,
            46.679346
          ],
          [
            9.856356,
            46.679343
          ],
          [
            9.856403,
            46.67933
          ],
          [
            9.856442,
            46.679323
          ],
          [
            9.856451,
            46.679319
          ],
          [
            9.856451,
            46.679319
          ],
          [
            9.856463,
            46.679327
          ],
          [
            9.856521,
            46.679324
          ],
          [
            9.856521,
            46.679321
          ],
          [
            9.85657,
            46.679334
          ],
          [
            9.856634,
            46.679343
          ],
          [
            9.856643,
            46.679343
          ],
          [
            9.856696,
            46.679344
          ],
          [
            9.856706,
            46.679347
          ],
          [
            9.85674,
            46.679355
          ],
          [
            9.856744,
            46.679359
          ],
          [
            9.856795,
            46.67939
          ],
          [
            9.856815,
            46.679402
          ],
          [
            9.856865,
            46.679424
          ],
          [
            9.856894,
            46.679429
          ],
          [
            9.856929,
            46.67943
          ],
          [
            9.856936,
            46.679429
          ],
          [
            9.856969,
            46.679432
          ],
          [
            9.85699,
            46.679448
          ],
          [
            9.857001,
            46.679462
          ],
          [
            9.857007,
            46.679487
          ],
          [
            9.857012,
            46.679496
          ],
          [
            9.857037,
            46.679522
          ],
          [
            9.857043,
            46.679523
          ],
          [
            9.857086,
            46.679543
          ],
          [
            9.85709,
            46.679547
          ],
          [
            9.857124,
            46.679558
          ],
          [
            9.85713,
            46.679559
          ],
          [
            9.857159,
            46.679578
          ],
          [
            9.857164,
            46.679581
          ],
          [
            9.857186,
            46.679596
          ],
          [
            9.8572,
            46.679604
          ],
          [
            9.857212,
            46.679618
          ],
          [
            9.857229,
            46.67964
          ],
          [
            9.857246,
            46.679644
          ],
          [
            9.857259,
            46.679685
          ],
          [
            9.857256,
            46.679701
          ],
          [
            9.857263,
            46.679718
          ],
          [
            9.857268,
            46.679724
          ],
          [
            9.857277,
            46.679741
          ],
          [
            9.857277,
            46.679751
          ],
          [
            9.85728,
            46.679756
          ],
          [
            9.857281,
            46.67976
          ],
          [
            9.857285,
            46.679762
          ],
          [
            9.857294,
            46.679783
          ],
          [
            9.857295,
            46.679788
          ],
          [
            9.857303,
            46.679813
          ],
          [
            9.857305,
            46.67982
          ],
          [
            9.857346,
            46.679846
          ],
          [
            9.857366,
            46.67987
          ],
          [
            9.857394,
            46.679881
          ],
          [
            9.857395,
            46.679884
          ],
          [
            9.857409,
            46.679894
          ],
          [
            9.857442,
            46.679902
          ],
          [
            9.857492,
            46.679945
          ],
          [
            9.857542,
            46.679973
          ],
          [
            9.85758,
            46.680008
          ],
          [
            9.85758,
            46.680008
          ],
          [
            9.85758,
            46.680008
          ],
          [
            9.85758,
            46.680008
          ],
          [
            9.85758,
            46.680008
          ],
          [
            9.857584,
            46.680011
          ],
          [
            9.85756,
            46.680016
          ],
          [
            9.857519,
            46.680024
          ],
          [
            9.857509,
            46.680023
          ],
          [
            9.857507,
            46.68001
          ],
          [
            9.857487,
            46.679971
          ],
          [
            9.857481,
            46.679964
          ],
          [
            9.857469,
            46.67996
          ],
          [
            9.857482,
            46.679964
          ],
          [
            9.857519,
            46.679989
          ],
          [
            9.857499,
            46.680006
          ],
          [
            9.857499,
            46.680069
          ],
          [
            9.857557,
            46.680093
          ],
          [
            9.857613,
            46.68008
          ],
          [
            9.857653,
            46.680081
          ],
          [
            9.857712,
            46.680112
          ],
          [
            9.85778,
            46.680128
          ],
          [
            9.85778,
            46.680127
          ],
          [
            9.857784,
            46.680128
          ],
          [
            9.857777,
            46.680126
          ],
          [
            9.857777,
            46.680126
          ],
          [
            9.857777,
            46.680126
          ],
          [
            9.857777,
            46.680126
          ],
          [
            9.857777,
            46.680126
          ],
          [
            9.857777,
            46.680126
          ],
          [
            9.857777,
            46.680126
          ],
          [
            9.857777,
            46.680126
          ],
          [
            9.857777,
            46.680126
          ],
          [
            9.857777,
            46.680126
          ],
          [
            9.857777,
            46.680126
          ],
          [
            9.857777,
            46.680126
          ],
          [
            9.857777,
            46.680126
          ],
          [
            9.857777,
            46.680126
          ],
          [
            9.857777,
            46.680126
          ],
          [
            9.857777,
            46.680126
          ],
          [
            9.857777,
            46.680126
          ],
          [
            9.857777,
            46.680126
          ],
          [
            9.857777,
            46.680126
          ],
          [
            9.857777,
            46.680126
          ],
          [
            9.857796,
            46.6801
          ],
          [
            9.857796,
            46.6801
          ],
          [
            9.857796,
            46.6801
          ],
          [
            9.857796,
            46.6801
          ],
          [
            9.857796,
            46.6801
          ],
          [
            9.857796,
            46.6801
          ],
          [
            9.857796,
            46.6801
          ],
          [
            9.857792,
            46.680099
          ],
          [
            9.857796,
            46.6801
          ],
          [
            9.857796,
            46.6801
          ],
          [
            9.8578,
            46.68009
          ],
          [
            9.857805,
            46.680097
          ],
          [
            9.857796,
            46.6801
          ],
          [
            9.857796,
            46.6801
          ],
          [
            9.857796,
            46.6801
          ],
          [
            9.857796,
            46.6801
          ],
          [
            9.857796,
            46.6801
          ],
          [
            9.857799,
            46.680105
          ],
          [
            9.857796,
            46.6801
          ],
          [
            9.857796,
            46.6801
          ],
          [
            9.857801,
            46.680123
          ],
          [
            9.857797,
            46.680119
          ],
          [
            9.857792,
            46.680123
          ],
          [
            9.8578,
            46.680124
          ],
          [
            9.857852,
            46.680166
          ],
          [
            9.857866,
            46.680174
          ],
          [
            9.857854,
            46.680167
          ],
          [
            9.857876,
            46.680165
          ],
          [
            9.85801,
            46.680162
          ],
          [
            9.858054,
            46.680174
          ],
          [
            9.858164,
            46.680207
          ],
          [
            9.858202,
            46.680254
          ],
          [
            9.858224,
            46.680299
          ],
          [
            9.858224,
            46.680299
          ],
          [
            9.858239,
            46.680324
          ],
          [
            9.858253,
            46.680377
          ],
          [
            9.858245,
            46.680399
          ],
          [
            9.858234,
            46.6804
          ],
          [
            9.858201,
            46.680399
          ],
          [
            9.85819,
            46.680399
          ],
          [
            9.858162,
            46.680399
          ],
          [
            9.858097,
            46.680375
          ],
          [
            9.858049,
            46.680345
          ],
          [
            9.857993,
            46.68028
          ],
          [
            9.857992,
            46.680278
          ],
          [
            9.857989,
            46.680269
          ],
          [
            9.858046,
            46.680286
          ],
          [
            9.858045,
            46.680288
          ],
          [
            9.858085,
            46.680282
          ],
          [
            9.858076,
            46.680279
          ],
          [
            9.858076,
            46.680279
          ],
          [
            9.858076,
            46.680279
          ],
          [
            9.858076,
            46.680279
          ],
          [
            9.858076,
            46.680279
          ],
          [
            9.858076,
            46.680279
          ],
          [
            9.858076,
            46.680279
          ],
          [
            9.858054,
            46.680265
          ],
          [
            9.858053,
            46.680252
          ],
          [
            9.858052,
            46.680257
          ],
          [
            9.858022,
            46.680268
          ],
          [
            9.857987,
            46.680224
          ],
          [
            9.857965,
            46.6802
          ],
          [
            9.857906,
            46.680152
          ],
          [
            9.857894,
            46.680146
          ],
          [
            9.857862,
            46.680136
          ],
          [
            9.857857,
            46.680137
          ],
          [
            9.857855,
            46.680136
          ],
          [
            9.857842,
            46.680136
          ],
          [
            9.857842,
            46.680136
          ],
          [
            9.857842,
            46.680136
          ],
          [
            9.857865,
            46.680134
          ],
          [
            9.857863,
            46.680117
          ],
          [
            9.857868,
            46.680119
          ],
          [
            9.85789,
            46.680122
          ],
          [
            9.857868,
            46.680128
          ],
          [
            9.857869,
            46.680126
          ],
          [
            9.857872,
            46.680135
          ],
          [
            9.857865,
            46.680139
          ],
          [
            9.857865,
            46.680139
          ],
          [
            9.857865,
            46.680139
          ],
          [
            9.857865,
            46.680139
          ],
          [
            9.857892,
            46.680157
          ],
          [
            9.857881,
            46.68018
          ],
          [
            9.857872,
            46.680184
          ],
          [
            9.857888,
            46.680183
          ],
          [
            9.857888,
            46.680162
          ],
          [
            9.857888,
            46.680174
          ],
          [
            9.85789,
            46.680177
          ],
          [
            9.857902,
            46.68017
          ],
          [
            9.85798,
            46.680215
          ],
          [
            9.857981,
            46.680236
          ],
          [
            9.857981,
            46.680255
          ],
          [
            9.857971,
            46.680298
          ],
          [
            9.857977,
            46.6803
          ],
          [
            9.857979,
            46.680279
          ],
          [
            9.85797,
            46.680262
          ],
          [
            9.857943,
            46.680225
          ],
          [
            9.8579,
            46.680168
          ],
          [
            9.85788,
            46.680154
          ],
          [
            9.857882,
            46.680151
          ],
          [
            9.857882,
            46.680154
          ],
          [
            9.857881,
            46.680152
          ],
          [
            9.857877,
            46.680149
          ],
          [
            9.85788,
            46.680152
          ],
          [
            9.85788,
            46.680152
          ],
          [
            9.85788,
            46.680152
          ],
          [
            9.85788,
            46.680152
          ],
          [
            9.85788,
            46.680152
          ],
          [
            9.85788,
            46.680152
          ],
          [
            9.857887,
            46.680155
          ],
          [
            9.85788,
            46.680152
          ],
          [
            9.85788,
            46.680152
          ],
          [
            9.85788,
            46.680152
          ],
          [
            9.85788,
            46.680152
          ],
          [
            9.85788,
            46.680152
          ],
          [
            9.85788,
            46.680152
          ],
          [
            9.85788,
            46.680152
          ],
          [
            9.85788,
            46.680152
          ],
          [
            9.85788,
            46.680152
          ],
          [
            9.85788,
            46.680152
          ],
          [
            9.85788,
            46.680152
          ],
          [
            9.85788,
            46.680152
          ],
          [
            9.85788,
            46.680152
          ],
          [
            9.85788,
            46.680152
          ],
          [
            9.85788,
            46.680152
          ],
          [
            9.85788,
            46.680152
          ],
          [
            9.85788,
            46.680152
          ],
          [
            9.85788,
            46.680152
          ],
          [
            9.85788,
            46.680152
          ],
          [
            9.85788,
            46.680152
          ],
          [
            9.85788,
            46.680152
          ],
          [
            9.85788,
            46.680152
          ],
          [
            9.85788,
            46.680152
          ],
          [
            9.85788,
            46.680152
          ],
          [
            9.85788,
            46.680152
          ],
          [
            9.85788,
            46.680152
          ],
          [
            9.85788,
            46.680152
          ],
          [
            9.85788,
            46.680152
          ],
          [
            9.85788,
            46.680152
          ],
          [
            9.85788,
            46.680152
          ],
          [
            9.857903,
            46.680143
          ],
          [
            9.857908,
            46.68014
          ],
          [
            9.857906,
            46.680145
          ],
          [
            9.857906,
            46.680145
          ],
          [
            9.857906,
            46.680145
          ],
          [
            9.857906,
            46.680145
          ],
          [
            9.857906,
            46.680145
          ],
          [
            9.857906,
            46.680145
          ],
          [
            9.857906,
            46.680145
          ],
          [
            9.857906,
            46.680145
          ],
          [
            9.857906,
            46.680145
          ],
          [
            9.857906,
            46.680145
          ],
          [
            9.857886,
            46.680153
          ],
          [
            9.857906,
            46.680145
          ],
          [
            9.857906,
            46.680145
          ],
          [
            9.857895,
            46.680155
          ],
          [
            9.85789,
            46.680156
          ],
          [
            9.85789,
            46.680156
          ],
          [
            9.85789,
            46.680156
          ],
          [
            9.857901,
            46.680149
          ],
          [
            9.857909,
            46.680146
          ],
          [
            9.857908,
            46.680148
          ],
          [
            9.857908,
            46.680148
          ],
          [
            9.857909,
            46.680148
          ],
          [
            9.857916,
            46.680152
          ],
          [
            9.857899,
            46.680153
          ],
          [
            9.8579,
            46.680164
          ],
          [
            9.857901,
            46.680162
          ],
          [
            9.857901,
            46.680164
          ],
          [
            9.857935,
            46.680165
          ],
          [
            9.858023,
            46.680154
          ],
          [
            9.85809,
            46.680156
          ],
          [
            9.858143,
            46.680162
          ],
          [
            9.858179,
            46.680168
          ],
          [
            9.858202,
            46.680176
          ],
          [
            9.858281,
            46.680191
          ],
          [
            9.85829,
            46.680193
          ],
          [
            9.858328,
            46.6802
          ],
          [
            9.858443,
            46.680244
          ],
          [
            9.858538,
            46.680294
          ],
          [
            9.85862,
            46.680334
          ],
          [
            9.858706,
            46.680372
          ],
          [
            9.858786,
            46.680399
          ],
          [
            9.858797,
            46.680401
          ],
          [
            9.858888,
            46.680438
          ],
          [
            9.858903,
            46.680443
          ],
          [
            9.85901,
            46.680487
          ],
          [
            9.859067,
            46.680517
          ],
          [
            9.859095,
            46.680532
          ],
          [
            9.859154,
            46.68055
          ],
          [
            9.859162,
            46.680555
          ],
          [
            9.859276,
            46.680601
          ],
          [
            9.859384,
            46.680621
          ],
          [
            9.859498,
            46.680645
          ],
          [
            9.859608,
            46.680691
          ],
          [
            9.859615,
            46.680699
          ],
          [
            9.859701,
            46.680722
          ],
          [
            9.859821,
            46.680724
          ],
          [
            9.859839,
            46.680723
          ],
          [
            9.859894,
            46.680704
          ],
          [
            9.859999,
            46.6807
          ],
          [
            9.860011,
            46.680702
          ],
          [
            9.860074,
            46.680727
          ],
          [
            9.860077,
            46.68073
          ],
          [
            9.860124,
            46.680752
          ],
          [
            9.86015,
            46.680758
          ],
          [
            9.860188,
            46.680757
          ],
          [
            9.860212,
            46.68076
          ],
          [
            9.860315,
            46.680759
          ],
          [
            9.860372,
            46.680759
          ],
          [
            9.860396,
            46.68075
          ],
          [
            9.860455,
            46.68074
          ],
          [
            9.860479,
            46.680737
          ],
          [
            9.860529,
            46.680727
          ],
          [
            9.8606,
            46.680748
          ],
          [
            9.860611,
            46.680748
          ],
          [
            9.860691,
            46.680756
          ],
          [
            9.860763,
            46.68076
          ],
          [
            9.860833,
            46.680778
          ],
          [
            9.860854,
            46.680778
          ],
          [
            9.860907,
            46.680751
          ],
          [
            9.860932,
            46.680748
          ],
          [
            9.860972,
            46.680751
          ],
          [
            9.860983,
            46.680754
          ],
          [
            9.861048,
            46.680746
          ],
          [
            9.861056,
            46.68074
          ],
          [
            9.861101,
            46.680723
          ],
          [
            9.861118,
            46.680715
          ],
          [
            9.861155,
            46.680705
          ],
          [
            9.861196,
            46.680703
          ],
          [
            9.861214,
            46.680698
          ],
          [
            9.861271,
            46.680697
          ],
          [
            9.861282,
            46.680697
          ],
          [
            9.861306,
            46.680699
          ],
          [
            9.861305,
            46.680697
          ],
          [
            9.861347,
            46.680706
          ],
          [
            9.861348,
            46.680705
          ],
          [
            9.861352,
            46.680705
          ],
          [
            9.861379,
            46.680708
          ],
          [
            9.861379,
            46.680708
          ],
          [
            9.861388,
            46.68071
          ],
          [
            9.861431,
            46.68072
          ],
          [
            9.861473,
            46.680736
          ],
          [
            9.861498,
            46.680742
          ],
          [
            9.861495,
            46.68075
          ],
          [
            9.861479,
            46.68075
          ],
          [
            9.861493,
            46.68075
          ],
          [
            9.861495,
            46.680749
          ],
          [
            9.861495,
            46.680748
          ],
          [
            9.861495,
            46.680744
          ],
          [
            9.861486,
            46.680746
          ],
          [
            9.861481,
            46.680751
          ],
          [
            9.861478,
            46.680752
          ],
          [
            9.861478,
            46.680747
          ],
          [
            9.861496,
            46.680734
          ],
          [
            9.861527,
            46.680745
          ],
          [
            9.861578,
            46.680766
          ],
          [
            9.861577,
            46.680764
          ],
          [
            9.861577,
            46.680764
          ],
          [
            9.861577,
            46.680764
          ],
          [
            9.861611,
            46.680783
          ],
          [
            9.861678,
            46.680796
          ],
          [
            9.861695,
            46.680796
          ],
          [
            9.861764,
            46.680809
          ],
          [
            9.861786,
            46.680814
          ],
          [
            9.86187,
            46.680823
          ],
          [
            9.861893,
            46.680822
          ],
          [
            9.861932,
            46.680812
          ],
          [
            9.861968,
            46.68082
          ],
          [
            9.862009,
            46.680825
          ],
          [
            9.862018,
            46.680827
          ],
          [
            9.862019,
            46.680831
          ],
          [
            9.862043,
            46.680834
          ],
          [
            9.862073,
            46.680834
          ],
          [
            9.862104,
            46.68083
          ],
          [
            9.862153,
            46.680824
          ],
          [
            9.862206,
            46.680828
          ],
          [
            9.862219,
            46.68083
          ],
          [
            9.862284,
            46.680833
          ],
          [
            9.862301,
            46.680834
          ],
          [
            9.862329,
            46.68084
          ],
          [
            9.862362,
            46.680862
          ],
          [
            9.862397,
            46.680876
          ],
          [
            9.86241,
            46.680874
          ],
          [
            9.862444,
            46.68087
          ],
          [
            9.862457,
            46.680864
          ],
          [
            9.862474,
            46.680861
          ],
          [
            9.862521,
            46.68086
          ],
          [
            9.862529,
            46.68086
          ],
          [
            9.862547,
            46.68086
          ],
          [
            9.862555,
            46.68086
          ],
          [
            9.862597,
            46.680862
          ],
          [
            9.862603,
            46.68086
          ],
          [
            9.862626,
            46.680861
          ],
          [
            9.862658,
            46.680849
          ],
          [
            9.862671,
            46.680843
          ],
          [
            9.86269,
            46.680819
          ],
          [
            9.862692,
            46.680817
          ],
          [
            9.862702,
            46.680817
          ],
          [
            9.862719,
            46.680818
          ],
          [
            9.862735,
            46.680816
          ],
          [
            9.86276,
            46.680811
          ],
          [
            9.862771,
            46.680812
          ],
          [
            9.862791,
            46.680809
          ],
          [
            9.862813,
            46.680808
          ],
          [
            9.862846,
            46.680808
          ],
          [
            9.862904,
            46.680804
          ],
          [
            9.863007,
            46.680808
          ],
          [
            9.863063,
            46.680792
          ],
          [
            9.863075,
            46.68079
          ],
          [
            9.863174,
            46.680776
          ],
          [
            9.863252,
            46.680767
          ],
          [
            9.863297,
            46.680759
          ],
          [
            9.863417,
            46.680739
          ],
          [
            9.863427,
            46.680733
          ],
          [
            9.863437,
            46.680728
          ],
          [
            9.863515,
            46.680719
          ],
          [
            9.863626,
            46.680724
          ],
          [
            9.86364,
            46.680722
          ],
          [
            9.863704,
            46.680692
          ],
          [
            9.863716,
            46.680681
          ],
          [
            9.863768,
            46.68067
          ],
          [
            9.863786,
            46.680661
          ],
          [
            9.863847,
            46.680635
          ],
          [
            9.863938,
            46.680615
          ],
          [
            9.863938,
            46.680615
          ],
          [
            9.863938,
            46.680615
          ],
          [
            9.863938,
            46.680615
          ],
          [
            9.863938,
            46.680615
          ],
          [
            9.863938,
            46.680615
          ],
          [
            9.863938,
            46.680615
          ],
          [
            9.863938,
            46.680615
          ],
          [
            9.863942,
            46.680618
          ],
          [
            9.863946,
            46.680618
          ],
          [
            9.86401,
            46.680599
          ],
          [
            9.864074,
            46.680582
          ],
          [
            9.864083,
            46.68058
          ],
          [
            9.864109,
            46.680566
          ],
          [
            9.864131,
            46.680557
          ],
          [
            9.864167,
            46.680535
          ],
          [
            9.864178,
            46.68052
          ],
          [
            9.864212,
            46.680484
          ],
          [
            9.864196,
            46.680423
          ],
          [
            9.864203,
            46.68038
          ],
          [
            9.864172,
            46.68034
          ],
          [
            9.864173,
            46.680336
          ],
          [
            9.864191,
            46.680312
          ],
          [
            9.864168,
            46.68029
          ],
          [
            9.864172,
            46.680277
          ],
          [
            9.864155,
            46.680232
          ],
          [
            9.86416,
            46.680202
          ],
          [
            9.86419,
            46.680156
          ],
          [
            9.864249,
            46.680103
          ],
          [
            9.864294,
            46.680063
          ],
          [
            9.864298,
            46.680045
          ],
          [
            9.864291,
            46.68003
          ],
          [
            9.864291,
            46.68
          ],
          [
            9.864292,
            46.679983
          ],
          [
            9.864296,
            46.679979
          ],
          [
            9.864343,
            46.679957
          ],
          [
            9.86437,
            46.679946
          ],
          [
            9.864403,
            46.679932
          ],
          [
            9.864471,
            46.679935
          ],
          [
            9.864576,
            46.679914
          ],
          [
            9.864588,
            46.679912
          ],
          [
            9.864653,
            46.679901
          ],
          [
            9.864671,
            46.679893
          ],
          [
            9.864713,
            46.67989
          ],
          [
            9.86474,
            46.679891
          ],
          [
            9.864822,
            46.679878
          ],
          [
            9.864956,
            46.67988
          ],
          [
            9.864993,
            46.679872
          ],
          [
            9.865046,
            46.679872
          ],
          [
            9.86506,
            46.679873
          ],
          [
            9.865136,
            46.679878
          ],
          [
            9.865153,
            46.679879
          ],
          [
            9.865307,
            46.679879
          ],
          [
            9.865398,
            46.679863
          ],
          [
            9.865492,
            46.679851
          ],
          [
            9.865556,
            46.679842
          ],
          [
            9.865721,
            46.679827
          ],
          [
            9.865876,
            46.679819
          ],
          [
            9.86592,
            46.679788
          ],
          [
            9.865935,
            46.679793
          ],
          [
            9.866053,
            46.679786
          ],
          [
            9.866146,
            46.679783
          ],
          [
            9.866204,
            46.679776
          ],
          [
            9.866316,
            46.679759
          ],
          [
            9.866449,
            46.679706
          ],
          [
            9.866554,
            46.679673
          ],
          [
            9.866649,
            46.679624
          ],
          [
            9.866735,
            46.679596
          ],
          [
            9.866784,
            46.679576
          ],
          [
            9.866812,
            46.679565
          ],
          [
            9.86684,
            46.679557
          ],
          [
            9.866922,
            46.679547
          ],
          [
            9.867001,
            46.679506
          ],
          [
            9.86701,
            46.679501
          ],
          [
            9.867093,
            46.679492
          ],
          [
            9.867217,
            46.679444
          ],
          [
            9.867343,
            46.679426
          ],
          [
            9.867459,
            46.67939
          ],
          [
            9.867511,
            46.679354
          ],
          [
            9.867586,
            46.679353
          ],
          [
            9.867598,
            46.679348
          ],
          [
            9.867685,
            46.679318
          ],
          [
            9.867807,
            46.679293
          ],
          [
            9.867879,
            46.679254
          ],
          [
            9.867912,
            46.679243
          ],
          [
            9.867945,
            46.679232
          ],
          [
            9.868055,
            46.679203
          ],
          [
            9.868191,
            46.679183
          ],
          [
            9.86836,
            46.679143
          ],
          [
            9.868487,
            46.679104
          ],
          [
            9.868558,
            46.679076
          ],
          [
            9.868574,
            46.679072
          ],
          [
            9.868662,
            46.679042
          ],
          [
            9.868679,
            46.67903
          ],
          [
            9.8687,
            46.679017
          ],
          [
            9.868774,
            46.678984
          ],
          [
            9.868866,
            46.678945
          ],
          [
            9.868873,
            46.678937
          ],
          [
            9.868873,
            46.678937
          ],
          [
            9.868873,
            46.678937
          ],
          [
            9.868873,
            46.678937
          ],
          [
            9.868873,
            46.678937
          ],
          [
            9.868873,
            46.678937
          ],
          [
            9.868865,
            46.678942
          ],
          [
            9.868859,
            46.678951
          ],
          [
            9.868863,
            46.678952
          ],
          [
            9.868876,
            46.678948
          ],
          [
            9.868872,
            46.678948
          ],
          [
            9.868876,
            46.678946
          ],
          [
            9.868884,
            46.678943
          ],
          [
            9.868873,
            46.678937
          ],
          [
            9.868873,
            46.678937
          ],
          [
            9.868873,
            46.678937
          ],
          [
            9.868873,
            46.678937
          ],
          [
            9.868873,
            46.678937
          ],
          [
            9.868873,
            46.678937
          ],
          [
            9.868873,
            46.678937
          ],
          [
            9.868873,
            46.678937
          ],
          [
            9.868873,
            46.678937
          ],
          [
            9.868873,
            46.678937
          ],
          [
            9.868873,
            46.678937
          ],
          [
            9.868873,
            46.678937
          ],
          [
            9.868873,
            46.678937
          ],
          [
            9.868873,
            46.678937
          ],
          [
            9.868873,
            46.678937
          ],
          [
            9.868873,
            46.678937
          ],
          [
            9.868873,
            46.678937
          ],
          [
            9.868873,
            46.678937
          ],
          [
            9.868873,
            46.678937
          ],
          [
            9.868947,
            46.678928
          ],
          [
            9.868994,
            46.678915
          ],
          [
            9.869001,
            46.678891
          ],
          [
            9.869017,
            46.678886
          ],
          [
            9.869017,
            46.678883
          ],
          [
            9.869028,
            46.678884
          ],
          [
            9.869049,
            46.678862
          ],
          [
            9.869055,
            46.678857
          ],
          [
            9.869064,
            46.678838
          ],
          [
            9.869071,
            46.678841
          ],
          [
            9.869143,
            46.678829
          ],
          [
            9.869149,
            46.678826
          ],
          [
            9.869209,
            46.678795
          ],
          [
            9.869212,
            46.678785
          ],
          [
            9.869209,
            46.678776
          ],
          [
            9.869211,
            46.67876
          ],
          [
            9.86922,
            46.678739
          ],
          [
            9.869236,
            46.678734
          ],
          [
            9.869244,
            46.678727
          ],
          [
            9.869261,
            46.678727
          ],
          [
            9.869342,
            46.678692
          ],
          [
            9.869365,
            46.678681
          ],
          [
            9.869419,
            46.678653
          ],
          [
            9.869429,
            46.678649
          ],
          [
            9.869418,
            46.678652
          ],
          [
            9.869419,
            46.678652
          ],
          [
            9.869434,
            46.678645
          ],
          [
            9.869457,
            46.678633
          ],
          [
            9.869538,
            46.678597
          ],
          [
            9.869566,
            46.678579
          ],
          [
            9.869618,
            46.678559
          ],
          [
            9.869631,
            46.678555
          ],
          [
            9.869675,
            46.678547
          ],
          [
            9.869718,
            46.678532
          ],
          [
            9.869814,
            46.678522
          ],
          [
            9.869821,
            46.678522
          ],
          [
            9.869868,
            46.678516
          ],
          [
            9.869935,
            46.678494
          ],
          [
            9.869944,
            46.678488
          ],
          [
            9.869976,
            46.678465
          ],
          [
            9.869982,
            46.678462
          ],
          [
            9.870054,
            46.678445
          ],
          [
            9.870091,
            46.678423
          ],
          [
            9.870098,
            46.678419
          ],
          [
            9.870136,
            46.678413
          ],
          [
            9.870171,
            46.678395
          ],
          [
            9.87019,
            46.678391
          ],
          [
            9.870231,
            46.678375
          ],
          [
            9.870268,
            46.678372
          ],
          [
            9.870299,
            46.678369
          ],
          [
            9.870325,
            46.678367
          ],
          [
            9.870378,
            46.678364
          ],
          [
            9.870401,
            46.67836
          ],
          [
            9.870422,
            46.678344
          ],
          [
            9.870446,
            46.678319
          ],
          [
            9.870455,
            46.678318
          ],
          [
            9.870505,
            46.678316
          ],
          [
            9.870546,
            46.678303
          ],
          [
            9.870548,
            46.6783
          ],
          [
            9.870555,
            46.678293
          ],
          [
            9.870573,
            46.678294
          ],
          [
            9.870577,
            46.678296
          ],
          [
            9.870618,
            46.678292
          ],
          [
            9.870634,
            46.678289
          ],
          [
            9.870653,
            46.678293
          ],
          [
            9.870686,
            46.678291
          ],
          [
            9.870693,
            46.678289
          ],
          [
            9.870715,
            46.678274
          ],
          [
            9.870726,
            46.678268
          ],
          [
            9.870745,
            46.678261
          ],
          [
            9.870792,
            46.678259
          ],
          [
            9.870875,
            46.678256
          ],
          [
            9.870884,
            46.678253
          ],
          [
            9.870932,
            46.678252
          ],
          [
            9.870925,
            46.678262
          ],
          [
            9.870925,
            46.678262
          ],
          [
            9.870925,
            46.678262
          ],
          [
            9.87096,
            46.678231
          ],
          [
            9.870968,
            46.678225
          ],
          [
            9.870995,
            46.678208
          ],
          [
            9.87102,
            46.678198
          ],
          [
            9.871027,
            46.678195
          ],
          [
            9.871067,
            46.678191
          ],
          [
            9.871111,
            46.678182
          ],
          [
            9.871121,
            46.678175
          ],
          [
            9.871173,
            46.678153
          ],
          [
            9.871207,
            46.678146
          ],
          [
            9.871216,
            46.678136
          ],
          [
            9.871254,
            46.678121
          ],
          [
            9.871284,
            46.678114
          ],
          [
            9.87133,
            46.678121
          ],
          [
            9.871354,
            46.678118
          ],
          [
            9.871354,
            46.678118
          ],
          [
            9.871354,
            46.678118
          ],
          [
            9.871354,
            46.678118
          ],
          [
            9.871379,
            46.678119
          ],
          [
            9.87146,
            46.678111
          ],
          [
            9.87152,
            46.678097
          ],
          [
            9.871525,
            46.678094
          ],
          [
            9.871568,
            46.678103
          ],
          [
            9.871619,
            46.678107
          ],
          [
            9.871664,
            46.678105
          ],
          [
            9.871709,
            46.678091
          ],
          [
            9.871726,
            46.678079
          ],
          [
            9.871734,
            46.678074
          ],
          [
            9.871819,
            46.678086
          ],
          [
            9.871879,
            46.678087
          ],
          [
            9.871882,
            46.678087
          ],
          [
            9.87193,
            46.678081
          ],
          [
            9.871969,
            46.678084
          ],
          [
            9.871998,
            46.678084
          ],
          [
            9.872075,
            46.678074
          ],
          [
            9.872113,
            46.678065
          ],
          [
            9.872118,
            46.678062
          ],
          [
            9.87212,
            46.678066
          ],
          [
            9.872146,
            46.678061
          ],
          [
            9.872217,
            46.678043
          ],
          [
            9.872249,
            46.678041
          ],
          [
            9.872265,
            46.678036
          ],
          [
            9.87231,
            46.678026
          ],
          [
            9.872343,
            46.678012
          ],
          [
            9.872418,
            46.677972
          ],
          [
            9.872453,
            46.677946
          ],
          [
            9.872466,
            46.67793
          ],
          [
            9.872512,
            46.677896
          ],
          [
            9.872525,
            46.677893
          ],
          [
            9.872557,
            46.677887
          ],
          [
            9.872647,
            46.677849
          ],
          [
            9.872682,
            46.677802
          ],
          [
            9.872711,
            46.677757
          ],
          [
            9.872716,
            46.677749
          ],
          [
            9.872762,
            46.677695
          ],
          [
            9.872821,
            46.677641
          ],
          [
            9.872848,
            46.677598
          ],
          [
            9.872878,
            46.677559
          ],
          [
            9.872947,
            46.677521
          ],
          [
            9.873031,
            46.67746
          ],
          [
            9.87303,
            46.677459
          ],
          [
            9.87303,
            46.677459
          ],
          [
            9.873028,
            46.677467
          ],
          [
            9.873033,
            46.677465
          ],
          [
            9.873032,
            46.677465
          ],
          [
            9.873031,
            46.677455
          ],
          [
            9.873027,
            46.677455
          ],
          [
            9.873056,
            46.677447
          ],
          [
            9.87306,
            46.677456
          ],
          [
            9.873096,
            46.677448
          ],
          [
            9.873102,
            46.677442
          ],
          [
            9.873155,
            46.677401
          ],
          [
            9.873229,
            46.677362
          ],
          [
            9.873321,
            46.677323
          ],
          [
            9.873454,
            46.677275
          ],
          [
            9.873579,
            46.677216
          ],
          [
            9.873693,
            46.677159
          ],
          [
            9.873814,
            46.677123
          ],
          [
            9.873896,
            46.677097
          ],
          [
            9.873992,
            46.677063
          ],
          [
            9.874115,
            46.677031
          ],
          [
            9.874144,
            46.67702
          ],
          [
            9.874193,
            46.677007
          ],
          [
            9.874227,
            46.67701
          ],
          [
            9.874227,
            46.67701
          ],
          [
            9.874227,
            46.67701
          ],
          [
            9.874227,
            46.67701
          ],
          [
            9.874227,
            46.67701
          ],
          [
            9.874263,
            46.676998
          ],
          [
            9.874293,
            46.676984
          ],
          [
            9.874298,
            46.676977
          ],
          [
            9.874337,
            46.676967
          ],
          [
            9.874359,
            46.676954
          ],
          [
            9.874372,
            46.676946
          ],
          [
            9.87446,
            46.676903
          ],
          [
            9.874543,
            46.676874
          ],
          [
            9.87463,
            46.676863
          ],
          [
            9.874673,
            46.676832
          ],
          [
            9.874719,
            46.676819
          ],
          [
            9.874728,
            46.676819
          ],
          [
            9.874767,
            46.676799
          ],
          [
            9.874856,
            46.676758
          ],
          [
            9.874973,
            46.676731
          ],
          [
            9.8751,
            46.676708
          ],
          [
            9.875244,
            46.67668
          ],
          [
            9.875319,
            46.676646
          ],
          [
            9.875317,
            46.676646
          ],
          [
            9.87532,
            46.676647
          ],
          [
            9.875356,
            46.676641
          ],
          [
            9.875356,
            46.676641
          ],
          [
            9.875358,
            46.676642
          ],
          [
            9.875401,
            46.6766
          ],
          [
            9.875415,
            46.676551
          ],
          [
            9.875435,
            46.67652
          ],
          [
            9.875456,
            46.676504
          ],
          [
            9.875455,
            46.676504
          ],
          [
            9.875455,
            46.676504
          ],
          [
            9.875513,
            46.676478
          ],
          [
            9.87561,
            46.676439
          ],
          [
            9.87573,
            46.676415
          ],
          [
            9.875826,
            46.676413
          ],
          [
            9.875839,
            46.67641
          ],
          [
            9.87592,
            46.676407
          ],
          [
            9.875996,
            46.6764
          ],
          [
            9.876084,
            46.676399
          ],
          [
            9.876087,
            46.676394
          ],
          [
            9.87609,
            46.676394
          ],
          [
            9.87611,
            46.676421
          ],
          [
            9.876126,
            46.676425
          ],
          [
            9.876204,
            46.676483
          ],
          [
            9.876223,
            46.676531
          ],
          [
            9.87621,
            46.676548
          ],
          [
            9.876227,
            46.676585
          ],
          [
            9.87624,
            46.676586
          ],
          [
            9.876265,
            46.676597
          ],
          [
            9.876296,
            46.676613
          ],
          [
            9.876305,
            46.676625
          ],
          [
            9.876303,
            46.67663
          ],
          [
            9.876307,
            46.676643
          ],
          [
            9.876318,
            46.676657
          ],
          [
            9.876322,
            46.676664
          ],
          [
            9.876325,
            46.676675
          ],
          [
            9.876321,
            46.676691
          ],
          [
            9.876324,
            46.676713
          ],
          [
            9.876324,
            46.676737
          ],
          [
            9.876317,
            46.676768
          ],
          [
            9.876295,
            46.676806
          ],
          [
            9.876297,
            46.676828
          ],
          [
            9.876309,
            46.676846
          ],
          [
            9.876325,
            46.676848
          ],
          [
            9.876335,
            46.676874
          ],
          [
            9.876336,
            46.676884
          ],
          [
            9.876314,
            46.676898
          ],
          [
            9.876289,
            46.676902
          ],
          [
            9.876271,
            46.676898
          ],
          [
            9.876195,
            46.676911
          ],
          [
            9.876109,
            46.676966
          ],
          [
            9.876015,
            46.677022
          ],
          [
            9.875927,
            46.67704
          ],
          [
            9.875911,
            46.677049
          ],
          [
            9.875907,
            46.677065
          ],
          [
            9.875871,
            46.677104
          ],
          [
            9.875848,
            46.677178
          ],
          [
            9.875847,
            46.6772
          ],
          [
            9.875856,
            46.677206
          ],
          [
            9.875868,
            46.677238
          ],
          [
            9.875873,
            46.677261
          ],
          [
            9.875872,
            46.677259
          ],
          [
            9.875872,
            46.677259
          ],
          [
            9.87588,
            46.677262
          ],
          [
            9.875876,
            46.677255
          ],
          [
            9.87587,
            46.677264
          ],
          [
            9.875872,
            46.677263
          ],
          [
            9.875872,
            46.67726
          ],
          [
            9.875883,
            46.677261
          ],
          [
            9.875872,
            46.677259
          ],
          [
            9.875872,
            46.677259
          ],
          [
            9.875872,
            46.677259
          ],
          [
            9.875872,
            46.677259
          ],
          [
            9.875872,
            46.677259
          ],
          [
            9.875872,
            46.677259
          ],
          [
            9.875872,
            46.677259
          ],
          [
            9.875868,
            46.677256
          ],
          [
            9.875913,
            46.677217
          ],
          [
            9.875931,
            46.677193
          ],
          [
            9.875939,
            46.67718
          ],
          [
            9.875981,
            46.677114
          ],
          [
            9.875981,
            46.677112
          ],
          [
            9.875979,
            46.677114
          ],
          [
            9.876009,
            46.677088
          ],
          [
            9.876024,
            46.677049
          ],
          [
            9.876034,
            46.677033
          ],
          [
            9.876041,
            46.677024
          ],
          [
            9.876027,
            46.676985
          ],
          [
            9.876026,
            46.676963
          ],
          [
            9.876019,
            46.676902
          ],
          [
            9.876014,
            46.676889
          ],
          [
            9.876027,
            46.676821
          ],
          [
            9.876013,
            46.676816
          ],
          [
            9.876001,
            46.676806
          ],
          [
            9.875994,
            46.676803
          ],
          [
            9.875988,
            46.676797
          ],
          [
            9.875965,
            46.676787
          ],
          [
            9.875934,
            46.676777
          ],
          [
            9.875925,
            46.67677
          ],
          [
            9.875912,
            46.676767
          ],
          [
            9.875876,
            46.676747
          ],
          [
            9.875866,
            46.676712
          ],
          [
            9.87587,
            46.676695
          ],
          [
            9.875878,
            46.67668
          ],
          [
            9.875919,
            46.67662
          ],
          [
            9.875931,
            46.676603
          ],
          [
            9.876035,
            46.676483
          ],
          [
            9.87606,
            46.676452
          ],
          [
            9.876104,
            46.676424
          ],
          [
            9.876116,
            46.676415
          ],
          [
            9.876109,
            46.676409
          ],
          [
            9.876101,
            46.676411
          ],
          [
            9.876098,
            46.676407
          ],
          [
            9.876102,
            46.676414
          ],
          [
            9.876103,
            46.676379
          ],
          [
            9.876121,
            46.676367
          ],
          [
            9.876174,
            46.676416
          ],
          [
            9.876165,
            46.67642
          ],
          [
            9.876157,
            46.676424
          ],
          [
            9.876125,
            46.676422
          ],
          [
            9.87613,
            46.676418
          ],
          [
            9.876127,
            46.676421
          ],
          [
            9.876125,
            46.676418
          ],
          [
            9.87613,
            46.676418
          ],
          [
            9.87612,
            46.676425
          ],
          [
            9.876181,
            46.676419
          ],
          [
            9.876223,
            46.676409
          ],
          [
            9.876217,
            46.676411
          ],
          [
            9.876216,
            46.67641
          ],
          [
            9.876206,
            46.676417
          ],
          [
            9.876205,
            46.676425
          ],
          [
            9.876208,
            46.676417
          ],
          [
            9.876224,
            46.676411
          ],
          [
            9.876228,
            46.676408
          ],
          [
            9.876228,
            46.676406
          ],
          [
            9.876227,
            46.676409
          ],
          [
            9.876221,
            46.676427
          ],
          [
            9.876227,
            46.676401
          ],
          [
            9.876225,
            46.6764
          ],
          [
            9.87617,
            46.676424
          ],
          [
            9.876124,
            46.676421
          ],
          [
            9.876175,
            46.67642
          ],
          [
            9.876169,
            46.676418
          ],
          [
            9.876169,
            46.676418
          ],
          [
            9.876169,
            46.676418
          ],
          [
            9.876195,
            46.676416
          ],
          [
            9.876189,
            46.676416
          ],
          [
            9.876185,
            46.676406
          ],
          [
            9.876221,
            46.67641
          ],
          [
            9.876208,
            46.676391
          ],
          [
            9.876206,
            46.676388
          ],
          [
            9.876207,
            46.676386
          ],
          [
            9.876207,
            46.676388
          ],
          [
            9.876207,
            46.676388
          ],
          [
            9.876211,
            46.67637
          ],
          [
            9.876207,
            46.676388
          ],
          [
            9.876231,
            46.676414
          ],
          [
            9.87624,
            46.676411
          ],
          [
            9.876238,
            46.676403
          ],
          [
            9.876244,
            46.676398
          ],
          [
            9.876245,
            46.676392
          ],
          [
            9.876236,
            46.676395
          ],
          [
            9.87622,
            46.676394
          ],
          [
            9.876222,
            46.676396
          ],
          [
            9.876206,
            46.67641
          ],
          [
            9.87621,
            46.67641
          ],
          [
            9.87621,
            46.67641
          ],
          [
            9.876211,
            46.676404
          ],
          [
            9.87622,
            46.676396
          ],
          [
            9.87621,
            46.676399
          ],
          [
            9.876202,
            46.676394
          ],
          [
            9.876158,
            46.676393
          ],
          [
            9.87618,
            46.676408
          ],
          [
            9.876178,
            46.67641
          ],
          [
            9.876178,
            46.676405
          ],
          [
            9.876175,
            46.676412
          ],
          [
            9.876195,
            46.676415
          ],
          [
            9.876178,
            46.676395
          ],
          [
            9.876178,
            46.67641
          ],
          [
            9.876182,
            46.676404
          ],
          [
            9.876169,
            46.676413
          ],
          [
            9.876187,
            46.676427
          ],
          [
            9.876175,
            46.676429
          ],
          [
            9.876187,
            46.676427
          ],
          [
            9.876187,
            46.676427
          ],
          [
            9.876182,
            46.676403
          ],
          [
            9.876179,
            46.676409
          ],
          [
            9.876178,
            46.67641
          ],
          [
            9.876185,
            46.676411
          ],
          [
            9.876178,
            46.67641
          ],
          [
            9.876159,
            46.676417
          ],
          [
            9.876178,
            46.67641
          ],
          [
            9.876178,
            46.67641
          ],
          [
            9.876178,
            46.67641
          ],
          [
            9.876177,
            46.676413
          ],
          [
            9.876178,
            46.67641
          ],
          [
            9.876178,
            46.67641
          ],
          [
            9.876201,
            46.676427
          ],
          [
            9.876186,
            46.676425
          ],
          [
            9.876206,
            46.676393
          ],
          [
            9.876207,
            46.676404
          ],
          [
            9.876177,
            46.676427
          ],
          [
            9.87622,
            46.676432
          ],
          [
            9.87623,
            46.676425
          ],
          [
            9.876215,
            46.676408
          ],
          [
            9.876207,
            46.676396
          ],
          [
            9.876208,
            46.676411
          ],
          [
            9.876227,
            46.676409
          ],
          [
            9.87622,
            46.676415
          ],
          [
            9.876208,
            46.676409
          ],
          [
            9.876215,
            46.676409
          ],
          [
            9.876208,
            46.676409
          ],
          [
            9.876208,
            46.676409
          ],
          [
            9.876208,
            46.676409
          ],
          [
            9.876208,
            46.676409
          ],
          [
            9.876208,
            46.676409
          ],
          [
            9.876208,
            46.676409
          ],
          [
            9.876208,
            46.676409
          ],
          [
            9.876208,
            46.676409
          ],
          [
            9.876208,
            46.676409
          ],
          [
            9.876214,
            46.676402
          ],
          [
            9.876208,
            46.676409
          ],
          [
            9.876208,
            46.676409
          ],
          [
            9.876208,
            46.676409
          ],
          [
            9.876211,
            46.67642
          ],
          [
            9.876205,
            46.676424
          ],
          [
            9.87618,
            46.676419
          ],
          [
            9.87618,
            46.676419
          ],
          [
            9.87618,
            46.676419
          ],
          [
            9.876182,
            46.676415
          ],
          [
            9.876186,
            46.676408
          ],
          [
            9.876188,
            46.676406
          ],
          [
            9.876188,
            46.676406
          ],
          [
            9.876188,
            46.676406
          ],
          [
            9.876188,
            46.676406
          ],
          [
            9.876188,
            46.676406
          ],
          [
            9.876188,
            46.676406
          ],
          [
            9.876188,
            46.676406
          ],
          [
            9.876188,
            46.676406
          ],
          [
            9.876188,
            46.676406
          ],
          [
            9.876188,
            46.676406
          ],
          [
            9.876188,
            46.676406
          ],
          [
            9.876188,
            46.676406
          ],
          [
            9.876188,
            46.676406
          ],
          [
            9.876188,
            46.676406
          ],
          [
            9.876188,
            46.676406
          ],
          [
            9.876175,
            46.676419
          ],
          [
            9.876175,
            46.676419
          ],
          [
            9.87617,
            46.67642
          ],
          [
            9.876157,
            46.676412
          ],
          [
            9.876164,
            46.676415
          ],
          [
            9.876172,
            46.676419
          ],
          [
            9.876169,
            46.676419
          ],
          [
            9.876175,
            46.676423
          ],
          [
            9.87618,
            46.67642
          ],
          [
            9.876191,
            46.676433
          ],
          [
            9.876194,
            46.676432
          ],
          [
            9.876186,
            46.676421
          ],
          [
            9.876162,
            46.676422
          ],
          [
            9.876148,
            46.67643
          ],
          [
            9.876193,
            46.676416
          ],
          [
            9.876185,
            46.676432
          ],
          [
            9.876198,
            46.676426
          ],
          [
            9.876142,
            46.676432
          ],
          [
            9.876135,
            46.67643
          ],
          [
            9.876135,
            46.67643
          ],
          [
            9.876138,
            46.67643
          ],
          [
            9.876149,
            46.676426
          ],
          [
            9.87615,
            46.676427
          ],
          [
            9.87617,
            46.676425
          ],
          [
            9.876166,
            46.676426
          ],
          [
            9.876166,
            46.676426
          ],
          [
            9.876166,
            46.676426
          ],
          [
            9.876166,
            46.676426
          ],
          [
            9.876166,
            46.676426
          ],
          [
            9.876166,
            46.676426
          ],
          [
            9.876166,
            46.676428
          ],
          [
            9.876166,
            46.676426
          ],
          [
            9.876166,
            46.676426
          ],
          [
            9.876166,
            46.676426
          ],
          [
            9.876166,
            46.676426
          ],
          [
            9.876166,
            46.676426
          ],
          [
            9.876166,
            46.676426
          ],
          [
            9.876166,
            46.676426
          ],
          [
            9.876182,
            46.676427
          ],
          [
            9.876166,
            46.676426
          ],
          [
            9.876166,
            46.676426
          ],
          [
            9.876166,
            46.676426
          ],
          [
            9.876179,
            46.676416
          ],
          [
            9.876188,
            46.676406
          ],
          [
            9.876191,
            46.676407
          ],
          [
            9.876191,
            46.67641
          ],
          [
            9.876191,
            46.67641
          ],
          [
            9.876177,
            46.676412
          ],
          [
            9.87613,
            46.676424
          ],
          [
            9.876183,
            46.676418
          ],
          [
            9.876183,
            46.676415
          ],
          [
            9.876164,
            46.676425
          ],
          [
            9.876145,
            46.676434
          ],
          [
            9.876152,
            46.676436
          ],
          [
            9.876165,
            46.676433
          ],
          [
            9.876182,
            46.676411
          ],
          [
            9.876179,
            46.676411
          ],
          [
            9.876195,
            46.676402
          ],
          [
            9.876174,
            46.676421
          ],
          [
            9.876169,
            46.67642
          ],
          [
            9.876173,
            46.676425
          ],
          [
            9.876172,
            46.676427
          ],
          [
            9.876172,
            46.676427
          ],
          [
            9.876168,
            46.676406
          ],
          [
            9.876163,
            46.676406
          ],
          [
            9.876165,
            46.676407
          ],
          [
            9.876166,
            46.676404
          ],
          [
            9.876166,
            46.676404
          ],
          [
            9.876166,
            46.676404
          ],
          [
            9.876167,
            46.676422
          ],
          [
            9.87615,
            46.67642
          ],
          [
            9.876163,
            46.676417
          ],
          [
            9.876142,
            46.676418
          ],
          [
            9.876115,
            46.676413
          ],
          [
            9.876115,
            46.676413
          ],
          [
            9.876115,
            46.676413
          ],
          [
            9.876115,
            46.676413
          ],
          [
            9.876115,
            46.676413
          ],
          [
            9.876115,
            46.676413
          ],
          [
            9.876115,
            46.676413
          ],
          [
            9.876115,
            46.676413
          ],
          [
            9.876115,
            46.676413
          ],
          [
            9.876115,
            46.676413
          ],
          [
            9.876115,
            46.676413
          ],
          [
            9.876115,
            46.676413
          ],
          [
            9.876115,
            46.676413
          ],
          [
            9.876115,
            46.676413
          ],
          [
            9.876134,
            46.676423
          ],
          [
            9.876118,
            46.676414
          ],
          [
            9.876138,
            46.676433
          ],
          [
            9.876167,
            46.676431
          ],
          [
            9.876181,
            46.676429
          ],
          [
            9.876181,
            46.676421
          ],
          [
            9.876179,
            46.676422
          ],
          [
            9.876172,
            46.676433
          ],
          [
            9.876163,
            46.676429
          ],
          [
            9.876163,
            46.676429
          ],
          [
            9.876163,
            46.676429
          ],
          [
            9.876163,
            46.676429
          ],
          [
            9.876161,
            46.676418
          ],
          [
            9.876182,
            46.676409
          ],
          [
            9.876176,
            46.676409
          ],
          [
            9.876182,
            46.676409
          ],
          [
            9.876182,
            46.676409
          ],
          [
            9.876163,
            46.676395
          ],
          [
            9.87616,
            46.676395
          ],
          [
            9.876166,
            46.676423
          ],
          [
            9.876153,
            46.676421
          ],
          [
            9.876171,
            46.676427
          ],
          [
            9.876183,
            46.676442
          ],
          [
            9.876174,
            46.676425
          ],
          [
            9.876171,
            46.676429
          ],
          [
            9.876177,
            46.676434
          ],
          [
            9.876177,
            46.676434
          ],
          [
            9.876177,
            46.676434
          ],
          [
            9.876171,
            46.676428
          ],
          [
            9.876159,
            46.676422
          ],
          [
            9.876163,
            46.676421
          ],
          [
            9.876162,
            46.676418
          ],
          [
            9.876162,
            46.676424
          ],
          [
            9.876177,
            46.676434
          ],
          [
            9.876177,
            46.676434
          ],
          [
            9.876169,
            46.676421
          ],
          [
            9.876169,
            46.676421
          ],
          [
            9.876172,
            46.676426
          ],
          [
            9.876164,
            46.676426
          ],
          [
            9.876161,
            46.676429
          ],
          [
            9.876177,
            46.676434
          ],
          [
            9.876177,
            46.676434
          ],
          [
            9.876177,
            46.676434
          ],
          [
            9.876164,
            46.67642
          ],
          [
            9.87615,
            46.67642
          ],
          [
            9.876128,
            46.676427
          ],
          [
            9.876156,
            46.676427
          ],
          [
            9.876153,
            46.676424
          ],
          [
            9.876147,
            46.67642
          ],
          [
            9.876145,
            46.676423
          ],
          [
            9.876156,
            46.676427
          ],
          [
            9.876156,
            46.676427
          ],
          [
            9.876171,
            46.676436
          ],
          [
            9.876179,
            46.676425
          ],
          [
            9.876184,
            46.676416
          ],
          [
            9.876196,
            46.676418
          ],
          [
            9.876194,
            46.676426
          ],
          [
            9.87616,
            46.676426
          ],
          [
            9.876148,
            46.676428
          ],
          [
            9.876154,
            46.676408
          ],
          [
            9.876152,
            46.676415
          ],
          [
            9.876167,
            46.676432
          ],
          [
            9.876176,
            46.676433
          ],
          [
            9.876156,
            46.676427
          ],
          [
            9.876169,
            46.676431
          ],
          [
            9.876157,
            46.676435
          ],
          [
            9.876205,
            46.676427
          ],
          [
            9.876205,
            46.676416
          ],
          [
            9.876171,
            46.67643
          ],
          [
            9.876174,
            46.676433
          ],
          [
            9.876174,
            46.676431
          ],
          [
            9.87617,
            46.676426
          ],
          [
            9.876185,
            46.676427
          ],
          [
            9.876178,
            46.676417
          ],
          [
            9.87616,
            46.676415
          ],
          [
            9.876188,
            46.676416
          ],
          [
            9.876195,
            46.676413
          ],
          [
            9.87618,
            46.676418
          ],
          [
            9.876181,
            46.676412
          ],
          [
            9.876181,
            46.676412
          ],
          [
            9.876178,
            46.676412
          ],
          [
            9.876176,
            46.676412
          ],
          [
            9.876186,
            46.676415
          ],
          [
            9.876186,
            46.676415
          ],
          [
            9.876186,
            46.676415
          ],
          [
            9.876187,
            46.676408
          ],
          [
            9.876177,
            46.676403
          ],
          [
            9.876178,
            46.676402
          ],
          [
            9.876181,
            46.676402
          ],
          [
            9.876184,
            46.676417
          ],
          [
            9.876194,
            46.676406
          ],
          [
            9.876186,
            46.676415
          ],
          [
            9.876192,
            46.676403
          ],
          [
            9.87619,
            46.676402
          ],
          [
            9.876189,
            46.676403
          ],
          [
            9.876189,
            46.676399
          ],
          [
            9.876186,
            46.676407
          ],
          [
            9.876192,
            46.676403
          ],
          [
            9.876192,
            46.676403
          ],
          [
            9.876192,
            46.676403
          ],
          [
            9.876192,
            46.676403
          ],
          [
            9.876192,
            46.676403
          ],
          [
            9.876192,
            46.676403
          ],
          [
            9.876192,
            46.676403
          ],
          [
            9.876192,
            46.676403
          ],
          [
            9.876174,
            46.676408
          ],
          [
            9.876192,
            46.676403
          ],
          [
            9.876177,
            46.676418
          ],
          [
            9.876181,
            46.676417
          ],
          [
            9.876172,
            46.676415
          ],
          [
            9.87617,
            46.676412
          ],
          [
            9.876175,
            46.67642
          ],
          [
            9.876181,
            46.676417
          ],
          [
            9.876181,
            46.676417
          ],
          [
            9.876175,
            46.67642
          ],
          [
            9.876168,
            46.676411
          ],
          [
            9.876173,
            46.676407
          ],
          [
            9.876172,
            46.676403
          ],
          [
            9.876172,
            46.676403
          ],
          [
            9.876175,
            46.676417
          ],
          [
            9.876175,
            46.676417
          ],
          [
            9.876173,
            46.676412
          ],
          [
            9.876175,
            46.676417
          ],
          [
            9.876175,
            46.676417
          ],
          [
            9.876175,
            46.676417
          ],
          [
            9.876175,
            46.676417
          ],
          [
            9.876175,
            46.676417
          ],
          [
            9.876175,
            46.676417
          ],
          [
            9.876175,
            46.676417
          ],
          [
            9.876175,
            46.676417
          ],
          [
            9.876175,
            46.676417
          ],
          [
            9.876175,
            46.676417
          ],
          [
            9.876175,
            46.676417
          ],
          [
            9.876175,
            46.676417
          ],
          [
            9.876175,
            46.676417
          ],
          [
            9.876175,
            46.676417
          ],
          [
            9.876175,
            46.676417
          ],
          [
            9.876175,
            46.676417
          ],
          [
            9.876175,
            46.676417
          ],
          [
            9.876175,
            46.676417
          ],
          [
            9.876175,
            46.676417
          ],
          [
            9.876175,
            46.676417
          ],
          [
            9.876175,
            46.676417
          ],
          [
            9.876177,
            46.676416
          ],
          [
            9.876175,
            46.676402
          ],
          [
            9.876174,
            46.676403
          ],
          [
            9.87616,
            46.676409
          ],
          [
            9.876175,
            46.676402
          ],
          [
            9.876175,
            46.676402
          ],
          [
            9.876175,
            46.676402
          ],
          [
            9.876168,
            46.676415
          ],
          [
            9.876167,
            46.676415
          ],
          [
            9.876167,
            46.676415
          ],
          [
            9.876167,
            46.676415
          ],
          [
            9.876167,
            46.676415
          ],
          [
            9.876167,
            46.676412
          ],
          [
            9.876167,
            46.676415
          ],
          [
            9.876167,
            46.676415
          ],
          [
            9.876167,
            46.676415
          ],
          [
            9.876167,
            46.676415
          ],
          [
            9.876171,
            46.676406
          ],
          [
            9.876171,
            46.676406
          ],
          [
            9.876166,
            46.676398
          ],
          [
            9.876168,
            46.676401
          ],
          [
            9.876177,
            46.676399
          ],
          [
            9.876181,
            46.676401
          ],
          [
            9.876167,
            46.676415
          ],
          [
            9.876181,
            46.676408
          ],
          [
            9.876182,
            46.676409
          ],
          [
            9.876167,
            46.676415
          ],
          [
            9.876188,
            46.676414
          ],
          [
            9.876182,
            46.676414
          ],
          [
            9.876169,
            46.676411
          ],
          [
            9.876168,
            46.67641
          ],
          [
            9.876179,
            46.676414
          ],
          [
            9.876179,
            46.676423
          ],
          [
            9.876167,
            46.676415
          ],
          [
            9.876182,
            46.676421
          ],
          [
            9.876184,
            46.676418
          ],
          [
            9.876179,
            46.676403
          ],
          [
            9.87618,
            46.676405
          ],
          [
            9.87618,
            46.676406
          ],
          [
            9.876182,
            46.676406
          ],
          [
            9.876182,
            46.676409
          ],
          [
            9.876195,
            46.676402
          ],
          [
            9.876185,
            46.6764
          ],
          [
            9.876179,
            46.676403
          ],
          [
            9.876176,
            46.676406
          ],
          [
            9.876178,
            46.676405
          ],
          [
            9.876179,
            46.676403
          ],
          [
            9.876183,
            46.676416
          ],
          [
            9.876171,
            46.676426
          ],
          [
            9.876175,
            46.67642
          ],
          [
            9.876181,
            46.676416
          ],
          [
            9.876195,
            46.676412
          ],
          [
            9.876176,
            46.676418
          ],
          [
            9.876176,
            46.676416
          ],
          [
            9.876185,
            46.676418
          ],
          [
            9.876185,
            46.676418
          ],
          [
            9.876185,
            46.676418
          ],
          [
            9.876185,
            46.676418
          ],
          [
            9.876185,
            46.676418
          ],
          [
            9.876185,
            46.676418
          ],
          [
            9.876187,
            46.676419
          ],
          [
            9.87619,
            46.676412
          ],
          [
            9.876185,
            46.676418
          ],
          [
            9.876183,
            46.676406
          ],
          [
            9.876171,
            46.676401
          ],
          [
            9.876187,
            46.676416
          ],
          [
            9.876193,
            46.676422
          ],
          [
            9.876185,
            46.676418
          ],
          [
            9.876185,
            46.676418
          ],
          [
            9.876185,
            46.676418
          ],
          [
            9.876185,
            46.676418
          ],
          [
            9.876185,
            46.676418
          ],
          [
            9.876185,
            46.676418
          ],
          [
            9.876185,
            46.676418
          ],
          [
            9.876185,
            46.676418
          ],
          [
            9.876185,
            46.676418
          ],
          [
            9.876185,
            46.676418
          ],
          [
            9.876185,
            46.676418
          ],
          [
            9.876182,
            46.676413
          ],
          [
            9.876178,
            46.676416
          ],
          [
            9.876181,
            46.676415
          ],
          [
            9.876176,
            46.676416
          ],
          [
            9.876176,
            46.676386
          ],
          [
            9.876184,
            46.676402
          ],
          [
            9.876195,
            46.6764
          ],
          [
            9.876181,
            46.676405
          ],
          [
            9.876189,
            46.676404
          ],
          [
            9.876189,
            46.676404
          ],
          [
            9.876189,
            46.676404
          ],
          [
            9.876189,
            46.676404
          ],
          [
            9.876189,
            46.676404
          ],
          [
            9.876176,
            46.676407
          ],
          [
            9.87646,
            46.676429
          ],
          [
            9.876442,
            46.676432
          ]
        ]
      },
      "properties": {
        "name": "19574164187"
      }
    }
  ]
}