{
  "type": "FeatureCollection",
  "features": [
    {
      "type": "Feature",
      "geometry": {
        "type": "LineString",
        "coordinates": [
          [
            6.357709,
            46.771064
          ],
          [
            6.357709,
            46.771064
          ],
          [
            6.357709,
            46.771064
          ],
          [
            6.357709,
            46.771064
          ],
          [
            6.357709,
            46.771064
          ],
          [
            6.357714,
            46.770995
          ],
          [
            6.357754,
            46.770963
          ],
          [
            6.357765,
            46.770945
          ],
          [
            6.357793,
            46.770885
          ],
          [
            6.357802,
            46.770878
          ],
          [
            6.357796,
            46.770873
          ],
          [
            6.357795,
            46.770862
          ],
          [
            6.357805,
            46.770823
          ],
          [
            6.357825,
            46.770789
          ],
          [
            6.357825,
            46.770749
          ],
          [
            6.357835,
            46.770712
          ],
          [
            6.357867,
            46.770674
          ],
          [
            6.357875,
            46.770662
          ],
          [
            6.357959,
            46.770548
          ],
          [
            6.358,
            46.770491
          ],
          [
            6.357968,
            46.77048
          ],
          [
            6.357926,
            46.770457
          ],
          [
            6.357847,
            46.770413
          ],
          [
            6.3578,
            46.77032
          ],
          [
            6.35772,
            46.770245
          ],
          [
            6.357627,
            46.770222
          ],
          [
            6.35761,
            46.770215
          ],
          [
            6.357611,
            46.770206
          ],
          [
            6.357604,
            46.770201
          ],
          [
            6.357595,
            46.770187
          ],
          [
            6.357553,
            46.770163
          ],
          [
            6.357489,
            46.770101
          ],
          [
            6.357501,
            46.770103
          ],
          [
            6.357515,
            46.770102
          ],
          [
            6.357546,
            46.770097
          ],
          [
            6.357563,
            46.770093
          ],
          [
            6.357625,
            46.770045
          ],
          [
            6.357643,
            46.770021
          ],
          [
            6.357709,
            46.769947
          ],
          [
            6.357758,
            46.769869
          ],
          [
            6.357814,
            46.769781
          ],
          [
            6.357841,
            46.769712
          ],
          [
            6.357852,
            46.769686
          ],
          [
            6.357867,
            46.76965
          ],
          [
            6.357883,
            46.769586
          ],
          [
            6.357887,
            46.769574
          ],
          [
            6.357887,
            46.769565
          ],
          [
            6.357898,
            46.769518
          ],
          [
            6.357905,
            46.769505
          ],
          [
            6.357923,
            46.769466
          ],
          [
            6.357948,
            46.769405
          ],
          [
            6.357957,
            46.769385
          ],
          [
            6.35796,
            46.769376
          ],
          [
            6.357962,
            46.769351
          ],
          [
            6.357957,
            46.769337
          ],
          [
            6.357918,
            46.769305
          ],
          [
            6.357849,
            46.76924
          ],
          [
            6.357716,
            46.76912
          ],
          [
            6.35758,
            46.769007
          ],
          [
            6.357478,
            46.768941
          ],
          [
            6.357384,
            46.768903
          ],
          [
            6.3573,
            46.76884
          ],
          [
            6.357203,
            46.768771
          ],
          [
            6.357151,
            46.768738
          ],
          [
            6.35712,
            46.768722
          ],
          [
            6.357073,
            46.768704
          ],
          [
            6.357043,
            46.768687
          ],
          [
            6.357029,
            46.768599
          ],
          [
            6.357045,
            46.768524
          ],
          [
            6.357026,
            46.768503
          ],
          [
            6.357037,
            46.768461
          ],
          [
            6.357061,
            46.768436
          ],
          [
            6.357096,
            46.768401
          ],
          [
            6.357129,
            46.768359
          ],
          [
            6.357134,
            46.768351
          ],
          [
            6.357168,
            46.768299
          ],
          [
            6.357188,
            46.768278
          ],
          [
            6.357221,
            46.768255
          ],
          [
            6.357276,
            46.768201
          ],
          [
            6.357329,
            46.768099
          ],
          [
            6.357385,
            46.76802
          ],
          [
            6.357394,
            46.76801
          ],
          [
            6.357465,
            46.767952
          ],
          [
            6.357496,
            46.767886
          ],
          [
            6.357523,
            46.767833
          ],
          [
            6.357575,
            46.767742
          ],
          [
            6.357593,
            46.767632
          ],
          [
            6.357583,
            46.767546
          ],
          [
            6.357585,
            46.767534
          ],
          [
            6.35759,
            46.7675
          ],
          [
            6.357581,
            46.767446
          ],
          [
            6.357571,
            46.767381
          ],
          [
            6.357562,
            46.767345
          ],
          [
            6.357559,
            46.767333
          ],
          [
            6.357541,
            46.767231
          ],
          [
            6.357511,
            46.767132
          ],
          [
            6.357497,
            46.767093
          ],
          [
            6.357485,
            46.767061
          ],
          [
            6.357453,
            46.766974
          ],
          [
            6.357449,
            46.766939
          ],
          [
            6.357461,
            46.766883
          ],
          [
            6.357461,
            46.766872
          ],
          [
            6.357475,
            46.766828
          ],
          [
            6.357499,
            46.76676
          ],
          [
            6.357501,
            46.766651
          ],
          [
            6.3575,
            46.766639
          ],
          [
            6.357476,
            46.766545
          ],
          [
            6.357458,
            46.766456
          ],
          [
            6.357455,
            46.766378
          ],
          [
            6.357456,
            46.766368
          ],
          [
            6.357472,
            46.766297
          ],
          [
            6.357475,
            46.766275
          ],
          [
            6.357484,
            46.766209
          ],
          [
            6.357498,
            46.766169
          ],
          [
            6.357518,
            46.766142
          ],
          [
            6.357521,
            46.766135
          ],
          [
            6.357516,
            46.766132
          ],
          [
            6.357515,
            46.766134
          ],
          [
            6.357515,
            46.766134
          ],
          [
            6.357509,
            46.766143
          ],
          [
            6.357546,
            46.766123
          ],
          [
            6.357554,
            46.766111
          ],
          [
            6.357555,
            46.766097
          ],
          [
            6.357555,
            46.766097
          ],
          [
            6.357549,
            46.766101
          ],
          [
            6.357548,
            46.766102
          ],
          [
            6.357546,
            46.766105
          ],
          [
            6.357548,
            46.766114
          ],
          [
            6.357542,
            46.766114
          ],
          [
            6.357555,
            46.766097
          ],
          [
            6.357555,
            46.766097
          ],
          [
            6.357557,
            46.766109
          ],
          [
            6.357571,
            46.766101
          ],
          [
            6.35757,
            46.766102
          ],
          [
            6.357555,
            46.766097
          ],
          [
            6.357555,
            46.766097
          ],
          [
            6.357559,
            46.766104
          ],
          [
            6.357567,
            46.766091
          ],
          [
            6.357555,
            46.766097
          ],
          [
            6.357555,
            46.766097
          ],
          [
            6.357555,
            46.766097
          ],
          [
            6.357555,
            46.766097
          ],
          [
            6.357555,
            46.766097
          ],
          [
            6.357555,
            46.766097
          ],
          [
            6.357555,
            46.766097
          ],
          [
            6.357576,
            46.76609
          ],
          [
            6.35758,
            46.766096
          ],
          [
            6.357577,
            46.766115
          ],
          [
            6.357567,
            46.76611
          ],
          [
            6.357569,
            46.766107
          ],
          [
            6.357582,
            46.766106
          ],
          [
            6.35758,
            46.766095
          ],
          [
            6.35758,
            46.766095
          ],
          [
            6.35758,
            46.766095
          ],
          [
            6.35758,
            46.766095
          ],
          [
            6.357573,
            46.766078
          ],
          [
            6.357575,
            46.766035
          ],
          [
            6.357577,
            46.766028
          ],
          [
            6.357581,
            46.765991
          ],
          [
            6.357584,
            46.765976
          ],
          [
            6.357585,
            46.765962
          ],
          [
            6.357593,
            46.765936
          ],
          [
            6.357606,
            46.765919
          ],
          [
            6.357609,
            46.765913
          ],
          [
            6.357647,
            46.765867
          ],
          [
            6.357671,
            46.765829
          ],
          [
            6.357681,
            46.765796
          ],
          [
            6.357679,
            46.765785
          ],
          [
            6.357685,
            46.765772
          ],
          [
            6.357697,
            46.765754
          ],
          [
            6.357722,
            46.765705
          ],
          [
            6.357728,
            46.765696
          ],
          [
            6.357732,
            46.765658
          ],
          [
            6.357737,
            46.765646
          ],
          [
            6.357745,
            46.765613
          ],
          [
            6.357752,
            46.765599
          ],
          [
            6.357757,
            46.76557
          ],
          [
            6.357762,
            46.765542
          ],
          [
            6.357767,
            46.765527
          ],
          [
            6.35778,
            46.765494
          ],
          [
            6.357793,
            46.765453
          ],
          [
            6.3578,
            46.765435
          ],
          [
            6.3578,
            46.76542
          ],
          [
            6.357813,
            46.765385
          ],
          [
            6.357821,
            46.76537
          ],
          [
            6.357827,
            46.765352
          ],
          [
            6.357832,
            46.765313
          ],
          [
            6.357873,
            46.765283
          ],
          [
            6.357871,
            46.765275
          ],
          [
            6.35787,
            46.765251
          ],
          [
            6.357877,
            46.76524
          ],
          [
            6.357884,
            46.76523
          ],
          [
            6.357909,
            46.765188
          ],
          [
            6.357918,
            46.765174
          ],
          [
            6.357927,
            46.765125
          ],
          [
            6.357928,
            46.765121
          ],
          [
            6.357946,
            46.765094
          ],
          [
            6.357969,
            46.765062
          ],
          [
            6.357969,
            46.765053
          ],
          [
            6.357976,
            46.765045
          ],
          [
            6.358011,
            46.765029
          ],
          [
            6.358012,
            46.765019
          ],
          [
            6.358028,
            46.764991
          ],
          [
            6.358031,
            46.764975
          ],
          [
            6.358051,
            46.764953
          ],
          [
            6.358063,
            46.764936
          ],
          [
            6.35808,
            46.764908
          ],
          [
            6.358084,
            46.764876
          ],
          [
            6.358084,
            46.764869
          ],
          [
            6.35809,
            46.764835
          ],
          [
            6.358097,
            46.764823
          ],
          [
            6.358119,
            46.764795
          ],
          [
            6.358132,
            46.764765
          ],
          [
            6.35814,
            46.764743
          ],
          [
            6.358152,
            46.764713
          ],
          [
            6.358156,
            46.764707
          ],
          [
            6.358174,
            46.764678
          ],
          [
            6.358188,
            46.76466
          ],
          [
            6.358196,
            46.764641
          ],
          [
            6.358204,
            46.764613
          ],
          [
            6.358205,
            46.76461
          ],
          [
            6.358221,
            46.764588
          ],
          [
            6.358229,
            46.764568
          ],
          [
            6.358229,
            46.764564
          ],
          [
            6.358242,
            46.764531
          ],
          [
            6.358241,
            46.764497
          ],
          [
            6.358246,
            46.764487
          ],
          [
            6.358228,
            46.76445
          ],
          [
            6.35823,
            46.764447
          ],
          [
            6.35824,
            46.764412
          ],
          [
            6.358244,
            46.76441
          ],
          [
            6.358248,
            46.764378
          ],
          [
            6.358246,
            46.76437
          ],
          [
            6.358259,
            46.764334
          ],
          [
            6.358271,
            46.764316
          ],
          [
            6.358279,
            46.764293
          ],
          [
            6.358285,
            46.764289
          ],
          [
            6.358289,
            46.764247
          ],
          [
            6.358291,
            46.76424
          ],
          [
            6.358306,
            46.76423
          ],
          [
            6.358325,
            46.764202
          ],
          [
            6.358329,
            46.76419
          ],
          [
            6.358335,
            46.764166
          ],
          [
            6.358339,
            46.764146
          ],
          [
            6.358352,
            46.764114
          ],
          [
            6.358362,
            46.764102
          ],
          [
            6.358382,
            46.764034
          ],
          [
            6.358403,
            46.764004
          ],
          [
            6.358405,
            46.763983
          ],
          [
            6.358412,
            46.763949
          ],
          [
            6.358418,
            46.763941
          ],
          [
            6.358436,
            46.763898
          ],
          [
            6.35845,
            46.763886
          ],
          [
            6.358448,
            46.763841
          ],
          [
            6.358458,
            46.763825
          ],
          [
            6.358452,
            46.76379
          ],
          [
            6.358455,
            46.763781
          ],
          [
            6.358461,
            46.763727
          ],
          [
            6.358481,
            46.76368
          ],
          [
            6.358482,
            46.763678
          ],
          [
            6.35849,
            46.76363
          ],
          [
            6.358483,
            46.763618
          ],
          [
            6.358476,
            46.763577
          ],
          [
            6.358479,
            46.763563
          ],
          [
            6.358472,
            46.76351
          ],
          [
            6.358495,
            46.763467
          ],
          [
            6.358499,
            46.763459
          ],
          [
            6.358506,
            46.763417
          ],
          [
            6.358521,
            46.763385
          ],
          [
            6.358537,
            46.763358
          ],
          [
            6.358511,
            46.763328
          ],
          [
            6.358498,
            46.76332
          ],
          [
            6.358462,
            46.763268
          ],
          [
            6.358438,
            46.763251
          ],
          [
            6.35844,
            46.76325
          ],
          [
            6.35844,
            46.76325
          ],
          [
            6.35844,
            46.763249
          ],
          [
            6.358433,
            46.763247
          ],
          [
            6.358438,
            46.763248
          ],
          [
            6.358433,
            46.763221
          ],
          [
            6.358434,
            46.763221
          ],
          [
            6.358435,
            46.763223
          ],
          [
            6.358451,
            46.7632
          ],
          [
            6.358411,
            46.76321
          ],
          [
            6.358391,
            46.763223
          ],
          [
            6.358361,
            46.763235
          ],
          [
            6.358382,
            46.763235
          ],
          [
            6.358467,
            46.763175
          ],
          [
            6.358575,
            46.763121
          ],
          [
            6.358607,
            46.7631
          ],
          [
            6.358627,
            46.763081
          ],
          [
            6.358662,
            46.763039
          ],
          [
            6.358669,
            46.76303
          ],
          [
            6.358697,
            46.762996
          ],
          [
            6.358729,
            46.762966
          ],
          [
            6.358762,
            46.762956
          ],
          [
            6.358786,
            46.762926
          ],
          [
            6.358801,
            46.762923
          ],
          [
            6.358818,
            46.762931
          ],
          [
            6.358831,
            46.76293
          ],
          [
            6.358864,
            46.7629
          ],
          [
            6.358885,
            46.762886
          ],
          [
            6.358854,
            46.762901
          ],
          [
            6.35879,
            46.762999
          ],
          [
            6.358804,
            46.763007
          ],
          [
            6.358817,
            46.763
          ],
          [
            6.358821,
            46.762986
          ],
          [
            6.358808,
            46.762937
          ],
          [
            6.358907,
            46.762912
          ],
          [
            6.358919,
            46.762906
          ],
          [
            6.358935,
            46.762893
          ],
          [
            6.35894,
            46.762891
          ],
          [
            6.358938,
            46.762893
          ],
          [
            6.358946,
            46.762886
          ],
          [
            6.358952,
            46.762874
          ],
          [
            6.358948,
            46.762866
          ],
          [
            6.35896,
            46.762853
          ],
          [
            6.358957,
            46.762861
          ],
          [
            6.358965,
            46.762835
          ],
          [
            6.359008,
            46.762816
          ],
          [
            6.359037,
            46.762796
          ],
          [
            6.359058,
            46.762773
          ],
          [
            6.359065,
            46.762763
          ],
          [
            6.359073,
            46.762756
          ],
          [
            6.35911,
            46.762723
          ],
          [
            6.359172,
            46.762695
          ],
          [
            6.35918,
            46.762692
          ],
          [
            6.359228,
            46.762647
          ],
          [
            6.359286,
            46.762591
          ],
          [
            6.359292,
            46.762598
          ],
          [
            6.3593,
            46.762603
          ],
          [
            6.359365,
            46.762607
          ],
          [
            6.359432,
            46.76258
          ],
          [
            6.359527,
            46.762535
          ],
          [
            6.359544,
            46.762527
          ],
          [
            6.359589,
            46.762496
          ],
          [
            6.35962,
            46.762487
          ],
          [
            6.359654,
            46.762475
          ],
          [
            6.359745,
            46.762441
          ],
          [
            6.359774,
            46.762428
          ],
          [
            6.359801,
            46.762419
          ],
          [
            6.359868,
            46.762388
          ],
          [
            6.359932,
            46.762362
          ],
          [
            6.359984,
            46.762344
          ],
          [
            6.360105,
            46.762319
          ],
          [
            6.360187,
            46.762303
          ],
          [
            6.360218,
            46.762297
          ],
          [
            6.36036,
            46.762285
          ],
          [
            6.360419,
            46.762284
          ],
          [
            6.360465,
            46.762294
          ],
          [
            6.360593,
            46.762288
          ],
          [
            6.36062,
            46.762291
          ],
          [
            6.360702,
            46.762296
          ],
          [
            6.360817,
            46.762299
          ],
          [
            6.360834,
            46.762304
          ],
          [
            6.360941,
            46.762289
          ],
          [
            6.360978,
            46.762282
          ],
          [
            6.361042,
            46.762288
          ],
          [
            6.361136,
            46.762296
          ],
          [
            6.361154,
            46.762295
          ],
          [
            6.361222,
            46.762293
          ],
          [
            6.361257,
            46.762294
          ],
          [
            6.361289,
            46.762295
          ],
          [
            6.36133,
            46.762297
          ],
          [
            6.361384,
            46.762287
          ],
          [
            6.361395,
            46.762283
          ],
          [
            6.361429,
            46.762272
          ],
          [
            6.361468,
            46.762256
          ],
          [
            6.36149,
            46.76225
          ],
          [
            6.361528,
            46.762232
          ],
          [
            6.361535,
            46.762226
          ],
          [
            6.361579,
            46.762215
          ],
          [
            6.361581,
            46.762218
          ],
          [
            6.361586,
            46.76222
          ],
          [
            6.361634,
            46.762215
          ],
          [
            6.361681,
            46.762218
          ],
          [
            6.361725,
            46.762209
          ],
          [
            6.361731,
            46.762206
          ],
          [
            6.361772,
            46.762185
          ],
          [
            6.361754,
            46.76219
          ],
          [
            6.361782,
            46.762178
          ],
          [
            6.361796,
            46.762182
          ],
          [
            6.361732,
            46.762196
          ],
          [
            6.361684,
            46.762204
          ],
          [
            6.361705,
            46.762196
          ],
          [
            6.361741,
            46.76218
          ],
          [
            6.361775,
            46.762157
          ],
          [
            6.361783,
            46.762157
          ],
          [
            6.361801,
            46.762152
          ],
          [
            6.361826,
            46.762145
          ],
          [
            6.361839,
            46.762128
          ],
          [
            6.361857,
            46.762125
          ],
          [
            6.361884,
            46.76211
          ],
          [
            6.361894,
            46.762099
          ],
          [
            6.361896,
            46.762091
          ],
          [
            6.361906,
            46.762086
          ],
          [
            6.361947,
            46.762085
          ],
          [
            6.361964,
            46.762079
          ],
          [
            6.361989,
            46.76207
          ],
          [
            6.362017,
            46.762065
          ],
          [
            6.362034,
            46.762052
          ],
          [
            6.362056,
            46.762046
          ],
          [
            6.36208,
            46.762031
          ],
          [
            6.362116,
            46.762011
          ],
          [
            6.362125,
            46.762009
          ],
          [
            6.362131,
            46.762007
          ],
          [
            6.362163,
            46.762
          ],
          [
            6.362168,
            46.761998
          ],
          [
            6.362208,
            46.761985
          ],
          [
            6.362217,
            46.761966
          ],
          [
            6.362229,
            46.761941
          ],
          [
            6.362224,
            46.761911
          ],
          [
            6.362215,
            46.761906
          ],
          [
            6.36218,
            46.761866
          ],
          [
            6.362174,
            46.761861
          ],
          [
            6.362152,
            46.761833
          ],
          [
            6.362137,
            46.761827
          ],
          [
            6.362091,
            46.761797
          ],
          [
            6.362079,
            46.761774
          ],
          [
            6.362041,
            46.761737
          ],
          [
            6.36202,
            46.761719
          ],
          [
            6.361998,
            46.761708
          ],
          [
            6.361948,
            46.761683
          ],
          [
            6.361884,
            46.761661
          ],
          [
            6.361837,
            46.76165
          ],
          [
            6.361809,
            46.761633
          ],
          [
            6.361798,
            46.761623
          ],
          [
            6.361812,
            46.761605
          ],
          [
            6.361832,
            46.761581
          ],
          [
            6.361856,
            46.761543
          ],
          [
            6.361862,
            46.761495
          ],
          [
            6.361861,
            46.761488
          ],
          [
            6.361911,
            46.761438
          ],
          [
            6.361931,
            46.761414
          ],
          [
            6.361911,
            46.761389
          ],
          [
            6.36192,
            46.761387
          ],
          [
            6.361908,
            46.761409
          ],
          [
            6.361901,
            46.761403
          ],
          [
            6.36189,
            46.7614
          ],
          [
            6.36187,
            46.761415
          ],
          [
            6.361842,
            46.761418
          ],
          [
            6.361846,
            46.761413
          ],
          [
            6.361801,
            46.761408
          ],
          [
            6.361788,
            46.761386
          ],
          [
            6.36177,
            46.761363
          ],
          [
            6.361749,
            46.761361
          ],
          [
            6.36175,
            46.761359
          ],
          [
            6.361738,
            46.76135
          ],
          [
            6.361681,
            46.761315
          ],
          [
            6.361672,
            46.76131
          ],
          [
            6.36163,
            46.761294
          ],
          [
            6.361601,
            46.761287
          ],
          [
            6.36158,
            46.761283
          ],
          [
            6.361543,
            46.76127
          ],
          [
            6.361534,
            46.761274
          ],
          [
            6.361496,
            46.761267
          ],
          [
            6.361485,
            46.761263
          ],
          [
            6.361448,
            46.761249
          ],
          [
            6.361436,
            46.761234
          ],
          [
            6.361432,
            46.761229
          ],
          [
            6.361442,
            46.761233
          ],
          [
            6.361417,
            46.761238
          ],
          [
            6.361362,
            46.76123
          ],
          [
            6.361344,
            46.761221
          ],
          [
            6.36133,
            46.761215
          ],
          [
            6.361301,
            46.761206
          ],
          [
            6.361294,
            46.761204
          ],
          [
            6.361293,
            46.761197
          ],
          [
            6.361255,
            46.761184
          ],
          [
            6.361247,
            46.761184
          ],
          [
            6.361192,
            46.761168
          ],
          [
            6.36118,
            46.761164
          ],
          [
            6.361164,
            46.761156
          ],
          [
            6.361146,
            46.761151
          ],
          [
            6.361146,
            46.761151
          ],
          [
            6.361104,
            46.76113
          ],
          [
            6.361093,
            46.761129
          ],
          [
            6.361088,
            46.761127
          ],
          [
            6.361072,
            46.761115
          ],
          [
            6.361046,
            46.76111
          ],
          [
            6.361022,
            46.761099
          ],
          [
            6.361004,
            46.761097
          ],
          [
            6.360969,
            46.761076
          ],
          [
            6.360938,
            46.761059
          ],
          [
            6.360936,
            46.761046
          ],
          [
            6.36093,
            46.761022
          ],
          [
            6.360916,
            46.761012
          ],
          [
            6.360818,
            46.760986
          ],
          [
            6.360801,
            46.76098
          ],
          [
            6.360741,
            46.760969
          ],
          [
            6.360708,
            46.760953
          ],
          [
            6.360699,
            46.760945
          ],
          [
            6.36066,
            46.760931
          ],
          [
            6.36056,
            46.760914
          ],
          [
            6.360518,
            46.760904
          ],
          [
            6.360503,
            46.760896
          ],
          [
            6.360436,
            46.760877
          ],
          [
            6.360411,
            46.760874
          ],
          [
            6.360379,
            46.760869
          ],
          [
            6.360322,
            46.760873
          ],
          [
            6.360315,
            46.760869
          ],
          [
            6.360271,
            46.760867
          ],
          [
            6.360236,
            46.760852
          ],
          [
            6.36023,
            46.760847
          ],
          [
            6.360195,
            46.760845
          ],
          [
            6.360168,
            46.760833
          ],
          [
            6.360147,
            46.760832
          ],
          [
            6.360114,
            46.760833
          ],
          [
            6.360052,
            46.760808
          ],
          [
            6.359978,
            46.760788
          ],
          [
            6.359968,
            46.760781
          ],
          [
            6.359931,
            46.760734
          ],
          [
            6.359911,
            46.760709
          ],
          [
            6.359787,
            46.760613
          ],
          [
            6.35971,
            46.760595
          ],
          [
            6.359709,
            46.760619
          ],
          [
            6.359725,
            46.760652
          ],
          [
            6.359753,
            46.76072
          ],
          [
            6.359722,
            46.76074
          ],
          [
            6.359685,
            46.760755
          ],
          [
            6.359687,
            46.760743
          ],
          [
            6.359681,
            46.760736
          ],
          [
            6.359683,
            46.760729
          ],
          [
            6.359633,
            46.760701
          ],
          [
            6.35963,
            46.760701
          ],
          [
            6.359568,
            46.7607
          ],
          [
            6.359536,
            46.760704
          ],
          [
            6.35948,
            46.7607
          ],
          [
            6.359431,
            46.760682
          ],
          [
            6.359426,
            46.760679
          ],
          [
            6.359406,
            46.760658
          ],
          [
            6.359368,
            46.760637
          ],
          [
            6.359309,
            46.760634
          ],
          [
            6.359295,
            46.760632
          ],
          [
            6.359224,
            46.760636
          ],
          [
            6.359131,
            46.760618
          ],
          [
            6.359114,
            46.760616
          ],
          [
            6.359087,
            46.760602
          ],
          [
            6.359015,
            46.760596
          ],
          [
            6.359004,
            46.760601
          ],
          [
            6.359002,
            46.7606
          ],
          [
            6.358974,
            46.760595
          ],
          [
            6.358864,
            46.760567
          ],
          [
            6.35885,
            46.760564
          ],
          [
            6.358788,
            46.760544
          ],
          [
            6.358773,
            46.760543
          ],
          [
            6.358759,
            46.760542
          ],
          [
            6.358719,
            46.760535
          ],
          [
            6.358702,
            46.760524
          ],
          [
            6.358689,
            46.76052
          ],
          [
            6.358649,
            46.760506
          ],
          [
            6.358623,
            46.760499
          ],
          [
            6.3586,
            46.760495
          ],
          [
            6.358541,
            46.76047
          ],
          [
            6.358533,
            46.760467
          ],
          [
            6.35847,
            46.76045
          ],
          [
            6.358465,
            46.760451
          ],
          [
            6.358415,
            46.760438
          ],
          [
            6.358408,
            46.760436
          ],
          [
            6.358375,
            46.760419
          ],
          [
            6.358335,
            46.760399
          ],
          [
            6.358315,
            46.760388
          ],
          [
            6.358277,
            46.76036
          ],
          [
            6.358248,
            46.760332
          ],
          [
            6.358232,
            46.760324
          ],
          [
            6.358204,
            46.760304
          ],
          [
            6.358194,
            46.760283
          ],
          [
            6.358188,
            46.760272
          ],
          [
            6.358158,
            46.760242
          ],
          [
            6.358152,
            46.760237
          ],
          [
            6.358115,
            46.760192
          ],
          [
            6.358084,
            46.760179
          ],
          [
            6.358065,
            46.76017
          ],
          [
            6.358021,
            46.760153
          ],
          [
            6.358005,
            46.760144
          ],
          [
            6.357999,
            46.76014
          ],
          [
            6.357983,
            46.760127
          ],
          [
            6.35795,
            46.76011
          ],
          [
            6.357943,
            46.760106
          ],
          [
            6.357902,
            46.760089
          ],
          [
            6.357883,
            46.760078
          ],
          [
            6.357838,
            46.760036
          ],
          [
            6.357833,
            46.760031
          ],
          [
            6.357775,
            46.759987
          ],
          [
            6.357735,
            46.759969
          ],
          [
            6.357715,
            46.759965
          ],
          [
            6.357635,
            46.759918
          ],
          [
            6.357627,
            46.759913
          ],
          [
            6.357538,
            46.759864
          ],
          [
            6.357455,
            46.759816
          ],
          [
            6.357448,
            46.759809
          ],
          [
            6.357384,
            46.759776
          ],
          [
            6.357348,
            46.759735
          ],
          [
            6.357324,
            46.759717
          ],
          [
            6.357238,
            46.759659
          ],
          [
            6.357227,
            46.759645
          ],
          [
            6.357163,
            46.759609
          ],
          [
            6.357085,
            46.759576
          ],
          [
            6.357081,
            46.759568
          ],
          [
            6.357055,
            46.759515
          ],
          [
            6.357026,
            46.759489
          ],
          [
            6.357003,
            46.759479
          ],
          [
            6.356939,
            46.759443
          ],
          [
            6.356894,
            46.759408
          ],
          [
            6.356844,
            46.759373
          ],
          [
            6.356828,
            46.759357
          ],
          [
            6.356764,
            46.759312
          ],
          [
            6.35675,
            46.759296
          ],
          [
            6.35671,
            46.759266
          ],
          [
            6.356678,
            46.759241
          ],
          [
            6.35664,
            46.759218
          ],
          [
            6.356592,
            46.759177
          ],
          [
            6.356575,
            46.75916
          ],
          [
            6.356509,
            46.759104
          ],
          [
            6.356466,
            46.759056
          ],
          [
            6.356457,
            46.759039
          ],
          [
            6.356439,
            46.759022
          ],
          [
            6.356415,
            46.758993
          ],
          [
            6.356389,
            46.758973
          ],
          [
            6.356354,
            46.758952
          ],
          [
            6.356326,
            46.758923
          ],
          [
            6.356317,
            46.758906
          ],
          [
            6.356303,
            46.758877
          ],
          [
            6.356298,
            46.758861
          ],
          [
            6.356264,
            46.758826
          ],
          [
            6.356257,
            46.758825
          ],
          [
            6.356239,
            46.758808
          ],
          [
            6.356234,
            46.758802
          ],
          [
            6.356231,
            46.758797
          ],
          [
            6.356205,
            46.758764
          ],
          [
            6.356193,
            46.75875
          ],
          [
            6.356174,
            46.758705
          ],
          [
            6.356138,
            46.758666
          ],
          [
            6.356112,
            46.758634
          ],
          [
            6.356109,
            46.75863
          ],
          [
            6.356103,
            46.758624
          ],
          [
            6.356071,
            46.758587
          ],
          [
            6.356059,
            46.758564
          ],
          [
            6.356037,
            46.758527
          ],
          [
            6.356023,
            46.758506
          ],
          [
            6.356005,
            46.758481
          ],
          [
            6.355971,
            46.758434
          ],
          [
            6.355959,
            46.758424
          ],
          [
            6.355923,
            46.758374
          ],
          [
            6.355918,
            46.758368
          ],
          [
            6.355879,
            46.758302
          ],
          [
            6.355847,
            46.758241
          ],
          [
            6.355807,
            46.758185
          ],
          [
            6.355796,
            46.758167
          ],
          [
            6.355773,
            46.758128
          ],
          [
            6.35576,
            46.758102
          ],
          [
            6.355734,
            46.758061
          ],
          [
            6.355727,
            46.758044
          ],
          [
            6.355725,
            46.758018
          ],
          [
            6.355738,
            46.758022
          ],
          [
            6.355749,
            46.758021
          ],
          [
            6.355777,
            46.757998
          ],
          [
            6.355785,
            46.757994
          ],
          [
            6.355814,
            46.757968
          ],
          [
            6.355795,
            46.757979
          ],
          [
            6.355811,
            46.757965
          ],
          [
            6.355821,
            46.75796
          ],
          [
            6.355822,
            46.757957
          ],
          [
            6.355819,
            46.757943
          ],
          [
            6.355819,
            46.757937
          ],
          [
            6.35582,
            46.75794
          ],
          [
            6.355819,
            46.757948
          ],
          [
            6.355817,
            46.757963
          ],
          [
            6.355822,
            46.757975
          ],
          [
            6.355819,
            46.757975
          ],
          [
            6.355819,
            46.757975
          ],
          [
            6.355819,
            46.757975
          ],
          [
            6.355819,
            46.757975
          ],
          [
            6.355819,
            46.757975
          ],
          [
            6.355819,
            46.757975
          ],
          [
            6.355819,
            46.757975
          ],
          [
            6.355819,
            46.757975
          ],
          [
            6.355819,
            46.757975
          ],
          [
            6.355829,
            46.757962
          ],
          [
            6.355821,
            46.757964
          ],
          [
            6.355819,
            46.757962
          ],
          [
            6.355818,
            46.757954
          ],
          [
            6.355817,
            46.757959
          ],
          [
            6.355829,
            46.757962
          ],
          [
            6.355829,
            46.757962
          ],
          [
            6.355816,
            46.75796
          ],
          [
            6.355817,
            46.757956
          ],
          [
            6.355816,
            46.757951
          ],
          [
            6.355827,
            46.757948
          ],
          [
            6.355827,
            46.757947
          ],
          [
            6.355819,
            46.757954
          ],
          [
            6.355811,
            46.75796
          ],
          [
            6.355806,
            46.757939
          ],
          [
            6.355797,
            46.757928
          ],
          [
            6.355796,
            46.757926
          ],
          [
            6.355796,
            46.757926
          ],
          [
            6.355796,
            46.757926
          ],
          [
            6.355781,
            46.757942
          ],
          [
            6.355765,
            46.757948
          ],
          [
            6.35576,
            46.757946
          ],
          [
            6.355761,
            46.757933
          ],
          [
            6.35576,
            46.757922
          ],
          [
            6.355758,
            46.757906
          ],
          [
            6.35575,
            46.757848
          ],
          [
            6.355744,
            46.757821
          ],
          [
            6.355729,
            46.757771
          ],
          [
            6.355714,
            46.757745
          ],
          [
            6.35567,
            46.757695
          ],
          [
            6.355671,
            46.757669
          ],
          [
            6.355655,
            46.757646
          ],
          [
            6.355623,
            46.757617
          ],
          [
            6.355596,
            46.757537
          ],
          [
            6.355569,
            46.757462
          ],
          [
            6.355562,
            46.757398
          ],
          [
            6.355572,
            46.75731
          ],
          [
            6.355559,
            46.757241
          ],
          [
            6.355553,
            46.757213
          ],
          [
            6.355524,
            46.757192
          ],
          [
            6.355515,
            46.757111
          ],
          [
            6.355526,
            46.757046
          ],
          [
            6.355519,
            46.756997
          ],
          [
            6.355508,
            46.756948
          ],
          [
            6.355491,
            46.756898
          ],
          [
            6.355489,
            46.756834
          ],
          [
            6.355486,
            46.756825
          ],
          [
            6.35549,
            46.756768
          ],
          [
            6.35549,
            46.756759
          ],
          [
            6.355482,
            46.756713
          ],
          [
            6.355479,
            46.756703
          ],
          [
            6.355487,
            46.756648
          ],
          [
            6.355504,
            46.756584
          ],
          [
            6.355501,
            46.756537
          ],
          [
            6.355499,
            46.756528
          ],
          [
            6.355508,
            46.756484
          ],
          [
            6.355512,
            46.756476
          ],
          [
            6.355508,
            46.756413
          ],
          [
            6.355491,
            46.756371
          ],
          [
            6.355492,
            46.756362
          ],
          [
            6.355494,
            46.756305
          ],
          [
            6.355521,
            46.756247
          ],
          [
            6.355521,
            46.756236
          ],
          [
            6.355522,
            46.756225
          ],
          [
            6.35553,
            46.756186
          ],
          [
            6.355524,
            46.756151
          ],
          [
            6.355513,
            46.756112
          ],
          [
            6.355511,
            46.756069
          ],
          [
            6.355503,
            46.756048
          ],
          [
            6.355479,
            46.755998
          ],
          [
            6.355484,
            46.755989
          ],
          [
            6.355493,
            46.755952
          ],
          [
            6.355485,
            46.75594
          ],
          [
            6.355488,
            46.755936
          ],
          [
            6.355486,
            46.755922
          ],
          [
            6.355491,
            46.755873
          ],
          [
            6.355497,
            46.755859
          ],
          [
            6.355513,
            46.755811
          ],
          [
            6.355516,
            46.755794
          ],
          [
            6.355516,
            46.755776
          ],
          [
            6.355515,
            46.755744
          ],
          [
            6.355522,
            46.755677
          ],
          [
            6.355518,
            46.755653
          ],
          [
            6.355519,
            46.75562
          ],
          [
            6.355521,
            46.755597
          ],
          [
            6.355522,
            46.755575
          ],
          [
            6.35553,
            46.755533
          ],
          [
            6.355534,
            46.755519
          ],
          [
            6.355543,
            46.755487
          ],
          [
            6.355544,
            46.755483
          ],
          [
            6.355557,
            46.755484
          ],
          [
            6.35557,
            46.755455
          ],
          [
            6.35558,
            46.755425
          ],
          [
            6.355591,
            46.755409
          ],
          [
            6.355632,
            46.755362
          ],
          [
            6.355661,
            46.755285
          ],
          [
            6.355661,
            46.755275
          ],
          [
            6.355674,
            46.755199
          ],
          [
            6.355677,
            46.755183
          ],
          [
            6.355705,
            46.755129
          ],
          [
            6.355726,
            46.755067
          ],
          [
            6.355761,
            46.75502
          ],
          [
            6.355777,
            46.754987
          ],
          [
            6.355783,
            46.754974
          ],
          [
            6.355804,
            46.754932
          ],
          [
            6.355817,
            46.754902
          ],
          [
            6.355861,
            46.754821
          ],
          [
            6.355875,
            46.754802
          ],
          [
            6.355884,
            46.754788
          ],
          [
            6.355889,
            46.754773
          ],
          [
            6.355894,
            46.754753
          ],
          [
            6.355918,
            46.754697
          ],
          [
            6.355926,
            46.754673
          ],
          [
            6.355922,
            46.754654
          ],
          [
            6.355918,
            46.754617
          ],
          [
            6.355921,
            46.754594
          ],
          [
            6.355915,
            46.754571
          ],
          [
            6.355914,
            46.754571
          ],
          [
            6.355917,
            46.754544
          ],
          [
            6.355917,
            46.754537
          ],
          [
            6.355911,
            46.754486
          ],
          [
            6.355918,
            46.754427
          ],
          [
            6.355911,
            46.754359
          ],
          [
            6.355907,
            46.754293
          ],
          [
            6.355883,
            46.754234
          ],
          [
            6.355884,
            46.754222
          ],
          [
            6.355883,
            46.754204
          ],
          [
            6.35588,
            46.754164
          ],
          [
            6.355868,
            46.754129
          ],
          [
            6.35585,
            46.754104
          ],
          [
            6.355848,
            46.754088
          ],
          [
            6.355844,
            46.754063
          ],
          [
            6.355829,
            46.75402
          ],
          [
            6.355833,
            46.753984
          ],
          [
            6.355824,
            46.753962
          ],
          [
            6.355832,
            46.753935
          ],
          [
            6.355823,
            46.753909
          ],
          [
            6.355824,
            46.753893
          ],
          [
            6.35581,
            46.753862
          ],
          [
            6.355806,
            46.753847
          ],
          [
            6.355807,
            46.753829
          ],
          [
            6.355803,
            46.753813
          ],
          [
            6.355802,
            46.75379
          ],
          [
            6.355801,
            46.753781
          ],
          [
            6.355807,
            46.753766
          ],
          [
            6.355806,
            46.753746
          ],
          [
            6.355801,
            46.753725
          ],
          [
            6.355807,
            46.753706
          ],
          [
            6.355807,
            46.7537
          ],
          [
            6.355796,
            46.753665
          ],
          [
            6.355806,
            46.753643
          ],
          [
            6.355803,
            46.753637
          ],
          [
            6.355805,
            46.753615
          ],
          [
            6.355801,
            46.7536
          ],
          [
            6.355796,
            46.753607
          ],
          [
            6.355798,
            46.753613
          ],
          [
            6.355806,
            46.75359
          ],
          [
            6.355804,
            46.75358
          ],
          [
            6.355803,
            46.753575
          ],
          [
            6.355794,
            46.753555
          ],
          [
            6.355792,
            46.753552
          ],
          [
            6.355796,
            46.753531
          ],
          [
            6.355792,
            46.753517
          ],
          [
            6.355771,
            46.753498
          ],
          [
            6.355771,
            46.753496
          ],
          [
            6.355771,
            46.753493
          ],
          [
            6.35577,
            46.753489
          ],
          [
            6.355762,
            46.753466
          ],
          [
            6.355757,
            46.753462
          ],
          [
            6.355756,
            46.753457
          ],
          [
            6.355754,
            46.753452
          ],
          [
            6.355752,
            46.75344
          ],
          [
            6.35575,
            46.753435
          ],
          [
            6.355749,
            46.753418
          ],
          [
            6.355742,
            46.753407
          ],
          [
            6.355727,
            46.753397
          ],
          [
            6.355727,
            46.753383
          ],
          [
            6.355727,
            46.753367
          ],
          [
            6.355726,
            46.753367
          ],
          [
            6.355722,
            46.753364
          ],
          [
            6.355719,
            46.753338
          ],
          [
            6.355714,
            46.753328
          ],
          [
            6.355715,
            46.753316
          ],
          [
            6.355717,
            46.753313
          ],
          [
            6.355693,
            46.753274
          ],
          [
            6.355689,
            46.75325
          ],
          [
            6.355685,
            46.753238
          ],
          [
            6.355688,
            46.75322
          ],
          [
            6.355671,
            46.753203
          ],
          [
            6.35567,
            46.753198
          ],
          [
            6.355667,
            46.753192
          ],
          [
            6.355667,
            46.753185
          ],
          [
            6.35567,
            46.753171
          ],
          [
            6.355664,
            46.753146
          ],
          [
            6.355662,
            46.753123
          ],
          [
            6.355675,
            46.753104
          ],
          [
            6.355681,
            46.753084
          ],
          [
            6.355686,
            46.753074
          ],
          [
            6.355688,
            46.753062
          ],
          [
            6.355669,
            46.753015
          ],
          [
            6.355656,
            46.752947
          ],
          [
            6.355657,
            46.752941
          ],
          [
            6.355629,
            46.752882
          ],
          [
            6.355599,
            46.752823
          ],
          [
            6.355594,
            46.752808
          ],
          [
            6.35559,
            46.752801
          ],
          [
            6.355564,
            46.752751
          ],
          [
            6.355552,
            46.752729
          ],
          [
            6.355517,
            46.752653
          ],
          [
            6.355472,
            46.752587
          ],
          [
            6.355439,
            46.752529
          ],
          [
            6.355403,
            46.752447
          ],
          [
            6.355399,
            46.75244
          ],
          [
            6.355351,
            46.752371
          ],
          [
            6.355291,
            46.75229
          ],
          [
            6.355248,
            46.752242
          ],
          [
            6.355241,
            46.75223
          ],
          [
            6.355219,
            46.752188
          ],
          [
            6.355193,
            46.752129
          ],
          [
            6.355142,
            46.752077
          ],
          [
            6.355136,
            46.752071
          ],
          [
            6.355123,
            46.752046
          ],
          [
            6.355107,
            46.752013
          ],
          [
            6.355115,
            46.752007
          ],
          [
            6.355144,
            46.751981
          ],
          [
            6.355158,
            46.751914
          ],
          [
            6.355155,
            46.751907
          ],
          [
            6.355141,
            46.751864
          ],
          [
            6.355138,
            46.751858
          ],
          [
            6.355133,
            46.751844
          ],
          [
            6.355127,
            46.751829
          ],
          [
            6.355126,
            46.75182
          ],
          [
            6.355104,
            46.751795
          ],
          [
            6.35509,
            46.751783
          ],
          [
            6.355087,
            46.751775
          ],
          [
            6.355082,
            46.751761
          ],
          [
            6.355077,
            46.751737
          ],
          [
            6.355035,
            46.751726
          ],
          [
            6.355025,
            46.751724
          ],
          [
            6.354989,
            46.751713
          ],
          [
            6.354973,
            46.751695
          ],
          [
            6.354947,
            46.751661
          ],
          [
            6.354943,
            46.751656
          ],
          [
            6.354924,
            46.751643
          ],
          [
            6.354908,
            46.751635
          ],
          [
            6.3549,
            46.751631
          ],
          [
            6.354862,
            46.751599
          ],
          [
            6.354851,
            46.751588
          ],
          [
            6.354845,
            46.751564
          ],
          [
            6.354846,
            46.751554
          ],
          [
            6.354848,
            46.75152
          ],
          [
            6.354841,
            46.751511
          ],
          [
            6.354825,
            46.751501
          ],
          [
            6.354804,
            46.751471
          ],
          [
            6.354793,
            46.751447
          ],
          [
            6.354795,
            46.751442
          ],
          [
            6.354777,
            46.751421
          ],
          [
            6.354766,
            46.751407
          ],
          [
            6.354753,
            46.751391
          ],
          [
            6.354738,
            46.751369
          ],
          [
            6.354736,
            46.751366
          ],
          [
            6.354727,
            46.751334
          ],
          [
            6.354726,
            46.751329
          ],
          [
            6.354727,
            46.751326
          ],
          [
            6.354723,
            46.751297
          ],
          [
            6.354721,
            46.751291
          ],
          [
            6.354706,
            46.751271
          ],
          [
            6.354706,
            46.751266
          ],
          [
            6.354666,
            46.751234
          ],
          [
            6.354659,
            46.75123
          ],
          [
            6.35466,
            46.751208
          ],
          [
            6.354645,
            46.75119
          ],
          [
            6.354634,
            46.75119
          ],
          [
            6.354627,
            46.751188
          ],
          [
            6.354647,
            46.751156
          ],
          [
            6.354647,
            46.751151
          ],
          [
            6.354643,
            46.751152
          ],
          [
            6.354636,
            46.751132
          ],
          [
            6.354622,
            46.751097
          ],
          [
            6.354616,
            46.751088
          ],
          [
            6.354612,
            46.751078
          ],
          [
            6.354571,
            46.751066
          ],
          [
            6.354558,
            46.751064
          ],
          [
            6.354538,
            46.751045
          ],
          [
            6.354518,
            46.751036
          ],
          [
            6.354495,
            46.751041
          ],
          [
            6.354483,
            46.751041
          ],
          [
            6.354464,
            46.751032
          ],
          [
            6.354449,
            46.751018
          ],
          [
            6.354412,
            46.751013
          ],
          [
            6.354368,
            46.750988
          ],
          [
            6.354359,
            46.750984
          ],
          [
            6.354298,
            46.75098
          ],
          [
            6.354256,
            46.75097
          ],
          [
            6.354225,
            46.750966
          ],
          [
            6.354166,
            46.750955
          ],
          [
            6.354143,
            46.750954
          ],
          [
            6.354016,
            46.750949
          ],
          [
            6.353931,
            46.750946
          ],
          [
            6.353881,
            46.750951
          ],
          [
            6.353838,
            46.750951
          ],
          [
            6.353794,
            46.750924
          ],
          [
            6.353799,
            46.750923
          ],
          [
            6.353822,
            46.750928
          ],
          [
            6.353781,
            46.75093
          ],
          [
            6.353755,
            46.750941
          ],
          [
            6.353741,
            46.750951
          ],
          [
            6.35376,
            46.750958
          ],
          [
            6.353775,
            46.750959
          ],
          [
            6.353778,
            46.750959
          ],
          [
            6.353803,
            46.750968
          ],
          [
            6.353824,
            46.750961
          ],
          [
            6.353855,
            46.75095
          ],
          [
            6.35386,
            46.750944
          ],
          [
            6.353865,
            46.750946
          ],
          [
            6.353865,
            46.750946
          ],
          [
            6.353865,
            46.750946
          ],
          [
            6.353865,
            46.750946
          ],
          [
            6.353865,
            46.750946
          ],
          [
            6.353865,
            46.750946
          ],
          [
            6.353865,
            46.750946
          ],
          [
            6.353865,
            46.750946
          ],
          [
            6.353865,
            46.750946
          ],
          [
            6.353865,
            46.750946
          ],
          [
            6.353835,
            46.750919
          ],
          [
            6.35381,
            46.750906
          ],
          [
            6.353806,
            46.750909
          ],
          [
            6.353797,
            46.750907
          ],
          [
            6.353795,
            46.750909
          ],
          [
            6.353783,
            46.750913
          ],
          [
            6.353779,
            46.750912
          ],
          [
            6.353814,
            46.75092
          ],
          [
            6.353814,
            46.75092
          ],
          [
            6.353814,
            46.75092
          ],
          [
            6.353814,
            46.75092
          ],
          [
            6.353814,
            46.75092
          ],
          [
            6.3538,
            46.750923
          ],
          [
            6.353805,
            46.750928
          ],
          [
            6.35383,
            46.750944
          ],
          [
            6.353834,
            46.750948
          ],
          [
            6.353834,
            46.750951
          ],
          [
            6.353834,
            46.750951
          ],
          [
            6.353834,
            46.750951
          ],
          [
            6.353834,
            46.750951
          ],
          [
            6.353834,
            46.750951
          ],
          [
            6.353834,
            46.750951
          ],
          [
            6.353834,
            46.750951
          ],
          [
            6.353834,
            46.750951
          ],
          [
            6.353834,
            46.750951
          ],
          [
            6.353834,
            46.750951
          ],
          [
            6.353857,
            46.750946
          ],
          [
            6.353857,
            46.750946
          ],
          [
            6.353857,
            46.750946
          ],
          [
            6.353857,
            46.750946
          ],
          [
            6.353857,
            46.750946
          ],
          [
            6.353857,
            46.750946
          ],
          [
            6.353857,
            46.750946
          ],
          [
            6.353857,
            46.750946
          ],
          [
            6.353857,
            46.750946
          ],
          [
            6.353857,
            46.750946
          ],
          [
            6.353857,
            46.750946
          ],
          [
            6.353857,
            46.750946
          ],
          [
            6.353857,
            46.750946
          ],
          [
            6.353857,
            46.750946
          ],
          [
            6.353857,
            46.750946
          ],
          [
            6.353857,
            46.750946
          ],
          [
            6.353857,
            46.750946
          ],
          [
            6.353857,
            46.750946
          ],
          [
            6.353857,
            46.750946
          ],
          [
            6.353857,
            46.750946
          ],
          [
            6.353857,
            46.750946
          ],
          [
            6.353857,
            46.750946
          ],
          [
            6.353857,
            46.750946
          ],
          [
            6.353857,
            46.750946
          ],
          [
            6.353857,
            46.750946
          ],
          [
            6.353857,
            46.750946
          ],
          [
            6.353855,
            46.750951
          ],
          [
            6.353857,
            46.750946
          ],
          [
            6.353854,
            46.750953
          ],
          [
            6.353848,
            46.750951
          ],
          [
            6.353843,
            46.750908
          ],
          [
            6.35384,
            46.750907
          ],
          [
            6.35387,
            46.750928
          ],
          [
            6.353865,
            46.750929
          ],
          [
            6.353857,
            46.75093
          ],
          [
            6.353845,
            46.750951
          ],
          [
            6.353852,
            46.750951
          ],
          [
            6.353845,
            46.750951
          ],
          [
            6.353845,
            46.750951
          ],
          [
            6.353845,
            46.750951
          ],
          [
            6.353845,
            46.750951
          ],
          [
            6.353845,
            46.750951
          ],
          [
            6.353845,
            46.750951
          ],
          [
            6.353845,
            46.750951
          ],
          [
            6.353839,
            46.750954
          ],
          [
            6.353819,
            46.75096
          ],
          [
            6.35382,
            46.750961
          ],
          [
            6.35382,
            46.750961
          ],
          [
            6.35382,
            46.750961
          ],
          [
            6.35382,
            46.750961
          ],
          [
            6.35382,
            46.750961
          ],
          [
            6.35382,
            46.750961
          ],
          [
            6.35382,
            46.750961
          ],
          [
            6.35382,
            46.750961
          ],
          [
            6.35382,
            46.750961
          ],
          [
            6.35382,
            46.750961
          ],
          [
            6.35382,
            46.750961
          ],
          [
            6.35382,
            46.750961
          ],
          [
            6.35382,
            46.750961
          ],
          [
            6.35382,
            46.750961
          ],
          [
            6.35382,
            46.750961
          ],
          [
            6.35382,
            46.750961
          ],
          [
            6.35382,
            46.750961
          ],
          [
            6.35382,
            46.750961
          ],
          [
            6.35382,
            46.750961
          ],
          [
            6.35382,
            46.750961
          ],
          [
            6.35382,
            46.750961
          ],
          [
            6.35382,
            46.750961
          ],
          [
            6.35382,
            46.750961
          ],
          [
            6.35382,
            46.750961
          ],
          [
            6.35382,
            46.750961
          ],
          [
            6.35382,
            46.750961
          ],
          [
            6.35382,
            46.750961
          ],
          [
            6.35382,
            46.750961
          ],
          [
            6.35382,
            46.750961
          ],
          [
            6.35382,
            46.750961
          ],
          [
            6.35382,
            46.750961
          ],
          [
            6.35382,
            46.750961
          ],
          [
            6.35382,
            46.750961
          ],
          [
            6.35382,
            46.750961
          ],
          [
            6.35382,
            46.750961
          ],
          [
            6.353829,
            46.750962
          ],
          [
            6.35382,
            46.750961
          ],
          [
            6.35382,
            46.750961
          ],
          [
            6.35382,
            46.750961
          ],
          [
            6.35382,
            46.750961
          ],
          [
            6.35382,
            46.750961
          ],
          [
            6.35382,
            46.750961
          ],
          [
            6.35382,
            46.750961
          ],
          [
            6.35382,
            46.750961
          ],
          [
            6.35382,
            46.750961
          ],
          [
            6.353823,
            46.750962
          ],
          [
            6.35382,
            46.750961
          ],
          [
            6.353814,
            46.750958
          ],
          [
            6.35382,
            46.750961
          ],
          [
            6.35382,
            46.750961
          ],
          [
            6.35382,
            46.750961
          ],
          [
            6.35382,
            46.750961
          ],
          [
            6.35382,
            46.750961
          ],
          [
            6.35382,
            46.750961
          ],
          [
            6.35382,
            46.750961
          ],
          [
            6.35382,
            46.750961
          ],
          [
            6.35382,
            46.750961
          ],
          [
            6.35382,
            46.750961
          ],
          [
            6.35382,
            46.750961
          ],
          [
            6.35382,
            46.750961
          ],
          [
            6.35382,
            46.750961
          ],
          [
            6.35382,
            46.750961
          ],
          [
            6.35382,
            46.750961
          ],
          [
            6.35382,
            46.750961
          ],
          [
            6.35382,
            46.750961
          ],
          [
            6.35382,
            46.750961
          ],
          [
            6.35382,
            46.750961
          ],
          [
            6.35382,
            46.750961
          ],
          [
            6.35382,
            46.750961
          ],
          [
            6.35382,
            46.750961
          ],
          [
            6.35382,
            46.750961
          ],
          [
            6.35382,
            46.750961
          ],
          [
            6.35382,
            46.750961
          ],
          [
            6.35382,
            46.750961
          ],
          [
            6.35382,
            46.750961
          ],
          [
            6.35382,
            46.750961
          ],
          [
            6.35382,
            46.750961
          ],
          [
            6.35382,
            46.750961
          ],
          [
            6.35382,
            46.750961
          ],
          [
            6.35382,
            46.750961
          ],
          [
            6.35382,
            46.750961
          ],
          [
            6.353816,
            46.750953
          ],
          [
            6.35382,
            46.750961
          ],
          [
            6.35382,
            46.750961
          ],
          [
            6.353822,
            46.750953
          ],
          [
            6.35382,
            46.750961
          ],
          [
            6.35382,
            46.750961
          ],
          [
            6.35382,
            46.750961
          ],
          [
            6.35382,
            46.750961
          ],
          [
            6.35382,
            46.750961
          ],
          [
            6.35382,
            46.750961
          ],
          [
            6.35382,
            46.750961
          ],
          [
            6.35382,
            46.750961
          ],
          [
            6.35382,
            46.750961
          ],
          [
            6.35382,
            46.750961
          ],
          [
            6.353833,
            46.750956
          ],
          [
            6.353836,
            46.750954
          ],
          [
            6.353836,
            46.750953
          ],
          [
            6.353851,
            46.750953
          ],
          [
            6.353847,
            46.750952
          ],
          [
            6.353843,
            46.750948
          ],
          [
            6.353847,
            46.750941
          ],
          [
            6.353843,
            46.750939
          ],
          [
            6.353843,
            46.750939
          ],
          [
            6.353843,
            46.750939
          ],
          [
            6.353843,
            46.750939
          ],
          [
            6.353843,
            46.750939
          ],
          [
            6.353808,
            46.750926
          ],
          [
            6.353801,
            46.750926
          ],
          [
            6.353789,
            46.750932
          ],
          [
            6.353776,
            46.750932
          ],
          [
            6.353776,
            46.750932
          ],
          [
            6.353776,
            46.750932
          ],
          [
            6.353776,
            46.750932
          ],
          [
            6.353776,
            46.750932
          ],
          [
            6.353776,
            46.750932
          ],
          [
            6.353776,
            46.750932
          ],
          [
            6.353776,
            46.750932
          ],
          [
            6.353776,
            46.750932
          ],
          [
            6.353805,
            46.750945
          ],
          [
            6.353801,
            46.750946
          ],
          [
            6.353806,
            46.750952
          ],
          [
            6.353804,
            46.750967
          ],
          [
            6.353774,
            46.750994
          ],
          [
            6.353774,
            46.750977
          ],
          [
            6.353756,
            46.750943
          ],
          [
            6.353822,
            46.750956
          ],
          [
            6.35384,
            46.750949
          ],
          [
            6.35384,
            46.750949
          ],
          [
            6.353839,
            46.750949
          ],
          [
            6.353818,
            46.750934
          ],
          [
            6.353814,
            46.750927
          ],
          [
            6.353814,
            46.750927
          ],
          [
            6.353814,
            46.750927
          ],
          [
            6.353814,
            46.750927
          ],
          [
            6.353814,
            46.750927
          ],
          [
            6.353814,
            46.750927
          ],
          [
            6.353814,
            46.750927
          ],
          [
            6.353814,
            46.750927
          ],
          [
            6.353814,
            46.750927
          ],
          [
            6.353814,
            46.750927
          ],
          [
            6.353814,
            46.750927
          ],
          [
            6.353814,
            46.750927
          ],
          [
            6.353814,
            46.750927
          ],
          [
            6.353796,
            46.750939
          ],
          [
            6.353796,
            46.750939
          ],
          [
            6.353796,
            46.750939
          ],
          [
            6.353796,
            46.750939
          ],
          [
            6.353833,
            46.750951
          ],
          [
            6.353844,
            46.750947
          ],
          [
            6.353844,
            46.750948
          ],
          [
            6.353861,
            46.750958
          ],
          [
            6.353918,
            46.750937
          ],
          [
            6.353948,
            46.750937
          ],
          [
            6.353967,
            46.750934
          ],
          [
            6.354005,
            46.750925
          ],
          [
            6.354063,
            46.750894
          ],
          [
            6.354117,
            46.750835
          ],
          [
            6.354171,
            46.750789
          ],
          [
            6.354184,
            46.750775
          ],
          [
            6.354222,
            46.750715
          ],
          [
            6.354229,
            46.750708
          ],
          [
            6.354264,
            46.750677
          ],
          [
            6.354276,
            46.75067
          ],
          [
            6.354303,
            46.750659
          ],
          [
            6.35434,
            46.750637
          ],
          [
            6.35435,
            46.75063
          ],
          [
            6.354381,
            46.750607
          ],
          [
            6.354417,
            46.750577
          ],
          [
            6.354462,
            46.750548
          ],
          [
            6.354473,
            46.750543
          ],
          [
            6.354492,
            46.750526
          ],
          [
            6.354528,
            46.750509
          ],
          [
            6.354541,
            46.750502
          ],
          [
            6.354573,
            46.750483
          ],
          [
            6.354583,
            46.750465
          ],
          [
            6.354607,
            46.75044
          ],
          [
            6.354625,
            46.75042
          ],
          [
            6.35466,
            46.750381
          ],
          [
            6.354667,
            46.750356
          ],
          [
            6.354667,
            46.750344
          ],
          [
            6.354668,
            46.750345
          ],
          [
            6.354668,
            46.750345
          ],
          [
            6.354691,
            46.750326
          ],
          [
            6.354686,
            46.750318
          ],
          [
            6.354679,
            46.750313
          ],
          [
            6.354597,
            46.750305
          ],
          [
            6.354547,
            46.750279
          ],
          [
            6.354525,
            46.750268
          ],
          [
            6.354522,
            46.750265
          ],
          [
            6.354516,
            46.750243
          ],
          [
            6.354517,
            46.750233
          ],
          [
            6.354539,
            46.750215
          ],
          [
            6.354538,
            46.750202
          ],
          [
            6.354548,
            46.7502
          ],
          [
            6.354556,
            46.750199
          ],
          [
            6.354576,
            46.750204
          ],
          [
            6.354613,
            46.750191
          ],
          [
            6.354642,
            46.75018
          ],
          [
            6.354667,
            46.750177
          ],
          [
            6.354725,
            46.750189
          ],
          [
            6.354735,
            46.75019
          ],
          [
            6.354806,
            46.750185
          ],
          [
            6.354819,
            46.750178
          ],
          [
            6.354836,
            46.750145
          ],
          [
            6.354859,
            46.750123
          ],
          [
            6.354881,
            46.7501
          ],
          [
            6.354929,
            46.75008
          ],
          [
            6.354937,
            46.750076
          ],
          [
            6.355002,
            46.750057
          ],
          [
            6.35501,
            46.750033
          ],
          [
            6.355028,
            46.75001
          ],
          [
            6.355055,
            46.749996
          ],
          [
            6.355064,
            46.749992
          ],
          [
            6.355104,
            46.749974
          ],
          [
            6.35511,
            46.749973
          ],
          [
            6.355133,
            46.749952
          ],
          [
            6.35516,
            46.749942
          ],
          [
            6.355177,
            46.749934
          ],
          [
            6.355229,
            46.749918
          ],
          [
            6.355238,
            46.749917
          ],
          [
            6.355307,
            46.749882
          ],
          [
            6.355318,
            46.749868
          ],
          [
            6.355369,
            46.749849
          ],
          [
            6.355399,
            46.749827
          ],
          [
            6.355472,
            46.749742
          ],
          [
            6.355509,
            46.749682
          ],
          [
            6.355529,
            46.749673
          ],
          [
            6.355564,
            46.74965
          ],
          [
            6.355585,
            46.749639
          ],
          [
            6.35564,
            46.749602
          ],
          [
            6.355652,
            46.749583
          ],
          [
            6.355679,
            46.749537
          ],
          [
            6.355689,
            46.749523
          ],
          [
            6.355686,
            46.749499
          ],
          [
            6.355692,
            46.749474
          ],
          [
            6.355701,
            46.74946
          ],
          [
            6.35573,
            46.749429
          ],
          [
            6.355762,
            46.7494
          ],
          [
            6.355779,
            46.749394
          ],
          [
            6.355797,
            46.749374
          ],
          [
            6.355794,
            46.749374
          ],
          [
            6.355799,
            46.749361
          ],
          [
            6.3558,
            46.749347
          ],
          [
            6.355789,
            46.749311
          ],
          [
            6.355786,
            46.749266
          ],
          [
            6.355785,
            46.749255
          ],
          [
            6.355786,
            46.749242
          ],
          [
            6.355787,
            46.749225
          ],
          [
            6.355787,
            46.749191
          ],
          [
            6.355795,
            46.749169
          ],
          [
            6.355807,
            46.749123
          ],
          [
            6.355803,
            46.749082
          ],
          [
            6.355794,
            46.749032
          ],
          [
            6.355788,
            46.749023
          ],
          [
            6.355749,
            46.748977
          ],
          [
            6.355738,
            46.748962
          ],
          [
            6.355718,
            46.748924
          ],
          [
            6.355695,
            46.748894
          ],
          [
            6.355682,
            46.748879
          ],
          [
            6.355678,
            46.748846
          ],
          [
            6.355673,
            46.748816
          ],
          [
            6.355666,
            46.748806
          ],
          [
            6.355661,
            46.748788
          ],
          [
            6.355656,
            46.748782
          ],
          [
            6.355625,
            46.74875
          ],
          [
            6.355574,
            46.748693
          ],
          [
            6.355568,
            46.748683
          ],
          [
            6.355544,
            46.748656
          ],
          [
            6.35548,
            46.748611
          ],
          [
            6.355383,
            46.748515
          ],
          [
            6.355299,
            46.748434
          ],
          [
            6.355305,
            46.748427
          ],
          [
            6.355295,
            46.748385
          ],
          [
            6.355245,
            46.748317
          ],
          [
            6.355238,
            46.748261
          ],
          [
            6.355273,
            46.748185
          ],
          [
            6.355331,
            46.748125
          ],
          [
            6.35542,
            46.748068
          ],
          [
            6.355489,
            46.748013
          ],
          [
            6.355575,
            46.747956
          ],
          [
            6.355615,
            46.747926
          ],
          [
            6.355666,
            46.747891
          ],
          [
            6.355751,
            46.747839
          ],
          [
            6.355807,
            46.747808
          ],
          [
            6.355892,
            46.747747
          ],
          [
            6.355958,
            46.747704
          ],
          [
            6.35598,
            46.747686
          ],
          [
            6.356045,
            46.747634
          ],
          [
            6.356054,
            46.747615
          ],
          [
            6.356087,
            46.747569
          ],
          [
            6.356115,
            46.747541
          ],
          [
            6.356147,
            46.74748
          ],
          [
            6.356147,
            46.747455
          ],
          [
            6.356149,
            46.747443
          ],
          [
            6.356162,
            46.74739
          ],
          [
            6.356166,
            46.74738
          ],
          [
            6.356176,
            46.747361
          ],
          [
            6.35618,
            46.747321
          ],
          [
            6.356187,
            46.747299
          ],
          [
            6.356188,
            46.747288
          ],
          [
            6.356196,
            46.747246
          ],
          [
            6.356206,
            46.747201
          ],
          [
            6.356194,
            46.747143
          ],
          [
            6.356221,
            46.747065
          ],
          [
            6.356233,
            46.747048
          ],
          [
            6.356261,
            46.747027
          ],
          [
            6.356291,
            46.747008
          ],
          [
            6.356325,
            46.746964
          ],
          [
            6.356362,
            46.746929
          ],
          [
            6.356425,
            46.746891
          ],
          [
            6.356487,
            46.746852
          ],
          [
            6.356495,
            46.746844
          ],
          [
            6.356506,
            46.746833
          ],
          [
            6.356561,
            46.746798
          ],
          [
            6.356606,
            46.74674
          ],
          [
            6.356673,
            46.746693
          ],
          [
            6.356707,
            46.746638
          ],
          [
            6.356729,
            46.746596
          ],
          [
            6.35674,
            46.746567
          ],
          [
            6.356747,
            46.746547
          ],
          [
            6.356762,
            46.746523
          ],
          [
            6.356764,
            46.746506
          ],
          [
            6.356769,
            46.746495
          ],
          [
            6.356798,
            46.746467
          ],
          [
            6.356812,
            46.746452
          ],
          [
            6.356834,
            46.746425
          ],
          [
            6.356852,
            46.746396
          ],
          [
            6.356872,
            46.746371
          ],
          [
            6.356885,
            46.746354
          ],
          [
            6.356906,
            46.746319
          ],
          [
            6.356916,
            46.746299
          ],
          [
            6.356935,
            46.746267
          ],
          [
            6.356941,
            46.746236
          ],
          [
            6.356937,
            46.746228
          ],
          [
            6.356946,
            46.746199
          ],
          [
            6.356968,
            46.746178
          ],
          [
            6.356988,
            46.74617
          ],
          [
            6.357011,
            46.746144
          ],
          [
            6.357023,
            46.746124
          ],
          [
            6.357025,
            46.746104
          ],
          [
            6.356999,
            46.746062
          ],
          [
            6.357004,
            46.746037
          ],
          [
            6.357006,
            46.746033
          ],
          [
            6.357017,
            46.745987
          ],
          [
            6.357033,
            46.745975
          ],
          [
            6.357042,
            46.745952
          ],
          [
            6.357066,
            46.745897
          ],
          [
            6.357123,
            46.74585
          ],
          [
            6.357131,
            46.745853
          ],
          [
            6.357193,
            46.745874
          ],
          [
            6.357208,
            46.745854
          ],
          [
            6.357224,
            46.745829
          ],
          [
            6.357243,
            46.745806
          ],
          [
            6.357268,
            46.745776
          ],
          [
            6.357269,
            46.745767
          ],
          [
            6.35728,
            46.745684
          ],
          [
            6.357281,
            46.745676
          ],
          [
            6.357279,
            46.745652
          ],
          [
            6.357274,
            46.745618
          ],
          [
            6.357271,
            46.745598
          ],
          [
            6.357268,
            46.745592
          ],
          [
            6.357253,
            46.745552
          ],
          [
            6.357247,
            46.745508
          ],
          [
            6.357255,
            46.745468
          ],
          [
            6.357257,
            46.745443
          ],
          [
            6.35726,
            46.745407
          ],
          [
            6.357251,
            46.745384
          ],
          [
            6.357246,
            46.745372
          ],
          [
            6.357264,
            46.74536
          ],
          [
            6.357271,
            46.745354
          ],
          [
            6.357272,
            46.745345
          ],
          [
            6.357291,
            46.745316
          ],
          [
            6.357301,
            46.745279
          ],
          [
            6.357316,
            46.745259
          ],
          [
            6.357327,
            46.745221
          ],
          [
            6.357347,
            46.745153
          ],
          [
            6.357359,
            46.74513
          ],
          [
            6.357365,
            46.745126
          ],
          [
            6.357361,
            46.745072
          ],
          [
            6.357362,
            46.745062
          ],
          [
            6.357364,
            46.745044
          ],
          [
            6.357357,
            46.745024
          ],
          [
            6.357336,
            46.744994
          ],
          [
            6.357334,
            46.74497
          ],
          [
            6.357338,
            46.74496
          ],
          [
            6.357353,
            46.744947
          ],
          [
            6.35737,
            46.744924
          ],
          [
            6.357378,
            46.744917
          ],
          [
            6.357408,
            46.744886
          ],
          [
            6.357432,
            46.744864
          ],
          [
            6.357467,
            46.744856
          ],
          [
            6.357526,
            46.744803
          ],
          [
            6.35757,
            46.744787
          ],
          [
            6.357608,
            46.744759
          ],
          [
            6.357668,
            46.744743
          ],
          [
            6.3577,
            46.744728
          ],
          [
            6.357699,
            46.744677
          ],
          [
            6.357691,
            46.744666
          ],
          [
            6.357683,
            46.744609
          ],
          [
            6.357691,
            46.744555
          ],
          [
            6.357697,
            46.744528
          ],
          [
            6.357698,
            46.744516
          ],
          [
            6.357696,
            46.744469
          ],
          [
            6.357696,
            46.744464
          ],
          [
            6.35769,
            46.744435
          ],
          [
            6.357678,
            46.744421
          ],
          [
            6.35766,
            46.744406
          ],
          [
            6.35765,
            46.74438
          ],
          [
            6.35765,
            46.744372
          ],
          [
            6.357642,
            46.744349
          ],
          [
            6.357643,
            46.744327
          ],
          [
            6.357657,
            46.744314
          ],
          [
            6.357661,
            46.744292
          ],
          [
            6.35766,
            46.744274
          ],
          [
            6.357665,
            46.744243
          ],
          [
            6.35767,
            46.744228
          ],
          [
            6.357671,
            46.744218
          ],
          [
            6.357707,
            46.744146
          ],
          [
            6.357757,
            46.744069
          ],
          [
            6.357746,
            46.744042
          ],
          [
            6.35772,
            46.744009
          ],
          [
            6.357694,
            46.743978
          ],
          [
            6.357635,
            46.74392
          ],
          [
            6.357563,
            46.743856
          ],
          [
            6.357543,
            46.743838
          ],
          [
            6.3575,
            46.743806
          ],
          [
            6.35745,
            46.743755
          ],
          [
            6.357458,
            46.74369
          ],
          [
            6.357508,
            46.743637
          ],
          [
            6.357512,
            46.743631
          ],
          [
            6.35752,
            46.743615
          ],
          [
            6.357531,
            46.743603
          ],
          [
            6.357537,
            46.743596
          ],
          [
            6.357533,
            46.743536
          ],
          [
            6.357467,
            46.74347
          ],
          [
            6.35739,
            46.743399
          ],
          [
            6.35734,
            46.743324
          ],
          [
            6.357268,
            46.743261
          ],
          [
            6.357255,
            46.74325
          ],
          [
            6.357191,
            46.743205
          ],
          [
            6.357138,
            46.743173
          ],
          [
            6.357107,
            46.743148
          ],
          [
            6.357062,
            46.743094
          ],
          [
            6.35705,
            46.743075
          ],
          [
            6.357032,
            46.743032
          ],
          [
            6.356982,
            46.742983
          ],
          [
            6.356955,
            46.742961
          ],
          [
            6.356895,
            46.742918
          ],
          [
            6.356805,
            46.742868
          ],
          [
            6.356742,
            46.742835
          ],
          [
            6.356614,
            46.742802
          ],
          [
            6.356519,
            46.742772
          ],
          [
            6.356416,
            46.742733
          ],
          [
            6.356382,
            46.742723
          ],
          [
            6.356386,
            46.742724
          ],
          [
            6.356306,
            46.742705
          ],
          [
            6.356268,
            46.742673
          ],
          [
            6.356253,
            46.742655
          ],
          [
            6.356223,
            46.742637
          ],
          [
            6.356203,
            46.74262
          ],
          [
            6.356184,
            46.74258
          ],
          [
            6.356158,
            46.742555
          ],
          [
            6.35611,
            46.742515
          ],
          [
            6.356094,
            46.742498
          ],
          [
            6.356071,
            46.742445
          ],
          [
            6.356058,
            46.742407
          ],
          [
            6.356057,
            46.742359
          ],
          [
            6.356095,
            46.742229
          ],
          [
            6.356126,
            46.742143
          ],
          [
            6.356141,
            46.742055
          ],
          [
            6.356156,
            46.741971
          ],
          [
            6.356164,
            46.741921
          ],
          [
            6.356162,
            46.741873
          ],
          [
            6.356103,
            46.741756
          ],
          [
            6.356038,
            46.741691
          ],
          [
            6.356007,
            46.741666
          ],
          [
            6.355949,
            46.741616
          ],
          [
            6.355889,
            46.74156
          ],
          [
            6.355878,
            46.741551
          ],
          [
            6.355865,
            46.741546
          ],
          [
            6.355824,
            46.741518
          ],
          [
            6.355777,
            46.741459
          ],
          [
            6.355748,
            46.741434
          ],
          [
            6.355701,
            46.741393
          ],
          [
            6.355652,
            46.741339
          ],
          [
            6.355594,
            46.741259
          ],
          [
            6.355556,
            46.741164
          ],
          [
            6.355535,
            46.741131
          ],
          [
            6.355496,
            46.741072
          ],
          [
            6.355496,
            46.741041
          ],
          [
            6.3555,
            46.741
          ],
          [
            6.35549,
            46.740945
          ],
          [
            6.355482,
            46.74089
          ],
          [
            6.355456,
            46.740848
          ],
          [
            6.355446,
            46.740817
          ],
          [
            6.355405,
            46.740732
          ],
          [
            6.355403,
            46.740722
          ],
          [
            6.355385,
            46.740639
          ],
          [
            6.35538,
            46.740531
          ],
          [
            6.355383,
            46.740458
          ],
          [
            6.355392,
            46.740439
          ],
          [
            6.355392,
            46.740414
          ],
          [
            6.355399,
            46.740351
          ],
          [
            6.355403,
            46.740325
          ],
          [
            6.355406,
            46.740269
          ],
          [
            6.355414,
            46.740227
          ],
          [
            6.355424,
            46.740176
          ],
          [
            6.35544,
            46.740137
          ],
          [
            6.35545,
            46.740118
          ],
          [
            6.355442,
            46.74003
          ],
          [
            6.355447,
            46.73997
          ],
          [
            6.355426,
            46.739897
          ],
          [
            6.355393,
            46.739828
          ],
          [
            6.355383,
            46.739817
          ],
          [
            6.355293,
            46.739737
          ],
          [
            6.355208,
            46.739653
          ],
          [
            6.35511,
            46.739576
          ],
          [
            6.355093,
            46.739557
          ],
          [
            6.355035,
            46.739501
          ],
          [
            6.355025,
            46.739493
          ],
          [
            6.35496,
            46.739441
          ],
          [
            6.354881,
            46.73937
          ],
          [
            6.354858,
            46.739344
          ],
          [
            6.354834,
            46.739298
          ],
          [
            6.354753,
            46.739229
          ],
          [
            6.354664,
            46.739171
          ],
          [
            6.354631,
            46.739155
          ],
          [
            6.354559,
            46.739102
          ],
          [
            6.354506,
            46.739048
          ],
          [
            6.354508,
            46.739032
          ],
          [
            6.354511,
            46.739031
          ],
          [
            6.354512,
            46.739031
          ],
          [
            6.354512,
            46.739031
          ],
          [
            6.354518,
            46.739003
          ],
          [
            6.35453,
            46.738954
          ],
          [
            6.354527,
            46.738945
          ],
          [
            6.354511,
            46.7389
          ],
          [
            6.354528,
            46.738856
          ],
          [
            6.354574,
            46.738802
          ],
          [
            6.354577,
            46.738791
          ],
          [
            6.354588,
            46.738746
          ],
          [
            6.354596,
            46.738719
          ],
          [
            6.354597,
            46.738687
          ],
          [
            6.354588,
            46.738634
          ],
          [
            6.354585,
            46.738622
          ],
          [
            6.354563,
            46.738531
          ],
          [
            6.354544,
            46.738496
          ],
          [
            6.354546,
            46.738472
          ],
          [
            6.354546,
            46.738461
          ],
          [
            6.354527,
            46.738402
          ],
          [
            6.354529,
            46.738389
          ],
          [
            6.354523,
            46.73831
          ],
          [
            6.354517,
            46.738298
          ],
          [
            6.354512,
            46.738203
          ],
          [
            6.354493,
            46.738117
          ],
          [
            6.354458,
            46.738027
          ],
          [
            6.354448,
            46.738011
          ],
          [
            6.354439,
            46.737979
          ],
          [
            6.354451,
            46.737927
          ],
          [
            6.354483,
            46.737808
          ],
          [
            6.354506,
            46.737749
          ],
          [
            6.354518,
            46.737706
          ],
          [
            6.354547,
            46.737594
          ],
          [
            6.354568,
            46.73747
          ],
          [
            6.354565,
            46.737457
          ],
          [
            6.354553,
            46.737418
          ],
          [
            6.354551,
            46.73736
          ],
          [
            6.354496,
            46.737267
          ],
          [
            6.354486,
            46.737146
          ],
          [
            6.354485,
            46.737049
          ],
          [
            6.354475,
            46.736939
          ],
          [
            6.354462,
            46.736848
          ],
          [
            6.354451,
            46.736784
          ],
          [
            6.354448,
            46.736746
          ],
          [
            6.354444,
            46.736702
          ],
          [
            6.354446,
            46.736693
          ],
          [
            6.354452,
            46.736583
          ],
          [
            6.354451,
            46.736571
          ],
          [
            6.354441,
            46.736471
          ],
          [
            6.354447,
            46.736367
          ],
          [
            6.354447,
            46.736354
          ],
          [
            6.354447,
            46.736309
          ],
          [
            6.354448,
            46.736252
          ],
          [
            6.354447,
            46.736238
          ],
          [
            6.354449,
            46.736213
          ],
          [
            6.354441,
            46.736145
          ],
          [
            6.354441,
            46.736132
          ],
          [
            6.354434,
            46.736079
          ],
          [
            6.354434,
            46.736042
          ],
          [
            6.354472,
            46.735945
          ],
          [
            6.354513,
            46.735841
          ],
          [
            6.354534,
            46.735718
          ],
          [
            6.354553,
            46.735593
          ],
          [
            6.354553,
            46.735582
          ],
          [
            6.354557,
            46.735505
          ],
          [
            6.354557,
            46.735486
          ],
          [
            6.354575,
            46.735419
          ],
          [
            6.354578,
            46.735408
          ],
          [
            6.354623,
            46.735296
          ],
          [
            6.354627,
            46.73525
          ],
          [
            6.354625,
            46.7352
          ],
          [
            6.354627,
            46.735187
          ],
          [
            6.354612,
            46.735129
          ],
          [
            6.35459,
            46.735063
          ],
          [
            6.354571,
            46.735016
          ],
          [
            6.354573,
            46.734988
          ],
          [
            6.354569,
            46.734986
          ],
          [
            6.35456,
            46.734981
          ],
          [
            6.354571,
            46.734988
          ],
          [
            6.354589,
            46.734968
          ],
          [
            6.354591,
            46.734927
          ],
          [
            6.354588,
            46.734909
          ],
          [
            6.354586,
            46.734887
          ],
          [
            6.354578,
            46.734887
          ],
          [
            6.354609,
            46.734897
          ],
          [
            6.354625,
            46.734894
          ],
          [
            6.354636,
            46.734885
          ],
          [
            6.35462,
            46.734889
          ],
          [
            6.354633,
            46.734874
          ],
          [
            6.354645,
            46.734866
          ],
          [
            6.35462,
            46.734861
          ],
          [
            6.354611,
            46.734851
          ],
          [
            6.354611,
            46.734853
          ],
          [
            6.354586,
            46.73483
          ],
          [
            6.354563,
            46.734802
          ],
          [
            6.354564,
            46.73478
          ],
          [
            6.354561,
            46.734776
          ],
          [
            6.35456,
            46.734757
          ],
          [
            6.354557,
            46.734739
          ],
          [
            6.354565,
            46.734725
          ],
          [
            6.354601,
            46.734687
          ],
          [
            6.354613,
            46.734676
          ],
          [
            6.354623,
            46.73467
          ],
          [
            6.354614,
            46.734655
          ],
          [
            6.354615,
            46.734646
          ],
          [
            6.354661,
            46.734615
          ],
          [
            6.354671,
            46.734607
          ],
          [
            6.354727,
            46.734576
          ],
          [
            6.354738,
            46.734572
          ],
          [
            6.354749,
            46.734569
          ],
          [
            6.35476,
            46.734564
          ],
          [
            6.354772,
            46.734555
          ],
          [
            6.354779,
            46.734551
          ],
          [
            6.354803,
            46.734538
          ],
          [
            6.354839,
            46.734529
          ],
          [
            6.354857,
            46.73451
          ],
          [
            6.354912,
            46.734472
          ],
          [
            6.354933,
            46.734462
          ],
          [
            6.354944,
            46.734456
          ],
          [
            6.355035,
            46.734401
          ],
          [
            6.355091,
            46.734362
          ],
          [
            6.355129,
            46.73434
          ],
          [
            6.355202,
            46.734299
          ],
          [
            6.355228,
            46.734283
          ],
          [
            6.355264,
            46.734259
          ],
          [
            6.355314,
            46.734243
          ],
          [
            6.355346,
            46.734221
          ],
          [
            6.355408,
            46.734181
          ],
          [
            6.355465,
            46.734153
          ],
          [
            6.355497,
            46.734134
          ],
          [
            6.355545,
            46.734106
          ],
          [
            6.355564,
            46.734101
          ],
          [
            6.355592,
            46.734088
          ],
          [
            6.355614,
            46.734069
          ],
          [
            6.355668,
            46.734029
          ],
          [
            6.355693,
            46.734018
          ],
          [
            6.355739,
            46.733991
          ],
          [
            6.355785,
            46.733968
          ],
          [
            6.355855,
            46.733926
          ],
          [
            6.3559,
            46.7339
          ],
          [
            6.355943,
            46.733868
          ],
          [
            6.356004,
            46.733833
          ],
          [
            6.356026,
            46.733816
          ],
          [
            6.35608,
            46.733777
          ],
          [
            6.356161,
            46.733735
          ],
          [
            6.356184,
            46.733726
          ],
          [
            6.356219,
            46.733711
          ],
          [
            6.356251,
            46.733692
          ],
          [
            6.356264,
            46.733688
          ],
          [
            6.356357,
            46.733646
          ],
          [
            6.35643,
            46.73362
          ],
          [
            6.356454,
            46.733594
          ],
          [
            6.356459,
            46.733586
          ],
          [
            6.356468,
            46.733575
          ],
          [
            6.356529,
            46.733561
          ],
          [
            6.356555,
            46.733553
          ],
          [
            6.356578,
            46.733541
          ],
          [
            6.35662,
            46.733518
          ],
          [
            6.356633,
            46.733512
          ],
          [
            6.356716,
            46.733502
          ],
          [
            6.356731,
            46.733502
          ],
          [
            6.356797,
            46.733503
          ],
          [
            6.356803,
            46.733508
          ],
          [
            6.356813,
            46.733518
          ],
          [
            6.356814,
            46.733523
          ],
          [
            6.356814,
            46.733525
          ],
          [
            6.356804,
            46.733555
          ],
          [
            6.356805,
            46.733554
          ],
          [
            6.356805,
            46.733554
          ],
          [
            6.356805,
            46.733554
          ],
          [
            6.356805,
            46.733554
          ],
          [
            6.356805,
            46.733554
          ],
          [
            6.356805,
            46.733554
          ],
          [
            6.356805,
            46.733554
          ],
          [
            6.356805,
            46.733554
          ],
          [
            6.356805,
            46.733554
          ],
          [
            6.356805,
            46.733554
          ],
          [
            6.356808,
            46.733534
          ],
          [
            6.356807,
            46.733532
          ],
          [
            6.356807,
            46.733532
          ],
          [
            6.356799,
            46.73353
          ],
          [
            6.356802,
            46.733529
          ],
          [
            6.356804,
            46.733527
          ],
          [
            6.356806,
            46.733527
          ],
          [
            6.356801,
            46.733526
          ],
          [
            6.356801,
            46.733528
          ],
          [
            6.356804,
            46.733529
          ],
          [
            6.356807,
            46.733532
          ],
          [
            6.356755,
            46.733558
          ],
          [
            6.356704,
            46.733541
          ],
          [
            6.356725,
            46.733512
          ],
          [
            6.356736,
            46.733515
          ],
          [
            6.35675,
            46.733508
          ],
          [
            6.35676,
            46.733499
          ],
          [
            6.356722,
            46.733502
          ],
          [
            6.356725,
            46.733502
          ],
          [
            6.356773,
            46.733539
          ],
          [
            6.356778,
            46.733537
          ],
          [
            6.356775,
            46.733535
          ],
          [
            6.356785,
            46.733536
          ],
          [
            6.356785,
            46.733536
          ],
          [
            6.356789,
            46.733535
          ],
          [
            6.356784,
            46.733535
          ],
          [
            6.356774,
            46.733532
          ],
          [
            6.356785,
            46.733536
          ],
          [
            6.356785,
            46.733536
          ],
          [
            6.356785,
            46.733536
          ],
          [
            6.356785,
            46.733536
          ],
          [
            6.356785,
            46.733536
          ],
          [
            6.356785,
            46.733536
          ],
          [
            6.356785,
            46.733536
          ],
          [
            6.356775,
            46.733531
          ],
          [
            6.356774,
            46.733529
          ],
          [
            6.356783,
            46.733529
          ],
          [
            6.356785,
            46.733536
          ],
          [
            6.356785,
            46.733536
          ],
          [
            6.356785,
            46.733536
          ],
          [
            6.356785,
            46.733536
          ],
          [
            6.356785,
            46.733536
          ],
          [
            6.356785,
            46.733536
          ],
          [
            6.356785,
            46.733536
          ],
          [
            6.356785,
            46.733536
          ],
          [
            6.356785,
            46.733536
          ],
          [
            6.356785,
            46.733536
          ],
          [
            6.356785,
            46.733536
          ],
          [
            6.356757,
            46.733521
          ],
          [
            6.356757,
            46.733525
          ],
          [
            6.356785,
            46.733536
          ],
          [
            6.356785,
            46.733536
          ],
          [
            6.356768,
            46.733532
          ],
          [
            6.356785,
            46.733536
          ],
          [
            6.356785,
            46.733536
          ],
          [
            6.356785,
            46.733536
          ],
          [
            6.356785,
            46.733536
          ],
          [
            6.356785,
            46.733536
          ],
          [
            6.356785,
            46.733536
          ],
          [
            6.356785,
            46.733536
          ],
          [
            6.356785,
            46.733536
          ],
          [
            6.356785,
            46.733536
          ],
          [
            6.356785,
            46.733536
          ],
          [
            6.356785,
            46.733536
          ],
          [
            6.356785,
            46.733536
          ],
          [
            6.356785,
            46.733536
          ],
          [
            6.356785,
            46.733536
          ],
          [
            6.356785,
            46.733536
          ],
          [
            6.356785,
            46.733536
          ],
          [
            6.356785,
            46.733536
          ],
          [
            6.356785,
            46.733536
          ],
          [
            6.356785,
            46.733536
          ],
          [
            6.356785,
            46.733536
          ],
          [
            6.356785,
            46.733536
          ],
          [
            6.356785,
            46.733536
          ],
          [
            6.356785,
            46.733536
          ],
          [
            6.356779,
            46.733536
          ],
          [
            6.356785,
            46.733536
          ],
          [
            6.356785,
            46.733536
          ],
          [
            6.356785,
            46.733536
          ],
          [
            6.356785,
            46.733536
          ],
          [
            6.356776,
            46.733539
          ],
          [
            6.356785,
            46.733536
          ],
          [
            6.356774,
            46.733538
          ],
          [
            6.356785,
            46.733536
          ],
          [
            6.356785,
            46.733536
          ],
          [
            6.356785,
            46.733536
          ],
          [
            6.356785,
            46.733536
          ],
          [
            6.356785,
            46.733536
          ],
          [
            6.356778,
            46.733539
          ],
          [
            6.356781,
            46.733558
          ],
          [
            6.356773,
            46.733551
          ],
          [
            6.356765,
            46.733552
          ],
          [
            6.356745,
            46.733557
          ],
          [
            6.35675,
            46.733564
          ],
          [
            6.356756,
            46.73356
          ],
          [
            6.356781,
            46.733544
          ],
          [
            6.356786,
            46.733538
          ],
          [
            6.356785,
            46.733536
          ],
          [
            6.356785,
            46.733536
          ],
          [
            6.356785,
            46.733536
          ],
          [
            6.356785,
            46.733536
          ],
          [
            6.356785,
            46.733536
          ],
          [
            6.356785,
            46.733536
          ],
          [
            6.356785,
            46.733536
          ],
          [
            6.356785,
            46.733536
          ],
          [
            6.356785,
            46.733536
          ],
          [
            6.356785,
            46.733536
          ],
          [
            6.356785,
            46.733536
          ],
          [
            6.356785,
            46.733536
          ],
          [
            6.356785,
            46.733536
          ],
          [
            6.356785,
            46.733536
          ],
          [
            6.356785,
            46.733536
          ],
          [
            6.356785,
            46.733536
          ],
          [
            6.356785,
            46.733536
          ],
          [
            6.356783,
            46.733528
          ],
          [
            6.356785,
            46.733536
          ],
          [
            6.356785,
            46.733536
          ],
          [
            6.356785,
            46.733536
          ],
          [
            6.356785,
            46.733536
          ],
          [
            6.356785,
            46.733536
          ],
          [
            6.356785,
            46.733536
          ],
          [
            6.356785,
            46.73354
          ],
          [
            6.356773,
            46.733545
          ],
          [
            6.356769,
            46.733535
          ],
          [
            6.356772,
            46.73353
          ],
          [
            6.35678,
            46.733527
          ],
          [
            6.356789,
            46.733533
          ],
          [
            6.356792,
            46.733532
          ],
          [
            6.356785,
            46.733536
          ],
          [
            6.356768,
            46.733542
          ],
          [
            6.356758,
            46.733541
          ],
          [
            6.356733,
            46.733543
          ],
          [
            6.356716,
            46.733542
          ],
          [
            6.356712,
            46.733544
          ],
          [
            6.356685,
            46.733541
          ],
          [
            6.356578,
            46.733555
          ],
          [
            6.356565,
            46.733562
          ],
          [
            6.356528,
            46.733582
          ],
          [
            6.356505,
            46.733589
          ],
          [
            6.356479,
            46.733605
          ],
          [
            6.356444,
            46.733617
          ],
          [
            6.356432,
            46.733619
          ],
          [
            6.356382,
            46.733642
          ],
          [
            6.356309,
            46.733659
          ],
          [
            6.356236,
            46.733671
          ],
          [
            6.356151,
            46.73372
          ],
          [
            6.356087,
            46.733757
          ],
          [
            6.356065,
            46.733777
          ],
          [
            6.35602,
            46.733797
          ],
          [
            6.355962,
            46.733823
          ],
          [
            6.355873,
            46.733875
          ],
          [
            6.355847,
            46.733894
          ],
          [
            6.355716,
            46.733952
          ],
          [
            6.355697,
            46.733966
          ],
          [
            6.355661,
            46.733976
          ],
          [
            6.355642,
            46.733994
          ],
          [
            6.355584,
            46.73402
          ],
          [
            6.355566,
            46.734038
          ],
          [
            6.355556,
            46.734046
          ],
          [
            6.355521,
            46.734055
          ],
          [
            6.355504,
            46.73406
          ],
          [
            6.355477,
            46.73407
          ],
          [
            6.355455,
            46.734083
          ],
          [
            6.355417,
            46.734121
          ],
          [
            6.355407,
            46.734131
          ],
          [
            6.355394,
            46.734142
          ],
          [
            6.355386,
            46.734149
          ],
          [
            6.355354,
            46.734161
          ],
          [
            6.355309,
            46.734185
          ],
          [
            6.355257,
            46.734225
          ],
          [
            6.355248,
            46.734237
          ],
          [
            6.355164,
            46.734279
          ],
          [
            6.355081,
            46.734338
          ],
          [
            6.355053,
            46.734356
          ],
          [
            6.354945,
            46.734416
          ],
          [
            6.354922,
            46.734433
          ],
          [
            6.354879,
            46.734451
          ],
          [
            6.354826,
            46.734491
          ],
          [
            6.354741,
            46.734549
          ],
          [
            6.354712,
            46.734567
          ],
          [
            6.354629,
            46.734621
          ],
          [
            6.354614,
            46.734637
          ],
          [
            6.354562,
            46.734684
          ],
          [
            6.354533,
            46.734725
          ],
          [
            6.354526,
            46.734732
          ],
          [
            6.354519,
            46.73474
          ],
          [
            6.354523,
            46.734762
          ],
          [
            6.354521,
            46.73479
          ],
          [
            6.354524,
            46.734834
          ],
          [
            6.354532,
            46.734864
          ],
          [
            6.354541,
            46.734889
          ],
          [
            6.354553,
            46.734908
          ],
          [
            6.354568,
            46.73498
          ],
          [
            6.354563,
            46.734987
          ],
          [
            6.354561,
            46.734991
          ],
          [
            6.354542,
            46.735003
          ],
          [
            6.35454,
            46.73501
          ],
          [
            6.35455,
            46.735031
          ],
          [
            6.354549,
            46.735046
          ],
          [
            6.354553,
            46.735061
          ],
          [
            6.354559,
            46.735158
          ],
          [
            6.354555,
            46.735244
          ],
          [
            6.354551,
            46.735276
          ],
          [
            6.354551,
            46.735317
          ],
          [
            6.354549,
            46.735362
          ],
          [
            6.354553,
            46.735382
          ],
          [
            6.354551,
            46.735395
          ],
          [
            6.354539,
            46.735453
          ],
          [
            6.35453,
            46.735497
          ],
          [
            6.354516,
            46.735588
          ],
          [
            6.354515,
            46.735601
          ],
          [
            6.354479,
            46.73571
          ],
          [
            6.354485,
            46.735796
          ],
          [
            6.354472,
            46.735837
          ],
          [
            6.354444,
            46.735912
          ],
          [
            6.35441,
            46.736029
          ],
          [
            6.354404,
            46.736157
          ],
          [
            6.354396,
            46.736248
          ],
          [
            6.354402,
            46.736365
          ],
          [
            6.354396,
            46.736436
          ],
          [
            6.354397,
            46.736447
          ],
          [
            6.354392,
            46.736567
          ],
          [
            6.354397,
            46.736656
          ],
          [
            6.354399,
            46.73675
          ],
          [
            6.354404,
            46.736784
          ],
          [
            6.354418,
            46.736836
          ],
          [
            6.35442,
            46.736847
          ],
          [
            6.354427,
            46.736883
          ],
          [
            6.354433,
            46.73695
          ],
          [
            6.35445,
            46.737034
          ],
          [
            6.354454,
            46.737116
          ],
          [
            6.354472,
            46.737221
          ],
          [
            6.354491,
            46.737324
          ],
          [
            6.35449,
            46.737338
          ],
          [
            6.354509,
            46.737454
          ],
          [
            6.354506,
            46.737505
          ],
          [
            6.354508,
            46.737532
          ],
          [
            6.35449,
            46.73763
          ],
          [
            6.354487,
            46.737643
          ],
          [
            6.354442,
            46.737744
          ],
          [
            6.354415,
            46.737824
          ],
          [
            6.354407,
            46.737847
          ],
          [
            6.354405,
            46.737861
          ],
          [
            6.354407,
            46.73795
          ],
          [
            6.354411,
            46.737975
          ],
          [
            6.354432,
            46.738036
          ],
          [
            6.35443,
            46.738072
          ],
          [
            6.354447,
            46.738117
          ],
          [
            6.354465,
            46.738209
          ],
          [
            6.354463,
            46.738258
          ],
          [
            6.354464,
            46.738278
          ],
          [
            6.354472,
            46.738311
          ],
          [
            6.354482,
            46.738342
          ],
          [
            6.354499,
            46.738455
          ],
          [
            6.354529,
            46.738534
          ],
          [
            6.354536,
            46.738598
          ],
          [
            6.354543,
            46.738648
          ],
          [
            6.354527,
            46.738694
          ],
          [
            6.354516,
            46.738732
          ],
          [
            6.354504,
            46.738804
          ],
          [
            6.354508,
            46.738812
          ],
          [
            6.354506,
            46.738842
          ],
          [
            6.354498,
            46.738863
          ],
          [
            6.354479,
            46.738893
          ],
          [
            6.354473,
            46.738907
          ],
          [
            6.35446,
            46.738945
          ],
          [
            6.354456,
            46.739002
          ],
          [
            6.354462,
            46.739038
          ],
          [
            6.354465,
            46.73905
          ],
          [
            6.354461,
            46.739136
          ],
          [
            6.354499,
            46.73922
          ],
          [
            6.354531,
            46.739282
          ],
          [
            6.354549,
            46.739319
          ],
          [
            6.354553,
            46.739344
          ],
          [
            6.354582,
            46.73941
          ],
          [
            6.354587,
            46.739435
          ],
          [
            6.354593,
            46.739447
          ],
          [
            6.354604,
            46.739537
          ],
          [
            6.354614,
            46.739626
          ],
          [
            6.354618,
            46.739675
          ],
          [
            6.354625,
            46.739775
          ],
          [
            6.354644,
            46.739886
          ],
          [
            6.354652,
            46.740019
          ],
          [
            6.354674,
            46.740075
          ],
          [
            6.354688,
            46.740151
          ],
          [
            6.354702,
            46.74025
          ],
          [
            6.354711,
            46.740284
          ],
          [
            6.354714,
            46.740297
          ],
          [
            6.354734,
            46.740345
          ],
          [
            6.354748,
            46.740364
          ],
          [
            6.354751,
            46.740386
          ],
          [
            6.35476,
            46.740431
          ],
          [
            6.3548,
            46.740499
          ],
          [
            6.354825,
            46.740533
          ],
          [
            6.354871,
            46.740635
          ],
          [
            6.35489,
            46.740705
          ],
          [
            6.354894,
            46.740719
          ],
          [
            6.354931,
            46.740791
          ],
          [
            6.354971,
            46.740896
          ],
          [
            6.355036,
            46.741029
          ],
          [
            6.355074,
            46.741099
          ],
          [
            6.355086,
            46.741122
          ],
          [
            6.355112,
            46.74121
          ],
          [
            6.355131,
            46.741245
          ],
          [
            6.355207,
            46.74133
          ],
          [
            6.355222,
            46.741347
          ],
          [
            6.355263,
            46.741403
          ],
          [
            6.355304,
            46.741453
          ],
          [
            6.355375,
            46.741529
          ],
          [
            6.35549,
            46.741593
          ],
          [
            6.35551,
            46.741608
          ],
          [
            6.355599,
            46.741676
          ],
          [
            6.35569,
            46.741746
          ],
          [
            6.355733,
            46.741802
          ],
          [
            6.355767,
            46.741833
          ],
          [
            6.355848,
            46.741907
          ],
          [
            6.355878,
            46.742003
          ],
          [
            6.355883,
            46.742016
          ],
          [
            6.3559,
            46.742092
          ],
          [
            6.355918,
            46.742178
          ],
          [
            6.355943,
            46.742277
          ],
          [
            6.35596,
            46.742333
          ],
          [
            6.355979,
            46.74238
          ],
          [
            6.35598,
            46.742391
          ],
          [
            6.355984,
            46.74242
          ],
          [
            6.356007,
            46.742488
          ],
          [
            6.356041,
            46.742557
          ],
          [
            6.356059,
            46.742599
          ],
          [
            6.356091,
            46.74265
          ],
          [
            6.356058,
            46.742687
          ],
          [
            6.356013,
            46.742708
          ],
          [
            6.355962,
            46.742726
          ],
          [
            6.355896,
            46.742752
          ],
          [
            6.355874,
            46.742777
          ],
          [
            6.355877,
            46.742786
          ],
          [
            6.355877,
            46.742786
          ],
          [
            6.355877,
            46.742786
          ],
          [
            6.355877,
            46.742786
          ],
          [
            6.355877,
            46.742786
          ],
          [
            6.355877,
            46.742786
          ],
          [
            6.355876,
            46.742801
          ],
          [
            6.355896,
            46.74281
          ],
          [
            6.355985,
            46.742852
          ],
          [
            6.356093,
            46.742932
          ],
          [
            6.356173,
            46.743
          ],
          [
            6.356185,
            46.743016
          ],
          [
            6.356197,
            46.743033
          ],
          [
            6.356222,
            46.743047
          ],
          [
            6.356251,
            46.743062
          ],
          [
            6.356325,
            46.743109
          ],
          [
            6.356337,
            46.743124
          ],
          [
            6.356381,
            46.743177
          ],
          [
            6.356408,
            46.74322
          ],
          [
            6.356458,
            46.743324
          ],
          [
            6.356465,
            46.743339
          ],
          [
            6.356491,
            46.743424
          ],
          [
            6.356489,
            46.743438
          ],
          [
            6.356488,
            46.743453
          ],
          [
            6.356504,
            46.743533
          ],
          [
            6.35652,
            46.743641
          ],
          [
            6.356542,
            46.743682
          ],
          [
            6.35656,
            46.743728
          ],
          [
            6.356581,
            46.743773
          ],
          [
            6.356596,
            46.74381
          ],
          [
            6.356603,
            46.743845
          ],
          [
            6.3566,
            46.74388
          ],
          [
            6.356591,
            46.743952
          ],
          [
            6.356591,
            46.743957
          ],
          [
            6.356586,
            46.743998
          ],
          [
            6.356568,
            46.744076
          ],
          [
            6.356569,
            46.744142
          ],
          [
            6.356577,
            46.744153
          ],
          [
            6.356585,
            46.744191
          ],
          [
            6.35658,
            46.744215
          ],
          [
            6.356584,
            46.744224
          ],
          [
            6.356596,
            46.744293
          ],
          [
            6.356604,
            46.744363
          ],
          [
            6.356621,
            46.744445
          ],
          [
            6.35662,
            46.744466
          ],
          [
            6.356619,
            46.744517
          ],
          [
            6.356645,
            46.744548
          ],
          [
            6.356678,
            46.744641
          ],
          [
            6.356695,
            46.744696
          ],
          [
            6.356691,
            46.744707
          ],
          [
            6.356693,
            46.744729
          ],
          [
            6.356686,
            46.744758
          ],
          [
            6.356691,
            46.744769
          ],
          [
            6.356696,
            46.744785
          ],
          [
            6.356705,
            46.744809
          ],
          [
            6.356706,
            46.744818
          ],
          [
            6.356709,
            46.744856
          ],
          [
            6.356733,
            46.744928
          ],
          [
            6.356741,
            46.744942
          ],
          [
            6.35674,
            46.745011
          ],
          [
            6.356757,
            46.745068
          ],
          [
            6.356809,
            46.745156
          ],
          [
            6.356864,
            46.745255
          ],
          [
            6.356905,
            46.745323
          ],
          [
            6.356951,
            46.745414
          ],
          [
            6.35701,
            46.745481
          ],
          [
            6.35702,
            46.745562
          ],
          [
            6.357011,
            46.745571
          ],
          [
            6.356986,
            46.745606
          ],
          [
            6.356979,
            46.745666
          ],
          [
            6.356982,
            46.745682
          ],
          [
            6.356966,
            46.745723
          ],
          [
            6.356937,
            46.745798
          ],
          [
            6.356925,
            46.745851
          ],
          [
            6.356912,
            46.745901
          ],
          [
            6.356918,
            46.745907
          ],
          [
            6.356932,
            46.74592
          ],
          [
            6.356932,
            46.74592
          ],
          [
            6.356928,
            46.74593
          ],
          [
            6.356932,
            46.74592
          ],
          [
            6.356894,
            46.745957
          ],
          [
            6.356894,
            46.745979
          ],
          [
            6.356894,
            46.746017
          ],
          [
            6.356874,
            46.746068
          ],
          [
            6.356876,
            46.746103
          ],
          [
            6.35688,
            46.746111
          ],
          [
            6.356933,
            46.746169
          ],
          [
            6.356945,
            46.746173
          ],
          [
            6.356949,
            46.746196
          ],
          [
            6.356935,
            46.746199
          ],
          [
            6.356914,
            46.746211
          ],
          [
            6.356851,
            46.746243
          ],
          [
            6.35684,
            46.746247
          ],
          [
            6.35685,
            46.746253
          ],
          [
            6.356852,
            46.74626
          ],
          [
            6.356863,
            46.746269
          ],
          [
            6.356872,
            46.746331
          ],
          [
            6.356857,
            46.746356
          ],
          [
            6.356854,
            46.746411
          ],
          [
            6.356844,
            46.746421
          ],
          [
            6.356831,
            46.746432
          ],
          [
            6.356798,
            46.746481
          ],
          [
            6.35675,
            46.746541
          ],
          [
            6.356738,
            46.746558
          ],
          [
            6.356725,
            46.746588
          ],
          [
            6.356723,
            46.7466
          ],
          [
            6.356713,
            46.746654
          ],
          [
            6.356708,
            46.746663
          ],
          [
            6.356679,
            46.746718
          ],
          [
            6.356646,
            46.746748
          ],
          [
            6.356603,
            46.746779
          ],
          [
            6.356594,
            46.746785
          ],
          [
            6.35654,
            46.746821
          ],
          [
            6.356509,
            46.746843
          ],
          [
            6.356405,
            46.746908
          ],
          [
            6.356381,
            46.746946
          ],
          [
            6.35637,
            46.746977
          ],
          [
            6.356376,
            46.746995
          ],
          [
            6.356379,
            46.747002
          ],
          [
            6.356385,
            46.747
          ],
          [
            6.356386,
            46.746998
          ],
          [
            6.35638,
            46.747003
          ],
          [
            6.35636,
            46.747023
          ],
          [
            6.356353,
            46.747031
          ],
          [
            6.356337,
            46.747042
          ],
          [
            6.356334,
            46.747047
          ],
          [
            6.35632,
            46.747049
          ],
          [
            6.356305,
            46.747055
          ],
          [
            6.356299,
            46.747066
          ],
          [
            6.356266,
            46.747113
          ],
          [
            6.356265,
            46.747112
          ],
          [
            6.356266,
            46.747113
          ],
          [
            6.356266,
            46.747113
          ],
          [
            6.356266,
            46.747113
          ],
          [
            6.356265,
            46.747112
          ],
          [
            6.356262,
            46.747136
          ],
          [
            6.356262,
            46.747145
          ],
          [
            6.356266,
            46.747182
          ],
          [
            6.356266,
            46.747182
          ],
          [
            6.356266,
            46.747182
          ],
          [
            6.356266,
            46.747182
          ],
          [
            6.356266,
            46.747182
          ],
          [
            6.356266,
            46.747182
          ],
          [
            6.356266,
            46.747182
          ],
          [
            6.356258,
            46.747196
          ],
          [
            6.356261,
            46.747199
          ],
          [
            6.356261,
            46.747198
          ],
          [
            6.356261,
            46.747198
          ],
          [
            6.356266,
            46.747205
          ],
          [
            6.356261,
            46.747198
          ],
          [
            6.356269,
            46.74721
          ],
          [
            6.356261,
            46.747223
          ],
          [
            6.356257,
            46.747231
          ],
          [
            6.35625,
            46.747244
          ],
          [
            6.356228,
            46.747304
          ],
          [
            6.356224,
            46.747311
          ],
          [
            6.356194,
            46.74738
          ],
          [
            6.35618,
            46.74745
          ],
          [
            6.356173,
            46.747458
          ],
          [
            6.356151,
            46.747504
          ],
          [
            6.35612,
            46.747548
          ],
          [
            6.356061,
            46.747618
          ],
          [
            6.356049,
            46.747625
          ],
          [
            6.35598,
            46.747681
          ],
          [
            6.35592,
            46.747728
          ],
          [
            6.355877,
            46.747757
          ],
          [
            6.355822,
            46.747796
          ],
          [
            6.355763,
            46.747842
          ],
          [
            6.355665,
            46.747904
          ],
          [
            6.355554,
            46.747972
          ],
          [
            6.355478,
            46.74801
          ],
          [
            6.355447,
            46.74803
          ],
          [
            6.35542,
            46.748049
          ],
          [
            6.355359,
            46.748088
          ],
          [
            6.355329,
            46.748106
          ],
          [
            6.355301,
            46.748122
          ],
          [
            6.355256,
            46.748165
          ],
          [
            6.35524,
            46.748187
          ],
          [
            6.35523,
            46.748224
          ],
          [
            6.355222,
            46.748287
          ],
          [
            6.355243,
            46.748397
          ],
          [
            6.355256,
            46.748424
          ],
          [
            6.355282,
            46.748452
          ],
          [
            6.35529,
            46.748461
          ],
          [
            6.355335,
            46.748516
          ],
          [
            6.355351,
            46.748536
          ],
          [
            6.355428,
            46.748602
          ],
          [
            6.355538,
            46.748685
          ],
          [
            6.355544,
            46.748691
          ],
          [
            6.355581,
            46.748732
          ],
          [
            6.355602,
            46.74875
          ],
          [
            6.355633,
            46.748785
          ],
          [
            6.355637,
            46.748793
          ],
          [
            6.35566,
            46.748817
          ],
          [
            6.355662,
            46.748817
          ],
          [
            6.355695,
            46.748855
          ],
          [
            6.3557,
            46.748864
          ],
          [
            6.355721,
            46.748926
          ],
          [
            6.355722,
            46.748935
          ],
          [
            6.355736,
            46.748989
          ],
          [
            6.355742,
            46.748996
          ],
          [
            6.355752,
            46.749018
          ],
          [
            6.355761,
            46.749044
          ],
          [
            6.355765,
            46.749053
          ],
          [
            6.355777,
            46.749082
          ],
          [
            6.355787,
            46.749148
          ],
          [
            6.355763,
            46.749233
          ],
          [
            6.355761,
            46.749248
          ],
          [
            6.355744,
            46.749305
          ],
          [
            6.355735,
            46.74934
          ],
          [
            6.35574,
            46.74935
          ],
          [
            6.355752,
            46.749396
          ],
          [
            6.355752,
            46.74941
          ],
          [
            6.35574,
            46.749435
          ],
          [
            6.355684,
            46.749468
          ],
          [
            6.355684,
            46.749479
          ],
          [
            6.355686,
            46.749489
          ],
          [
            6.355664,
            46.749523
          ],
          [
            6.35567,
            46.749559
          ],
          [
            6.355657,
            46.749636
          ],
          [
            6.355643,
            46.749687
          ],
          [
            6.355625,
            46.749705
          ],
          [
            6.355591,
            46.749732
          ],
          [
            6.355572,
            46.749741
          ],
          [
            6.355483,
            46.749794
          ],
          [
            6.355444,
            46.749812
          ],
          [
            6.35541,
            46.74982
          ],
          [
            6.355321,
            46.749871
          ],
          [
            6.355307,
            46.749871
          ],
          [
            6.355251,
            46.749893
          ],
          [
            6.355245,
            46.749895
          ],
          [
            6.355201,
            46.749906
          ],
          [
            6.355144,
            46.749917
          ],
          [
            6.355105,
            46.749943
          ],
          [
            6.355091,
            46.749944
          ],
          [
            6.355055,
            46.749946
          ],
          [
            6.355019,
            46.749961
          ],
          [
            6.35499,
            46.74997
          ],
          [
            6.35492,
            46.749994
          ],
          [
            6.354898,
            46.749998
          ],
          [
            6.354872,
            46.749997
          ],
          [
            6.354845,
            46.749997
          ],
          [
            6.354815,
            46.750005
          ],
          [
            6.354801,
            46.750025
          ],
          [
            6.354801,
            46.750033
          ],
          [
            6.354808,
            46.750048
          ],
          [
            6.354852,
            46.750102
          ],
          [
            6.354848,
            46.750119
          ],
          [
            6.354803,
            46.750151
          ],
          [
            6.354798,
            46.750153
          ],
          [
            6.354744,
            46.750164
          ],
          [
            6.35473,
            46.750164
          ],
          [
            6.354687,
            46.750156
          ],
          [
            6.354676,
            46.750155
          ],
          [
            6.354622,
            46.75016
          ],
          [
            6.354605,
            46.750168
          ],
          [
            6.354584,
            46.750187
          ],
          [
            6.354546,
            46.750194
          ],
          [
            6.354481,
            46.750213
          ],
          [
            6.354478,
            46.750218
          ],
          [
            6.354483,
            46.750243
          ],
          [
            6.354494,
            46.750254
          ],
          [
            6.354513,
            46.750295
          ],
          [
            6.354533,
            46.750305
          ],
          [
            6.354548,
            46.750309
          ],
          [
            6.35458,
            46.750338
          ],
          [
            6.354585,
            46.750357
          ],
          [
            6.354588,
            46.750401
          ],
          [
            6.354594,
            46.750452
          ],
          [
            6.354572,
            46.750468
          ],
          [
            6.354555,
            46.750479
          ],
          [
            6.354547,
            46.750486
          ],
          [
            6.354504,
            46.750521
          ],
          [
            6.354494,
            46.750527
          ],
          [
            6.354459,
            46.750549
          ],
          [
            6.354435,
            46.750565
          ],
          [
            6.354408,
            46.750576
          ],
          [
            6.354383,
            46.750597
          ],
          [
            6.354365,
            46.750619
          ],
          [
            6.354341,
            46.750632
          ],
          [
            6.354315,
            46.75065
          ],
          [
            6.354309,
            46.750655
          ],
          [
            6.354276,
            46.750675
          ],
          [
            6.354249,
            46.750694
          ],
          [
            6.35424,
            46.750703
          ],
          [
            6.354222,
            46.750723
          ],
          [
            6.354217,
            46.75073
          ],
          [
            6.354206,
            46.750791
          ],
          [
            6.354209,
            46.750792
          ],
          [
            6.35421,
            46.750788
          ],
          [
            6.354208,
            46.750787
          ],
          [
            6.354198,
            46.750785
          ],
          [
            6.354193,
            46.750814
          ],
          [
            6.354177,
            46.750827
          ],
          [
            6.354173,
            46.750839
          ],
          [
            6.354155,
            46.750863
          ],
          [
            6.354151,
            46.750865
          ],
          [
            6.354154,
            46.750861
          ],
          [
            6.354138,
            46.750867
          ],
          [
            6.354143,
            46.750862
          ],
          [
            6.354152,
            46.75087
          ],
          [
            6.354164,
            46.750887
          ],
          [
            6.354168,
            46.750887
          ],
          [
            6.354166,
            46.750895
          ],
          [
            6.354166,
            46.750901
          ],
          [
            6.354164,
            46.750911
          ],
          [
            6.354163,
            46.750931
          ],
          [
            6.354164,
            46.750937
          ],
          [
            6.354183,
            46.750977
          ],
          [
            6.354195,
            46.751041
          ],
          [
            6.354196,
            46.751056
          ],
          [
            6.354173,
            46.751083
          ],
          [
            6.354176,
            46.75108
          ],
          [
            6.354177,
            46.751079
          ],
          [
            6.354177,
            46.751079
          ],
          [
            6.354177,
            46.751079
          ],
          [
            6.354173,
            46.751083
          ],
          [
            6.354167,
            46.751086
          ],
          [
            6.354177,
            46.751079
          ],
          [
            6.354177,
            46.751079
          ],
          [
            6.354162,
            46.751087
          ],
          [
            6.354168,
            46.751084
          ],
          [
            6.354165,
            46.7511
          ],
          [
            6.354159,
            46.751099
          ],
          [
            6.354159,
            46.751101
          ],
          [
            6.354161,
            46.751099
          ],
          [
            6.354158,
            46.751098
          ],
          [
            6.354159,
            46.751101
          ],
          [
            6.354159,
            46.751101
          ],
          [
            6.354168,
            46.751092
          ],
          [
            6.354159,
            46.751101
          ],
          [
            6.354178,
            46.751107
          ],
          [
            6.354183,
            46.751113
          ],
          [
            6.354232,
            46.75112
          ],
          [
            6.354239,
            46.751113
          ],
          [
            6.354237,
            46.751105
          ],
          [
            6.35424,
            46.751103
          ],
          [
            6.354242,
            46.751101
          ],
          [
            6.354242,
            46.751101
          ],
          [
            6.354242,
            46.751101
          ],
          [
            6.354242,
            46.751101
          ],
          [
            6.354242,
            46.751101
          ],
          [
            6.354242,
            46.751101
          ],
          [
            6.354242,
            46.751101
          ],
          [
            6.354267,
            46.751149
          ],
          [
            6.354337,
            46.751196
          ],
          [
            6.354397,
            46.751248
          ],
          [
            6.354429,
            46.751276
          ],
          [
            6.354467,
            46.751311
          ],
          [
            6.35452,
            46.751357
          ],
          [
            6.354533,
            46.751371
          ],
          [
            6.354547,
            46.751391
          ],
          [
            6.35459,
            46.751459
          ],
          [
            6.354608,
            46.751477
          ],
          [
            6.354611,
            46.751486
          ],
          [
            6.354618,
            46.751488
          ],
          [
            6.354619,
            46.751474
          ],
          [
            6.354614,
            46.751476
          ],
          [
            6.354627,
            46.751462
          ],
          [
            6.354627,
            46.751462
          ],
          [
            6.354634,
            46.751462
          ],
          [
            6.354649,
            46.751464
          ],
          [
            6.354675,
            46.751455
          ],
          [
            6.354678,
            46.751442
          ],
          [
            6.354692,
            46.751466
          ],
          [
            6.354676,
            46.751524
          ],
          [
            6.354694,
            46.751539
          ],
          [
            6.354706,
            46.751553
          ],
          [
            6.354725,
            46.751575
          ],
          [
            6.354743,
            46.75159
          ],
          [
            6.354779,
            46.751634
          ],
          [
            6.354809,
            46.751671
          ],
          [
            6.354829,
            46.751697
          ],
          [
            6.35487,
            46.751751
          ],
          [
            6.354897,
            46.751781
          ],
          [
            6.354928,
            46.75182
          ],
          [
            6.354938,
            46.75184
          ],
          [
            6.354949,
            46.751863
          ],
          [
            6.354965,
            46.751909
          ],
          [
            6.354985,
            46.751928
          ],
          [
            6.355015,
            46.751972
          ],
          [
            6.355073,
            46.752039
          ],
          [
            6.355128,
            46.752114
          ],
          [
            6.355148,
            46.752159
          ],
          [
            6.355176,
            46.752181
          ],
          [
            6.355177,
            46.752174
          ],
          [
            6.355178,
            46.752166
          ],
          [
            6.355179,
            46.752142
          ],
          [
            6.355179,
            46.752137
          ],
          [
            6.355179,
            46.752137
          ],
          [
            6.355179,
            46.752137
          ],
          [
            6.355179,
            46.752137
          ],
          [
            6.355179,
            46.752137
          ],
          [
            6.355179,
            46.752137
          ],
          [
            6.355179,
            46.752137
          ],
          [
            6.355179,
            46.752137
          ],
          [
            6.355179,
            46.752137
          ],
          [
            6.355179,
            46.752137
          ],
          [
            6.355179,
            46.752137
          ],
          [
            6.355179,
            46.752137
          ],
          [
            6.355179,
            46.752137
          ],
          [
            6.355174,
            46.752139
          ],
          [
            6.355172,
            46.75216
          ],
          [
            6.355195,
            46.752175
          ],
          [
            6.355224,
            46.752214
          ],
          [
            6.355242,
            46.752233
          ],
          [
            6.355288,
            46.752297
          ],
          [
            6.355337,
            46.752355
          ],
          [
            6.355391,
            46.752416
          ],
          [
            6.355397,
            46.752423
          ],
          [
            6.355424,
            46.752474
          ],
          [
            6.355456,
            46.752549
          ],
          [
            6.355494,
            46.752629
          ],
          [
            6.355535,
            46.752677
          ],
          [
            6.355541,
            46.752699
          ],
          [
            6.355576,
            46.752761
          ],
          [
            6.355628,
            46.752857
          ],
          [
            6.35564,
            46.752877
          ],
          [
            6.35569,
            46.752924
          ],
          [
            6.355726,
            46.752955
          ],
          [
            6.355744,
            46.75298
          ],
          [
            6.355748,
            46.752989
          ],
          [
            6.35572,
            46.753036
          ],
          [
            6.355712,
            46.753038
          ],
          [
            6.355712,
            46.753038
          ],
          [
            6.3557,
            46.75305
          ],
          [
            6.355706,
            46.753055
          ],
          [
            6.355747,
            46.753042
          ],
          [
            6.355747,
            46.753042
          ],
          [
            6.355747,
            46.753028
          ],
          [
            6.355742,
            46.753004
          ],
          [
            6.355738,
            46.75299
          ],
          [
            6.355749,
            46.753064
          ],
          [
            6.355766,
            46.753204
          ],
          [
            6.355776,
            46.753235
          ],
          [
            6.355788,
            46.753271
          ],
          [
            6.355794,
            46.753304
          ],
          [
            6.355805,
            46.753339
          ],
          [
            6.355823,
            46.753373
          ],
          [
            6.355832,
            46.753405
          ],
          [
            6.355847,
            46.753442
          ],
          [
            6.355862,
            46.75351
          ],
          [
            6.355876,
            46.753577
          ],
          [
            6.355881,
            46.753617
          ],
          [
            6.355887,
            46.753652
          ],
          [
            6.35589,
            46.753689
          ],
          [
            6.355885,
            46.753737
          ],
          [
            6.355883,
            46.753786
          ],
          [
            6.355884,
            46.753827
          ],
          [
            6.355886,
            46.753869
          ],
          [
            6.355891,
            46.753902
          ],
          [
            6.355892,
            46.753937
          ],
          [
            6.355888,
            46.753973
          ],
          [
            6.355887,
            46.753986
          ],
          [
            6.355883,
            46.753996
          ],
          [
            6.355903,
            46.75403
          ],
          [
            6.355913,
            46.754051
          ],
          [
            6.355914,
            46.754059
          ],
          [
            6.355917,
            46.754062
          ],
          [
            6.355917,
            46.754062
          ],
          [
            6.355917,
            46.754062
          ],
          [
            6.355917,
            46.754062
          ],
          [
            6.355917,
            46.754062
          ],
          [
            6.355917,
            46.754062
          ],
          [
            6.355917,
            46.754062
          ],
          [
            6.355917,
            46.754062
          ],
          [
            6.355917,
            46.754062
          ],
          [
            6.355917,
            46.754062
          ],
          [
            6.355912,
            46.754069
          ],
          [
            6.355917,
            46.754062
          ],
          [
            6.355917,
            46.754062
          ],
          [
            6.355917,
            46.754062
          ],
          [
            6.355917,
            46.754062
          ],
          [
            6.355917,
            46.754062
          ],
          [
            6.355917,
            46.754062
          ],
          [
            6.355917,
            46.754062
          ],
          [
            6.355908,
            46.754074
          ],
          [
            6.355908,
            46.754074
          ],
          [
            6.355908,
            46.754074
          ],
          [
            6.355908,
            46.754074
          ],
          [
            6.355908,
            46.754074
          ],
          [
            6.355908,
            46.754074
          ],
          [
            6.355908,
            46.754074
          ],
          [
            6.355908,
            46.754074
          ],
          [
            6.355908,
            46.754074
          ],
          [
            6.355908,
            46.754074
          ],
          [
            6.355908,
            46.754074
          ],
          [
            6.355908,
            46.754071
          ],
          [
            6.355908,
            46.754074
          ],
          [
            6.355907,
            46.754112
          ],
          [
            6.355905,
            46.754123
          ],
          [
            6.355905,
            46.754187
          ],
          [
            6.355904,
            46.754201
          ],
          [
            6.355896,
            46.754246
          ],
          [
            6.355879,
            46.754314
          ],
          [
            6.355869,
            46.754352
          ],
          [
            6.355837,
            46.754437
          ],
          [
            6.355821,
            46.754453
          ],
          [
            6.355789,
            46.754505
          ],
          [
            6.355776,
            46.754528
          ],
          [
            6.355729,
            46.754613
          ],
          [
            6.355692,
            46.754693
          ],
          [
            6.355669,
            46.754759
          ],
          [
            6.355663,
            46.754779
          ],
          [
            6.355637,
            46.754861
          ],
          [
            6.355561,
            46.754948
          ],
          [
            6.355549,
            46.754981
          ],
          [
            6.355542,
            46.755069
          ],
          [
            6.355545,
            46.755097
          ],
          [
            6.355542,
            46.755191
          ],
          [
            6.355496,
            46.75532
          ],
          [
            6.355488,
            46.755343
          ],
          [
            6.355462,
            46.755392
          ],
          [
            6.355444,
            46.755459
          ],
          [
            6.355436,
            46.755542
          ],
          [
            6.355425,
            46.75558
          ],
          [
            6.35541,
            46.755622
          ],
          [
            6.355419,
            46.755643
          ],
          [
            6.355414,
            46.755657
          ],
          [
            6.355412,
            46.755718
          ],
          [
            6.355408,
            46.755767
          ],
          [
            6.355413,
            46.755792
          ],
          [
            6.355402,
            46.755845
          ],
          [
            6.3554,
            46.755857
          ],
          [
            6.355401,
            46.755902
          ],
          [
            6.355395,
            46.755934
          ],
          [
            6.355389,
            46.755954
          ],
          [
            6.355364,
            46.756002
          ],
          [
            6.355366,
            46.756017
          ],
          [
            6.355371,
            46.75606
          ],
          [
            6.355372,
            46.756083
          ],
          [
            6.355368,
            46.756126
          ],
          [
            6.355359,
            46.756176
          ],
          [
            6.355356,
            46.756203
          ],
          [
            6.355353,
            46.756213
          ],
          [
            6.355345,
            46.756291
          ],
          [
            6.355349,
            46.756305
          ],
          [
            6.355345,
            46.756344
          ],
          [
            6.355337,
            46.756399
          ],
          [
            6.355325,
            46.756433
          ],
          [
            6.355321,
            46.756506
          ],
          [
            6.355316,
            46.756547
          ],
          [
            6.355332,
            46.756601
          ],
          [
            6.355326,
            46.756627
          ],
          [
            6.355332,
            46.756663
          ],
          [
            6.35533,
            46.756702
          ],
          [
            6.355318,
            46.756785
          ],
          [
            6.355329,
            46.756806
          ],
          [
            6.35533,
            46.756839
          ],
          [
            6.355332,
            46.756926
          ],
          [
            6.355334,
            46.756963
          ],
          [
            6.355347,
            46.757029
          ],
          [
            6.355347,
            46.75704
          ],
          [
            6.355359,
            46.757124
          ],
          [
            6.355364,
            46.757252
          ],
          [
            6.355379,
            46.757356
          ],
          [
            6.355391,
            46.757445
          ],
          [
            6.355392,
            46.757456
          ],
          [
            6.355411,
            46.757561
          ],
          [
            6.355426,
            46.757669
          ],
          [
            6.355458,
            46.757766
          ],
          [
            6.355469,
            46.757792
          ],
          [
            6.355518,
            46.75791
          ],
          [
            6.355544,
            46.757938
          ],
          [
            6.355589,
            46.758002
          ],
          [
            6.355623,
            46.758076
          ],
          [
            6.355641,
            46.758108
          ],
          [
            6.355652,
            46.75813
          ],
          [
            6.355678,
            46.75816
          ],
          [
            6.355684,
            46.758168
          ],
          [
            6.3557,
            46.758196
          ],
          [
            6.355705,
            46.758211
          ],
          [
            6.355713,
            46.758223
          ],
          [
            6.355746,
            46.758285
          ],
          [
            6.355752,
            46.758292
          ],
          [
            6.355756,
            46.758305
          ],
          [
            6.355759,
            46.758355
          ],
          [
            6.35577,
            46.75838
          ],
          [
            6.355812,
            46.758429
          ],
          [
            6.355818,
            46.758437
          ],
          [
            6.355835,
            46.758468
          ],
          [
            6.355859,
            46.758504
          ],
          [
            6.355863,
            46.758508
          ],
          [
            6.355901,
            46.758497
          ],
          [
            6.355955,
            46.758532
          ],
          [
            6.355952,
            46.758541
          ],
          [
            6.355954,
            46.758547
          ],
          [
            6.355962,
            46.758575
          ],
          [
            6.355962,
            46.758575
          ],
          [
            6.355962,
            46.758575
          ],
          [
            6.355962,
            46.758575
          ],
          [
            6.35596,
            46.758571
          ],
          [
            6.35592,
            46.758541
          ],
          [
            6.355845,
            46.758518
          ],
          [
            6.355842,
            46.758522
          ],
          [
            6.355888,
            46.758531
          ],
          [
            6.355881,
            46.75856
          ],
          [
            6.355901,
            46.758573
          ],
          [
            6.355973,
            46.758637
          ],
          [
            6.355993,
            46.758675
          ],
          [
            6.356002,
            46.758689
          ],
          [
            6.356009,
            46.758711
          ],
          [
            6.356026,
            46.758735
          ],
          [
            6.356093,
            46.758811
          ],
          [
            6.3561,
            46.758818
          ],
          [
            6.356139,
            46.758887
          ],
          [
            6.356143,
            46.758898
          ],
          [
            6.356203,
            46.758961
          ],
          [
            6.356235,
            46.758981
          ],
          [
            6.356275,
            46.759036
          ],
          [
            6.356316,
            46.759074
          ],
          [
            6.356343,
            46.759099
          ],
          [
            6.356363,
            46.75912
          ],
          [
            6.356433,
            46.759171
          ],
          [
            6.356467,
            46.759197
          ],
          [
            6.35649,
            46.759218
          ],
          [
            6.35654,
            46.759274
          ],
          [
            6.356557,
            46.759293
          ],
          [
            6.356589,
            46.759287
          ],
          [
            6.356596,
            46.759286
          ],
          [
            6.356601,
            46.759291
          ],
          [
            6.356601,
            46.759291
          ],
          [
            6.356601,
            46.759291
          ],
          [
            6.356601,
            46.759291
          ],
          [
            6.356601,
            46.759291
          ],
          [
            6.356592,
            46.759345
          ],
          [
            6.356646,
            46.759389
          ],
          [
            6.356674,
            46.759404
          ],
          [
            6.356753,
            46.759458
          ],
          [
            6.356796,
            46.759498
          ],
          [
            6.356827,
            46.759522
          ],
          [
            6.356863,
            46.759549
          ],
          [
            6.356891,
            46.759568
          ],
          [
            6.356939,
            46.759598
          ],
          [
            6.357029,
            46.75968
          ],
          [
            6.357039,
            46.75969
          ],
          [
            6.357109,
            46.759752
          ],
          [
            6.357187,
            46.759803
          ],
          [
            6.357203,
            46.759811
          ],
          [
            6.357295,
            46.759855
          ],
          [
            6.357326,
            46.759871
          ],
          [
            6.357383,
            46.759911
          ],
          [
            6.357392,
            46.759919
          ],
          [
            6.357431,
            46.759951
          ],
          [
            6.357414,
            46.759935
          ],
          [
            6.357414,
            46.759935
          ],
          [
            6.357476,
            46.759988
          ],
          [
            6.357511,
            46.760008
          ],
          [
            6.357556,
            46.76003
          ],
          [
            6.35759,
            46.76005
          ],
          [
            6.357618,
            46.760062
          ],
          [
            6.357663,
            46.760087
          ],
          [
            6.357716,
            46.760124
          ],
          [
            6.357777,
            46.76017
          ],
          [
            6.357835,
            46.760223
          ],
          [
            6.357845,
            46.760235
          ],
          [
            6.357935,
            46.760292
          ],
          [
            6.357946,
            46.760299
          ],
          [
            6.358002,
            46.760331
          ],
          [
            6.358041,
            46.760356
          ],
          [
            6.358062,
            46.760365
          ],
          [
            6.358097,
            46.760407
          ],
          [
            6.3581,
            46.760411
          ],
          [
            6.358111,
            46.760413
          ],
          [
            6.358162,
            46.760437
          ],
          [
            6.358211,
            46.760446
          ],
          [
            6.358258,
            46.760464
          ],
          [
            6.358286,
            46.760496
          ],
          [
            6.358334,
            46.760526
          ],
          [
            6.358361,
            46.760533
          ],
          [
            6.358424,
            46.760554
          ],
          [
            6.358428,
            46.760562
          ],
          [
            6.3585,
            46.760607
          ],
          [
            6.358583,
            46.760629
          ],
          [
            6.358585,
            46.760628
          ],
          [
            6.35858,
            46.760629
          ],
          [
            6.358617,
            46.760637
          ],
          [
            6.358638,
            46.760638
          ],
          [
            6.358689,
            46.760642
          ],
          [
            6.35872,
            46.76065
          ],
          [
            6.358744,
            46.760654
          ],
          [
            6.358827,
            46.760671
          ],
          [
            6.358883,
            46.760689
          ],
          [
            6.358954,
            46.760696
          ],
          [
            6.359057,
            46.760727
          ],
          [
            6.359136,
            46.760757
          ],
          [
            6.359166,
            46.76077
          ],
          [
            6.359239,
            46.76078
          ],
          [
            6.359291,
            46.760793
          ],
          [
            6.359342,
            46.7608
          ],
          [
            6.35941,
            46.760813
          ],
          [
            6.35945,
            46.760814
          ],
          [
            6.359496,
            46.760822
          ],
          [
            6.359513,
            46.760829
          ],
          [
            6.359598,
            46.76086
          ],
          [
            6.359646,
            46.76087
          ],
          [
            6.359703,
            46.760886
          ],
          [
            6.359759,
            46.760898
          ],
          [
            6.359761,
            46.760909
          ],
          [
            6.35977,
            46.760911
          ],
          [
            6.359784,
            46.760908
          ],
          [
            6.359838,
            46.76091
          ],
          [
            6.359865,
            46.76092
          ],
          [
            6.35988,
            46.760918
          ],
          [
            6.359953,
            46.760884
          ],
          [
            6.359973,
            46.760887
          ],
          [
            6.360017,
            46.76089
          ],
          [
            6.360033,
            46.76089
          ],
          [
            6.360073,
            46.760894
          ],
          [
            6.360126,
            46.760908
          ],
          [
            6.36017,
            46.760936
          ],
          [
            6.360209,
            46.76094
          ],
          [
            6.360223,
            46.760941
          ],
          [
            6.360259,
            46.76095
          ],
          [
            6.360304,
            46.760972
          ],
          [
            6.360323,
            46.760976
          ],
          [
            6.360367,
            46.760985
          ],
          [
            6.360409,
            46.761012
          ],
          [
            6.360422,
            46.761024
          ],
          [
            6.360437,
            46.761073
          ],
          [
            6.360439,
            46.761075
          ],
          [
            6.36045,
            46.761082
          ],
          [
            6.36045,
            46.761082
          ],
          [
            6.360495,
            46.761089
          ],
          [
            6.360578,
            46.761115
          ],
          [
            6.360616,
            46.761129
          ],
          [
            6.360699,
            46.761163
          ],
          [
            6.360743,
            46.761174
          ],
          [
            6.360758,
            46.761178
          ],
          [
            6.360816,
            46.761199
          ],
          [
            6.360844,
            46.761208
          ],
          [
            6.36087,
            46.761213
          ],
          [
            6.360912,
            46.761215
          ],
          [
            6.360919,
            46.761221
          ],
          [
            6.360935,
            46.761219
          ],
          [
            6.361001,
            46.761231
          ],
          [
            6.361071,
            46.761272
          ],
          [
            6.361088,
            46.76128
          ],
          [
            6.361117,
            46.761294
          ],
          [
            6.361136,
            46.761316
          ],
          [
            6.361141,
            46.761334
          ],
          [
            6.361169,
            46.761364
          ],
          [
            6.361212,
            46.76138
          ],
          [
            6.361263,
            46.761406
          ],
          [
            6.361283,
            46.761429
          ],
          [
            6.361307,
            46.761438
          ],
          [
            6.361318,
            46.761445
          ],
          [
            6.361323,
            46.761453
          ],
          [
            6.361382,
            46.76147
          ],
          [
            6.361396,
            46.761482
          ],
          [
            6.361441,
            46.761525
          ],
          [
            6.361466,
            46.761515
          ],
          [
            6.361519,
            46.761506
          ],
          [
            6.361526,
            46.761506
          ],
          [
            6.361528,
            46.761509
          ],
          [
            6.361564,
            46.76151
          ],
          [
            6.361641,
            46.761541
          ],
          [
            6.361641,
            46.761546
          ],
          [
            6.361657,
            46.761568
          ],
          [
            6.361676,
            46.76157
          ],
          [
            6.361674,
            46.761568
          ],
          [
            6.361674,
            46.761568
          ],
          [
            6.361689,
            46.761579
          ],
          [
            6.361705,
            46.761586
          ],
          [
            6.361769,
            46.761592
          ],
          [
            6.36179,
            46.7616
          ],
          [
            6.3618,
            46.761616
          ],
          [
            6.361836,
            46.76162
          ],
          [
            6.361927,
            46.761642
          ],
          [
            6.36194,
            46.761649
          ],
          [
            6.361984,
            46.761672
          ],
          [
            6.36202,
            46.761698
          ],
          [
            6.362053,
            46.761723
          ],
          [
            6.362094,
            46.76176
          ],
          [
            6.362117,
            46.761794
          ],
          [
            6.362128,
            46.761828
          ],
          [
            6.362126,
            46.761859
          ],
          [
            6.362129,
            46.761891
          ],
          [
            6.362137,
            46.7619
          ],
          [
            6.362126,
            46.76189
          ],
          [
            6.362131,
            46.7619
          ],
          [
            6.362131,
            46.7619
          ],
          [
            6.362131,
            46.7619
          ],
          [
            6.362131,
            46.7619
          ],
          [
            6.362103,
            46.761941
          ],
          [
            6.362066,
            46.761982
          ],
          [
            6.362064,
            46.761992
          ],
          [
            6.362073,
            46.761996
          ],
          [
            6.362082,
            46.762008
          ],
          [
            6.36209,
            46.762003
          ],
          [
            6.362095,
            46.761995
          ],
          [
            6.362093,
            46.762022
          ],
          [
            6.362068,
            46.761996
          ],
          [
            6.362042,
            46.762027
          ],
          [
            6.361998,
            46.762056
          ],
          [
            6.361968,
            46.762071
          ],
          [
            6.361964,
            46.762076
          ],
          [
            6.361965,
            46.762083
          ],
          [
            6.361976,
            46.76209
          ],
          [
            6.361979,
            46.762094
          ],
          [
            6.362038,
            46.76208
          ],
          [
            6.362042,
            46.762071
          ],
          [
            6.361973,
            46.762085
          ],
          [
            6.361886,
            46.76215
          ],
          [
            6.36186,
            46.76217
          ],
          [
            6.361857,
            46.762173
          ],
          [
            6.361884,
            46.762169
          ],
          [
            6.361895,
            46.76217
          ],
          [
            6.361946,
            46.762152
          ],
          [
            6.361956,
            46.76215
          ],
          [
            6.361999,
            46.762149
          ],
          [
            6.362038,
            46.762145
          ],
          [
            6.362051,
            46.762146
          ],
          [
            6.362065,
            46.762136
          ],
          [
            6.362069,
            46.762133
          ],
          [
            6.362068,
            46.762129
          ],
          [
            6.362036,
            46.76213
          ],
          [
            6.36203,
            46.762127
          ],
          [
            6.362016,
            46.762147
          ],
          [
            6.361981,
            46.762191
          ],
          [
            6.361935,
            46.762241
          ],
          [
            6.361917,
            46.762259
          ],
          [
            6.361899,
            46.762273
          ],
          [
            6.361871,
            46.7623
          ],
          [
            6.361851,
            46.762323
          ],
          [
            6.361843,
            46.762333
          ],
          [
            6.361827,
            46.762356
          ],
          [
            6.361828,
            46.762368
          ],
          [
            6.361828,
            46.762368
          ],
          [
            6.361827,
            46.762383
          ],
          [
            6.361703,
            46.762419
          ],
          [
            6.361679,
            46.762434
          ],
          [
            6.361669,
            46.762446
          ],
          [
            6.361677,
            46.762453
          ],
          [
            6.361726,
            46.762493
          ],
          [
            6.361811,
            46.76253
          ],
          [
            6.361828,
            46.762533
          ],
          [
            6.361915,
            46.762535
          ],
          [
            6.361901,
            46.762543
          ],
          [
            6.361901,
            46.762543
          ],
          [
            6.361901,
            46.762543
          ],
          [
            6.361901,
            46.762543
          ],
          [
            6.361901,
            46.762543
          ],
          [
            6.361901,
            46.762543
          ],
          [
            6.361901,
            46.762543
          ],
          [
            6.361901,
            46.762543
          ],
          [
            6.361901,
            46.762543
          ],
          [
            6.361916,
            46.762531
          ],
          [
            6.361892,
            46.762544
          ],
          [
            6.361822,
            46.7626
          ],
          [
            6.361811,
            46.762605
          ],
          [
            6.361778,
            46.762623
          ],
          [
            6.361743,
            46.762641
          ],
          [
            6.361707,
            46.762656
          ],
          [
            6.361665,
            46.762676
          ],
          [
            6.361656,
            46.762681
          ],
          [
            6.361642,
            46.762685
          ],
          [
            6.361632,
            46.762691
          ],
          [
            6.361545,
            46.76275
          ],
          [
            6.361536,
            46.762755
          ],
          [
            6.361507,
            46.762771
          ],
          [
            6.361464,
            46.762815
          ],
          [
            6.361422,
            46.762855
          ],
          [
            6.361418,
            46.762866
          ],
          [
            6.361384,
            46.762891
          ],
          [
            6.36136,
            46.762915
          ],
          [
            6.361355,
            46.762926
          ],
          [
            6.36132,
            46.762976
          ],
          [
            6.361297,
            46.763003
          ],
          [
            6.361252,
            46.763048
          ],
          [
            6.361206,
            46.763097
          ],
          [
            6.361173,
            46.763124
          ],
          [
            6.361164,
            46.763134
          ],
          [
            6.36111,
            46.76323
          ],
          [
            6.361102,
            46.763255
          ],
          [
            6.361072,
            46.763311
          ],
          [
            6.361068,
            46.763339
          ],
          [
            6.361074,
            46.763402
          ],
          [
            6.361045,
            46.763448
          ],
          [
            6.361023,
            46.763465
          ],
          [
            6.361014,
            46.76347
          ],
          [
            6.36098,
            46.763494
          ],
          [
            6.36094,
            46.763512
          ],
          [
            6.360899,
            46.763525
          ],
          [
            6.360886,
            46.763539
          ],
          [
            6.360879,
            46.763559
          ],
          [
            6.360876,
            46.763567
          ],
          [
            6.360868,
            46.763591
          ],
          [
            6.360845,
            46.763638
          ],
          [
            6.360847,
            46.763652
          ],
          [
            6.360838,
            46.763687
          ],
          [
            6.360828,
            46.763717
          ],
          [
            6.360822,
            46.763739
          ],
          [
            6.360813,
            46.763751
          ],
          [
            6.360818,
            46.763758
          ],
          [
            6.360824,
            46.763765
          ],
          [
            6.360836,
            46.763792
          ],
          [
            6.360843,
            46.763809
          ],
          [
            6.360839,
            46.763814
          ],
          [
            6.360831,
            46.763835
          ],
          [
            6.360827,
            46.763886
          ],
          [
            6.360828,
            46.763904
          ],
          [
            6.360842,
            46.763921
          ],
          [
            6.360892,
            46.763962
          ],
          [
            6.360918,
            46.763978
          ],
          [
            6.360945,
            46.764008
          ],
          [
            6.360922,
            46.764047
          ],
          [
            6.360873,
            46.764102
          ],
          [
            6.360855,
            46.764127
          ],
          [
            6.360829,
            46.764138
          ],
          [
            6.360844,
            46.764138
          ],
          [
            6.360844,
            46.764141
          ],
          [
            6.360844,
            46.764141
          ],
          [
            6.360844,
            46.764141
          ],
          [
            6.360844,
            46.764141
          ],
          [
            6.360844,
            46.764141
          ],
          [
            6.36084,
            46.764174
          ],
          [
            6.360833,
            46.76418
          ],
          [
            6.360826,
            46.764186
          ],
          [
            6.360819,
            46.764195
          ],
          [
            6.360796,
            46.764244
          ],
          [
            6.360764,
            46.764316
          ],
          [
            6.360764,
            46.764338
          ],
          [
            6.360759,
            46.764373
          ],
          [
            6.360756,
            46.76443
          ],
          [
            6.36076,
            46.764442
          ],
          [
            6.360765,
            46.764465
          ],
          [
            6.360766,
            46.764502
          ],
          [
            6.360778,
            46.764525
          ],
          [
            6.360782,
            46.764535
          ],
          [
            6.36079,
            46.764582
          ],
          [
            6.360791,
            46.764591
          ],
          [
            6.360796,
            46.764632
          ],
          [
            6.360787,
            46.764664
          ],
          [
            6.360783,
            46.764671
          ],
          [
            6.360765,
            46.764684
          ],
          [
            6.360727,
            46.764734
          ],
          [
            6.360724,
            46.764747
          ],
          [
            6.360731,
            46.764776
          ],
          [
            6.360745,
            46.764809
          ],
          [
            6.360761,
            46.764837
          ],
          [
            6.360766,
            46.764876
          ],
          [
            6.360767,
            46.764885
          ],
          [
            6.360759,
            46.764893
          ],
          [
            6.36074,
            46.764948
          ],
          [
            6.360708,
            46.764973
          ],
          [
            6.360685,
            46.765023
          ],
          [
            6.360672,
            46.76507
          ],
          [
            6.360668,
            46.765113
          ],
          [
            6.360666,
            46.765123
          ],
          [
            6.360655,
            46.765144
          ],
          [
            6.360659,
            46.765144
          ],
          [
            6.360667,
            46.76515
          ],
          [
            6.360634,
            46.765189
          ],
          [
            6.360619,
            46.765192
          ],
          [
            6.360591,
            46.765231
          ],
          [
            6.36058,
            46.765249
          ],
          [
            6.360572,
            46.765278
          ],
          [
            6.36056,
            46.765288
          ],
          [
            6.360551,
            46.765306
          ],
          [
            6.360547,
            46.765318
          ],
          [
            6.360548,
            46.765335
          ],
          [
            6.360547,
            46.765343
          ],
          [
            6.360532,
            46.765382
          ],
          [
            6.360524,
            46.765389
          ],
          [
            6.360503,
            46.76542
          ],
          [
            6.360496,
            46.765439
          ],
          [
            6.360486,
            46.765461
          ],
          [
            6.360474,
            46.765495
          ],
          [
            6.360466,
            46.765514
          ],
          [
            6.36044,
            46.765558
          ],
          [
            6.360395,
            46.765616
          ],
          [
            6.360374,
            46.765639
          ],
          [
            6.360354,
            46.765659
          ],
          [
            6.36032,
            46.765693
          ],
          [
            6.360301,
            46.765715
          ],
          [
            6.360299,
            46.765721
          ],
          [
            6.360267,
            46.765751
          ],
          [
            6.360203,
            46.765805
          ],
          [
            6.360194,
            46.765814
          ],
          [
            6.360155,
            46.765846
          ],
          [
            6.36013,
            46.765852
          ],
          [
            6.360077,
            46.765864
          ],
          [
            6.360018,
            46.765876
          ],
          [
            6.360009,
            46.765884
          ],
          [
            6.360002,
            46.765896
          ],
          [
            6.359959,
            46.76592
          ],
          [
            6.359949,
            46.765921
          ],
          [
            6.359933,
            46.765914
          ],
          [
            6.359905,
            46.765907
          ],
          [
            6.35989,
            46.765909
          ],
          [
            6.359837,
            46.765949
          ],
          [
            6.359814,
            46.765959
          ],
          [
            6.359773,
            46.76596
          ],
          [
            6.359752,
            46.765958
          ],
          [
            6.359732,
            46.765971
          ],
          [
            6.359728,
            46.765979
          ],
          [
            6.35972,
            46.766015
          ],
          [
            6.35975,
            46.766124
          ],
          [
            6.359767,
            46.766187
          ],
          [
            6.359764,
            46.766222
          ],
          [
            6.359777,
            46.76632
          ],
          [
            6.359795,
            46.766366
          ],
          [
            6.359806,
            46.766391
          ],
          [
            6.35982,
            46.766478
          ],
          [
            6.359814,
            46.766546
          ],
          [
            6.359816,
            46.766577
          ],
          [
            6.359808,
            46.766617
          ],
          [
            6.359811,
            46.766633
          ],
          [
            6.359801,
            46.766711
          ],
          [
            6.359793,
            46.766794
          ],
          [
            6.35979,
            46.766838
          ],
          [
            6.359785,
            46.766901
          ],
          [
            6.359789,
            46.767001
          ],
          [
            6.359788,
            46.767014
          ],
          [
            6.359785,
            46.767078
          ],
          [
            6.359788,
            46.767145
          ],
          [
            6.359788,
            46.767174
          ],
          [
            6.35978,
            46.767263
          ],
          [
            6.359785,
            46.767286
          ],
          [
            6.35978,
            46.767326
          ],
          [
            6.359776,
            46.767377
          ],
          [
            6.359768,
            46.767404
          ],
          [
            6.35976,
            46.767453
          ],
          [
            6.359758,
            46.767466
          ],
          [
            6.359747,
            46.767527
          ],
          [
            6.35973,
            46.767571
          ],
          [
            6.359707,
            46.767711
          ],
          [
            6.359707,
            46.767723
          ],
          [
            6.359704,
            46.767848
          ],
          [
            6.359692,
            46.76795
          ],
          [
            6.359685,
            46.767984
          ],
          [
            6.359678,
            46.768085
          ],
          [
            6.359673,
            46.768097
          ],
          [
            6.359664,
            46.768148
          ],
          [
            6.35967,
            46.76823
          ],
          [
            6.359659,
            46.76828
          ],
          [
            6.359646,
            46.768358
          ],
          [
            6.359641,
            46.768408
          ],
          [
            6.359632,
            46.768463
          ],
          [
            6.359631,
            46.768478
          ],
          [
            6.359587,
            46.768601
          ],
          [
            6.35958,
            46.768624
          ],
          [
            6.359557,
            46.76871
          ],
          [
            6.359553,
            46.768736
          ],
          [
            6.359544,
            46.768812
          ],
          [
            6.359528,
            46.768857
          ],
          [
            6.359533,
            46.76887
          ],
          [
            6.359482,
            46.768937
          ],
          [
            6.359417,
            46.769039
          ],
          [
            6.359416,
            46.769064
          ],
          [
            6.359414,
            46.769093
          ],
          [
            6.359412,
            46.769167
          ],
          [
            6.359404,
            46.769193
          ],
          [
            6.359386,
            46.769327
          ],
          [
            6.359358,
            46.769421
          ],
          [
            6.35935,
            46.769444
          ],
          [
            6.35933,
            46.769502
          ],
          [
            6.359316,
            46.769566
          ],
          [
            6.359283,
            46.769591
          ],
          [
            6.359266,
            46.769596
          ],
          [
            6.359231,
            46.769602
          ],
          [
            6.359086,
            46.769618
          ],
          [
            6.359069,
            46.769619
          ],
          [
            6.358917,
            46.769639
          ],
          [
            6.358725,
            46.769674
          ],
          [
            6.358574,
            46.769739
          ],
          [
            6.358521,
            46.76979
          ],
          [
            6.358503,
            46.769811
          ],
          [
            6.358459,
            46.769902
          ],
          [
            6.358404,
            46.76998
          ],
          [
            6.358322,
            46.770055
          ],
          [
            6.358299,
            46.770076
          ],
          [
            6.358287,
            46.770087
          ],
          [
            6.358188,
            46.770172
          ],
          [
            6.35815,
            46.770209
          ],
          [
            6.358112,
            46.770258
          ],
          [
            6.358055,
            46.770377
          ],
          [
            6.357995,
            46.770456
          ],
          [
            6.357941,
            46.77051
          ],
          [
            6.3579,
            46.770554
          ],
          [
            6.357859,
            46.770607
          ],
          [
            6.357835,
            46.770626
          ],
          [
            6.357804,
            46.770669
          ],
          [
            6.357788,
            46.770699
          ],
          [
            6.357751,
            46.770774
          ],
          [
            6.35772,
            46.770806
          ],
          [
            6.357663,
            46.770877
          ],
          [
            6.357649,
            46.770902
          ],
          [
            6.357607,
            46.770971
          ],
          [
            6.3576,
            46.770987
          ],
          [
            6.357604,
            46.771073
          ],
          [
            6.357652,
            46.771169
          ],
          [
            6.357693,
            46.771267
          ],
          [
            6.357686,
            46.771273
          ],
          [
            6.357635,
            46.771296
          ],
          [
            6.35759,
            46.771329
          ]
        ]
      },
      "properties": {
        "name": "18067358608"
      }
    }
  ]
}