{
  "type": "FeatureCollection",
  "features": [
    {
      "type": "Feature",
      "geometry": {
        "type": "LineString",
        "coordinates": [
          [
            7.195778,
            45.90001
          ],
          [
            7.195779,
            45.90002
          ],
          [
            7.195777,
            45.90001
          ],
          [
            7.195777,
            45.90001
          ],
          [
            7.195777,
            45.90001
          ],
          [
            7.195792,
            45.900003
          ],
          [
            7.195799,
            45.899988
          ],
          [
            7.195804,
            45.899976
          ],
          [
            7.195804,
            45.899972
          ],
          [
            7.195812,
            45.899952
          ],
          [
            7.195822,
            45.899919
          ],
          [
            7.195823,
            45.899903
          ],
          [
            7.195825,
            45.899891
          ],
          [
            7.195823,
            45.89989
          ],
          [
            7.195823,
            45.89989
          ],
          [
            7.195829,
            45.899842
          ],
          [
            7.19584,
            45.899792
          ],
          [
            7.195841,
            45.899796
          ],
          [
            7.195843,
            45.899751
          ],
          [
            7.195844,
            45.899725
          ],
          [
            7.195851,
            45.899682
          ],
          [
            7.195851,
            45.899624
          ],
          [
            7.195854,
            45.899612
          ],
          [
            7.195855,
            45.899585
          ],
          [
            7.195848,
            45.899543
          ],
          [
            7.195843,
            45.899521
          ],
          [
            7.195829,
            45.899477
          ],
          [
            7.195817,
            45.899456
          ],
          [
            7.19581,
            45.899425
          ],
          [
            7.195796,
            45.899355
          ],
          [
            7.195787,
            45.89932
          ],
          [
            7.195784,
            45.899297
          ],
          [
            7.195769,
            45.899241
          ],
          [
            7.195767,
            45.899229
          ],
          [
            7.195764,
            45.899209
          ],
          [
            7.195754,
            45.899187
          ],
          [
            7.195747,
            45.899129
          ],
          [
            7.195714,
            45.899078
          ],
          [
            7.195698,
            45.899027
          ],
          [
            7.19568,
            45.898975
          ],
          [
            7.195677,
            45.89897
          ],
          [
            7.195687,
            45.898949
          ],
          [
            7.195696,
            45.89894
          ],
          [
            7.195705,
            45.898927
          ],
          [
            7.195704,
            45.898915
          ],
          [
            7.195684,
            45.898901
          ],
          [
            7.195665,
            45.898898
          ],
          [
            7.195625,
            45.89889
          ],
          [
            7.195617,
            45.898883
          ],
          [
            7.195565,
            45.898842
          ],
          [
            7.195538,
            45.898829
          ],
          [
            7.195482,
            45.89879
          ],
          [
            7.195448,
            45.898765
          ],
          [
            7.195432,
            45.898747
          ],
          [
            7.1954,
            45.898723
          ],
          [
            7.19539,
            45.89872
          ],
          [
            7.195314,
            45.898667
          ],
          [
            7.195302,
            45.898654
          ],
          [
            7.195268,
            45.898627
          ],
          [
            7.195261,
            45.898622
          ],
          [
            7.195221,
            45.898596
          ],
          [
            7.195183,
            45.898564
          ],
          [
            7.195105,
            45.898519
          ],
          [
            7.19506,
            45.898497
          ],
          [
            7.194993,
            45.89846
          ],
          [
            7.194922,
            45.898425
          ],
          [
            7.194897,
            45.898412
          ],
          [
            7.194854,
            45.898392
          ],
          [
            7.194843,
            45.898388
          ],
          [
            7.194822,
            45.898374
          ],
          [
            7.194752,
            45.898345
          ],
          [
            7.194702,
            45.898311
          ],
          [
            7.194625,
            45.898262
          ],
          [
            7.194616,
            45.898259
          ],
          [
            7.194601,
            45.898253
          ],
          [
            7.194588,
            45.898246
          ],
          [
            7.194562,
            45.898236
          ],
          [
            7.19447,
            45.898204
          ],
          [
            7.194396,
            45.89818
          ],
          [
            7.19431,
            45.898157
          ],
          [
            7.194244,
            45.898141
          ],
          [
            7.194228,
            45.898137
          ],
          [
            7.194213,
            45.898132
          ],
          [
            7.19414,
            45.898115
          ],
          [
            7.194075,
            45.8981
          ],
          [
            7.194056,
            45.898097
          ],
          [
            7.194038,
            45.898094
          ],
          [
            7.193947,
            45.898079
          ],
          [
            7.193923,
            45.898072
          ],
          [
            7.193885,
            45.898063
          ],
          [
            7.193866,
            45.898058
          ],
          [
            7.19384,
            45.898054
          ],
          [
            7.19379,
            45.898046
          ],
          [
            7.193772,
            45.898045
          ],
          [
            7.193699,
            45.898039
          ],
          [
            7.193685,
            45.898038
          ],
          [
            7.19364,
            45.898036
          ],
          [
            7.193597,
            45.898031
          ],
          [
            7.193545,
            45.898026
          ],
          [
            7.193512,
            45.898024
          ],
          [
            7.19348,
            45.898024
          ],
          [
            7.193416,
            45.898029
          ],
          [
            7.193332,
            45.898043
          ],
          [
            7.193319,
            45.898046
          ],
          [
            7.193247,
            45.898062
          ],
          [
            7.193217,
            45.898069
          ],
          [
            7.193153,
            45.898086
          ],
          [
            7.193142,
            45.898089
          ],
          [
            7.193098,
            45.898103
          ],
          [
            7.193053,
            45.898118
          ],
          [
            7.193023,
            45.898126
          ],
          [
            7.192996,
            45.898132
          ],
          [
            7.192962,
            45.898139
          ],
          [
            7.192882,
            45.898148
          ],
          [
            7.192853,
            45.898152
          ],
          [
            7.192817,
            45.898155
          ],
          [
            7.192786,
            45.898159
          ],
          [
            7.192751,
            45.898163
          ],
          [
            7.192675,
            45.898172
          ],
          [
            7.192619,
            45.898176
          ],
          [
            7.192573,
            45.898189
          ],
          [
            7.192493,
            45.898207
          ],
          [
            7.19241,
            45.898236
          ],
          [
            7.192388,
            45.898244
          ],
          [
            7.192351,
            45.898265
          ],
          [
            7.192274,
            45.898299
          ],
          [
            7.19221,
            45.898337
          ],
          [
            7.192133,
            45.898372
          ],
          [
            7.192091,
            45.898392
          ],
          [
            7.192057,
            45.898405
          ],
          [
            7.191996,
            45.898432
          ],
          [
            7.191991,
            45.898434
          ],
          [
            7.191917,
            45.898454
          ],
          [
            7.191848,
            45.898466
          ],
          [
            7.191834,
            45.898473
          ],
          [
            7.191765,
            45.898484
          ],
          [
            7.191708,
            45.898486
          ],
          [
            7.191687,
            45.898492
          ],
          [
            7.191652,
            45.898503
          ],
          [
            7.191613,
            45.898518
          ],
          [
            7.19159,
            45.898527
          ],
          [
            7.191565,
            45.898537
          ],
          [
            7.191554,
            45.898542
          ],
          [
            7.191524,
            45.898558
          ],
          [
            7.1915,
            45.898568
          ],
          [
            7.19143,
            45.8986
          ],
          [
            7.191414,
            45.898608
          ],
          [
            7.191352,
            45.898658
          ],
          [
            7.191307,
            45.898702
          ],
          [
            7.191267,
            45.898733
          ],
          [
            7.191262,
            45.898739
          ],
          [
            7.191269,
            45.898743
          ],
          [
            7.191266,
            45.898734
          ],
          [
            7.191261,
            45.898736
          ],
          [
            7.191262,
            45.898737
          ],
          [
            7.191262,
            45.898737
          ],
          [
            7.191271,
            45.898745
          ],
          [
            7.191268,
            45.898747
          ],
          [
            7.191263,
            45.898751
          ],
          [
            7.191268,
            45.89875
          ],
          [
            7.191271,
            45.898754
          ],
          [
            7.191263,
            45.898757
          ],
          [
            7.191268,
            45.898756
          ],
          [
            7.191252,
            45.898756
          ],
          [
            7.191239,
            45.898759
          ],
          [
            7.191202,
            45.898781
          ],
          [
            7.191183,
            45.898793
          ],
          [
            7.191153,
            45.898806
          ],
          [
            7.1911,
            45.898842
          ],
          [
            7.191089,
            45.898845
          ],
          [
            7.191014,
            45.898863
          ],
          [
            7.190998,
            45.898865
          ],
          [
            7.19099,
            45.898865
          ],
          [
            7.190912,
            45.89887
          ],
          [
            7.190893,
            45.898873
          ],
          [
            7.190855,
            45.898877
          ],
          [
            7.190819,
            45.898881
          ],
          [
            7.190776,
            45.898888
          ],
          [
            7.190725,
            45.898893
          ],
          [
            7.190684,
            45.898897
          ],
          [
            7.190657,
            45.898898
          ],
          [
            7.190642,
            45.8989
          ],
          [
            7.19063,
            45.898904
          ],
          [
            7.190586,
            45.89891
          ],
          [
            7.190558,
            45.898919
          ],
          [
            7.190514,
            45.898929
          ],
          [
            7.190499,
            45.89893
          ],
          [
            7.190486,
            45.898932
          ],
          [
            7.190439,
            45.898941
          ],
          [
            7.190418,
            45.898945
          ],
          [
            7.190307,
            45.898972
          ],
          [
            7.190227,
            45.898985
          ],
          [
            7.190172,
            45.898994
          ],
          [
            7.190103,
            45.898997
          ],
          [
            7.190075,
            45.898998
          ],
          [
            7.190021,
            45.898999
          ],
          [
            7.189998,
            45.898999
          ],
          [
            7.189983,
            45.899001
          ],
          [
            7.189939,
            45.899
          ],
          [
            7.189862,
            45.898993
          ],
          [
            7.189836,
            45.898992
          ],
          [
            7.189804,
            45.898982
          ],
          [
            7.189788,
            45.89898
          ],
          [
            7.189737,
            45.898969
          ],
          [
            7.189707,
            45.898961
          ],
          [
            7.189698,
            45.898957
          ],
          [
            7.189643,
            45.898939
          ],
          [
            7.189606,
            45.898924
          ],
          [
            7.189569,
            45.898913
          ],
          [
            7.189517,
            45.898903
          ],
          [
            7.189496,
            45.898896
          ],
          [
            7.189482,
            45.898891
          ],
          [
            7.189461,
            45.898884
          ],
          [
            7.189407,
            45.898871
          ],
          [
            7.18938,
            45.898867
          ],
          [
            7.189324,
            45.898844
          ],
          [
            7.189315,
            45.898844
          ],
          [
            7.189305,
            45.898839
          ],
          [
            7.189294,
            45.898834
          ],
          [
            7.189286,
            45.89883
          ],
          [
            7.189278,
            45.898828
          ],
          [
            7.189262,
            45.898826
          ],
          [
            7.189247,
            45.898823
          ],
          [
            7.189187,
            45.898813
          ],
          [
            7.189153,
            45.898802
          ],
          [
            7.189142,
            45.8988
          ],
          [
            7.189076,
            45.898782
          ],
          [
            7.189004,
            45.898762
          ],
          [
            7.188967,
            45.89875
          ],
          [
            7.188932,
            45.89874
          ],
          [
            7.188902,
            45.898734
          ],
          [
            7.188838,
            45.898707
          ],
          [
            7.188801,
            45.898697
          ],
          [
            7.188779,
            45.898694
          ],
          [
            7.188755,
            45.898687
          ],
          [
            7.188733,
            45.89868
          ],
          [
            7.188708,
            45.898674
          ],
          [
            7.188668,
            45.898664
          ],
          [
            7.188605,
            45.898642
          ],
          [
            7.188585,
            45.898634
          ],
          [
            7.188516,
            45.89861
          ],
          [
            7.188449,
            45.898583
          ],
          [
            7.188429,
            45.898578
          ],
          [
            7.18838,
            45.898557
          ],
          [
            7.188368,
            45.89855
          ],
          [
            7.188331,
            45.898531
          ],
          [
            7.188278,
            45.898515
          ],
          [
            7.188258,
            45.898511
          ],
          [
            7.188221,
            45.898499
          ],
          [
            7.188152,
            45.898463
          ],
          [
            7.188132,
            45.89845
          ],
          [
            7.188083,
            45.898425
          ],
          [
            7.18805,
            45.898408
          ],
          [
            7.188024,
            45.898396
          ],
          [
            7.188012,
            45.898394
          ],
          [
            7.188001,
            45.898389
          ],
          [
            7.187954,
            45.898365
          ],
          [
            7.187923,
            45.898352
          ],
          [
            7.187865,
            45.89832
          ],
          [
            7.187855,
            45.898317
          ],
          [
            7.187846,
            45.898312
          ],
          [
            7.187788,
            45.898286
          ],
          [
            7.187765,
            45.898275
          ],
          [
            7.18775,
            45.898272
          ],
          [
            7.187725,
            45.898263
          ],
          [
            7.187689,
            45.89824
          ],
          [
            7.187676,
            45.898231
          ],
          [
            7.187636,
            45.898206
          ],
          [
            7.187627,
            45.898196
          ],
          [
            7.187608,
            45.898182
          ],
          [
            7.187588,
            45.898162
          ],
          [
            7.187572,
            45.898142
          ],
          [
            7.187564,
            45.89813
          ],
          [
            7.187528,
            45.898077
          ],
          [
            7.187521,
            45.898061
          ],
          [
            7.187507,
            45.898032
          ],
          [
            7.1875,
            45.898009
          ],
          [
            7.187492,
            45.897969
          ],
          [
            7.187491,
            45.897935
          ],
          [
            7.187481,
            45.897877
          ],
          [
            7.18747,
            45.89785
          ],
          [
            7.187446,
            45.897823
          ],
          [
            7.187402,
            45.897784
          ],
          [
            7.187398,
            45.897761
          ],
          [
            7.187391,
            45.897735
          ],
          [
            7.18737,
            45.897689
          ],
          [
            7.187357,
            45.897663
          ],
          [
            7.187344,
            45.897629
          ],
          [
            7.187326,
            45.897583
          ],
          [
            7.187302,
            45.897538
          ],
          [
            7.187278,
            45.89749
          ],
          [
            7.187275,
            45.897479
          ],
          [
            7.187268,
            45.897455
          ],
          [
            7.18726,
            45.897421
          ],
          [
            7.187259,
            45.897409
          ],
          [
            7.187239,
            45.897348
          ],
          [
            7.187238,
            45.897341
          ],
          [
            7.187232,
            45.897308
          ],
          [
            7.187228,
            45.897288
          ],
          [
            7.187208,
            45.89723
          ],
          [
            7.187207,
            45.897218
          ],
          [
            7.187203,
            45.897207
          ],
          [
            7.1872,
            45.897198
          ],
          [
            7.187201,
            45.89719
          ],
          [
            7.187201,
            45.897184
          ],
          [
            7.187203,
            45.897184
          ],
          [
            7.187203,
            45.897184
          ],
          [
            7.187205,
            45.897189
          ],
          [
            7.187203,
            45.897191
          ],
          [
            7.187204,
            45.897198
          ],
          [
            7.187205,
            45.8972
          ],
          [
            7.187204,
            45.8972
          ],
          [
            7.187204,
            45.8972
          ],
          [
            7.187201,
            45.897198
          ],
          [
            7.1872,
            45.897197
          ],
          [
            7.187204,
            45.8972
          ],
          [
            7.187204,
            45.8972
          ],
          [
            7.187205,
            45.897188
          ],
          [
            7.187201,
            45.897175
          ],
          [
            7.187202,
            45.897173
          ],
          [
            7.187183,
            45.897147
          ],
          [
            7.187166,
            45.897127
          ],
          [
            7.187146,
            45.897102
          ],
          [
            7.187113,
            45.897059
          ],
          [
            7.187117,
            45.897059
          ],
          [
            7.187049,
            45.897013
          ],
          [
            7.186996,
            45.896951
          ],
          [
            7.186945,
            45.89689
          ],
          [
            7.186931,
            45.896859
          ],
          [
            7.186894,
            45.896804
          ],
          [
            7.186866,
            45.896755
          ],
          [
            7.186834,
            45.896718
          ],
          [
            7.186805,
            45.896669
          ],
          [
            7.186798,
            45.896653
          ],
          [
            7.186791,
            45.896646
          ],
          [
            7.18678,
            45.896627
          ],
          [
            7.186773,
            45.896606
          ],
          [
            7.18675,
            45.896558
          ],
          [
            7.186745,
            45.896543
          ],
          [
            7.186717,
            45.896481
          ],
          [
            7.186707,
            45.896437
          ],
          [
            7.186694,
            45.896405
          ],
          [
            7.186684,
            45.89638
          ],
          [
            7.186674,
            45.896371
          ],
          [
            7.186664,
            45.896364
          ],
          [
            7.186658,
            45.896354
          ],
          [
            7.186652,
            45.896345
          ],
          [
            7.186643,
            45.896343
          ],
          [
            7.186624,
            45.896316
          ],
          [
            7.186618,
            45.896311
          ],
          [
            7.186604,
            45.896291
          ],
          [
            7.186572,
            45.896261
          ],
          [
            7.186515,
            45.896208
          ],
          [
            7.186475,
            45.896172
          ],
          [
            7.186468,
            45.896165
          ],
          [
            7.186459,
            45.896155
          ],
          [
            7.186444,
            45.896133
          ],
          [
            7.18643,
            45.896094
          ],
          [
            7.186428,
            45.89609
          ],
          [
            7.186426,
            45.896096
          ],
          [
            7.186426,
            45.896096
          ],
          [
            7.186426,
            45.896096
          ],
          [
            7.186426,
            45.896096
          ],
          [
            7.186426,
            45.896096
          ],
          [
            7.186426,
            45.896096
          ],
          [
            7.186426,
            45.896096
          ],
          [
            7.186426,
            45.896096
          ],
          [
            7.186426,
            45.896096
          ],
          [
            7.186393,
            45.896061
          ],
          [
            7.186341,
            45.896009
          ],
          [
            7.186322,
            45.89599
          ],
          [
            7.186293,
            45.895968
          ],
          [
            7.186227,
            45.895905
          ],
          [
            7.186184,
            45.895857
          ],
          [
            7.186137,
            45.895809
          ],
          [
            7.186125,
            45.895799
          ],
          [
            7.186075,
            45.895763
          ],
          [
            7.186021,
            45.895717
          ],
          [
            7.186012,
            45.895709
          ],
          [
            7.185969,
            45.89567
          ],
          [
            7.18589,
            45.895616
          ],
          [
            7.18587,
            45.895604
          ],
          [
            7.185812,
            45.895573
          ],
          [
            7.185746,
            45.89552
          ],
          [
            7.185723,
            45.895502
          ],
          [
            7.185662,
            45.89544
          ],
          [
            7.185603,
            45.895392
          ],
          [
            7.185561,
            45.895349
          ],
          [
            7.185551,
            45.89533
          ],
          [
            7.185519,
            45.895298
          ],
          [
            7.185499,
            45.89528
          ],
          [
            7.185451,
            45.895236
          ],
          [
            7.185445,
            45.895232
          ],
          [
            7.185404,
            45.895202
          ],
          [
            7.185398,
            45.895194
          ],
          [
            7.185349,
            45.89516
          ],
          [
            7.185317,
            45.895137
          ],
          [
            7.185314,
            45.895135
          ],
          [
            7.185303,
            45.895127
          ],
          [
            7.185274,
            45.89511
          ],
          [
            7.185253,
            45.895095
          ],
          [
            7.185231,
            45.895074
          ],
          [
            7.1852,
            45.895051
          ],
          [
            7.185142,
            45.89501
          ],
          [
            7.185067,
            45.894955
          ],
          [
            7.185012,
            45.894899
          ],
          [
            7.184964,
            45.894859
          ],
          [
            7.184928,
            45.894848
          ],
          [
            7.184878,
            45.894824
          ],
          [
            7.184856,
            45.894805
          ],
          [
            7.184814,
            45.894774
          ],
          [
            7.1848,
            45.89476
          ],
          [
            7.184781,
            45.894739
          ],
          [
            7.184777,
            45.894737
          ],
          [
            7.184755,
            45.894713
          ],
          [
            7.184751,
            45.89468
          ],
          [
            7.184755,
            45.894676
          ],
          [
            7.184773,
            45.89466
          ],
          [
            7.184774,
            45.894645
          ],
          [
            7.184777,
            45.894623
          ],
          [
            7.18477,
            45.894573
          ],
          [
            7.184761,
            45.894561
          ],
          [
            7.184739,
            45.894542
          ],
          [
            7.184713,
            45.894519
          ],
          [
            7.184707,
            45.894517
          ],
          [
            7.184682,
            45.894508
          ],
          [
            7.184673,
            45.894502
          ],
          [
            7.184663,
            45.894494
          ],
          [
            7.184651,
            45.894484
          ],
          [
            7.184617,
            45.894454
          ],
          [
            7.184609,
            45.89445
          ],
          [
            7.184584,
            45.894433
          ],
          [
            7.184574,
            45.894427
          ],
          [
            7.184543,
            45.894409
          ],
          [
            7.184511,
            45.894392
          ],
          [
            7.184506,
            45.894391
          ],
          [
            7.184474,
            45.894373
          ],
          [
            7.184462,
            45.894365
          ],
          [
            7.184454,
            45.894363
          ],
          [
            7.184426,
            45.894344
          ],
          [
            7.184384,
            45.89432
          ],
          [
            7.184376,
            45.894317
          ],
          [
            7.184311,
            45.894288
          ],
          [
            7.184252,
            45.894261
          ],
          [
            7.184226,
            45.894249
          ],
          [
            7.184185,
            45.894228
          ],
          [
            7.184164,
            45.894215
          ],
          [
            7.184127,
            45.894209
          ],
          [
            7.184111,
            45.894204
          ],
          [
            7.184112,
            45.894201
          ],
          [
            7.184114,
            45.894202
          ],
          [
            7.184057,
            45.894173
          ],
          [
            7.184064,
            45.894172
          ],
          [
            7.184053,
            45.894169
          ],
          [
            7.184044,
            45.894157
          ],
          [
            7.18403,
            45.894154
          ],
          [
            7.183949,
            45.89411
          ],
          [
            7.183885,
            45.894079
          ],
          [
            7.183869,
            45.894074
          ],
          [
            7.183815,
            45.894052
          ],
          [
            7.183751,
            45.894036
          ],
          [
            7.183688,
            45.894012
          ],
          [
            7.183674,
            45.894004
          ],
          [
            7.183624,
            45.893983
          ],
          [
            7.183607,
            45.89397
          ],
          [
            7.183557,
            45.893945
          ],
          [
            7.183551,
            45.893942
          ],
          [
            7.183499,
            45.893927
          ],
          [
            7.183491,
            45.893925
          ],
          [
            7.18343,
            45.89391
          ],
          [
            7.183397,
            45.893903
          ],
          [
            7.183368,
            45.893895
          ],
          [
            7.183334,
            45.893885
          ],
          [
            7.183324,
            45.893883
          ],
          [
            7.183239,
            45.893863
          ],
          [
            7.18319,
            45.893852
          ],
          [
            7.183165,
            45.893846
          ],
          [
            7.183152,
            45.893843
          ],
          [
            7.183091,
            45.893828
          ],
          [
            7.183058,
            45.893819
          ],
          [
            7.183012,
            45.893808
          ],
          [
            7.18298,
            45.893799
          ],
          [
            7.182955,
            45.893792
          ],
          [
            7.182887,
            45.893776
          ],
          [
            7.182871,
            45.893772
          ],
          [
            7.182812,
            45.893754
          ],
          [
            7.18278,
            45.893745
          ],
          [
            7.182748,
            45.893737
          ],
          [
            7.182692,
            45.893722
          ],
          [
            7.182664,
            45.893718
          ],
          [
            7.182624,
            45.893707
          ],
          [
            7.182618,
            45.893705
          ],
          [
            7.182579,
            45.893699
          ],
          [
            7.18256,
            45.893696
          ],
          [
            7.182502,
            45.893688
          ],
          [
            7.182488,
            45.893685
          ],
          [
            7.182458,
            45.893683
          ],
          [
            7.182408,
            45.893691
          ],
          [
            7.182382,
            45.893698
          ],
          [
            7.182347,
            45.893708
          ],
          [
            7.182344,
            45.89371
          ],
          [
            7.182318,
            45.893721
          ],
          [
            7.182287,
            45.893729
          ],
          [
            7.182274,
            45.893733
          ],
          [
            7.182229,
            45.893745
          ],
          [
            7.182213,
            45.893755
          ],
          [
            7.18221,
            45.893757
          ],
          [
            7.1822,
            45.893759
          ],
          [
            7.182192,
            45.893757
          ],
          [
            7.18218,
            45.893756
          ],
          [
            7.18216,
            45.893753
          ],
          [
            7.182148,
            45.89375
          ],
          [
            7.182139,
            45.893743
          ],
          [
            7.18212,
            45.893737
          ],
          [
            7.18211,
            45.89373
          ],
          [
            7.182087,
            45.89371
          ],
          [
            7.182076,
            45.893691
          ],
          [
            7.182052,
            45.893666
          ],
          [
            7.182023,
            45.893637
          ],
          [
            7.182016,
            45.89363
          ],
          [
            7.181983,
            45.893597
          ],
          [
            7.181971,
            45.893589
          ],
          [
            7.181962,
            45.893581
          ],
          [
            7.181955,
            45.89357
          ],
          [
            7.181945,
            45.893563
          ],
          [
            7.181941,
            45.893553
          ],
          [
            7.181936,
            45.893531
          ],
          [
            7.181935,
            45.89353
          ],
          [
            7.181934,
            45.893521
          ],
          [
            7.181929,
            45.893505
          ],
          [
            7.18192,
            45.89349
          ],
          [
            7.181916,
            45.893474
          ],
          [
            7.181908,
            45.893459
          ],
          [
            7.18189,
            45.893439
          ],
          [
            7.181867,
            45.893412
          ],
          [
            7.181859,
            45.893407
          ],
          [
            7.181855,
            45.893405
          ],
          [
            7.181853,
            45.893404
          ],
          [
            7.181848,
            45.893395
          ],
          [
            7.181842,
            45.893391
          ],
          [
            7.181839,
            45.893383
          ],
          [
            7.181833,
            45.893385
          ],
          [
            7.181822,
            45.893377
          ],
          [
            7.181816,
            45.893371
          ],
          [
            7.181792,
            45.893349
          ],
          [
            7.181787,
            45.893345
          ],
          [
            7.181775,
            45.893332
          ],
          [
            7.181755,
            45.893316
          ],
          [
            7.181745,
            45.893309
          ],
          [
            7.181733,
            45.893298
          ],
          [
            7.181719,
            45.89329
          ],
          [
            7.181711,
            45.893282
          ],
          [
            7.181688,
            45.893258
          ],
          [
            7.181687,
            45.893254
          ],
          [
            7.181683,
            45.893233
          ],
          [
            7.181679,
            45.893218
          ],
          [
            7.181674,
            45.893209
          ],
          [
            7.181668,
            45.8932
          ],
          [
            7.181661,
            45.893183
          ],
          [
            7.181652,
            45.893169
          ],
          [
            7.181654,
            45.893161
          ],
          [
            7.181655,
            45.893157
          ],
          [
            7.181654,
            45.893127
          ],
          [
            7.181624,
            45.893114
          ],
          [
            7.181603,
            45.893122
          ],
          [
            7.181583,
            45.893126
          ],
          [
            7.181576,
            45.893126
          ],
          [
            7.181571,
            45.893122
          ],
          [
            7.181563,
            45.893105
          ],
          [
            7.181564,
            45.893089
          ],
          [
            7.181562,
            45.89308
          ],
          [
            7.181565,
            45.893077
          ],
          [
            7.181561,
            45.893079
          ],
          [
            7.181569,
            45.893056
          ],
          [
            7.181578,
            45.893046
          ],
          [
            7.181582,
            45.893034
          ],
          [
            7.181587,
            45.893025
          ],
          [
            7.181613,
            45.892993
          ],
          [
            7.181624,
            45.892976
          ],
          [
            7.181629,
            45.892969
          ],
          [
            7.181631,
            45.892966
          ],
          [
            7.181664,
            45.892949
          ],
          [
            7.181671,
            45.892941
          ],
          [
            7.18168,
            45.892931
          ],
          [
            7.181694,
            45.892919
          ],
          [
            7.181701,
            45.892914
          ],
          [
            7.181702,
            45.892912
          ],
          [
            7.181697,
            45.892916
          ],
          [
            7.181697,
            45.892916
          ],
          [
            7.181697,
            45.892916
          ],
          [
            7.181697,
            45.892916
          ],
          [
            7.181705,
            45.892897
          ],
          [
            7.181713,
            45.892877
          ],
          [
            7.181705,
            45.892855
          ],
          [
            7.181703,
            45.892849
          ],
          [
            7.181679,
            45.892832
          ],
          [
            7.181671,
            45.892831
          ],
          [
            7.181642,
            45.892827
          ],
          [
            7.181629,
            45.892825
          ],
          [
            7.181601,
            45.892815
          ],
          [
            7.181594,
            45.892804
          ],
          [
            7.181587,
            45.892798
          ],
          [
            7.181577,
            45.89278
          ],
          [
            7.181571,
            45.892777
          ],
          [
            7.181557,
            45.892759
          ],
          [
            7.181554,
            45.892756
          ],
          [
            7.181547,
            45.892733
          ],
          [
            7.181542,
            45.892721
          ],
          [
            7.181544,
            45.892696
          ],
          [
            7.18154,
            45.892674
          ],
          [
            7.181538,
            45.892669
          ],
          [
            7.181529,
            45.89264
          ],
          [
            7.18152,
            45.892621
          ],
          [
            7.18151,
            45.892602
          ],
          [
            7.181506,
            45.892596
          ],
          [
            7.181502,
            45.892588
          ],
          [
            7.181497,
            45.892581
          ],
          [
            7.181497,
            45.892576
          ],
          [
            7.18149,
            45.892567
          ],
          [
            7.181481,
            45.892561
          ],
          [
            7.181475,
            45.892552
          ],
          [
            7.181476,
            45.892528
          ],
          [
            7.181473,
            45.892517
          ],
          [
            7.181484,
            45.892488
          ],
          [
            7.18149,
            45.892472
          ],
          [
            7.181491,
            45.892456
          ],
          [
            7.181481,
            45.892431
          ],
          [
            7.181471,
            45.89242
          ],
          [
            7.18146,
            45.892405
          ],
          [
            7.181447,
            45.892397
          ],
          [
            7.181426,
            45.892388
          ],
          [
            7.181407,
            45.892373
          ],
          [
            7.18139,
            45.892359
          ],
          [
            7.181378,
            45.892355
          ],
          [
            7.18135,
            45.892349
          ],
          [
            7.181335,
            45.892343
          ],
          [
            7.181291,
            45.892342
          ],
          [
            7.181273,
            45.892341
          ],
          [
            7.181236,
            45.892344
          ],
          [
            7.181223,
            45.892348
          ],
          [
            7.181211,
            45.892351
          ],
          [
            7.181182,
            45.892363
          ],
          [
            7.181175,
            45.892366
          ],
          [
            7.181146,
            45.892374
          ],
          [
            7.181134,
            45.892379
          ],
          [
            7.181122,
            45.892382
          ],
          [
            7.181114,
            45.892384
          ],
          [
            7.181105,
            45.892386
          ],
          [
            7.181066,
            45.892396
          ],
          [
            7.181035,
            45.892409
          ],
          [
            7.181029,
            45.892412
          ],
          [
            7.18101,
            45.892419
          ],
          [
            7.181004,
            45.892421
          ],
          [
            7.180996,
            45.892425
          ],
          [
            7.180987,
            45.892428
          ],
          [
            7.180973,
            45.892433
          ],
          [
            7.180962,
            45.892437
          ],
          [
            7.18096,
            45.89244
          ],
          [
            7.180951,
            45.892444
          ],
          [
            7.180946,
            45.892446
          ],
          [
            7.180936,
            45.892451
          ],
          [
            7.1809,
            45.892463
          ],
          [
            7.180873,
            45.892471
          ],
          [
            7.180859,
            45.892474
          ],
          [
            7.18084,
            45.892486
          ],
          [
            7.180811,
            45.892506
          ],
          [
            7.1808,
            45.892519
          ],
          [
            7.180791,
            45.892528
          ],
          [
            7.180795,
            45.892532
          ],
          [
            7.180789,
            45.892546
          ],
          [
            7.180784,
            45.892554
          ],
          [
            7.180776,
            45.892567
          ],
          [
            7.180768,
            45.892579
          ],
          [
            7.180767,
            45.892575
          ],
          [
            7.180765,
            45.89258
          ],
          [
            7.180754,
            45.892602
          ],
          [
            7.180743,
            45.892618
          ],
          [
            7.180729,
            45.892631
          ],
          [
            7.180713,
            45.892632
          ],
          [
            7.180681,
            45.892637
          ],
          [
            7.180607,
            45.892647
          ],
          [
            7.180603,
            45.892651
          ],
          [
            7.180593,
            45.892657
          ],
          [
            7.180583,
            45.892663
          ],
          [
            7.18058,
            45.892663
          ],
          [
            7.18057,
            45.892668
          ],
          [
            7.180557,
            45.892676
          ],
          [
            7.18052,
            45.8927
          ],
          [
            7.180505,
            45.892709
          ],
          [
            7.180497,
            45.892715
          ],
          [
            7.180485,
            45.892722
          ],
          [
            7.180475,
            45.892728
          ],
          [
            7.180474,
            45.892729
          ],
          [
            7.180462,
            45.892742
          ],
          [
            7.180458,
            45.892742
          ],
          [
            7.180448,
            45.892753
          ],
          [
            7.180439,
            45.892756
          ],
          [
            7.180426,
            45.892765
          ],
          [
            7.180391,
            45.892783
          ],
          [
            7.180364,
            45.892802
          ],
          [
            7.180333,
            45.892824
          ],
          [
            7.180324,
            45.892827
          ],
          [
            7.180316,
            45.892831
          ],
          [
            7.180309,
            45.892835
          ],
          [
            7.180276,
            45.892842
          ],
          [
            7.180268,
            45.892846
          ],
          [
            7.180248,
            45.892851
          ],
          [
            7.180244,
            45.892855
          ],
          [
            7.180232,
            45.89286
          ],
          [
            7.180228,
            45.892865
          ],
          [
            7.18022,
            45.89287
          ],
          [
            7.180213,
            45.892873
          ],
          [
            7.180204,
            45.892877
          ],
          [
            7.18019,
            45.892885
          ],
          [
            7.180185,
            45.89289
          ],
          [
            7.180174,
            45.892906
          ],
          [
            7.180168,
            45.892911
          ],
          [
            7.180158,
            45.892919
          ],
          [
            7.180147,
            45.892934
          ],
          [
            7.180126,
            45.892949
          ],
          [
            7.18011,
            45.892957
          ],
          [
            7.180084,
            45.892966
          ],
          [
            7.180071,
            45.892968
          ],
          [
            7.180041,
            45.892973
          ],
          [
            7.180028,
            45.892978
          ],
          [
            7.179998,
            45.892996
          ],
          [
            7.179973,
            45.893013
          ],
          [
            7.179958,
            45.893022
          ],
          [
            7.179939,
            45.893034
          ],
          [
            7.179927,
            45.893035
          ],
          [
            7.179901,
            45.893058
          ],
          [
            7.179894,
            45.893065
          ],
          [
            7.179863,
            45.893086
          ],
          [
            7.179858,
            45.893092
          ],
          [
            7.179848,
            45.8931
          ],
          [
            7.17983,
            45.893106
          ],
          [
            7.179833,
            45.893105
          ],
          [
            7.17976,
            45.893109
          ],
          [
            7.179737,
            45.893101
          ],
          [
            7.17971,
            45.893079
          ],
          [
            7.179704,
            45.893041
          ],
          [
            7.179708,
            45.893032
          ],
          [
            7.179701,
            45.893007
          ],
          [
            7.1797,
            45.893
          ],
          [
            7.179698,
            45.892982
          ],
          [
            7.179698,
            45.892978
          ],
          [
            7.179697,
            45.892968
          ],
          [
            7.179698,
            45.892967
          ],
          [
            7.17964,
            45.892949
          ],
          [
            7.179592,
            45.892949
          ],
          [
            7.179573,
            45.892952
          ],
          [
            7.179551,
            45.892955
          ],
          [
            7.179529,
            45.892969
          ],
          [
            7.179494,
            45.892982
          ],
          [
            7.179465,
            45.89299
          ],
          [
            7.179449,
            45.893
          ],
          [
            7.179404,
            45.893016
          ],
          [
            7.179378,
            45.893026
          ],
          [
            7.179369,
            45.893031
          ],
          [
            7.17936,
            45.893035
          ],
          [
            7.179353,
            45.893039
          ],
          [
            7.17931,
            45.893058
          ],
          [
            7.179291,
            45.893063
          ],
          [
            7.179274,
            45.893076
          ],
          [
            7.179267,
            45.893082
          ],
          [
            7.17924,
            45.893097
          ],
          [
            7.179222,
            45.8931
          ],
          [
            7.179193,
            45.893106
          ],
          [
            7.179173,
            45.893119
          ],
          [
            7.179142,
            45.893139
          ],
          [
            7.179122,
            45.893152
          ],
          [
            7.179094,
            45.893162
          ],
          [
            7.179087,
            45.893172
          ],
          [
            7.179079,
            45.893176
          ],
          [
            7.179062,
            45.893187
          ],
          [
            7.179028,
            45.893212
          ],
          [
            7.178999,
            45.893234
          ],
          [
            7.178987,
            45.893245
          ],
          [
            7.178986,
            45.893245
          ],
          [
            7.178951,
            45.89326
          ],
          [
            7.178947,
            45.893264
          ],
          [
            7.178937,
            45.893272
          ],
          [
            7.17891,
            45.893295
          ],
          [
            7.178896,
            45.893302
          ],
          [
            7.178872,
            45.893317
          ],
          [
            7.178873,
            45.893316
          ],
          [
            7.178873,
            45.893316
          ],
          [
            7.178873,
            45.893316
          ],
          [
            7.178861,
            45.893319
          ],
          [
            7.178773,
            45.893334
          ],
          [
            7.178714,
            45.893359
          ],
          [
            7.178708,
            45.893362
          ],
          [
            7.178677,
            45.893371
          ],
          [
            7.178629,
            45.893379
          ],
          [
            7.178576,
            45.893384
          ],
          [
            7.178565,
            45.893387
          ],
          [
            7.178551,
            45.893391
          ],
          [
            7.178526,
            45.893396
          ],
          [
            7.178505,
            45.893401
          ],
          [
            7.178464,
            45.893413
          ],
          [
            7.178452,
            45.893417
          ],
          [
            7.178419,
            45.893425
          ],
          [
            7.178402,
            45.893431
          ],
          [
            7.178394,
            45.893433
          ],
          [
            7.178366,
            45.893438
          ],
          [
            7.178334,
            45.893444
          ],
          [
            7.178305,
            45.893446
          ],
          [
            7.178263,
            45.893448
          ],
          [
            7.178242,
            45.893448
          ],
          [
            7.178196,
            45.893447
          ],
          [
            7.178182,
            45.893448
          ],
          [
            7.178144,
            45.893453
          ],
          [
            7.178133,
            45.893454
          ],
          [
            7.178125,
            45.893455
          ],
          [
            7.178119,
            45.893457
          ],
          [
            7.178102,
            45.89346
          ],
          [
            7.178079,
            45.893462
          ],
          [
            7.178068,
            45.893464
          ],
          [
            7.17804,
            45.893468
          ],
          [
            7.178033,
            45.893469
          ],
          [
            7.178033,
            45.893469
          ],
          [
            7.177983,
            45.89347
          ],
          [
            7.177965,
            45.893471
          ],
          [
            7.177923,
            45.893475
          ],
          [
            7.177924,
            45.893475
          ],
          [
            7.177907,
            45.893475
          ],
          [
            7.177881,
            45.893475
          ],
          [
            7.177836,
            45.89348
          ],
          [
            7.177773,
            45.893487
          ],
          [
            7.177754,
            45.893491
          ],
          [
            7.177711,
            45.893488
          ],
          [
            7.177673,
            45.89349
          ],
          [
            7.177659,
            45.893491
          ],
          [
            7.177659,
            45.893491
          ],
          [
            7.177659,
            45.893491
          ],
          [
            7.177659,
            45.893491
          ],
          [
            7.177659,
            45.893491
          ],
          [
            7.177612,
            45.893493
          ],
          [
            7.177572,
            45.89349
          ],
          [
            7.177563,
            45.893487
          ],
          [
            7.177554,
            45.893487
          ],
          [
            7.177543,
            45.893484
          ],
          [
            7.177536,
            45.89348
          ],
          [
            7.177519,
            45.893473
          ],
          [
            7.177508,
            45.893468
          ],
          [
            7.177499,
            45.893465
          ],
          [
            7.177468,
            45.893455
          ],
          [
            7.177443,
            45.893441
          ],
          [
            7.177437,
            45.893437
          ],
          [
            7.177416,
            45.893431
          ],
          [
            7.177396,
            45.893425
          ],
          [
            7.17738,
            45.89342
          ],
          [
            7.177371,
            45.893416
          ],
          [
            7.177367,
            45.893413
          ],
          [
            7.177351,
            45.893404
          ],
          [
            7.177334,
            45.893396
          ],
          [
            7.177323,
            45.893397
          ],
          [
            7.177286,
            45.893396
          ],
          [
            7.17726,
            45.893397
          ],
          [
            7.177225,
            45.893397
          ],
          [
            7.177172,
            45.893395
          ],
          [
            7.177132,
            45.893382
          ],
          [
            7.177088,
            45.893372
          ],
          [
            7.177037,
            45.893359
          ],
          [
            7.17702,
            45.89335
          ],
          [
            7.17697,
            45.893335
          ],
          [
            7.176964,
            45.893332
          ],
          [
            7.176924,
            45.893318
          ],
          [
            7.1769,
            45.893309
          ],
          [
            7.176835,
            45.893284
          ],
          [
            7.176827,
            45.893281
          ],
          [
            7.176794,
            45.893268
          ],
          [
            7.176782,
            45.893265
          ],
          [
            7.176762,
            45.893259
          ],
          [
            7.176738,
            45.89325
          ],
          [
            7.17672,
            45.893244
          ],
          [
            7.176657,
            45.893223
          ],
          [
            7.1766,
            45.893195
          ],
          [
            7.176595,
            45.893192
          ],
          [
            7.176589,
            45.89319
          ],
          [
            7.17658,
            45.893189
          ],
          [
            7.176546,
            45.893178
          ],
          [
            7.176524,
            45.893168
          ],
          [
            7.176492,
            45.893157
          ],
          [
            7.176447,
            45.893138
          ],
          [
            7.176442,
            45.893137
          ],
          [
            7.176397,
            45.893118
          ],
          [
            7.176343,
            45.8931
          ],
          [
            7.176327,
            45.893096
          ],
          [
            7.17625,
            45.893098
          ],
          [
            7.176164,
            45.893135
          ],
          [
            7.17612,
            45.893162
          ],
          [
            7.176091,
            45.893176
          ],
          [
            7.176083,
            45.893182
          ],
          [
            7.176073,
            45.893189
          ],
          [
            7.176073,
            45.893189
          ],
          [
            7.176073,
            45.893189
          ],
          [
            7.176038,
            45.893203
          ],
          [
            7.17601,
            45.893218
          ],
          [
            7.175997,
            45.893227
          ],
          [
            7.175977,
            45.893235
          ],
          [
            7.175952,
            45.893248
          ],
          [
            7.175905,
            45.893268
          ],
          [
            7.175886,
            45.893273
          ],
          [
            7.175817,
            45.893299
          ],
          [
            7.175787,
            45.893305
          ],
          [
            7.175758,
            45.89331
          ],
          [
            7.175714,
            45.893311
          ],
          [
            7.175699,
            45.893313
          ],
          [
            7.175663,
            45.893315
          ],
          [
            7.17561,
            45.893318
          ],
          [
            7.175571,
            45.893355
          ],
          [
            7.175594,
            45.893382
          ],
          [
            7.175601,
            45.893397
          ],
          [
            7.175632,
            45.893441
          ],
          [
            7.175641,
            45.893454
          ],
          [
            7.175647,
            45.893456
          ],
          [
            7.175652,
            45.893469
          ],
          [
            7.175666,
            45.893479
          ],
          [
            7.175674,
            45.893484
          ],
          [
            7.175684,
            45.893506
          ],
          [
            7.175679,
            45.893524
          ],
          [
            7.175658,
            45.893544
          ],
          [
            7.175652,
            45.893546
          ],
          [
            7.175648,
            45.893547
          ],
          [
            7.175644,
            45.893547
          ],
          [
            7.175637,
            45.893548
          ],
          [
            7.175619,
            45.89355
          ],
          [
            7.175586,
            45.893562
          ],
          [
            7.175556,
            45.893564
          ],
          [
            7.175515,
            45.893578
          ],
          [
            7.175485,
            45.893583
          ],
          [
            7.175456,
            45.893586
          ],
          [
            7.175431,
            45.893589
          ],
          [
            7.175408,
            45.893595
          ],
          [
            7.175375,
            45.893596
          ],
          [
            7.175326,
            45.893593
          ],
          [
            7.17531,
            45.893597
          ],
          [
            7.175289,
            45.893597
          ],
          [
            7.175243,
            45.893587
          ],
          [
            7.175227,
            45.893585
          ],
          [
            7.17521,
            45.893585
          ],
          [
            7.175165,
            45.893575
          ],
          [
            7.175148,
            45.893571
          ],
          [
            7.175128,
            45.893566
          ],
          [
            7.175101,
            45.893558
          ],
          [
            7.17506,
            45.893556
          ],
          [
            7.175041,
            45.893552
          ],
          [
            7.175027,
            45.893551
          ],
          [
            7.174998,
            45.893548
          ],
          [
            7.174991,
            45.893551
          ],
          [
            7.17495,
            45.893547
          ],
          [
            7.174927,
            45.893548
          ],
          [
            7.174919,
            45.893547
          ],
          [
            7.174856,
            45.89354
          ],
          [
            7.1748,
            45.893534
          ],
          [
            7.174781,
            45.893535
          ],
          [
            7.174741,
            45.893534
          ],
          [
            7.174713,
            45.893531
          ],
          [
            7.1747,
            45.89353
          ],
          [
            7.174694,
            45.893527
          ],
          [
            7.174652,
            45.893517
          ],
          [
            7.174633,
            45.893507
          ],
          [
            7.17463,
            45.893504
          ],
          [
            7.174615,
            45.893496
          ],
          [
            7.174575,
            45.893472
          ],
          [
            7.174559,
            45.893463
          ],
          [
            7.174536,
            45.893446
          ],
          [
            7.174484,
            45.893418
          ],
          [
            7.174462,
            45.893411
          ],
          [
            7.174443,
            45.893406
          ],
          [
            7.174405,
            45.89339
          ],
          [
            7.174405,
            45.89339
          ],
          [
            7.174402,
            45.893389
          ],
          [
            7.174381,
            45.893382
          ],
          [
            7.174378,
            45.893382
          ],
          [
            7.174365,
            45.893378
          ],
          [
            7.174327,
            45.893372
          ],
          [
            7.174318,
            45.893371
          ],
          [
            7.174276,
            45.893361
          ],
          [
            7.17426,
            45.89336
          ],
          [
            7.174236,
            45.893351
          ],
          [
            7.174207,
            45.893347
          ],
          [
            7.174192,
            45.893346
          ],
          [
            7.174172,
            45.89334
          ],
          [
            7.174166,
            45.893338
          ],
          [
            7.174131,
            45.89333
          ],
          [
            7.174088,
            45.893326
          ],
          [
            7.174074,
            45.893328
          ],
          [
            7.17405,
            45.89333
          ],
          [
            7.174028,
            45.893335
          ],
          [
            7.174017,
            45.893337
          ],
          [
            7.174008,
            45.893338
          ],
          [
            7.173994,
            45.893343
          ],
          [
            7.17399,
            45.893344
          ],
          [
            7.173986,
            45.893348
          ],
          [
            7.173991,
            45.893346
          ],
          [
            7.173991,
            45.893346
          ],
          [
            7.173971,
            45.893348
          ],
          [
            7.173949,
            45.893352
          ],
          [
            7.173925,
            45.893352
          ],
          [
            7.173905,
            45.893349
          ],
          [
            7.17389,
            45.893351
          ],
          [
            7.173868,
            45.893349
          ],
          [
            7.173821,
            45.893342
          ],
          [
            7.173788,
            45.893341
          ],
          [
            7.173783,
            45.89334
          ],
          [
            7.173766,
            45.893336
          ],
          [
            7.173766,
            45.893337
          ],
          [
            7.173763,
            45.893338
          ],
          [
            7.173761,
            45.893338
          ],
          [
            7.17374,
            45.893342
          ],
          [
            7.173721,
            45.893363
          ],
          [
            7.173718,
            45.893382
          ],
          [
            7.173721,
            45.893404
          ],
          [
            7.173722,
            45.893411
          ],
          [
            7.173724,
            45.893437
          ],
          [
            7.173725,
            45.893467
          ],
          [
            7.173719,
            45.893477
          ],
          [
            7.173712,
            45.893486
          ],
          [
            7.17369,
            45.893504
          ],
          [
            7.17368,
            45.893508
          ],
          [
            7.173627,
            45.893529
          ],
          [
            7.173601,
            45.893536
          ],
          [
            7.173567,
            45.893542
          ],
          [
            7.173519,
            45.893548
          ],
          [
            7.173508,
            45.893551
          ],
          [
            7.173483,
            45.893554
          ],
          [
            7.17347,
            45.893556
          ],
          [
            7.173461,
            45.893557
          ],
          [
            7.173429,
            45.893554
          ],
          [
            7.1734,
            45.89355
          ],
          [
            7.173368,
            45.893539
          ],
          [
            7.173366,
            45.89354
          ],
          [
            7.173313,
            45.893526
          ],
          [
            7.1733,
            45.893523
          ],
          [
            7.173269,
            45.89351
          ],
          [
            7.173234,
            45.8935
          ],
          [
            7.173226,
            45.893501
          ],
          [
            7.173194,
            45.893488
          ],
          [
            7.173186,
            45.893487
          ],
          [
            7.173182,
            45.893485
          ],
          [
            7.17317,
            45.893487
          ],
          [
            7.173144,
            45.893487
          ],
          [
            7.17311,
            45.893487
          ],
          [
            7.173097,
            45.893483
          ],
          [
            7.173072,
            45.893475
          ],
          [
            7.173043,
            45.893469
          ],
          [
            7.173013,
            45.893472
          ],
          [
            7.172991,
            45.893475
          ],
          [
            7.172978,
            45.893472
          ],
          [
            7.172948,
            45.893471
          ],
          [
            7.172945,
            45.893474
          ],
          [
            7.172916,
            45.893478
          ],
          [
            7.172883,
            45.893476
          ],
          [
            7.172876,
            45.893477
          ],
          [
            7.172858,
            45.893476
          ],
          [
            7.172854,
            45.893475
          ],
          [
            7.172844,
            45.893476
          ],
          [
            7.172826,
            45.893471
          ],
          [
            7.172806,
            45.893464
          ],
          [
            7.172794,
            45.893461
          ],
          [
            7.172787,
            45.893457
          ],
          [
            7.172749,
            45.893444
          ],
          [
            7.172737,
            45.893442
          ],
          [
            7.172708,
            45.893449
          ],
          [
            7.172695,
            45.89345
          ],
          [
            7.172665,
            45.893454
          ],
          [
            7.172653,
            45.893451
          ],
          [
            7.172646,
            45.893452
          ],
          [
            7.172646,
            45.893453
          ],
          [
            7.172611,
            45.893454
          ],
          [
            7.172595,
            45.893452
          ],
          [
            7.172579,
            45.893453
          ],
          [
            7.172557,
            45.893467
          ],
          [
            7.172545,
            45.893499
          ],
          [
            7.172562,
            45.893539
          ],
          [
            7.172567,
            45.893548
          ],
          [
            7.172585,
            45.893574
          ],
          [
            7.172591,
            45.893581
          ],
          [
            7.1726,
            45.893605
          ],
          [
            7.172604,
            45.893612
          ],
          [
            7.17261,
            45.893631
          ],
          [
            7.172611,
            45.893637
          ],
          [
            7.172607,
            45.893639
          ],
          [
            7.172607,
            45.893636
          ],
          [
            7.172604,
            45.893636
          ],
          [
            7.1726,
            45.893633
          ],
          [
            7.172601,
            45.893647
          ],
          [
            7.172604,
            45.893645
          ],
          [
            7.172606,
            45.89364
          ],
          [
            7.172606,
            45.89364
          ],
          [
            7.172606,
            45.89364
          ],
          [
            7.172608,
            45.893638
          ],
          [
            7.172609,
            45.893634
          ],
          [
            7.172607,
            45.893633
          ],
          [
            7.172607,
            45.89363
          ],
          [
            7.172608,
            45.893631
          ],
          [
            7.172615,
            45.893635
          ],
          [
            7.172606,
            45.89364
          ],
          [
            7.172606,
            45.89364
          ],
          [
            7.172606,
            45.89364
          ],
          [
            7.172606,
            45.89364
          ],
          [
            7.172606,
            45.89364
          ],
          [
            7.172606,
            45.89364
          ],
          [
            7.172606,
            45.89364
          ],
          [
            7.172606,
            45.89364
          ],
          [
            7.172606,
            45.89364
          ],
          [
            7.172606,
            45.89364
          ],
          [
            7.172606,
            45.89364
          ],
          [
            7.172606,
            45.89364
          ],
          [
            7.172606,
            45.89364
          ],
          [
            7.172606,
            45.89364
          ],
          [
            7.172606,
            45.89364
          ],
          [
            7.172606,
            45.89364
          ],
          [
            7.172606,
            45.89364
          ],
          [
            7.172606,
            45.89364
          ],
          [
            7.172606,
            45.89364
          ],
          [
            7.172606,
            45.89364
          ],
          [
            7.172606,
            45.89364
          ],
          [
            7.172606,
            45.89364
          ],
          [
            7.172606,
            45.893633
          ],
          [
            7.172606,
            45.89364
          ],
          [
            7.172606,
            45.89364
          ],
          [
            7.172606,
            45.89364
          ],
          [
            7.172606,
            45.89364
          ],
          [
            7.172607,
            45.893626
          ],
          [
            7.172602,
            45.893628
          ],
          [
            7.17256,
            45.893625
          ],
          [
            7.172532,
            45.89362
          ],
          [
            7.172506,
            45.893618
          ],
          [
            7.172461,
            45.893609
          ],
          [
            7.172421,
            45.893606
          ],
          [
            7.172402,
            45.893604
          ],
          [
            7.17239,
            45.893603
          ],
          [
            7.172348,
            45.893597
          ],
          [
            7.172349,
            45.893597
          ],
          [
            7.172317,
            45.893588
          ],
          [
            7.172303,
            45.893584
          ],
          [
            7.172288,
            45.89358
          ],
          [
            7.172255,
            45.893581
          ],
          [
            7.172236,
            45.893576
          ],
          [
            7.172198,
            45.893565
          ],
          [
            7.17219,
            45.893564
          ],
          [
            7.172175,
            45.893563
          ],
          [
            7.172146,
            45.893559
          ],
          [
            7.172129,
            45.893557
          ],
          [
            7.172124,
            45.89356
          ],
          [
            7.172136,
            45.893581
          ],
          [
            7.17214,
            45.893595
          ],
          [
            7.172146,
            45.893614
          ],
          [
            7.172151,
            45.893624
          ],
          [
            7.172154,
            45.893627
          ],
          [
            7.172181,
            45.893652
          ],
          [
            7.172187,
            45.893662
          ],
          [
            7.172201,
            45.893673
          ],
          [
            7.172191,
            45.893667
          ],
          [
            7.172148,
            45.893664
          ],
          [
            7.172138,
            45.893662
          ],
          [
            7.172126,
            45.893662
          ],
          [
            7.172085,
            45.893659
          ],
          [
            7.172069,
            45.893655
          ],
          [
            7.172032,
            45.89365
          ],
          [
            7.171992,
            45.893642
          ],
          [
            7.171988,
            45.893642
          ],
          [
            7.171963,
            45.893637
          ],
          [
            7.171955,
            45.893636
          ],
          [
            7.17194,
            45.893628
          ],
          [
            7.171914,
            45.893622
          ],
          [
            7.17186,
            45.893609
          ],
          [
            7.171825,
            45.893601
          ],
          [
            7.171799,
            45.893594
          ],
          [
            7.171785,
            45.893594
          ],
          [
            7.171771,
            45.89359
          ],
          [
            7.171764,
            45.893586
          ],
          [
            7.171716,
            45.893573
          ],
          [
            7.171704,
            45.893568
          ],
          [
            7.171673,
            45.893562
          ],
          [
            7.171672,
            45.893564
          ],
          [
            7.171659,
            45.89356
          ],
          [
            7.171628,
            45.893552
          ],
          [
            7.171615,
            45.893548
          ],
          [
            7.171609,
            45.893547
          ],
          [
            7.171597,
            45.893544
          ],
          [
            7.17158,
            45.893542
          ],
          [
            7.171561,
            45.893539
          ],
          [
            7.171556,
            45.893538
          ],
          [
            7.171535,
            45.893536
          ],
          [
            7.171502,
            45.893528
          ],
          [
            7.171483,
            45.893524
          ],
          [
            7.171434,
            45.893513
          ],
          [
            7.171417,
            45.893509
          ],
          [
            7.171384,
            45.893499
          ],
          [
            7.171348,
            45.893491
          ],
          [
            7.171335,
            45.893488
          ],
          [
            7.17133,
            45.893488
          ],
          [
            7.171311,
            45.893489
          ],
          [
            7.171309,
            45.893492
          ],
          [
            7.171305,
            45.893492
          ],
          [
            7.17129,
            45.893491
          ],
          [
            7.171248,
            45.893481
          ],
          [
            7.171229,
            45.893484
          ],
          [
            7.171217,
            45.893484
          ],
          [
            7.171207,
            45.89348
          ],
          [
            7.171192,
            45.893476
          ],
          [
            7.171165,
            45.893474
          ],
          [
            7.171154,
            45.893475
          ],
          [
            7.171118,
            45.893469
          ],
          [
            7.171107,
            45.893465
          ],
          [
            7.171058,
            45.89345
          ],
          [
            7.171021,
            45.893445
          ],
          [
            7.171003,
            45.893442
          ],
          [
            7.170992,
            45.893438
          ],
          [
            7.170979,
            45.893436
          ],
          [
            7.170971,
            45.89344
          ],
          [
            7.170974,
            45.893454
          ],
          [
            7.171004,
            45.893502
          ],
          [
            7.171014,
            45.89352
          ],
          [
            7.171017,
            45.893528
          ],
          [
            7.171024,
            45.893536
          ],
          [
            7.171036,
            45.89355
          ],
          [
            7.171039,
            45.893552
          ],
          [
            7.171054,
            45.893571
          ],
          [
            7.171055,
            45.893589
          ],
          [
            7.171048,
            45.8936
          ],
          [
            7.171046,
            45.8936
          ],
          [
            7.171034,
            45.893602
          ],
          [
            7.171025,
            45.893604
          ],
          [
            7.171025,
            45.893606
          ],
          [
            7.171032,
            45.89361
          ],
          [
            7.171034,
            45.893612
          ],
          [
            7.171034,
            45.893612
          ],
          [
            7.171034,
            45.893612
          ],
          [
            7.171034,
            45.893612
          ],
          [
            7.171034,
            45.893612
          ],
          [
            7.171034,
            45.893612
          ],
          [
            7.171034,
            45.893612
          ],
          [
            7.171034,
            45.893612
          ],
          [
            7.171034,
            45.893612
          ],
          [
            7.171034,
            45.893612
          ],
          [
            7.171034,
            45.893612
          ],
          [
            7.171034,
            45.893612
          ],
          [
            7.171034,
            45.893612
          ],
          [
            7.171034,
            45.893612
          ],
          [
            7.171034,
            45.893612
          ],
          [
            7.171034,
            45.893612
          ],
          [
            7.171034,
            45.893612
          ],
          [
            7.171034,
            45.893612
          ],
          [
            7.171034,
            45.893612
          ],
          [
            7.171034,
            45.893612
          ],
          [
            7.171003,
            45.893602
          ],
          [
            7.170997,
            45.893602
          ],
          [
            7.170966,
            45.893599
          ],
          [
            7.17096,
            45.893601
          ],
          [
            7.170936,
            45.893608
          ],
          [
            7.170931,
            45.893609
          ],
          [
            7.170872,
            45.893612
          ],
          [
            7.170859,
            45.893614
          ],
          [
            7.1708,
            45.893619
          ],
          [
            7.170798,
            45.893619
          ],
          [
            7.170756,
            45.893627
          ],
          [
            7.170738,
            45.893634
          ],
          [
            7.170734,
            45.893636
          ],
          [
            7.170725,
            45.893638
          ],
          [
            7.170719,
            45.893641
          ],
          [
            7.170711,
            45.893645
          ],
          [
            7.170694,
            45.893658
          ],
          [
            7.170691,
            45.893663
          ],
          [
            7.170685,
            45.89367
          ],
          [
            7.170679,
            45.893676
          ],
          [
            7.170654,
            45.893695
          ],
          [
            7.170644,
            45.893701
          ],
          [
            7.170636,
            45.893708
          ],
          [
            7.170623,
            45.893715
          ],
          [
            7.170615,
            45.893724
          ],
          [
            7.170606,
            45.893728
          ],
          [
            7.1706,
            45.893729
          ],
          [
            7.17057,
            45.893744
          ],
          [
            7.170559,
            45.893748
          ],
          [
            7.170534,
            45.89376
          ],
          [
            7.170533,
            45.89376
          ],
          [
            7.170522,
            45.893765
          ],
          [
            7.170472,
            45.893776
          ],
          [
            7.170462,
            45.893777
          ],
          [
            7.170452,
            45.893779
          ],
          [
            7.170433,
            45.893786
          ],
          [
            7.170431,
            45.893786
          ],
          [
            7.170392,
            45.893796
          ],
          [
            7.170382,
            45.893801
          ],
          [
            7.170372,
            45.893817
          ],
          [
            7.170372,
            45.893828
          ],
          [
            7.170375,
            45.893837
          ],
          [
            7.170375,
            45.893846
          ],
          [
            7.170376,
            45.893861
          ],
          [
            7.170375,
            45.893886
          ],
          [
            7.17038,
            45.893897
          ],
          [
            7.17038,
            45.893902
          ],
          [
            7.170379,
            45.893927
          ],
          [
            7.170381,
            45.89394
          ],
          [
            7.170378,
            45.893967
          ],
          [
            7.170371,
            45.89399
          ],
          [
            7.170369,
            45.893998
          ],
          [
            7.17037,
            45.894034
          ],
          [
            7.170378,
            45.894048
          ],
          [
            7.170384,
            45.894055
          ],
          [
            7.170407,
            45.894089
          ],
          [
            7.170416,
            45.894101
          ],
          [
            7.17043,
            45.894124
          ],
          [
            7.170441,
            45.894131
          ],
          [
            7.170441,
            45.894131
          ],
          [
            7.170443,
            45.894159
          ],
          [
            7.170448,
            45.894174
          ],
          [
            7.170447,
            45.894184
          ],
          [
            7.17045,
            45.894194
          ],
          [
            7.170449,
            45.89419
          ],
          [
            7.170451,
            45.89419
          ],
          [
            7.170461,
            45.894212
          ],
          [
            7.170467,
            45.894225
          ],
          [
            7.170475,
            45.894239
          ],
          [
            7.170487,
            45.894254
          ],
          [
            7.170497,
            45.894272
          ],
          [
            7.170505,
            45.894287
          ],
          [
            7.170503,
            45.894297
          ],
          [
            7.17048,
            45.894322
          ],
          [
            7.170471,
            45.89433
          ],
          [
            7.170452,
            45.894346
          ],
          [
            7.170443,
            45.894354
          ],
          [
            7.170424,
            45.894373
          ],
          [
            7.170412,
            45.894384
          ],
          [
            7.170385,
            45.894403
          ],
          [
            7.170379,
            45.894413
          ],
          [
            7.170353,
            45.894434
          ],
          [
            7.17034,
            45.894449
          ],
          [
            7.170332,
            45.894468
          ],
          [
            7.170312,
            45.894487
          ],
          [
            7.170299,
            45.8945
          ],
          [
            7.170288,
            45.894518
          ],
          [
            7.170283,
            45.894527
          ],
          [
            7.170266,
            45.894546
          ],
          [
            7.170255,
            45.89456
          ],
          [
            7.170249,
            45.894573
          ],
          [
            7.17024,
            45.894585
          ],
          [
            7.170229,
            45.8946
          ],
          [
            7.170233,
            45.894599
          ],
          [
            7.170221,
            45.894619
          ],
          [
            7.170203,
            45.894642
          ],
          [
            7.170186,
            45.894655
          ],
          [
            7.170181,
            45.894665
          ],
          [
            7.170168,
            45.894686
          ],
          [
            7.17016,
            45.894694
          ],
          [
            7.170148,
            45.894715
          ],
          [
            7.170138,
            45.894738
          ],
          [
            7.170143,
            45.894748
          ],
          [
            7.170142,
            45.89476
          ],
          [
            7.170139,
            45.894773
          ],
          [
            7.170139,
            45.894797
          ],
          [
            7.170145,
            45.894804
          ],
          [
            7.170146,
            45.89481
          ],
          [
            7.170145,
            45.894822
          ],
          [
            7.170145,
            45.894852
          ],
          [
            7.170144,
            45.894856
          ],
          [
            7.170134,
            45.894867
          ],
          [
            7.170128,
            45.894875
          ],
          [
            7.170119,
            45.894882
          ],
          [
            7.170089,
            45.894901
          ],
          [
            7.17007,
            45.894911
          ],
          [
            7.170046,
            45.894917
          ],
          [
            7.170032,
            45.894923
          ],
          [
            7.169993,
            45.894931
          ],
          [
            7.169987,
            45.894933
          ],
          [
            7.169965,
            45.894939
          ],
          [
            7.169961,
            45.894944
          ],
          [
            7.169941,
            45.894948
          ],
          [
            7.169915,
            45.894951
          ],
          [
            7.169899,
            45.894956
          ],
          [
            7.169877,
            45.894961
          ],
          [
            7.16986,
            45.894963
          ],
          [
            7.169838,
            45.894969
          ],
          [
            7.169824,
            45.894972
          ],
          [
            7.169787,
            45.894977
          ],
          [
            7.169788,
            45.894985
          ],
          [
            7.169788,
            45.894985
          ],
          [
            7.16978,
            45.894983
          ],
          [
            7.169756,
            45.894985
          ],
          [
            7.169743,
            45.894985
          ],
          [
            7.169732,
            45.894985
          ],
          [
            7.169726,
            45.894984
          ],
          [
            7.169719,
            45.894986
          ],
          [
            7.1697,
            45.895001
          ],
          [
            7.169698,
            45.895009
          ],
          [
            7.169692,
            45.895029
          ],
          [
            7.169695,
            45.895024
          ],
          [
            7.169694,
            45.895023
          ],
          [
            7.169686,
            45.895023
          ],
          [
            7.169694,
            45.895023
          ],
          [
            7.169687,
            45.895022
          ],
          [
            7.169679,
            45.895018
          ],
          [
            7.169681,
            45.895016
          ],
          [
            7.169688,
            45.895023
          ],
          [
            7.169694,
            45.895023
          ],
          [
            7.169694,
            45.895023
          ],
          [
            7.169694,
            45.895023
          ],
          [
            7.169694,
            45.895023
          ],
          [
            7.169694,
            45.895023
          ],
          [
            7.169694,
            45.895023
          ],
          [
            7.169694,
            45.895023
          ],
          [
            7.169694,
            45.895023
          ],
          [
            7.169694,
            45.895023
          ],
          [
            7.169694,
            45.895023
          ],
          [
            7.169694,
            45.895023
          ],
          [
            7.169694,
            45.895023
          ],
          [
            7.169694,
            45.895023
          ],
          [
            7.169694,
            45.895023
          ],
          [
            7.169694,
            45.895023
          ],
          [
            7.169694,
            45.895023
          ],
          [
            7.169694,
            45.895023
          ],
          [
            7.169694,
            45.895023
          ],
          [
            7.169694,
            45.895023
          ],
          [
            7.169693,
            45.895026
          ],
          [
            7.169697,
            45.895027
          ],
          [
            7.169694,
            45.895026
          ],
          [
            7.169692,
            45.895025
          ],
          [
            7.169694,
            45.895023
          ],
          [
            7.169694,
            45.895023
          ],
          [
            7.169694,
            45.895023
          ],
          [
            7.169694,
            45.895023
          ],
          [
            7.169694,
            45.895023
          ],
          [
            7.169694,
            45.895023
          ],
          [
            7.169694,
            45.895023
          ],
          [
            7.169694,
            45.895023
          ],
          [
            7.169694,
            45.895023
          ],
          [
            7.169694,
            45.895023
          ],
          [
            7.169694,
            45.895023
          ],
          [
            7.169694,
            45.895023
          ],
          [
            7.169694,
            45.895023
          ],
          [
            7.169694,
            45.895023
          ],
          [
            7.169694,
            45.895023
          ],
          [
            7.169694,
            45.895023
          ],
          [
            7.169694,
            45.895023
          ],
          [
            7.169694,
            45.895023
          ],
          [
            7.169694,
            45.895023
          ],
          [
            7.169694,
            45.895023
          ],
          [
            7.169694,
            45.895023
          ],
          [
            7.169694,
            45.895023
          ],
          [
            7.169694,
            45.895023
          ],
          [
            7.169694,
            45.895023
          ],
          [
            7.169694,
            45.895023
          ],
          [
            7.169694,
            45.895023
          ],
          [
            7.169694,
            45.895023
          ],
          [
            7.169694,
            45.895023
          ],
          [
            7.169694,
            45.895023
          ],
          [
            7.169694,
            45.895023
          ],
          [
            7.169694,
            45.895023
          ],
          [
            7.169694,
            45.895023
          ],
          [
            7.169681,
            45.895019
          ],
          [
            7.169681,
            45.895019
          ],
          [
            7.169684,
            45.895021
          ],
          [
            7.16969,
            45.895022
          ],
          [
            7.169691,
            45.895022
          ],
          [
            7.169692,
            45.895021
          ],
          [
            7.169691,
            45.89502
          ],
          [
            7.169694,
            45.895023
          ],
          [
            7.169694,
            45.895023
          ],
          [
            7.169694,
            45.895023
          ],
          [
            7.169694,
            45.895023
          ],
          [
            7.169696,
            45.895015
          ],
          [
            7.169697,
            45.895015
          ],
          [
            7.169696,
            45.895014
          ],
          [
            7.169696,
            45.895012
          ],
          [
            7.169695,
            45.895013
          ],
          [
            7.16969,
            45.895013
          ],
          [
            7.169694,
            45.895019
          ],
          [
            7.169689,
            45.895017
          ],
          [
            7.169687,
            45.895015
          ],
          [
            7.169687,
            45.895014
          ],
          [
            7.169694,
            45.895023
          ],
          [
            7.169694,
            45.895023
          ],
          [
            7.169694,
            45.895023
          ],
          [
            7.169694,
            45.895023
          ],
          [
            7.169694,
            45.895023
          ],
          [
            7.169694,
            45.895023
          ],
          [
            7.169694,
            45.895023
          ],
          [
            7.169694,
            45.895023
          ],
          [
            7.169694,
            45.895023
          ],
          [
            7.169694,
            45.895023
          ],
          [
            7.169694,
            45.895023
          ],
          [
            7.169694,
            45.895023
          ],
          [
            7.169694,
            45.895023
          ],
          [
            7.169694,
            45.895023
          ],
          [
            7.169694,
            45.895023
          ],
          [
            7.169694,
            45.895023
          ],
          [
            7.169694,
            45.895023
          ],
          [
            7.169694,
            45.895023
          ],
          [
            7.169694,
            45.895023
          ],
          [
            7.169684,
            45.89502
          ],
          [
            7.169671,
            45.895031
          ],
          [
            7.169668,
            45.895035
          ],
          [
            7.169655,
            45.895043
          ],
          [
            7.169649,
            45.895046
          ],
          [
            7.169644,
            45.895052
          ],
          [
            7.169641,
            45.895059
          ],
          [
            7.16964,
            45.895065
          ],
          [
            7.169639,
            45.895066
          ],
          [
            7.169634,
            45.895077
          ],
          [
            7.169632,
            45.895082
          ],
          [
            7.169631,
            45.895087
          ],
          [
            7.169628,
            45.895093
          ],
          [
            7.169622,
            45.895098
          ],
          [
            7.169616,
            45.895123
          ],
          [
            7.169617,
            45.895129
          ],
          [
            7.169609,
            45.895167
          ],
          [
            7.169601,
            45.895194
          ],
          [
            7.169595,
            45.895229
          ],
          [
            7.169583,
            45.895211
          ],
          [
            7.169573,
            45.895203
          ],
          [
            7.169552,
            45.895187
          ],
          [
            7.169539,
            45.895177
          ],
          [
            7.16952,
            45.895169
          ],
          [
            7.169504,
            45.895164
          ],
          [
            7.169493,
            45.895161
          ],
          [
            7.16948,
            45.895158
          ],
          [
            7.169474,
            45.895158
          ],
          [
            7.169466,
            45.895154
          ],
          [
            7.169456,
            45.895151
          ],
          [
            7.169432,
            45.895139
          ],
          [
            7.169401,
            45.895125
          ],
          [
            7.16936,
            45.895115
          ],
          [
            7.169349,
            45.89511
          ],
          [
            7.169322,
            45.895093
          ],
          [
            7.169298,
            45.895079
          ],
          [
            7.169285,
            45.895073
          ],
          [
            7.169254,
            45.895058
          ],
          [
            7.169252,
            45.895059
          ],
          [
            7.169232,
            45.895048
          ],
          [
            7.169225,
            45.895043
          ],
          [
            7.169215,
            45.89505
          ],
          [
            7.169197,
            45.895086
          ],
          [
            7.169195,
            45.895097
          ],
          [
            7.169191,
            45.895104
          ],
          [
            7.169184,
            45.895116
          ],
          [
            7.169173,
            45.895131
          ],
          [
            7.169164,
            45.895141
          ],
          [
            7.169159,
            45.895147
          ],
          [
            7.169141,
            45.895176
          ],
          [
            7.169139,
            45.895181
          ],
          [
            7.169135,
            45.895195
          ],
          [
            7.169123,
            45.895214
          ],
          [
            7.169123,
            45.89522
          ],
          [
            7.169122,
            45.895241
          ],
          [
            7.169117,
            45.895264
          ],
          [
            7.169108,
            45.895289
          ],
          [
            7.169105,
            45.895299
          ],
          [
            7.169104,
            45.895298
          ],
          [
            7.169104,
            45.895311
          ],
          [
            7.169098,
            45.895333
          ],
          [
            7.169094,
            45.89534
          ],
          [
            7.169089,
            45.895347
          ],
          [
            7.169088,
            45.895354
          ],
          [
            7.169085,
            45.895358
          ],
          [
            7.169085,
            45.895366
          ],
          [
            7.169082,
            45.895383
          ],
          [
            7.16908,
            45.895393
          ],
          [
            7.169073,
            45.895382
          ],
          [
            7.169076,
            45.895378
          ],
          [
            7.169061,
            45.895367
          ],
          [
            7.169035,
            45.895355
          ],
          [
            7.169005,
            45.895345
          ],
          [
            7.168961,
            45.895332
          ],
          [
            7.168931,
            45.895325
          ],
          [
            7.168916,
            45.895318
          ],
          [
            7.1689,
            45.895311
          ],
          [
            7.168884,
            45.895305
          ],
          [
            7.168862,
            45.895294
          ],
          [
            7.16885,
            45.89529
          ],
          [
            7.168848,
            45.895288
          ],
          [
            7.16884,
            45.895285
          ],
          [
            7.168823,
            45.895278
          ],
          [
            7.168785,
            45.895267
          ],
          [
            7.16877,
            45.895261
          ],
          [
            7.168748,
            45.895255
          ],
          [
            7.168722,
            45.895249
          ],
          [
            7.168711,
            45.895245
          ],
          [
            7.168683,
            45.895226
          ],
          [
            7.168673,
            45.895218
          ],
          [
            7.16865,
            45.895201
          ],
          [
            7.168634,
            45.895193
          ],
          [
            7.168602,
            45.895182
          ],
          [
            7.168573,
            45.895182
          ],
          [
            7.168549,
            45.89519
          ],
          [
            7.168537,
            45.895206
          ],
          [
            7.168531,
            45.89522
          ],
          [
            7.168526,
            45.895224
          ],
          [
            7.1685,
            45.895245
          ],
          [
            7.168498,
            45.895248
          ],
          [
            7.168494,
            45.895254
          ],
          [
            7.168491,
            45.895257
          ],
          [
            7.168489,
            45.895261
          ],
          [
            7.168486,
            45.895266
          ],
          [
            7.168482,
            45.895276
          ],
          [
            7.168469,
            45.89529
          ],
          [
            7.168463,
            45.895297
          ],
          [
            7.168442,
            45.895311
          ],
          [
            7.168435,
            45.895316
          ],
          [
            7.168423,
            45.895321
          ],
          [
            7.168381,
            45.895348
          ],
          [
            7.168348,
            45.895366
          ],
          [
            7.168331,
            45.895378
          ],
          [
            7.168325,
            45.895381
          ],
          [
            7.168304,
            45.89539
          ],
          [
            7.168293,
            45.895395
          ],
          [
            7.168293,
            45.895398
          ],
          [
            7.168273,
            45.895411
          ],
          [
            7.16826,
            45.895418
          ],
          [
            7.168245,
            45.895426
          ],
          [
            7.168238,
            45.895427
          ],
          [
            7.168227,
            45.895435
          ],
          [
            7.168224,
            45.895439
          ],
          [
            7.168216,
            45.895447
          ],
          [
            7.168198,
            45.895468
          ],
          [
            7.168184,
            45.895489
          ],
          [
            7.168183,
            45.895492
          ],
          [
            7.168175,
            45.895509
          ],
          [
            7.168167,
            45.89552
          ],
          [
            7.168162,
            45.895544
          ],
          [
            7.168162,
            45.895552
          ],
          [
            7.168155,
            45.895582
          ],
          [
            7.168132,
            45.895587
          ],
          [
            7.168119,
            45.895582
          ],
          [
            7.168101,
            45.895578
          ],
          [
            7.168074,
            45.895573
          ],
          [
            7.168071,
            45.895573
          ],
          [
            7.168039,
            45.895558
          ],
          [
            7.168025,
            45.895549
          ],
          [
            7.168004,
            45.895538
          ],
          [
            7.167997,
            45.895533
          ],
          [
            7.167953,
            45.895516
          ],
          [
            7.167916,
            45.895503
          ],
          [
            7.16788,
            45.895488
          ],
          [
            7.167871,
            45.895486
          ],
          [
            7.167845,
            45.895479
          ],
          [
            7.167835,
            45.895477
          ],
          [
            7.167829,
            45.895476
          ],
          [
            7.16782,
            45.895474
          ],
          [
            7.167802,
            45.895472
          ],
          [
            7.167796,
            45.89547
          ],
          [
            7.167786,
            45.89547
          ],
          [
            7.167768,
            45.895462
          ],
          [
            7.167757,
            45.895459
          ],
          [
            7.167741,
            45.895454
          ],
          [
            7.167726,
            45.895452
          ],
          [
            7.167708,
            45.89545
          ],
          [
            7.167679,
            45.895462
          ],
          [
            7.167674,
            45.895463
          ],
          [
            7.167652,
            45.895476
          ],
          [
            7.167639,
            45.895485
          ],
          [
            7.16763,
            45.895496
          ],
          [
            7.167617,
            45.895519
          ],
          [
            7.167618,
            45.895523
          ],
          [
            7.167612,
            45.895535
          ],
          [
            7.167614,
            45.895539
          ],
          [
            7.167611,
            45.895554
          ],
          [
            7.167604,
            45.895571
          ],
          [
            7.1676,
            45.895578
          ],
          [
            7.167597,
            45.895575
          ],
          [
            7.167599,
            45.895591
          ],
          [
            7.167595,
            45.895605
          ],
          [
            7.167597,
            45.895615
          ],
          [
            7.167595,
            45.895633
          ],
          [
            7.167596,
            45.895645
          ],
          [
            7.167592,
            45.895684
          ],
          [
            7.167595,
            45.895684
          ],
          [
            7.167594,
            45.895702
          ],
          [
            7.167604,
            45.895711
          ],
          [
            7.167604,
            45.895711
          ],
          [
            7.167604,
            45.895711
          ],
          [
            7.167604,
            45.895711
          ],
          [
            7.167604,
            45.895711
          ],
          [
            7.167604,
            45.895711
          ],
          [
            7.167604,
            45.895711
          ],
          [
            7.167597,
            45.895715
          ],
          [
            7.167595,
            45.895728
          ],
          [
            7.167596,
            45.89574
          ],
          [
            7.167595,
            45.895757
          ],
          [
            7.167598,
            45.895775
          ],
          [
            7.1676,
            45.895791
          ],
          [
            7.167603,
            45.895797
          ],
          [
            7.167602,
            45.895801
          ],
          [
            7.167601,
            45.895804
          ],
          [
            7.167605,
            45.895828
          ],
          [
            7.167594,
            45.895827
          ],
          [
            7.167569,
            45.895816
          ],
          [
            7.167554,
            45.89581
          ],
          [
            7.167539,
            45.895803
          ],
          [
            7.167513,
            45.895793
          ],
          [
            7.167491,
            45.895786
          ],
          [
            7.167476,
            45.895776
          ],
          [
            7.167471,
            45.895774
          ],
          [
            7.167468,
            45.89577
          ],
          [
            7.167459,
            45.895767
          ],
          [
            7.167455,
            45.895763
          ],
          [
            7.167451,
            45.895764
          ],
          [
            7.167426,
            45.895751
          ],
          [
            7.167424,
            45.895751
          ],
          [
            7.167398,
            45.895738
          ],
          [
            7.167395,
            45.895738
          ],
          [
            7.16736,
            45.895714
          ],
          [
            7.167355,
            45.895712
          ],
          [
            7.167325,
            45.895694
          ],
          [
            7.167321,
            45.895692
          ],
          [
            7.167289,
            45.89568
          ],
          [
            7.167273,
            45.895674
          ],
          [
            7.167243,
            45.895663
          ],
          [
            7.167233,
            45.895657
          ],
          [
            7.1672,
            45.895647
          ],
          [
            7.167185,
            45.895641
          ],
          [
            7.167166,
            45.895654
          ],
          [
            7.167171,
            45.895675
          ],
          [
            7.167172,
            45.895682
          ],
          [
            7.167175,
            45.895709
          ],
          [
            7.167178,
            45.895732
          ],
          [
            7.167177,
            45.895746
          ],
          [
            7.167179,
            45.895761
          ],
          [
            7.167179,
            45.89577
          ],
          [
            7.16718,
            45.895778
          ],
          [
            7.167183,
            45.895787
          ],
          [
            7.167184,
            45.895796
          ],
          [
            7.167186,
            45.895803
          ],
          [
            7.167188,
            45.89581
          ],
          [
            7.167189,
            45.895823
          ],
          [
            7.167191,
            45.895837
          ],
          [
            7.167193,
            45.895847
          ],
          [
            7.167194,
            45.895854
          ],
          [
            7.167199,
            45.895874
          ],
          [
            7.167186,
            45.895869
          ],
          [
            7.167185,
            45.895867
          ],
          [
            7.167165,
            45.895857
          ],
          [
            7.167146,
            45.895844
          ],
          [
            7.167128,
            45.895834
          ],
          [
            7.167118,
            45.89583
          ],
          [
            7.167104,
            45.895825
          ],
          [
            7.167082,
            45.895817
          ],
          [
            7.167032,
            45.895799
          ],
          [
            7.166984,
            45.89578
          ],
          [
            7.16698,
            45.895775
          ],
          [
            7.166968,
            45.895773
          ],
          [
            7.166954,
            45.895768
          ],
          [
            7.166937,
            45.895765
          ],
          [
            7.166921,
            45.895762
          ],
          [
            7.16688,
            45.895749
          ],
          [
            7.166881,
            45.895749
          ],
          [
            7.16685,
            45.895736
          ],
          [
            7.166832,
            45.895722
          ],
          [
            7.166783,
            45.895706
          ],
          [
            7.166755,
            45.895686
          ],
          [
            7.166739,
            45.895687
          ],
          [
            7.16674,
            45.895699
          ],
          [
            7.166737,
            45.895739
          ],
          [
            7.16672,
            45.895777
          ],
          [
            7.166715,
            45.895803
          ],
          [
            7.166711,
            45.89581
          ],
          [
            7.166712,
            45.895814
          ],
          [
            7.166711,
            45.895824
          ],
          [
            7.166706,
            45.89583
          ],
          [
            7.166704,
            45.895841
          ],
          [
            7.166702,
            45.895861
          ],
          [
            7.166702,
            45.895868
          ],
          [
            7.166711,
            45.895897
          ],
          [
            7.166718,
            45.895918
          ],
          [
            7.166715,
            45.895935
          ],
          [
            7.166713,
            45.895938
          ],
          [
            7.166718,
            45.895941
          ],
          [
            7.166697,
            45.895932
          ],
          [
            7.166678,
            45.895928
          ],
          [
            7.166675,
            45.895927
          ],
          [
            7.166671,
            45.895926
          ],
          [
            7.16666,
            45.895923
          ],
          [
            7.166655,
            45.89592
          ],
          [
            7.166623,
            45.895911
          ],
          [
            7.166591,
            45.895907
          ],
          [
            7.166582,
            45.895904
          ],
          [
            7.166536,
            45.895898
          ],
          [
            7.166517,
            45.895896
          ],
          [
            7.166501,
            45.895892
          ],
          [
            7.166482,
            45.895888
          ],
          [
            7.166462,
            45.895886
          ],
          [
            7.166442,
            45.895881
          ],
          [
            7.166406,
            45.895873
          ],
          [
            7.166371,
            45.895864
          ],
          [
            7.166354,
            45.895863
          ],
          [
            7.166339,
            45.895866
          ],
          [
            7.166337,
            45.895866
          ],
          [
            7.166305,
            45.895867
          ],
          [
            7.166293,
            45.895867
          ],
          [
            7.166263,
            45.895863
          ],
          [
            7.166226,
            45.895861
          ],
          [
            7.166211,
            45.89586
          ],
          [
            7.166187,
            45.89586
          ],
          [
            7.166177,
            45.895861
          ],
          [
            7.166141,
            45.895862
          ],
          [
            7.166137,
            45.895863
          ],
          [
            7.166137,
            45.895863
          ],
          [
            7.166137,
            45.895863
          ],
          [
            7.166137,
            45.895863
          ],
          [
            7.166137,
            45.895863
          ],
          [
            7.166137,
            45.895863
          ],
          [
            7.166137,
            45.895863
          ],
          [
            7.166137,
            45.895863
          ],
          [
            7.166137,
            45.895863
          ],
          [
            7.166137,
            45.895863
          ],
          [
            7.166137,
            45.895863
          ],
          [
            7.166137,
            45.895863
          ],
          [
            7.166137,
            45.895863
          ],
          [
            7.166137,
            45.895863
          ],
          [
            7.166137,
            45.895863
          ],
          [
            7.166137,
            45.895863
          ],
          [
            7.166137,
            45.895863
          ],
          [
            7.166137,
            45.895863
          ],
          [
            7.166137,
            45.895863
          ],
          [
            7.166137,
            45.895863
          ],
          [
            7.166137,
            45.895863
          ],
          [
            7.166137,
            45.895863
          ],
          [
            7.166137,
            45.895863
          ],
          [
            7.166137,
            45.895863
          ],
          [
            7.166137,
            45.895863
          ],
          [
            7.166137,
            45.895863
          ],
          [
            7.166137,
            45.895863
          ],
          [
            7.166137,
            45.895863
          ],
          [
            7.166137,
            45.895863
          ],
          [
            7.166137,
            45.895863
          ],
          [
            7.166137,
            45.895863
          ],
          [
            7.166137,
            45.895863
          ],
          [
            7.166137,
            45.895863
          ],
          [
            7.166137,
            45.895863
          ],
          [
            7.166138,
            45.89586
          ],
          [
            7.166137,
            45.895863
          ],
          [
            7.166137,
            45.895863
          ],
          [
            7.166137,
            45.895863
          ],
          [
            7.166137,
            45.895863
          ],
          [
            7.166137,
            45.895863
          ],
          [
            7.166137,
            45.895863
          ],
          [
            7.166137,
            45.895863
          ],
          [
            7.166137,
            45.895863
          ],
          [
            7.166137,
            45.895863
          ],
          [
            7.166137,
            45.895863
          ],
          [
            7.166137,
            45.895863
          ],
          [
            7.166137,
            45.895863
          ],
          [
            7.166137,
            45.895863
          ],
          [
            7.166137,
            45.895863
          ],
          [
            7.166137,
            45.895863
          ],
          [
            7.166137,
            45.895863
          ],
          [
            7.166137,
            45.895863
          ],
          [
            7.166137,
            45.895863
          ],
          [
            7.166137,
            45.895863
          ],
          [
            7.166137,
            45.895863
          ],
          [
            7.166137,
            45.895863
          ],
          [
            7.166137,
            45.895863
          ],
          [
            7.166137,
            45.895863
          ],
          [
            7.166137,
            45.895863
          ],
          [
            7.166137,
            45.895863
          ],
          [
            7.166137,
            45.895863
          ],
          [
            7.166137,
            45.895863
          ],
          [
            7.166134,
            45.895863
          ],
          [
            7.166112,
            45.89587
          ],
          [
            7.166115,
            45.895871
          ],
          [
            7.166101,
            45.895877
          ],
          [
            7.166091,
            45.895879
          ],
          [
            7.166084,
            45.89588
          ],
          [
            7.166071,
            45.895883
          ],
          [
            7.16605,
            45.895889
          ],
          [
            7.166041,
            45.895896
          ],
          [
            7.166034,
            45.895901
          ],
          [
            7.166025,
            45.895912
          ],
          [
            7.166021,
            45.895921
          ],
          [
            7.166004,
            45.895928
          ],
          [
            7.165986,
            45.89594
          ],
          [
            7.165981,
            45.895943
          ],
          [
            7.165968,
            45.89596
          ],
          [
            7.165961,
            45.895969
          ],
          [
            7.165948,
            45.895976
          ],
          [
            7.165938,
            45.89598
          ],
          [
            7.165908,
            45.895991
          ],
          [
            7.165911,
            45.895992
          ],
          [
            7.16587,
            45.896007
          ],
          [
            7.165845,
            45.896018
          ],
          [
            7.165819,
            45.896023
          ],
          [
            7.165798,
            45.896026
          ],
          [
            7.165781,
            45.896033
          ],
          [
            7.16577,
            45.896037
          ],
          [
            7.165733,
            45.896048
          ],
          [
            7.16573,
            45.896048
          ],
          [
            7.165696,
            45.896058
          ],
          [
            7.16567,
            45.896061
          ],
          [
            7.16566,
            45.896061
          ],
          [
            7.16567,
            45.896061
          ],
          [
            7.16567,
            45.896061
          ],
          [
            7.16567,
            45.896061
          ],
          [
            7.16567,
            45.896061
          ],
          [
            7.16567,
            45.896061
          ],
          [
            7.16567,
            45.896061
          ],
          [
            7.16567,
            45.896061
          ],
          [
            7.16567,
            45.896061
          ],
          [
            7.16567,
            45.896061
          ],
          [
            7.16567,
            45.896061
          ],
          [
            7.16567,
            45.896061
          ],
          [
            7.165639,
            45.896068
          ],
          [
            7.165626,
            45.89607
          ],
          [
            7.165586,
            45.896074
          ],
          [
            7.16558,
            45.896076
          ],
          [
            7.165562,
            45.896077
          ],
          [
            7.165567,
            45.896079
          ],
          [
            7.165552,
            45.896081
          ],
          [
            7.165541,
            45.896079
          ],
          [
            7.165534,
            45.89608
          ],
          [
            7.165501,
            45.896087
          ],
          [
            7.165488,
            45.896085
          ],
          [
            7.165482,
            45.896083
          ],
          [
            7.165462,
            45.896076
          ],
          [
            7.165443,
            45.896073
          ],
          [
            7.165432,
            45.896072
          ],
          [
            7.165428,
            45.89607
          ],
          [
            7.165408,
            45.896069
          ],
          [
            7.165406,
            45.89607
          ],
          [
            7.165387,
            45.896069
          ],
          [
            7.165374,
            45.896069
          ],
          [
            7.165363,
            45.896069
          ],
          [
            7.165361,
            45.896067
          ],
          [
            7.165349,
            45.896068
          ],
          [
            7.165341,
            45.896069
          ],
          [
            7.165329,
            45.896071
          ],
          [
            7.165323,
            45.896072
          ],
          [
            7.165302,
            45.896078
          ],
          [
            7.16528,
            45.896079
          ],
          [
            7.165268,
            45.896077
          ],
          [
            7.165218,
            45.896068
          ],
          [
            7.165207,
            45.896065
          ],
          [
            7.165197,
            45.896064
          ],
          [
            7.165177,
            45.89606
          ],
          [
            7.165168,
            45.896053
          ],
          [
            7.165161,
            45.89605
          ],
          [
            7.165146,
            45.896048
          ],
          [
            7.165135,
            45.896045
          ],
          [
            7.16509,
            45.896026
          ],
          [
            7.165088,
            45.896028
          ],
          [
            7.165089,
            45.896029
          ],
          [
            7.165089,
            45.896029
          ],
          [
            7.165089,
            45.896029
          ],
          [
            7.165089,
            45.896029
          ],
          [
            7.16509,
            45.896029
          ],
          [
            7.165079,
            45.896026
          ],
          [
            7.165024,
            45.895996
          ],
          [
            7.164986,
            45.895964
          ],
          [
            7.164978,
            45.895956
          ],
          [
            7.164952,
            45.895937
          ],
          [
            7.164906,
            45.895916
          ],
          [
            7.164889,
            45.895906
          ],
          [
            7.164813,
            45.895872
          ],
          [
            7.164786,
            45.895857
          ],
          [
            7.16475,
            45.895839
          ],
          [
            7.164721,
            45.895819
          ],
          [
            7.164688,
            45.89579
          ],
          [
            7.164653,
            45.895762
          ],
          [
            7.164624,
            45.895733
          ],
          [
            7.164583,
            45.895702
          ],
          [
            7.164559,
            45.895681
          ],
          [
            7.164527,
            45.895657
          ],
          [
            7.164491,
            45.895622
          ],
          [
            7.164452,
            45.895591
          ],
          [
            7.164434,
            45.895572
          ],
          [
            7.164427,
            45.895559
          ],
          [
            7.164418,
            45.895549
          ],
          [
            7.164389,
            45.895519
          ],
          [
            7.164347,
            45.895477
          ],
          [
            7.164312,
            45.895455
          ],
          [
            7.164278,
            45.895437
          ],
          [
            7.164247,
            45.895415
          ],
          [
            7.164228,
            45.895405
          ],
          [
            7.164215,
            45.895393
          ],
          [
            7.164205,
            45.895387
          ],
          [
            7.16418,
            45.89536
          ],
          [
            7.164134,
            45.895335
          ],
          [
            7.164132,
            45.895335
          ],
          [
            7.164105,
            45.895318
          ],
          [
            7.164103,
            45.895316
          ],
          [
            7.164092,
            45.89531
          ],
          [
            7.164057,
            45.895284
          ],
          [
            7.164017,
            45.895253
          ],
          [
            7.164002,
            45.895242
          ],
          [
            7.163964,
            45.895214
          ],
          [
            7.163956,
            45.895208
          ],
          [
            7.163947,
            45.895203
          ],
          [
            7.163922,
            45.895189
          ],
          [
            7.163891,
            45.895171
          ],
          [
            7.163873,
            45.89516
          ],
          [
            7.163834,
            45.895131
          ],
          [
            7.163818,
            45.895123
          ],
          [
            7.1638,
            45.895112
          ],
          [
            7.163778,
            45.8951
          ],
          [
            7.163769,
            45.895097
          ],
          [
            7.163759,
            45.895092
          ],
          [
            7.16375,
            45.895087
          ],
          [
            7.163741,
            45.895082
          ],
          [
            7.163725,
            45.895073
          ],
          [
            7.163695,
            45.895058
          ],
          [
            7.163676,
            45.895047
          ],
          [
            7.163649,
            45.895036
          ],
          [
            7.16364,
            45.89503
          ],
          [
            7.163631,
            45.895028
          ],
          [
            7.163615,
            45.895022
          ],
          [
            7.163586,
            45.895011
          ],
          [
            7.163552,
            45.895003
          ],
          [
            7.163542,
            45.894999
          ],
          [
            7.163489,
            45.894983
          ],
          [
            7.163461,
            45.894978
          ],
          [
            7.163413,
            45.894963
          ],
          [
            7.163385,
            45.89496
          ],
          [
            7.163358,
            45.894954
          ],
          [
            7.163315,
            45.894947
          ],
          [
            7.163307,
            45.894945
          ],
          [
            7.163284,
            45.894946
          ],
          [
            7.163276,
            45.894946
          ],
          [
            7.163264,
            45.894945
          ],
          [
            7.163255,
            45.894943
          ],
          [
            7.163245,
            45.894943
          ],
          [
            7.163231,
            45.894943
          ],
          [
            7.163196,
            45.894942
          ],
          [
            7.16316,
            45.894953
          ],
          [
            7.163147,
            45.894972
          ],
          [
            7.163147,
            45.894974
          ],
          [
            7.163154,
            45.89502
          ],
          [
            7.163153,
            45.895025
          ],
          [
            7.163154,
            45.895043
          ],
          [
            7.163127,
            45.895046
          ],
          [
            7.163111,
            45.895039
          ],
          [
            7.16309,
            45.895036
          ],
          [
            7.16307,
            45.895035
          ],
          [
            7.163063,
            45.895032
          ],
          [
            7.163054,
            45.895032
          ],
          [
            7.163046,
            45.895029
          ],
          [
            7.163024,
            45.895032
          ],
          [
            7.162994,
            45.895027
          ],
          [
            7.162988,
            45.895025
          ],
          [
            7.162987,
            45.895028
          ],
          [
            7.162945,
            45.895024
          ],
          [
            7.16293,
            45.895024
          ],
          [
            7.162919,
            45.895025
          ],
          [
            7.162887,
            45.895024
          ],
          [
            7.162839,
            45.895024
          ],
          [
            7.16283,
            45.895024
          ],
          [
            7.162798,
            45.895026
          ],
          [
            7.16279,
            45.895028
          ],
          [
            7.16273,
            45.895029
          ],
          [
            7.162692,
            45.895027
          ],
          [
            7.162683,
            45.895027
          ],
          [
            7.162622,
            45.895021
          ],
          [
            7.162606,
            45.895022
          ],
          [
            7.162562,
            45.895015
          ],
          [
            7.162557,
            45.895015
          ],
          [
            7.162524,
            45.895013
          ],
          [
            7.162492,
            45.895007
          ],
          [
            7.162487,
            45.895007
          ],
          [
            7.162444,
            45.895
          ],
          [
            7.162427,
            45.895002
          ],
          [
            7.162386,
            45.895002
          ],
          [
            7.162335,
            45.895
          ],
          [
            7.162326,
            45.894998
          ],
          [
            7.162264,
            45.894998
          ],
          [
            7.162264,
            45.894998
          ],
          [
            7.162211,
            45.894994
          ],
          [
            7.16218,
            45.894991
          ],
          [
            7.16217,
            45.894989
          ],
          [
            7.16212,
            45.894988
          ],
          [
            7.16214,
            45.894992
          ],
          [
            7.162146,
            45.894991
          ],
          [
            7.162146,
            45.894991
          ],
          [
            7.162087,
            45.894988
          ],
          [
            7.162067,
            45.894992
          ],
          [
            7.162015,
            45.894995
          ],
          [
            7.161978,
            45.894998
          ],
          [
            7.161946,
            45.895001
          ],
          [
            7.161945,
            45.895
          ],
          [
            7.161884,
            45.895009
          ],
          [
            7.161844,
            45.895013
          ],
          [
            7.16181,
            45.895007
          ],
          [
            7.161788,
            45.89501
          ],
          [
            7.161788,
            45.89501
          ],
          [
            7.161788,
            45.89501
          ],
          [
            7.161788,
            45.89501
          ],
          [
            7.161788,
            45.89501
          ],
          [
            7.161784,
            45.895009
          ],
          [
            7.161788,
            45.89501
          ],
          [
            7.161758,
            45.895009
          ],
          [
            7.161721,
            45.895012
          ],
          [
            7.161712,
            45.895014
          ],
          [
            7.16166,
            45.895019
          ],
          [
            7.161598,
            45.89503
          ],
          [
            7.161587,
            45.89503
          ],
          [
            7.16155,
            45.895033
          ],
          [
            7.161539,
            45.895036
          ],
          [
            7.161543,
            45.895037
          ],
          [
            7.161541,
            45.895038
          ],
          [
            7.161515,
            45.895042
          ],
          [
            7.16148,
            45.895052
          ],
          [
            7.161447,
            45.895063
          ],
          [
            7.161417,
            45.89507
          ],
          [
            7.161394,
            45.895079
          ],
          [
            7.161372,
            45.895085
          ],
          [
            7.161354,
            45.895086
          ],
          [
            7.161315,
            45.895091
          ],
          [
            7.161303,
            45.895097
          ],
          [
            7.161286,
            45.895101
          ],
          [
            7.161265,
            45.895108
          ],
          [
            7.161253,
            45.895112
          ],
          [
            7.161226,
            45.895125
          ],
          [
            7.161181,
            45.895145
          ],
          [
            7.161173,
            45.895149
          ],
          [
            7.161153,
            45.895157
          ],
          [
            7.161116,
            45.895171
          ],
          [
            7.161092,
            45.895179
          ],
          [
            7.161025,
            45.895201
          ],
          [
            7.161002,
            45.895212
          ],
          [
            7.160847,
            45.895263
          ],
          [
            7.160792,
            45.895276
          ],
          [
            7.160786,
            45.895277
          ],
          [
            7.160725,
            45.895296
          ],
          [
            7.160707,
            45.895302
          ],
          [
            7.16068,
            45.89531
          ],
          [
            7.160671,
            45.895315
          ],
          [
            7.160584,
            45.895347
          ],
          [
            7.160564,
            45.895357
          ],
          [
            7.160555,
            45.895359
          ],
          [
            7.16054,
            45.895365
          ],
          [
            7.160488,
            45.895389
          ],
          [
            7.160476,
            45.895391
          ],
          [
            7.16044,
            45.895398
          ],
          [
            7.160422,
            45.895403
          ],
          [
            7.160394,
            45.895407
          ],
          [
            7.160356,
            45.895416
          ],
          [
            7.160338,
            45.895417
          ],
          [
            7.160284,
            45.895425
          ],
          [
            7.16023,
            45.895429
          ],
          [
            7.160205,
            45.895431
          ],
          [
            7.160156,
            45.895435
          ],
          [
            7.160159,
            45.895435
          ],
          [
            7.160159,
            45.895435
          ],
          [
            7.160159,
            45.895435
          ],
          [
            7.160153,
            45.895444
          ],
          [
            7.160114,
            45.895442
          ],
          [
            7.16007,
            45.89544
          ],
          [
            7.160059,
            45.895441
          ],
          [
            7.160038,
            45.89544
          ],
          [
            7.160022,
            45.895441
          ],
          [
            7.159977,
            45.895442
          ],
          [
            7.159936,
            45.895438
          ],
          [
            7.159886,
            45.895432
          ],
          [
            7.159858,
            45.895437
          ],
          [
            7.159827,
            45.895458
          ],
          [
            7.159794,
            45.895479
          ],
          [
            7.159791,
            45.895476
          ],
          [
            7.15978,
            45.895486
          ],
          [
            7.15977,
            45.895492
          ],
          [
            7.159749,
            45.895507
          ],
          [
            7.159741,
            45.89551
          ],
          [
            7.159734,
            45.895514
          ],
          [
            7.159723,
            45.895523
          ],
          [
            7.159682,
            45.895549
          ],
          [
            7.159645,
            45.895557
          ],
          [
            7.159628,
            45.895564
          ],
          [
            7.159599,
            45.895572
          ],
          [
            7.159554,
            45.895578
          ],
          [
            7.159526,
            45.895576
          ],
          [
            7.159507,
            45.895573
          ],
          [
            7.159486,
            45.895566
          ],
          [
            7.159464,
            45.895558
          ],
          [
            7.159455,
            45.895557
          ],
          [
            7.159436,
            45.895551
          ],
          [
            7.159419,
            45.895544
          ],
          [
            7.15938,
            45.895529
          ],
          [
            7.159351,
            45.895519
          ],
          [
            7.159331,
            45.895512
          ],
          [
            7.159309,
            45.895504
          ],
          [
            7.159271,
            45.895501
          ],
          [
            7.159254,
            45.895505
          ],
          [
            7.159248,
            45.895503
          ],
          [
            7.159227,
            45.8955
          ],
          [
            7.159218,
            45.895496
          ],
          [
            7.159202,
            45.895481
          ],
          [
            7.159197,
            45.895472
          ],
          [
            7.159197,
            45.895463
          ],
          [
            7.159205,
            45.895435
          ],
          [
            7.159205,
            45.895422
          ],
          [
            7.159204,
            45.895409
          ],
          [
            7.159205,
            45.895392
          ],
          [
            7.159205,
            45.89538
          ],
          [
            7.159199,
            45.89536
          ],
          [
            7.159191,
            45.89534
          ],
          [
            7.159182,
            45.895321
          ],
          [
            7.159179,
            45.895318
          ],
          [
            7.159176,
            45.895311
          ],
          [
            7.159169,
            45.895292
          ],
          [
            7.159158,
            45.895274
          ],
          [
            7.159155,
            45.895256
          ],
          [
            7.159138,
            45.895224
          ],
          [
            7.159124,
            45.895208
          ],
          [
            7.159112,
            45.895197
          ],
          [
            7.159104,
            45.895193
          ],
          [
            7.159078,
            45.895175
          ],
          [
            7.159071,
            45.895171
          ],
          [
            7.159006,
            45.895167
          ],
          [
            7.159002,
            45.895169
          ],
          [
            7.158984,
            45.895184
          ],
          [
            7.158982,
            45.895184
          ],
          [
            7.158965,
            45.895193
          ],
          [
            7.158947,
            45.895205
          ],
          [
            7.158918,
            45.895215
          ],
          [
            7.158913,
            45.895217
          ],
          [
            7.158884,
            45.895204
          ],
          [
            7.158853,
            45.895189
          ],
          [
            7.158849,
            45.895189
          ],
          [
            7.15884,
            45.895186
          ],
          [
            7.15883,
            45.895186
          ],
          [
            7.158819,
            45.895182
          ],
          [
            7.158816,
            45.89518
          ],
          [
            7.158793,
            45.895171
          ],
          [
            7.158754,
            45.89516
          ],
          [
            7.158746,
            45.895165
          ],
          [
            7.158749,
            45.89517
          ],
          [
            7.158712,
            45.895197
          ],
          [
            7.158712,
            45.8952
          ],
          [
            7.158711,
            45.895202
          ],
          [
            7.158697,
            45.895221
          ],
          [
            7.158695,
            45.895226
          ],
          [
            7.158692,
            45.895231
          ],
          [
            7.15868,
            45.895247
          ],
          [
            7.158665,
            45.895256
          ],
          [
            7.158661,
            45.895259
          ],
          [
            7.158649,
            45.895266
          ],
          [
            7.158637,
            45.895265
          ],
          [
            7.158637,
            45.895264
          ],
          [
            7.158637,
            45.895264
          ],
          [
            7.158635,
            45.895265
          ],
          [
            7.158637,
            45.895264
          ],
          [
            7.158625,
            45.895264
          ],
          [
            7.1586,
            45.89525
          ],
          [
            7.158583,
            45.895243
          ],
          [
            7.158572,
            45.895241
          ],
          [
            7.158576,
            45.895245
          ],
          [
            7.158546,
            45.895249
          ],
          [
            7.158531,
            45.895251
          ],
          [
            7.158512,
            45.895261
          ],
          [
            7.158505,
            45.89526
          ],
          [
            7.1585,
            45.89526
          ],
          [
            7.158474,
            45.89528
          ],
          [
            7.158463,
            45.895278
          ],
          [
            7.158455,
            45.895275
          ],
          [
            7.158434,
            45.895266
          ],
          [
            7.158411,
            45.89526
          ],
          [
            7.158384,
            45.895252
          ],
          [
            7.158372,
            45.895248
          ],
          [
            7.158367,
            45.895249
          ],
          [
            7.158355,
            45.895247
          ],
          [
            7.158346,
            45.895243
          ],
          [
            7.158337,
            45.895236
          ],
          [
            7.15833,
            45.895235
          ],
          [
            7.158277,
            45.895222
          ],
          [
            7.158277,
            45.895222
          ],
          [
            7.15824,
            45.895217
          ],
          [
            7.158195,
            45.895211
          ],
          [
            7.158177,
            45.895208
          ],
          [
            7.158136,
            45.895203
          ],
          [
            7.158127,
            45.895203
          ],
          [
            7.158064,
            45.895195
          ],
          [
            7.157982,
            45.895189
          ],
          [
            7.157903,
            45.895219
          ],
          [
            7.157828,
            45.895266
          ],
          [
            7.15778,
            45.895293
          ],
          [
            7.157759,
            45.895304
          ],
          [
            7.157759,
            45.895306
          ],
          [
            7.15776,
            45.895306
          ],
          [
            7.157762,
            45.895305
          ],
          [
            7.157763,
            45.895304
          ],
          [
            7.157729,
            45.895323
          ],
          [
            7.157712,
            45.895342
          ],
          [
            7.157692,
            45.895361
          ],
          [
            7.157688,
            45.895368
          ],
          [
            7.15766,
            45.895393
          ],
          [
            7.157652,
            45.895407
          ],
          [
            7.157627,
            45.895433
          ],
          [
            7.157605,
            45.895454
          ],
          [
            7.157592,
            45.895462
          ],
          [
            7.157592,
            45.895462
          ],
          [
            7.157544,
            45.895491
          ],
          [
            7.15749,
            45.895501
          ],
          [
            7.157483,
            45.895503
          ],
          [
            7.157451,
            45.895507
          ],
          [
            7.157431,
            45.895513
          ],
          [
            7.157412,
            45.89553
          ],
          [
            7.157411,
            45.89553
          ],
          [
            7.157411,
            45.89553
          ],
          [
            7.157411,
            45.89553
          ],
          [
            7.157411,
            45.89553
          ],
          [
            7.157411,
            45.89553
          ],
          [
            7.157411,
            45.89553
          ],
          [
            7.157411,
            45.89553
          ],
          [
            7.157411,
            45.89553
          ],
          [
            7.157411,
            45.89553
          ],
          [
            7.157411,
            45.89553
          ],
          [
            7.157411,
            45.89553
          ],
          [
            7.157411,
            45.89553
          ],
          [
            7.157411,
            45.89553
          ],
          [
            7.157411,
            45.89553
          ],
          [
            7.157411,
            45.89553
          ],
          [
            7.157411,
            45.89553
          ],
          [
            7.157411,
            45.89553
          ],
          [
            7.157411,
            45.895526
          ],
          [
            7.157411,
            45.89553
          ],
          [
            7.157411,
            45.89553
          ],
          [
            7.157411,
            45.89553
          ],
          [
            7.157411,
            45.89553
          ],
          [
            7.157411,
            45.89553
          ],
          [
            7.157411,
            45.89553
          ],
          [
            7.157413,
            45.895524
          ],
          [
            7.157421,
            45.895518
          ],
          [
            7.157411,
            45.89553
          ],
          [
            7.157411,
            45.89553
          ],
          [
            7.157417,
            45.895516
          ],
          [
            7.157415,
            45.895516
          ],
          [
            7.157415,
            45.895516
          ],
          [
            7.157415,
            45.895516
          ],
          [
            7.157393,
            45.895517
          ],
          [
            7.157307,
            45.895519
          ],
          [
            7.157236,
            45.895517
          ],
          [
            7.157202,
            45.895514
          ],
          [
            7.157149,
            45.895514
          ],
          [
            7.157132,
            45.895512
          ],
          [
            7.157132,
            45.895512
          ],
          [
            7.157132,
            45.895512
          ],
          [
            7.1571,
            45.895517
          ],
          [
            7.157021,
            45.895507
          ],
          [
            7.15693,
            45.895492
          ],
          [
            7.156853,
            45.895484
          ],
          [
            7.156836,
            45.895484
          ],
          [
            7.156822,
            45.895483
          ],
          [
            7.156804,
            45.895491
          ],
          [
            7.156785,
            45.895494
          ],
          [
            7.15678,
            45.895497
          ],
          [
            7.15678,
            45.895497
          ],
          [
            7.15678,
            45.895497
          ],
          [
            7.15678,
            45.895497
          ],
          [
            7.156775,
            45.895497
          ],
          [
            7.156724,
            45.895516
          ],
          [
            7.156706,
            45.895522
          ],
          [
            7.156691,
            45.89553
          ],
          [
            7.156678,
            45.895538
          ],
          [
            7.156656,
            45.895552
          ],
          [
            7.156642,
            45.895563
          ],
          [
            7.15663,
            45.89557
          ],
          [
            7.156592,
            45.895589
          ],
          [
            7.156549,
            45.895611
          ],
          [
            7.156515,
            45.895588
          ],
          [
            7.15651,
            45.895586
          ],
          [
            7.156496,
            45.895576
          ],
          [
            7.156487,
            45.895567
          ],
          [
            7.156485,
            45.895565
          ],
          [
            7.156478,
            45.89556
          ],
          [
            7.156471,
            45.895553
          ],
          [
            7.156466,
            45.895551
          ],
          [
            7.156455,
            45.895545
          ],
          [
            7.156415,
            45.895529
          ],
          [
            7.156397,
            45.895524
          ],
          [
            7.156371,
            45.895526
          ],
          [
            7.156342,
            45.895523
          ],
          [
            7.156313,
            45.895515
          ],
          [
            7.156302,
            45.895512
          ],
          [
            7.156259,
            45.895501
          ],
          [
            7.156249,
            45.895502
          ],
          [
            7.156206,
            45.895495
          ],
          [
            7.156181,
            45.895496
          ],
          [
            7.156159,
            45.895497
          ],
          [
            7.156118,
            45.895497
          ],
          [
            7.156105,
            45.895499
          ],
          [
            7.15605,
            45.895494
          ],
          [
            7.156017,
            45.895484
          ],
          [
            7.156004,
            45.895477
          ],
          [
            7.155978,
            45.89547
          ],
          [
            7.155939,
            45.895454
          ],
          [
            7.155921,
            45.895453
          ],
          [
            7.155861,
            45.895439
          ],
          [
            7.155852,
            45.895438
          ],
          [
            7.155815,
            45.895434
          ],
          [
            7.155808,
            45.895432
          ],
          [
            7.155771,
            45.895426
          ],
          [
            7.15575,
            45.895422
          ],
          [
            7.155701,
            45.895416
          ],
          [
            7.155695,
            45.895418
          ],
          [
            7.15566,
            45.89542
          ],
          [
            7.155646,
            45.895422
          ],
          [
            7.155603,
            45.895423
          ],
          [
            7.1556,
            45.89542
          ],
          [
            7.15556,
            45.895428
          ],
          [
            7.155523,
            45.895439
          ],
          [
            7.155519,
            45.895438
          ],
          [
            7.155482,
            45.895451
          ],
          [
            7.155487,
            45.895463
          ],
          [
            7.155504,
            45.895481
          ],
          [
            7.155529,
            45.895506
          ],
          [
            7.155534,
            45.895513
          ],
          [
            7.155544,
            45.895529
          ],
          [
            7.155552,
            45.895548
          ],
          [
            7.155552,
            45.895551
          ],
          [
            7.155555,
            45.895556
          ],
          [
            7.155554,
            45.89558
          ],
          [
            7.155548,
            45.895583
          ],
          [
            7.155541,
            45.895589
          ],
          [
            7.155523,
            45.895604
          ],
          [
            7.155522,
            45.895606
          ],
          [
            7.155478,
            45.895624
          ],
          [
            7.155466,
            45.895629
          ],
          [
            7.155438,
            45.89564
          ],
          [
            7.155441,
            45.89564
          ],
          [
            7.155395,
            45.895658
          ],
          [
            7.155378,
            45.895666
          ],
          [
            7.155342,
            45.895698
          ],
          [
            7.155305,
            45.895754
          ],
          [
            7.155296,
            45.895773
          ],
          [
            7.155292,
            45.895783
          ],
          [
            7.155284,
            45.895801
          ],
          [
            7.15528,
            45.895811
          ],
          [
            7.155253,
            45.89586
          ],
          [
            7.155236,
            45.895877
          ],
          [
            7.15521,
            45.895895
          ],
          [
            7.155152,
            45.895927
          ],
          [
            7.155103,
            45.895946
          ],
          [
            7.155078,
            45.895954
          ],
          [
            7.155004,
            45.89598
          ],
          [
            7.154923,
            45.896006
          ],
          [
            7.154907,
            45.896009
          ],
          [
            7.154842,
            45.896021
          ],
          [
            7.154815,
            45.896024
          ],
          [
            7.154786,
            45.896026
          ],
          [
            7.154714,
            45.896036
          ],
          [
            7.154692,
            45.896038
          ],
          [
            7.15465,
            45.896047
          ],
          [
            7.15459,
            45.89606
          ],
          [
            7.15458,
            45.896063
          ],
          [
            7.154504,
            45.896085
          ],
          [
            7.154454,
            45.896097
          ],
          [
            7.154395,
            45.896109
          ],
          [
            7.154325,
            45.896124
          ],
          [
            7.154275,
            45.896134
          ],
          [
            7.154274,
            45.896134
          ],
          [
            7.15427,
            45.896133
          ],
          [
            7.154213,
            45.896142
          ],
          [
            7.154195,
            45.896144
          ],
          [
            7.154185,
            45.896145
          ],
          [
            7.154191,
            45.896145
          ],
          [
            7.154187,
            45.896144
          ],
          [
            7.154186,
            45.896144
          ],
          [
            7.154184,
            45.896144
          ],
          [
            7.15414,
            45.896155
          ],
          [
            7.15413,
            45.896158
          ],
          [
            7.154017,
            45.896189
          ],
          [
            7.153953,
            45.896214
          ],
          [
            7.153879,
            45.896247
          ],
          [
            7.153804,
            45.896274
          ],
          [
            7.153713,
            45.896306
          ],
          [
            7.153635,
            45.896347
          ],
          [
            7.153621,
            45.896354
          ],
          [
            7.15358,
            45.896378
          ],
          [
            7.153526,
            45.896397
          ],
          [
            7.153523,
            45.896398
          ],
          [
            7.153493,
            45.896413
          ],
          [
            7.153437,
            45.896439
          ],
          [
            7.153428,
            45.896444
          ],
          [
            7.153413,
            45.89645
          ],
          [
            7.153401,
            45.896455
          ],
          [
            7.153374,
            45.896464
          ],
          [
            7.153338,
            45.89648
          ],
          [
            7.153302,
            45.896492
          ],
          [
            7.153293,
            45.896495
          ],
          [
            7.15329,
            45.896493
          ],
          [
            7.153297,
            45.896491
          ],
          [
            7.15329,
            45.896497
          ],
          [
            7.153293,
            45.896499
          ],
          [
            7.153255,
            45.896526
          ],
          [
            7.153235,
            45.896531
          ],
          [
            7.153226,
            45.896532
          ],
          [
            7.153222,
            45.896533
          ],
          [
            7.153202,
            45.896545
          ],
          [
            7.153174,
            45.896561
          ],
          [
            7.153154,
            45.896571
          ],
          [
            7.153145,
            45.896573
          ],
          [
            7.153138,
            45.896575
          ],
          [
            7.153126,
            45.896581
          ],
          [
            7.1531,
            45.896594
          ],
          [
            7.153052,
            45.89661
          ],
          [
            7.15303,
            45.896619
          ],
          [
            7.153002,
            45.896634
          ],
          [
            7.152982,
            45.896642
          ],
          [
            7.152951,
            45.89666
          ],
          [
            7.152925,
            45.89667
          ],
          [
            7.152904,
            45.896681
          ],
          [
            7.15289,
            45.896692
          ],
          [
            7.152881,
            45.896696
          ],
          [
            7.152843,
            45.89671
          ],
          [
            7.152832,
            45.896714
          ],
          [
            7.152825,
            45.896719
          ],
          [
            7.152827,
            45.896715
          ],
          [
            7.152825,
            45.896719
          ],
          [
            7.152825,
            45.896719
          ],
          [
            7.152825,
            45.896719
          ],
          [
            7.152825,
            45.896719
          ],
          [
            7.152825,
            45.896719
          ],
          [
            7.152825,
            45.896719
          ],
          [
            7.152825,
            45.896719
          ],
          [
            7.152825,
            45.896719
          ],
          [
            7.152825,
            45.896719
          ],
          [
            7.152825,
            45.896719
          ],
          [
            7.152825,
            45.896719
          ],
          [
            7.152825,
            45.896719
          ],
          [
            7.152825,
            45.896719
          ],
          [
            7.152825,
            45.896719
          ],
          [
            7.152825,
            45.896719
          ],
          [
            7.152825,
            45.896719
          ],
          [
            7.152825,
            45.896719
          ],
          [
            7.152825,
            45.896719
          ],
          [
            7.152825,
            45.896719
          ],
          [
            7.152825,
            45.896719
          ],
          [
            7.152825,
            45.896719
          ],
          [
            7.152825,
            45.896719
          ],
          [
            7.152825,
            45.896719
          ],
          [
            7.152827,
            45.896707
          ],
          [
            7.152828,
            45.896703
          ],
          [
            7.152828,
            45.896703
          ],
          [
            7.152816,
            45.896708
          ],
          [
            7.152828,
            45.896703
          ],
          [
            7.152817,
            45.896714
          ],
          [
            7.152818,
            45.896716
          ],
          [
            7.152799,
            45.896724
          ],
          [
            7.152778,
            45.896736
          ],
          [
            7.152771,
            45.896739
          ],
          [
            7.15276,
            45.896743
          ],
          [
            7.152732,
            45.896754
          ],
          [
            7.152712,
            45.896758
          ],
          [
            7.15268,
            45.896771
          ],
          [
            7.152668,
            45.896775
          ],
          [
            7.152647,
            45.896782
          ],
          [
            7.152613,
            45.896795
          ],
          [
            7.152596,
            45.896801
          ],
          [
            7.152565,
            45.896811
          ],
          [
            7.152546,
            45.896818
          ],
          [
            7.152487,
            45.896831
          ],
          [
            7.152479,
            45.896835
          ],
          [
            7.152448,
            45.896848
          ],
          [
            7.152435,
            45.896854
          ],
          [
            7.15239,
            45.896873
          ],
          [
            7.15238,
            45.896873
          ],
          [
            7.152325,
            45.896886
          ],
          [
            7.152278,
            45.896908
          ],
          [
            7.15227,
            45.896909
          ],
          [
            7.152249,
            45.896918
          ],
          [
            7.152223,
            45.896924
          ],
          [
            7.152211,
            45.896944
          ],
          [
            7.152207,
            45.896951
          ],
          [
            7.152202,
            45.896966
          ],
          [
            7.152195,
            45.896982
          ],
          [
            7.152189,
            45.896992
          ],
          [
            7.152188,
            45.896995
          ],
          [
            7.152188,
            45.897005
          ],
          [
            7.15218,
            45.897034
          ],
          [
            7.152173,
            45.897053
          ],
          [
            7.15217,
            45.897061
          ],
          [
            7.15217,
            45.897066
          ],
          [
            7.152163,
            45.897085
          ],
          [
            7.152153,
            45.897104
          ],
          [
            7.152142,
            45.897123
          ],
          [
            7.152125,
            45.89715
          ],
          [
            7.152116,
            45.897167
          ],
          [
            7.152109,
            45.89718
          ],
          [
            7.152104,
            45.897185
          ],
          [
            7.152105,
            45.897187
          ],
          [
            7.152102,
            45.897192
          ],
          [
            7.152093,
            45.897202
          ],
          [
            7.152074,
            45.897219
          ],
          [
            7.152077,
            45.897223
          ],
          [
            7.152072,
            45.897231
          ],
          [
            7.152069,
            45.897237
          ],
          [
            7.152062,
            45.897245
          ],
          [
            7.152044,
            45.897261
          ],
          [
            7.152036,
            45.897273
          ],
          [
            7.152029,
            45.897279
          ],
          [
            7.152015,
            45.897296
          ],
          [
            7.152,
            45.897311
          ],
          [
            7.151983,
            45.897322
          ],
          [
            7.151963,
            45.897344
          ],
          [
            7.151955,
            45.897352
          ],
          [
            7.151944,
            45.897363
          ],
          [
            7.151935,
            45.89737
          ],
          [
            7.151931,
            45.897373
          ],
          [
            7.151906,
            45.897394
          ],
          [
            7.151875,
            45.897423
          ],
          [
            7.151863,
            45.897433
          ],
          [
            7.151854,
            45.897441
          ],
          [
            7.151846,
            45.89745
          ],
          [
            7.151841,
            45.897453
          ],
          [
            7.15183,
            45.897461
          ],
          [
            7.151821,
            45.89747
          ],
          [
            7.151815,
            45.897475
          ],
          [
            7.151808,
            45.897483
          ],
          [
            7.15179,
            45.897499
          ],
          [
            7.15179,
            45.897504
          ],
          [
            7.151782,
            45.897517
          ],
          [
            7.15178,
            45.897525
          ],
          [
            7.151754,
            45.897544
          ],
          [
            7.151747,
            45.89755
          ],
          [
            7.151702,
            45.897581
          ],
          [
            7.151694,
            45.897587
          ],
          [
            7.151682,
            45.897596
          ],
          [
            7.151673,
            45.897599
          ],
          [
            7.151667,
            45.897602
          ],
          [
            7.151646,
            45.897619
          ],
          [
            7.151644,
            45.897621
          ],
          [
            7.151616,
            45.89764
          ],
          [
            7.151603,
            45.897654
          ],
          [
            7.151595,
            45.897664
          ],
          [
            7.151592,
            45.897666
          ],
          [
            7.151592,
            45.897666
          ],
          [
            7.151592,
            45.897666
          ],
          [
            7.151592,
            45.897663
          ],
          [
            7.15159,
            45.897663
          ],
          [
            7.151581,
            45.897667
          ],
          [
            7.151566,
            45.897671
          ],
          [
            7.151554,
            45.897676
          ],
          [
            7.151549,
            45.897681
          ],
          [
            7.151539,
            45.897688
          ],
          [
            7.151536,
            45.897689
          ],
          [
            7.151534,
            45.897692
          ],
          [
            7.151526,
            45.897696
          ],
          [
            7.151523,
            45.897699
          ],
          [
            7.151515,
            45.897704
          ],
          [
            7.151489,
            45.897715
          ],
          [
            7.151461,
            45.897722
          ],
          [
            7.151429,
            45.897741
          ],
          [
            7.151414,
            45.897745
          ],
          [
            7.151399,
            45.897752
          ],
          [
            7.151385,
            45.897759
          ],
          [
            7.151377,
            45.897762
          ],
          [
            7.151345,
            45.897772
          ],
          [
            7.151329,
            45.897778
          ],
          [
            7.151271,
            45.8978
          ],
          [
            7.151273,
            45.897801
          ],
          [
            7.151256,
            45.897814
          ],
          [
            7.151228,
            45.89783
          ],
          [
            7.151227,
            45.897832
          ],
          [
            7.151206,
            45.897844
          ],
          [
            7.151179,
            45.897858
          ],
          [
            7.151144,
            45.897885
          ],
          [
            7.151123,
            45.897899
          ],
          [
            7.151107,
            45.897914
          ],
          [
            7.151095,
            45.897914
          ],
          [
            7.151095,
            45.897915
          ],
          [
            7.151081,
            45.897907
          ],
          [
            7.151071,
            45.897894
          ],
          [
            7.151058,
            45.89788
          ],
          [
            7.151053,
            45.897865
          ],
          [
            7.151048,
            45.897839
          ],
          [
            7.151046,
            45.897832
          ],
          [
            7.151041,
            45.897823
          ],
          [
            7.151033,
            45.89779
          ],
          [
            7.151031,
            45.897775
          ],
          [
            7.15103,
            45.897771
          ],
          [
            7.151026,
            45.897759
          ],
          [
            7.151019,
            45.89775
          ],
          [
            7.151013,
            45.897728
          ],
          [
            7.15101,
            45.897724
          ],
          [
            7.150989,
            45.897698
          ],
          [
            7.150982,
            45.897685
          ],
          [
            7.15097,
            45.897665
          ],
          [
            7.15095,
            45.897638
          ],
          [
            7.150945,
            45.897629
          ],
          [
            7.150935,
            45.897609
          ],
          [
            7.150919,
            45.897598
          ],
          [
            7.150912,
            45.897585
          ],
          [
            7.15091,
            45.89758
          ],
          [
            7.150894,
            45.897559
          ],
          [
            7.150891,
            45.897553
          ],
          [
            7.150883,
            45.897539
          ],
          [
            7.150882,
            45.897539
          ],
          [
            7.150865,
            45.89752
          ],
          [
            7.150856,
            45.897512
          ],
          [
            7.150819,
            45.89751
          ],
          [
            7.150804,
            45.897508
          ],
          [
            7.150778,
            45.897509
          ],
          [
            7.150741,
            45.897515
          ],
          [
            7.150724,
            45.897519
          ],
          [
            7.150718,
            45.897521
          ],
          [
            7.150712,
            45.897524
          ],
          [
            7.150705,
            45.897526
          ],
          [
            7.150701,
            45.897528
          ],
          [
            7.150691,
            45.89753
          ],
          [
            7.150686,
            45.897531
          ],
          [
            7.150681,
            45.897532
          ],
          [
            7.150645,
            45.897536
          ],
          [
            7.150632,
            45.897538
          ],
          [
            7.150582,
            45.897544
          ],
          [
            7.150572,
            45.897547
          ],
          [
            7.150565,
            45.897548
          ],
          [
            7.150507,
            45.897555
          ],
          [
            7.150483,
            45.897561
          ],
          [
            7.150472,
            45.897564
          ],
          [
            7.150461,
            45.897567
          ],
          [
            7.150442,
            45.897572
          ],
          [
            7.150435,
            45.897575
          ],
          [
            7.150431,
            45.897576
          ],
          [
            7.150417,
            45.89758
          ],
          [
            7.150402,
            45.897584
          ],
          [
            7.150398,
            45.897586
          ],
          [
            7.150388,
            45.897589
          ],
          [
            7.150359,
            45.897599
          ],
          [
            7.150322,
            45.897606
          ],
          [
            7.150302,
            45.897614
          ],
          [
            7.150278,
            45.897629
          ],
          [
            7.150266,
            45.897635
          ],
          [
            7.150249,
            45.897644
          ],
          [
            7.150241,
            45.897648
          ],
          [
            7.150205,
            45.897672
          ],
          [
            7.150163,
            45.897691
          ],
          [
            7.150161,
            45.897694
          ],
          [
            7.150154,
            45.897696
          ],
          [
            7.150133,
            45.897697
          ],
          [
            7.150123,
            45.897688
          ],
          [
            7.150104,
            45.89766
          ],
          [
            7.150093,
            45.897645
          ],
          [
            7.150078,
            45.897625
          ],
          [
            7.150063,
            45.897601
          ],
          [
            7.150059,
            45.897592
          ],
          [
            7.15005,
            45.897577
          ],
          [
            7.150039,
            45.897565
          ],
          [
            7.150024,
            45.897551
          ],
          [
            7.150011,
            45.89754
          ],
          [
            7.149999,
            45.897521
          ],
          [
            7.149996,
            45.897514
          ],
          [
            7.149993,
            45.897505
          ],
          [
            7.149988,
            45.897488
          ],
          [
            7.149979,
            45.897473
          ],
          [
            7.14998,
            45.897461
          ],
          [
            7.149975,
            45.897441
          ],
          [
            7.149969,
            45.897428
          ],
          [
            7.149959,
            45.897407
          ],
          [
            7.149947,
            45.897377
          ],
          [
            7.149935,
            45.897366
          ],
          [
            7.149932,
            45.897362
          ],
          [
            7.149897,
            45.897348
          ],
          [
            7.14986,
            45.89736
          ],
          [
            7.149837,
            45.897363
          ],
          [
            7.14981,
            45.897372
          ],
          [
            7.149801,
            45.897376
          ],
          [
            7.149762,
            45.897385
          ],
          [
            7.149745,
            45.89739
          ],
          [
            7.149737,
            45.897388
          ],
          [
            7.149728,
            45.897392
          ],
          [
            7.149693,
            45.897402
          ],
          [
            7.149635,
            45.897415
          ],
          [
            7.149618,
            45.897419
          ],
          [
            7.149614,
            45.89742
          ],
          [
            7.149604,
            45.897412
          ],
          [
            7.14959,
            45.897388
          ],
          [
            7.149588,
            45.897384
          ],
          [
            7.14959,
            45.897352
          ],
          [
            7.149588,
            45.897345
          ],
          [
            7.149574,
            45.897325
          ],
          [
            7.149574,
            45.897313
          ],
          [
            7.149574,
            45.897312
          ],
          [
            7.14958,
            45.897301
          ],
          [
            7.149589,
            45.897289
          ],
          [
            7.149595,
            45.897275
          ],
          [
            7.149605,
            45.897265
          ],
          [
            7.149611,
            45.897244
          ],
          [
            7.149609,
            45.897234
          ],
          [
            7.14961,
            45.897208
          ],
          [
            7.149607,
            45.897196
          ],
          [
            7.149598,
            45.897166
          ],
          [
            7.149598,
            45.897167
          ],
          [
            7.149597,
            45.897159
          ],
          [
            7.149595,
            45.897154
          ],
          [
            7.149589,
            45.897144
          ],
          [
            7.149583,
            45.897137
          ],
          [
            7.149578,
            45.897128
          ],
          [
            7.149578,
            45.897128
          ],
          [
            7.149569,
            45.897112
          ],
          [
            7.14956,
            45.897098
          ],
          [
            7.14955,
            45.89707
          ],
          [
            7.149548,
            45.897067
          ],
          [
            7.149527,
            45.897052
          ],
          [
            7.149513,
            45.89705
          ],
          [
            7.149508,
            45.897052
          ],
          [
            7.149479,
            45.897055
          ],
          [
            7.14943,
            45.897061
          ],
          [
            7.149373,
            45.897084
          ],
          [
            7.149355,
            45.897091
          ],
          [
            7.149333,
            45.8971
          ],
          [
            7.14929,
            45.897109
          ],
          [
            7.149286,
            45.897111
          ],
          [
            7.14923,
            45.897126
          ],
          [
            7.149223,
            45.897128
          ],
          [
            7.14917,
            45.897142
          ],
          [
            7.149163,
            45.897146
          ],
          [
            7.149152,
            45.897153
          ],
          [
            7.149151,
            45.897155
          ],
          [
            7.149139,
            45.897158
          ],
          [
            7.149125,
            45.897161
          ],
          [
            7.14911,
            45.897165
          ],
          [
            7.149103,
            45.897168
          ],
          [
            7.149091,
            45.897173
          ],
          [
            7.149063,
            45.897184
          ],
          [
            7.149029,
            45.897197
          ],
          [
            7.149013,
            45.8972
          ],
          [
            7.148985,
            45.89721
          ],
          [
            7.148976,
            45.897213
          ],
          [
            7.148947,
            45.897224
          ],
          [
            7.148929,
            45.897233
          ],
          [
            7.148904,
            45.897239
          ],
          [
            7.148887,
            45.897243
          ],
          [
            7.148868,
            45.89725
          ],
          [
            7.148842,
            45.89726
          ],
          [
            7.148835,
            45.897262
          ],
          [
            7.148796,
            45.897277
          ],
          [
            7.14878,
            45.897286
          ],
          [
            7.148772,
            45.897288
          ],
          [
            7.148762,
            45.897291
          ],
          [
            7.148742,
            45.897298
          ],
          [
            7.148735,
            45.8973
          ],
          [
            7.148732,
            45.8973
          ],
          [
            7.148713,
            45.897307
          ],
          [
            7.1487,
            45.89731
          ],
          [
            7.148685,
            45.897316
          ],
          [
            7.148673,
            45.897319
          ],
          [
            7.148657,
            45.897326
          ],
          [
            7.14865,
            45.897327
          ],
          [
            7.148637,
            45.897335
          ],
          [
            7.148626,
            45.89734
          ],
          [
            7.148616,
            45.897347
          ],
          [
            7.148609,
            45.897352
          ],
          [
            7.148599,
            45.89736
          ],
          [
            7.148591,
            45.897371
          ],
          [
            7.148586,
            45.897399
          ],
          [
            7.148578,
            45.897412
          ],
          [
            7.148565,
            45.897436
          ],
          [
            7.14856,
            45.897437
          ],
          [
            7.148553,
            45.897439
          ],
          [
            7.148533,
            45.897438
          ],
          [
            7.148508,
            45.897435
          ],
          [
            7.148491,
            45.897429
          ],
          [
            7.148463,
            45.897418
          ],
          [
            7.148432,
            45.897405
          ],
          [
            7.148433,
            45.897407
          ],
          [
            7.148398,
            45.897407
          ],
          [
            7.148369,
            45.897418
          ],
          [
            7.148361,
            45.897424
          ],
          [
            7.148337,
            45.897457
          ],
          [
            7.148335,
            45.897461
          ],
          [
            7.148329,
            45.897472
          ],
          [
            7.148323,
            45.897487
          ],
          [
            7.14832,
            45.897494
          ],
          [
            7.148312,
            45.897517
          ],
          [
            7.148312,
            45.897517
          ],
          [
            7.148312,
            45.897517
          ],
          [
            7.148295,
            45.897528
          ],
          [
            7.148292,
            45.897548
          ],
          [
            7.148287,
            45.897575
          ],
          [
            7.148285,
            45.897585
          ],
          [
            7.148286,
            45.897602
          ],
          [
            7.148285,
            45.897606
          ],
          [
            7.148272,
            45.897629
          ],
          [
            7.148263,
            45.897661
          ],
          [
            7.14826,
            45.897669
          ],
          [
            7.148255,
            45.897678
          ],
          [
            7.148255,
            45.897683
          ],
          [
            7.148255,
            45.897691
          ],
          [
            7.148256,
            45.897705
          ],
          [
            7.148253,
            45.89771
          ],
          [
            7.148249,
            45.897733
          ],
          [
            7.14825,
            45.897734
          ],
          [
            7.148244,
            45.89775
          ],
          [
            7.148245,
            45.89776
          ],
          [
            7.148248,
            45.897779
          ],
          [
            7.14825,
            45.89778
          ],
          [
            7.148249,
            45.897786
          ],
          [
            7.148245,
            45.897805
          ],
          [
            7.148245,
            45.897817
          ],
          [
            7.148245,
            45.897821
          ],
          [
            7.148244,
            45.897825
          ],
          [
            7.148244,
            45.897828
          ],
          [
            7.148243,
            45.897832
          ],
          [
            7.148243,
            45.897846
          ],
          [
            7.148243,
            45.897858
          ],
          [
            7.148237,
            45.897876
          ],
          [
            7.148222,
            45.897898
          ],
          [
            7.148218,
            45.897904
          ],
          [
            7.148205,
            45.897916
          ],
          [
            7.148198,
            45.897928
          ],
          [
            7.148189,
            45.897936
          ],
          [
            7.148188,
            45.897939
          ],
          [
            7.148176,
            45.897954
          ],
          [
            7.148166,
            45.897963
          ],
          [
            7.148162,
            45.897967
          ],
          [
            7.148143,
            45.897985
          ],
          [
            7.148119,
            45.897996
          ],
          [
            7.148111,
            45.897999
          ],
          [
            7.148093,
            45.898008
          ],
          [
            7.148088,
            45.898011
          ],
          [
            7.148085,
            45.898015
          ],
          [
            7.148068,
            45.898018
          ],
          [
            7.148063,
            45.898021
          ],
          [
            7.148014,
            45.898034
          ],
          [
            7.147998,
            45.898038
          ],
          [
            7.147983,
            45.898043
          ],
          [
            7.147979,
            45.898047
          ],
          [
            7.147973,
            45.898049
          ],
          [
            7.147973,
            45.898049
          ],
          [
            7.147973,
            45.898049
          ],
          [
            7.147922,
            45.898044
          ],
          [
            7.147893,
            45.898031
          ],
          [
            7.147892,
            45.898029
          ],
          [
            7.14789,
            45.898024
          ],
          [
            7.147884,
            45.898018
          ],
          [
            7.147879,
            45.898011
          ],
          [
            7.147866,
            45.897993
          ],
          [
            7.14786,
            45.897984
          ],
          [
            7.147857,
            45.897979
          ],
          [
            7.147833,
            45.897961
          ],
          [
            7.147823,
            45.897953
          ],
          [
            7.147805,
            45.897943
          ],
          [
            7.147795,
            45.897932
          ],
          [
            7.147791,
            45.897929
          ],
          [
            7.147767,
            45.897912
          ],
          [
            7.147762,
            45.89791
          ],
          [
            7.147737,
            45.8979
          ],
          [
            7.147724,
            45.897899
          ],
          [
            7.147724,
            45.897899
          ],
          [
            7.147711,
            45.897897
          ],
          [
            7.147703,
            45.897898
          ],
          [
            7.147669,
            45.897895
          ],
          [
            7.147655,
            45.897892
          ],
          [
            7.147636,
            45.89789
          ],
          [
            7.147625,
            45.89789
          ],
          [
            7.147624,
            45.897892
          ],
          [
            7.147622,
            45.897892
          ],
          [
            7.147613,
            45.897892
          ],
          [
            7.14758,
            45.897887
          ],
          [
            7.14757,
            45.897884
          ],
          [
            7.147549,
            45.897881
          ],
          [
            7.147523,
            45.897878
          ],
          [
            7.147504,
            45.897878
          ],
          [
            7.147494,
            45.897878
          ],
          [
            7.147476,
            45.897875
          ],
          [
            7.147466,
            45.897873
          ],
          [
            7.147459,
            45.89787
          ],
          [
            7.147439,
            45.897874
          ],
          [
            7.147432,
            45.897876
          ],
          [
            7.147423,
            45.89788
          ],
          [
            7.147386,
            45.897877
          ],
          [
            7.147381,
            45.897877
          ],
          [
            7.14738,
            45.897876
          ],
          [
            7.14735,
            45.89788
          ],
          [
            7.147344,
            45.897879
          ],
          [
            7.147328,
            45.897879
          ],
          [
            7.147321,
            45.897879
          ],
          [
            7.147293,
            45.897883
          ],
          [
            7.14729,
            45.897881
          ],
          [
            7.147282,
            45.897881
          ],
          [
            7.147275,
            45.897882
          ],
          [
            7.147268,
            45.897881
          ],
          [
            7.147253,
            45.89788
          ],
          [
            7.147239,
            45.897879
          ],
          [
            7.147222,
            45.897876
          ],
          [
            7.14721,
            45.89787
          ],
          [
            7.14721,
            45.897868
          ],
          [
            7.147194,
            45.897866
          ],
          [
            7.147194,
            45.89787
          ],
          [
            7.147177,
            45.897884
          ],
          [
            7.147181,
            45.897925
          ],
          [
            7.147175,
            45.897946
          ],
          [
            7.147173,
            45.897957
          ],
          [
            7.147173,
            45.89796
          ],
          [
            7.147175,
            45.89798
          ],
          [
            7.147175,
            45.897989
          ],
          [
            7.147177,
            45.898
          ],
          [
            7.147179,
            45.898016
          ],
          [
            7.147179,
            45.89803
          ],
          [
            7.147177,
            45.898046
          ],
          [
            7.147176,
            45.898061
          ],
          [
            7.147177,
            45.898067
          ],
          [
            7.147166,
            45.898066
          ],
          [
            7.147153,
            45.898064
          ],
          [
            7.147124,
            45.898057
          ],
          [
            7.147079,
            45.898054
          ],
          [
            7.147064,
            45.898055
          ],
          [
            7.147042,
            45.898054
          ],
          [
            7.147007,
            45.898046
          ],
          [
            7.147005,
            45.898052
          ],
          [
            7.147006,
            45.898053
          ],
          [
            7.147019,
            45.898094
          ],
          [
            7.147041,
            45.89813
          ],
          [
            7.147058,
            45.898163
          ],
          [
            7.147081,
            45.898186
          ],
          [
            7.147084,
            45.898193
          ],
          [
            7.147092,
            45.898204
          ],
          [
            7.147099,
            45.898215
          ],
          [
            7.147104,
            45.89822
          ],
          [
            7.147141,
            45.898241
          ],
          [
            7.147147,
            45.898245
          ],
          [
            7.147177,
            45.898275
          ],
          [
            7.147189,
            45.898289
          ],
          [
            7.147186,
            45.898296
          ],
          [
            7.14717,
            45.898318
          ],
          [
            7.147171,
            45.898319
          ],
          [
            7.14717,
            45.898323
          ],
          [
            7.147164,
            45.898339
          ],
          [
            7.147161,
            45.898336
          ],
          [
            7.147155,
            45.898336
          ],
          [
            7.147145,
            45.898332
          ],
          [
            7.147148,
            45.898332
          ],
          [
            7.147148,
            45.898332
          ],
          [
            7.147117,
            45.898331
          ],
          [
            7.147107,
            45.898333
          ],
          [
            7.147107,
            45.898333
          ],
          [
            7.147107,
            45.898333
          ],
          [
            7.147088,
            45.898329
          ],
          [
            7.147055,
            45.89833
          ],
          [
            7.147048,
            45.898327
          ],
          [
            7.147025,
            45.898325
          ],
          [
            7.147001,
            45.898315
          ],
          [
            7.146992,
            45.898311
          ],
          [
            7.146972,
            45.898315
          ],
          [
            7.146981,
            45.898319
          ],
          [
            7.146985,
            45.898313
          ],
          [
            7.146995,
            45.898329
          ],
          [
            7.147002,
            45.898335
          ],
          [
            7.147008,
            45.898349
          ],
          [
            7.14702,
            45.89837
          ],
          [
            7.147022,
            45.898372
          ],
          [
            7.147017,
            45.898387
          ],
          [
            7.147021,
            45.898393
          ],
          [
            7.147026,
            45.898419
          ],
          [
            7.147026,
            45.89842
          ],
          [
            7.147028,
            45.898422
          ],
          [
            7.147039,
            45.898444
          ],
          [
            7.147038,
            45.898464
          ],
          [
            7.147036,
            45.898485
          ],
          [
            7.147036,
            45.898492
          ],
          [
            7.147033,
            45.898503
          ],
          [
            7.147035,
            45.898516
          ],
          [
            7.147033,
            45.898517
          ],
          [
            7.147011,
            45.898507
          ],
          [
            7.147009,
            45.898507
          ],
          [
            7.147002,
            45.898502
          ],
          [
            7.146981,
            45.898489
          ],
          [
            7.146947,
            45.89847
          ],
          [
            7.146938,
            45.898466
          ],
          [
            7.146915,
            45.898445
          ],
          [
            7.14689,
            45.898435
          ],
          [
            7.146879,
            45.898425
          ],
          [
            7.146871,
            45.898423
          ],
          [
            7.146872,
            45.898426
          ],
          [
            7.146863,
            45.89842
          ],
          [
            7.146851,
            45.898417
          ],
          [
            7.146822,
            45.898403
          ],
          [
            7.146814,
            45.898401
          ],
          [
            7.146785,
            45.898385
          ],
          [
            7.146774,
            45.898383
          ],
          [
            7.146754,
            45.89838
          ],
          [
            7.146731,
            45.898374
          ],
          [
            7.146697,
            45.898357
          ],
          [
            7.146683,
            45.898345
          ],
          [
            7.146686,
            45.898349
          ],
          [
            7.146686,
            45.898349
          ],
          [
            7.146686,
            45.898349
          ],
          [
            7.14666,
            45.898331
          ],
          [
            7.146661,
            45.89833
          ],
          [
            7.146643,
            45.898317
          ],
          [
            7.146641,
            45.898316
          ],
          [
            7.146623,
            45.898304
          ],
          [
            7.146616,
            45.8983
          ],
          [
            7.146614,
            45.898298
          ],
          [
            7.146608,
            45.898295
          ],
          [
            7.146597,
            45.898288
          ],
          [
            7.146594,
            45.898289
          ],
          [
            7.146576,
            45.898282
          ],
          [
            7.146576,
            45.898283
          ],
          [
            7.146568,
            45.898281
          ],
          [
            7.146565,
            45.898278
          ],
          [
            7.146544,
            45.898274
          ],
          [
            7.146535,
            45.898269
          ],
          [
            7.146522,
            45.898268
          ],
          [
            7.146516,
            45.89827
          ],
          [
            7.146504,
            45.89827
          ],
          [
            7.146499,
            45.898269
          ],
          [
            7.146487,
            45.898271
          ],
          [
            7.146472,
            45.898273
          ],
          [
            7.146423,
            45.898277
          ],
          [
            7.146421,
            45.898277
          ],
          [
            7.146419,
            45.898279
          ],
          [
            7.146419,
            45.898279
          ],
          [
            7.146419,
            45.898279
          ],
          [
            7.146419,
            45.898279
          ],
          [
            7.146373,
            45.89828
          ],
          [
            7.146337,
            45.898278
          ],
          [
            7.146316,
            45.898276
          ],
          [
            7.146288,
            45.89828
          ],
          [
            7.146284,
            45.898281
          ],
          [
            7.146253,
            45.898282
          ],
          [
            7.146244,
            45.898279
          ],
          [
            7.146187,
            45.898279
          ],
          [
            7.146142,
            45.89827
          ],
          [
            7.146133,
            45.898266
          ],
          [
            7.146099,
            45.898265
          ],
          [
            7.146082,
            45.898262
          ],
          [
            7.146061,
            45.898258
          ],
          [
            7.146042,
            45.898258
          ],
          [
            7.146039,
            45.898257
          ],
          [
            7.146006,
            45.898255
          ],
          [
            7.146002,
            45.898253
          ],
          [
            7.146001,
            45.898254
          ],
          [
            7.145976,
            45.898249
          ],
          [
            7.145946,
            45.898247
          ],
          [
            7.145938,
            45.898256
          ],
          [
            7.145944,
            45.898257
          ],
          [
            7.145953,
            45.898269
          ],
          [
            7.145957,
            45.898275
          ],
          [
            7.145959,
            45.898279
          ],
          [
            7.14596,
            45.898285
          ],
          [
            7.145964,
            45.898296
          ],
          [
            7.145958,
            45.898305
          ],
          [
            7.14595,
            45.898306
          ],
          [
            7.145918,
            45.898304
          ],
          [
            7.145911,
            45.898303
          ],
          [
            7.145901,
            45.898301
          ],
          [
            7.145885,
            45.898299
          ],
          [
            7.14588,
            45.8983
          ],
          [
            7.145878,
            45.8983
          ],
          [
            7.145849,
            45.898299
          ],
          [
            7.145827,
            45.8983
          ],
          [
            7.145795,
            45.898304
          ],
          [
            7.145783,
            45.898307
          ],
          [
            7.145783,
            45.898307
          ],
          [
            7.145783,
            45.898307
          ],
          [
            7.145783,
            45.898307
          ],
          [
            7.145783,
            45.898307
          ],
          [
            7.145783,
            45.898307
          ],
          [
            7.145783,
            45.898307
          ],
          [
            7.145783,
            45.898307
          ],
          [
            7.145783,
            45.898307
          ],
          [
            7.145783,
            45.898307
          ],
          [
            7.145783,
            45.898307
          ],
          [
            7.145783,
            45.898307
          ],
          [
            7.145783,
            45.898307
          ],
          [
            7.145783,
            45.898307
          ],
          [
            7.145783,
            45.898307
          ],
          [
            7.145783,
            45.898307
          ],
          [
            7.145783,
            45.898302
          ],
          [
            7.145779,
            45.898302
          ],
          [
            7.14578,
            45.898302
          ],
          [
            7.145776,
            45.898303
          ],
          [
            7.145771,
            45.898301
          ],
          [
            7.145783,
            45.898307
          ],
          [
            7.145783,
            45.898307
          ],
          [
            7.145783,
            45.898307
          ],
          [
            7.145783,
            45.898307
          ],
          [
            7.145783,
            45.898307
          ],
          [
            7.145783,
            45.898307
          ],
          [
            7.145783,
            45.898307
          ],
          [
            7.145783,
            45.898307
          ],
          [
            7.145783,
            45.898307
          ],
          [
            7.145783,
            45.898307
          ],
          [
            7.145783,
            45.898307
          ],
          [
            7.145783,
            45.898307
          ],
          [
            7.145783,
            45.898307
          ],
          [
            7.145783,
            45.898307
          ],
          [
            7.145783,
            45.898307
          ],
          [
            7.145783,
            45.898307
          ],
          [
            7.145783,
            45.898307
          ],
          [
            7.145783,
            45.898307
          ],
          [
            7.145783,
            45.898307
          ],
          [
            7.145783,
            45.898307
          ],
          [
            7.145783,
            45.898307
          ],
          [
            7.145783,
            45.898307
          ],
          [
            7.145783,
            45.898307
          ],
          [
            7.145783,
            45.898307
          ],
          [
            7.145783,
            45.898307
          ],
          [
            7.145783,
            45.898307
          ],
          [
            7.145783,
            45.898307
          ],
          [
            7.145783,
            45.898307
          ],
          [
            7.145783,
            45.898307
          ],
          [
            7.145783,
            45.898307
          ],
          [
            7.145769,
            45.898303
          ],
          [
            7.145783,
            45.898307
          ],
          [
            7.145771,
            45.898308
          ],
          [
            7.145783,
            45.898307
          ],
          [
            7.145783,
            45.898307
          ],
          [
            7.145785,
            45.898307
          ],
          [
            7.145786,
            45.898308
          ],
          [
            7.145783,
            45.89831
          ],
          [
            7.145783,
            45.898307
          ],
          [
            7.145783,
            45.898307
          ],
          [
            7.145783,
            45.898307
          ],
          [
            7.145783,
            45.898307
          ],
          [
            7.145783,
            45.898307
          ],
          [
            7.145783,
            45.898307
          ],
          [
            7.145783,
            45.898307
          ],
          [
            7.145783,
            45.898307
          ],
          [
            7.145783,
            45.898307
          ],
          [
            7.145783,
            45.898307
          ],
          [
            7.145783,
            45.898307
          ],
          [
            7.145783,
            45.898307
          ],
          [
            7.145783,
            45.898307
          ],
          [
            7.145783,
            45.898307
          ],
          [
            7.145783,
            45.898307
          ],
          [
            7.145783,
            45.898307
          ],
          [
            7.145783,
            45.898307
          ],
          [
            7.145783,
            45.898307
          ],
          [
            7.145783,
            45.898307
          ],
          [
            7.145783,
            45.898307
          ],
          [
            7.145783,
            45.898307
          ],
          [
            7.145783,
            45.898307
          ],
          [
            7.145783,
            45.898307
          ],
          [
            7.145783,
            45.898307
          ],
          [
            7.145783,
            45.898307
          ],
          [
            7.145783,
            45.898307
          ],
          [
            7.145783,
            45.898307
          ],
          [
            7.145783,
            45.898307
          ],
          [
            7.145783,
            45.898307
          ],
          [
            7.145783,
            45.898307
          ],
          [
            7.145783,
            45.898307
          ],
          [
            7.145783,
            45.898307
          ],
          [
            7.145783,
            45.898307
          ],
          [
            7.145783,
            45.898307
          ],
          [
            7.145783,
            45.898307
          ],
          [
            7.145783,
            45.898307
          ],
          [
            7.145783,
            45.898307
          ],
          [
            7.145783,
            45.898307
          ],
          [
            7.145782,
            45.898302
          ],
          [
            7.145783,
            45.898309
          ],
          [
            7.145783,
            45.898307
          ],
          [
            7.145781,
            45.898313
          ],
          [
            7.145767,
            45.898325
          ],
          [
            7.145767,
            45.89833
          ],
          [
            7.145767,
            45.89833
          ],
          [
            7.14576,
            45.898326
          ],
          [
            7.145755,
            45.898322
          ],
          [
            7.145749,
            45.898323
          ],
          [
            7.145747,
            45.898324
          ],
          [
            7.145752,
            45.898325
          ],
          [
            7.145767,
            45.89833
          ],
          [
            7.145767,
            45.89833
          ],
          [
            7.145767,
            45.89833
          ],
          [
            7.145767,
            45.89833
          ],
          [
            7.145767,
            45.89833
          ],
          [
            7.145767,
            45.89833
          ],
          [
            7.145767,
            45.89833
          ],
          [
            7.145767,
            45.89833
          ],
          [
            7.145767,
            45.89833
          ],
          [
            7.145767,
            45.89833
          ],
          [
            7.145767,
            45.89833
          ],
          [
            7.145767,
            45.89833
          ],
          [
            7.145767,
            45.89833
          ],
          [
            7.145767,
            45.89833
          ],
          [
            7.145767,
            45.89833
          ],
          [
            7.145767,
            45.89833
          ],
          [
            7.145767,
            45.89833
          ],
          [
            7.145767,
            45.89833
          ],
          [
            7.145767,
            45.89833
          ],
          [
            7.145767,
            45.89833
          ],
          [
            7.145767,
            45.89833
          ],
          [
            7.145767,
            45.89833
          ],
          [
            7.145767,
            45.89833
          ],
          [
            7.145767,
            45.89833
          ],
          [
            7.145767,
            45.89833
          ],
          [
            7.145767,
            45.89833
          ],
          [
            7.145767,
            45.89833
          ],
          [
            7.145767,
            45.89833
          ],
          [
            7.145767,
            45.89833
          ],
          [
            7.145767,
            45.89833
          ],
          [
            7.145767,
            45.89833
          ],
          [
            7.145767,
            45.89833
          ],
          [
            7.145767,
            45.89833
          ],
          [
            7.145767,
            45.89833
          ],
          [
            7.145767,
            45.89833
          ],
          [
            7.145767,
            45.89833
          ],
          [
            7.145767,
            45.89833
          ],
          [
            7.145767,
            45.89833
          ],
          [
            7.145767,
            45.89833
          ],
          [
            7.145767,
            45.89833
          ],
          [
            7.145767,
            45.89833
          ],
          [
            7.145767,
            45.89833
          ],
          [
            7.145767,
            45.89833
          ],
          [
            7.145767,
            45.89833
          ],
          [
            7.145767,
            45.89833
          ],
          [
            7.145767,
            45.89833
          ],
          [
            7.145767,
            45.89833
          ],
          [
            7.145767,
            45.89833
          ],
          [
            7.145767,
            45.89833
          ],
          [
            7.145767,
            45.89833
          ],
          [
            7.145767,
            45.89833
          ],
          [
            7.145767,
            45.89832
          ],
          [
            7.145767,
            45.89833
          ],
          [
            7.145767,
            45.89833
          ],
          [
            7.145767,
            45.89833
          ],
          [
            7.145767,
            45.89833
          ],
          [
            7.145767,
            45.89833
          ],
          [
            7.145767,
            45.89833
          ],
          [
            7.145767,
            45.89833
          ],
          [
            7.145767,
            45.89833
          ],
          [
            7.145767,
            45.89833
          ],
          [
            7.145767,
            45.89833
          ],
          [
            7.145767,
            45.89833
          ],
          [
            7.145767,
            45.89833
          ],
          [
            7.145767,
            45.89833
          ],
          [
            7.145767,
            45.89833
          ],
          [
            7.145767,
            45.89833
          ],
          [
            7.145767,
            45.89833
          ],
          [
            7.145767,
            45.89833
          ],
          [
            7.145767,
            45.89833
          ],
          [
            7.145767,
            45.89833
          ],
          [
            7.145767,
            45.89833
          ],
          [
            7.145767,
            45.89833
          ],
          [
            7.145767,
            45.89833
          ],
          [
            7.145767,
            45.89833
          ],
          [
            7.145763,
            45.89833
          ],
          [
            7.145767,
            45.89833
          ],
          [
            7.145772,
            45.89833
          ],
          [
            7.145774,
            45.898328
          ],
          [
            7.145774,
            45.898327
          ],
          [
            7.145761,
            45.898338
          ],
          [
            7.145759,
            45.898327
          ],
          [
            7.145771,
            45.898324
          ],
          [
            7.145767,
            45.89833
          ],
          [
            7.145767,
            45.89833
          ],
          [
            7.145767,
            45.89833
          ],
          [
            7.145767,
            45.89833
          ],
          [
            7.145767,
            45.89833
          ],
          [
            7.145767,
            45.89833
          ],
          [
            7.145767,
            45.89833
          ],
          [
            7.145767,
            45.89833
          ],
          [
            7.145767,
            45.89833
          ],
          [
            7.145767,
            45.89833
          ],
          [
            7.145767,
            45.89833
          ],
          [
            7.145767,
            45.89833
          ],
          [
            7.145767,
            45.89833
          ],
          [
            7.145767,
            45.89833
          ],
          [
            7.145767,
            45.89833
          ],
          [
            7.145775,
            45.898329
          ],
          [
            7.145781,
            45.898318
          ],
          [
            7.145784,
            45.898319
          ],
          [
            7.145784,
            45.898319
          ],
          [
            7.145784,
            45.898319
          ],
          [
            7.145784,
            45.898319
          ],
          [
            7.145778,
            45.898313
          ],
          [
            7.145781,
            45.898312
          ],
          [
            7.145784,
            45.898319
          ],
          [
            7.145784,
            45.898319
          ],
          [
            7.145784,
            45.898319
          ],
          [
            7.145784,
            45.898319
          ],
          [
            7.145784,
            45.898319
          ],
          [
            7.145784,
            45.898319
          ],
          [
            7.145784,
            45.898319
          ],
          [
            7.145784,
            45.898319
          ],
          [
            7.145784,
            45.898319
          ],
          [
            7.145784,
            45.898319
          ],
          [
            7.145784,
            45.898319
          ],
          [
            7.145784,
            45.898319
          ],
          [
            7.145779,
            45.898314
          ],
          [
            7.145784,
            45.898319
          ],
          [
            7.145784,
            45.898319
          ],
          [
            7.145784,
            45.898319
          ],
          [
            7.145784,
            45.898319
          ],
          [
            7.145784,
            45.898319
          ],
          [
            7.145784,
            45.898319
          ],
          [
            7.145779,
            45.898311
          ],
          [
            7.145784,
            45.898319
          ],
          [
            7.145784,
            45.898319
          ],
          [
            7.145784,
            45.898319
          ],
          [
            7.145784,
            45.898319
          ],
          [
            7.145784,
            45.898319
          ],
          [
            7.145784,
            45.898319
          ],
          [
            7.145784,
            45.898319
          ],
          [
            7.145784,
            45.898319
          ],
          [
            7.145784,
            45.898319
          ],
          [
            7.145784,
            45.898319
          ],
          [
            7.145784,
            45.898319
          ],
          [
            7.145784,
            45.898319
          ],
          [
            7.145784,
            45.898319
          ],
          [
            7.145775,
            45.898316
          ],
          [
            7.145784,
            45.898319
          ],
          [
            7.145784,
            45.898319
          ],
          [
            7.145784,
            45.898319
          ],
          [
            7.145784,
            45.898319
          ],
          [
            7.145784,
            45.898319
          ],
          [
            7.145784,
            45.898319
          ],
          [
            7.145784,
            45.898319
          ],
          [
            7.145784,
            45.898319
          ],
          [
            7.145784,
            45.898319
          ],
          [
            7.145784,
            45.898319
          ],
          [
            7.145784,
            45.898319
          ],
          [
            7.145784,
            45.898319
          ],
          [
            7.145766,
            45.898324
          ],
          [
            7.145784,
            45.898319
          ],
          [
            7.145784,
            45.898319
          ],
          [
            7.145784,
            45.898319
          ],
          [
            7.145784,
            45.898319
          ],
          [
            7.145766,
            45.898325
          ],
          [
            7.145767,
            45.898325
          ],
          [
            7.145767,
            45.898325
          ],
          [
            7.145767,
            45.898325
          ],
          [
            7.145767,
            45.898325
          ],
          [
            7.145767,
            45.898325
          ],
          [
            7.145767,
            45.898325
          ],
          [
            7.145767,
            45.898325
          ],
          [
            7.145767,
            45.898325
          ],
          [
            7.145767,
            45.898325
          ],
          [
            7.145767,
            45.898325
          ],
          [
            7.145767,
            45.898325
          ],
          [
            7.145761,
            45.898327
          ],
          [
            7.145767,
            45.898325
          ],
          [
            7.145767,
            45.898325
          ],
          [
            7.145767,
            45.898325
          ],
          [
            7.145763,
            45.898325
          ],
          [
            7.145767,
            45.898325
          ],
          [
            7.145767,
            45.898325
          ],
          [
            7.145767,
            45.898325
          ],
          [
            7.145767,
            45.898325
          ],
          [
            7.145767,
            45.898325
          ],
          [
            7.145767,
            45.898325
          ],
          [
            7.145767,
            45.898325
          ],
          [
            7.145767,
            45.898325
          ],
          [
            7.145767,
            45.898325
          ],
          [
            7.145767,
            45.898325
          ],
          [
            7.145767,
            45.898325
          ],
          [
            7.145767,
            45.898325
          ],
          [
            7.145767,
            45.898325
          ],
          [
            7.145767,
            45.898325
          ],
          [
            7.145767,
            45.898325
          ],
          [
            7.145767,
            45.898325
          ],
          [
            7.145767,
            45.898325
          ],
          [
            7.145767,
            45.898325
          ],
          [
            7.145767,
            45.898325
          ],
          [
            7.145767,
            45.898325
          ],
          [
            7.145767,
            45.898325
          ],
          [
            7.145767,
            45.898325
          ],
          [
            7.145767,
            45.898325
          ],
          [
            7.145767,
            45.898325
          ],
          [
            7.145767,
            45.898325
          ],
          [
            7.145767,
            45.898325
          ],
          [
            7.145767,
            45.898325
          ],
          [
            7.145767,
            45.898325
          ],
          [
            7.145767,
            45.898325
          ],
          [
            7.145767,
            45.898325
          ],
          [
            7.145767,
            45.898325
          ],
          [
            7.145764,
            45.898326
          ],
          [
            7.145762,
            45.898328
          ],
          [
            7.145767,
            45.898325
          ],
          [
            7.145767,
            45.898325
          ],
          [
            7.145773,
            45.898331
          ],
          [
            7.145767,
            45.898325
          ],
          [
            7.145767,
            45.898325
          ],
          [
            7.145779,
            45.898332
          ],
          [
            7.145805,
            45.898331
          ],
          [
            7.145809,
            45.898329
          ],
          [
            7.145788,
            45.89834
          ],
          [
            7.145788,
            45.898342
          ],
          [
            7.145788,
            45.898341
          ],
          [
            7.145788,
            45.898341
          ],
          [
            7.145788,
            45.898341
          ],
          [
            7.145788,
            45.898341
          ],
          [
            7.145788,
            45.898341
          ],
          [
            7.145788,
            45.898341
          ],
          [
            7.145788,
            45.898341
          ],
          [
            7.145788,
            45.898341
          ],
          [
            7.145788,
            45.898341
          ],
          [
            7.145788,
            45.898341
          ],
          [
            7.145788,
            45.898341
          ],
          [
            7.145788,
            45.898341
          ],
          [
            7.145788,
            45.898341
          ],
          [
            7.145788,
            45.898341
          ],
          [
            7.145788,
            45.898341
          ],
          [
            7.145788,
            45.898341
          ],
          [
            7.145788,
            45.898341
          ],
          [
            7.145788,
            45.898341
          ],
          [
            7.145788,
            45.898341
          ],
          [
            7.145779,
            45.898336
          ],
          [
            7.145768,
            45.89833
          ],
          [
            7.145756,
            45.898332
          ],
          [
            7.14577,
            45.898334
          ],
          [
            7.145773,
            45.898334
          ],
          [
            7.145769,
            45.898337
          ],
          [
            7.145768,
            45.898338
          ],
          [
            7.145788,
            45.898341
          ],
          [
            7.145788,
            45.898341
          ],
          [
            7.145788,
            45.898341
          ],
          [
            7.145788,
            45.898341
          ],
          [
            7.145788,
            45.898341
          ],
          [
            7.145788,
            45.898341
          ],
          [
            7.145788,
            45.898341
          ],
          [
            7.145788,
            45.898341
          ],
          [
            7.145788,
            45.898341
          ],
          [
            7.145788,
            45.898341
          ],
          [
            7.145794,
            45.898337
          ],
          [
            7.145791,
            45.898313
          ],
          [
            7.145791,
            45.898313
          ],
          [
            7.145791,
            45.898313
          ],
          [
            7.145791,
            45.898313
          ],
          [
            7.145791,
            45.898313
          ],
          [
            7.145791,
            45.898313
          ],
          [
            7.145791,
            45.898313
          ],
          [
            7.145791,
            45.898313
          ],
          [
            7.145791,
            45.898313
          ],
          [
            7.145791,
            45.898313
          ],
          [
            7.145791,
            45.898313
          ],
          [
            7.145791,
            45.898313
          ],
          [
            7.145791,
            45.898313
          ],
          [
            7.145788,
            45.898322
          ],
          [
            7.145791,
            45.898313
          ],
          [
            7.145791,
            45.898313
          ],
          [
            7.145784,
            45.89832
          ],
          [
            7.145787,
            45.898322
          ],
          [
            7.145785,
            45.89832
          ],
          [
            7.145791,
            45.898313
          ],
          [
            7.145789,
            45.898317
          ],
          [
            7.145791,
            45.898313
          ],
          [
            7.145791,
            45.898313
          ],
          [
            7.145791,
            45.898313
          ],
          [
            7.145791,
            45.898313
          ],
          [
            7.145791,
            45.898313
          ],
          [
            7.145791,
            45.898313
          ],
          [
            7.145791,
            45.898313
          ],
          [
            7.145791,
            45.898313
          ],
          [
            7.145791,
            45.898313
          ],
          [
            7.145791,
            45.898313
          ],
          [
            7.145791,
            45.898313
          ],
          [
            7.145791,
            45.898313
          ],
          [
            7.145791,
            45.898313
          ],
          [
            7.145786,
            45.898329
          ],
          [
            7.145776,
            45.898317
          ],
          [
            7.145784,
            45.898325
          ],
          [
            7.145784,
            45.898325
          ],
          [
            7.145784,
            45.898325
          ],
          [
            7.145784,
            45.898325
          ],
          [
            7.145784,
            45.898325
          ],
          [
            7.145781,
            45.898319
          ],
          [
            7.145784,
            45.898325
          ],
          [
            7.145784,
            45.898325
          ],
          [
            7.145784,
            45.898325
          ],
          [
            7.145784,
            45.898325
          ],
          [
            7.145784,
            45.898325
          ],
          [
            7.145784,
            45.898325
          ],
          [
            7.145784,
            45.898325
          ],
          [
            7.145784,
            45.898325
          ],
          [
            7.145794,
            45.898313
          ],
          [
            7.145872,
            45.898304
          ],
          [
            7.145972,
            45.898279
          ],
          [
            7.146021,
            45.89826
          ],
          [
            7.146074,
            45.898251
          ],
          [
            7.146115,
            45.898258
          ],
          [
            7.146163,
            45.898268
          ],
          [
            7.146236,
            45.898275
          ],
          [
            7.146317,
            45.898289
          ],
          [
            7.146392,
            45.89832
          ],
          [
            7.146408,
            45.898331
          ],
          [
            7.146408,
            45.898331
          ],
          [
            7.146408,
            45.898331
          ],
          [
            7.146408,
            45.898331
          ],
          [
            7.146408,
            45.898331
          ],
          [
            7.146473,
            45.898323
          ],
          [
            7.146492,
            45.898324
          ],
          [
            7.146528,
            45.898323
          ],
          [
            7.146655,
            45.898328
          ],
          [
            7.146712,
            45.898351
          ],
          [
            7.146757,
            45.898368
          ],
          [
            7.146881,
            45.89841
          ],
          [
            7.146945,
            45.898438
          ],
          [
            7.146993,
            45.898461
          ],
          [
            7.147025,
            45.898487
          ],
          [
            7.147047,
            45.898508
          ],
          [
            7.147057,
            45.898517
          ],
          [
            7.147067,
            45.898507
          ],
          [
            7.147073,
            45.898499
          ],
          [
            7.14708,
            45.898499
          ],
          [
            7.14708,
            45.898499
          ],
          [
            7.14708,
            45.898499
          ],
          [
            7.14708,
            45.898499
          ],
          [
            7.14708,
            45.898499
          ],
          [
            7.14708,
            45.898499
          ],
          [
            7.14708,
            45.898499
          ],
          [
            7.14708,
            45.898499
          ],
          [
            7.14708,
            45.898499
          ],
          [
            7.147108,
            45.898489
          ],
          [
            7.147191,
            45.898507
          ],
          [
            7.147237,
            45.898536
          ],
          [
            7.147276,
            45.898562
          ],
          [
            7.14732,
            45.898585
          ],
          [
            7.147343,
            45.898598
          ],
          [
            7.147344,
            45.898596
          ],
          [
            7.147391,
            45.89859
          ],
          [
            7.147422,
            45.898556
          ],
          [
            7.147517,
            45.898427
          ],
          [
            7.147562,
            45.898395
          ],
          [
            7.1476,
            45.898353
          ],
          [
            7.147672,
            45.898327
          ],
          [
            7.147767,
            45.898326
          ],
          [
            7.14787,
            45.898323
          ],
          [
            7.14797,
            45.898334
          ],
          [
            7.14806,
            45.898359
          ],
          [
            7.148149,
            45.898367
          ],
          [
            7.148247,
            45.898375
          ],
          [
            7.148344,
            45.898383
          ],
          [
            7.148432,
            45.898402
          ],
          [
            7.14851,
            45.898429
          ],
          [
            7.148579,
            45.898459
          ],
          [
            7.148642,
            45.898488
          ],
          [
            7.148697,
            45.898514
          ],
          [
            7.148757,
            45.898527
          ],
          [
            7.14883,
            45.898532
          ],
          [
            7.148864,
            45.898507
          ],
          [
            7.148927,
            45.898483
          ],
          [
            7.148979,
            45.898455
          ],
          [
            7.149041,
            45.898426
          ],
          [
            7.149114,
            45.898399
          ],
          [
            7.149175,
            45.898363
          ],
          [
            7.149258,
            45.898343
          ],
          [
            7.149334,
            45.898311
          ],
          [
            7.149425,
            45.898291
          ],
          [
            7.149516,
            45.898263
          ],
          [
            7.14959,
            45.898226
          ],
          [
            7.149665,
            45.89821
          ],
          [
            7.14974,
            45.898185
          ],
          [
            7.149831,
            45.898174
          ],
          [
            7.149931,
            45.898157
          ],
          [
            7.150034,
            45.898133
          ],
          [
            7.150126,
            45.898123
          ],
          [
            7.15021,
            45.898094
          ],
          [
            7.1503,
            45.89807
          ],
          [
            7.150376,
            45.898035
          ],
          [
            7.150445,
            45.897993
          ],
          [
            7.150526,
            45.89799
          ],
          [
            7.150617,
            45.897993
          ],
          [
            7.150719,
            45.898027
          ],
          [
            7.150801,
            45.898079
          ],
          [
            7.150865,
            45.89812
          ],
          [
            7.150882,
            45.898139
          ],
          [
            7.150894,
            45.898117
          ],
          [
            7.150915,
            45.898097
          ],
          [
            7.150937,
            45.898078
          ],
          [
            7.150958,
            45.898058
          ],
          [
            7.15098,
            45.898038
          ],
          [
            7.151001,
            45.898018
          ],
          [
            7.15108,
            45.897941
          ],
          [
            7.151162,
            45.897863
          ],
          [
            7.151244,
            45.897792
          ],
          [
            7.151318,
            45.897733
          ],
          [
            7.151377,
            45.897681
          ],
          [
            7.151424,
            45.89764
          ],
          [
            7.151526,
            45.89757
          ],
          [
            7.151597,
            45.897535
          ],
          [
            7.151683,
            45.897495
          ],
          [
            7.151784,
            45.897445
          ],
          [
            7.151885,
            45.897383
          ],
          [
            7.151963,
            45.897309
          ],
          [
            7.152018,
            45.897234
          ],
          [
            7.152053,
            45.897154
          ],
          [
            7.152082,
            45.897076
          ],
          [
            7.152101,
            45.896989
          ],
          [
            7.152117,
            45.896902
          ],
          [
            7.152142,
            45.896817
          ],
          [
            7.152173,
            45.896731
          ],
          [
            7.152212,
            45.896641
          ],
          [
            7.152257,
            45.896547
          ],
          [
            7.152302,
            45.896455
          ],
          [
            7.152347,
            45.896367
          ],
          [
            7.152394,
            45.896285
          ],
          [
            7.152437,
            45.896212
          ],
          [
            7.152478,
            45.896146
          ],
          [
            7.152522,
            45.896085
          ],
          [
            7.152577,
            45.896034
          ],
          [
            7.152652,
            45.895988
          ],
          [
            7.152724,
            45.895942
          ],
          [
            7.152798,
            45.895892
          ],
          [
            7.152881,
            45.895843
          ],
          [
            7.15297,
            45.895793
          ],
          [
            7.153058,
            45.895735
          ],
          [
            7.15313,
            45.895669
          ],
          [
            7.153199,
            45.895591
          ],
          [
            7.153243,
            45.895512
          ],
          [
            7.153283,
            45.895431
          ],
          [
            7.153324,
            45.895354
          ],
          [
            7.153366,
            45.895275
          ],
          [
            7.153412,
            45.895194
          ],
          [
            7.153466,
            45.895108
          ],
          [
            7.153526,
            45.89502
          ],
          [
            7.15359,
            45.894935
          ],
          [
            7.153657,
            45.894853
          ],
          [
            7.153723,
            45.894772
          ],
          [
            7.153788,
            45.894699
          ],
          [
            7.153851,
            45.894628
          ],
          [
            7.1539,
            45.894558
          ],
          [
            7.15393,
            45.894489
          ],
          [
            7.153959,
            45.894422
          ],
          [
            7.15402,
            45.894281
          ],
          [
            7.154053,
            45.894203
          ],
          [
            7.154081,
            45.894119
          ],
          [
            7.154104,
            45.89403
          ],
          [
            7.154128,
            45.893943
          ],
          [
            7.154155,
            45.893859
          ],
          [
            7.154185,
            45.893785
          ],
          [
            7.154219,
            45.893718
          ],
          [
            7.15425,
            45.893658
          ],
          [
            7.154277,
            45.8936
          ],
          [
            7.154321,
            45.89349
          ],
          [
            7.154345,
            45.893435
          ],
          [
            7.154382,
            45.893385
          ],
          [
            7.154416,
            45.893335
          ],
          [
            7.15444,
            45.893282
          ],
          [
            7.154458,
            45.893228
          ],
          [
            7.154475,
            45.893172
          ],
          [
            7.154488,
            45.893113
          ],
          [
            7.1545,
            45.893053
          ],
          [
            7.154532,
            45.892919
          ],
          [
            7.154585,
            45.892779
          ],
          [
            7.154622,
            45.892705
          ],
          [
            7.15467,
            45.892629
          ],
          [
            7.15474,
            45.89256
          ],
          [
            7.154811,
            45.892491
          ],
          [
            7.154883,
            45.892422
          ],
          [
            7.154961,
            45.892369
          ],
          [
            7.15511,
            45.892261
          ],
          [
            7.155156,
            45.892189
          ],
          [
            7.155193,
            45.892105
          ],
          [
            7.15523,
            45.892021
          ],
          [
            7.15527,
            45.891943
          ],
          [
            7.155313,
            45.891875
          ],
          [
            7.155356,
            45.891816
          ],
          [
            7.155399,
            45.891768
          ],
          [
            7.155447,
            45.891723
          ],
          [
            7.1555,
            45.89168
          ],
          [
            7.1556,
            45.891594
          ],
          [
            7.155706,
            45.89152
          ],
          [
            7.155821,
            45.891455
          ],
          [
            7.155962,
            45.891386
          ],
          [
            7.156039,
            45.891332
          ],
          [
            7.156085,
            45.891302
          ],
          [
            7.156182,
            45.891239
          ],
          [
            7.156238,
            45.891208
          ],
          [
            7.156354,
            45.891144
          ],
          [
            7.15642,
            45.891111
          ],
          [
            7.156482,
            45.891083
          ],
          [
            7.156543,
            45.891058
          ],
          [
            7.156646,
            45.891013
          ],
          [
            7.15669,
            45.890995
          ],
          [
            7.156729,
            45.890976
          ],
          [
            7.156763,
            45.890959
          ],
          [
            7.156824,
            45.890924
          ],
          [
            7.156883,
            45.890896
          ],
          [
            7.156916,
            45.890887
          ],
          [
            7.156948,
            45.89088
          ],
          [
            7.15698,
            45.89087
          ],
          [
            7.15701,
            45.890858
          ],
          [
            7.157042,
            45.890839
          ],
          [
            7.157122,
            45.890792
          ],
          [
            7.157176,
            45.890765
          ],
          [
            7.157301,
            45.89071
          ],
          [
            7.157367,
            45.89068
          ],
          [
            7.157438,
            45.890653
          ],
          [
            7.15751,
            45.890622
          ],
          [
            7.157574,
            45.890582
          ],
          [
            7.157631,
            45.890536
          ],
          [
            7.157686,
            45.89049
          ],
          [
            7.157738,
            45.890447
          ],
          [
            7.157783,
            45.890404
          ],
          [
            7.157865,
            45.89032
          ],
          [
            7.157965,
            45.890236
          ],
          [
            7.158087,
            45.89014
          ],
          [
            7.158155,
            45.890086
          ],
          [
            7.158226,
            45.890026
          ],
          [
            7.1583,
            45.889963
          ],
          [
            7.15837,
            45.889898
          ],
          [
            7.15843,
            45.889839
          ],
          [
            7.158483,
            45.889788
          ],
          [
            7.158536,
            45.88974
          ],
          [
            7.158596,
            45.889695
          ],
          [
            7.158706,
            45.889616
          ],
          [
            7.158814,
            45.889531
          ],
          [
            7.158868,
            45.889483
          ],
          [
            7.158919,
            45.889431
          ],
          [
            7.158975,
            45.889375
          ],
          [
            7.159041,
            45.889321
          ],
          [
            7.159112,
            45.889271
          ],
          [
            7.159188,
            45.889221
          ],
          [
            7.159264,
            45.889177
          ],
          [
            7.159341,
            45.889141
          ],
          [
            7.159425,
            45.88911
          ],
          [
            7.159511,
            45.889083
          ],
          [
            7.1596,
            45.889057
          ],
          [
            7.159693,
            45.889034
          ],
          [
            7.159789,
            45.889011
          ],
          [
            7.159959,
            45.888966
          ],
          [
            7.160021,
            45.888943
          ],
          [
            7.16013,
            45.888899
          ],
          [
            7.160263,
            45.888845
          ],
          [
            7.160339,
            45.888834
          ],
          [
            7.160383,
            45.888834
          ],
          [
            7.160424,
            45.888848
          ],
          [
            7.160425,
            45.88885
          ],
          [
            7.16043,
            45.88885
          ],
          [
            7.16043,
            45.88885
          ],
          [
            7.16043,
            45.88885
          ],
          [
            7.16043,
            45.888854
          ],
          [
            7.160495,
            45.888828
          ],
          [
            7.160533,
            45.888788
          ],
          [
            7.160553,
            45.88874
          ],
          [
            7.160595,
            45.888695
          ],
          [
            7.160629,
            45.888646
          ],
          [
            7.160689,
            45.88861
          ],
          [
            7.16073,
            45.888564
          ],
          [
            7.160774,
            45.888524
          ],
          [
            7.160834,
            45.888478
          ],
          [
            7.160891,
            45.888433
          ],
          [
            7.160967,
            45.888403
          ],
          [
            7.161037,
            45.888357
          ],
          [
            7.161124,
            45.888348
          ],
          [
            7.16121,
            45.88834
          ],
          [
            7.161295,
            45.888316
          ],
          [
            7.161366,
            45.888321
          ],
          [
            7.161402,
            45.888339
          ],
          [
            7.1614,
            45.888351
          ],
          [
            7.161398,
            45.888355
          ],
          [
            7.161401,
            45.888358
          ],
          [
            7.161397,
            45.888359
          ],
          [
            7.161397,
            45.888359
          ],
          [
            7.161397,
            45.888359
          ],
          [
            7.16141,
            45.888335
          ],
          [
            7.161399,
            45.888274
          ],
          [
            7.161442,
            45.88818
          ],
          [
            7.161486,
            45.888162
          ],
          [
            7.161543,
            45.888154
          ],
          [
            7.161608,
            45.888155
          ],
          [
            7.161643,
            45.888156
          ],
          [
            7.161644,
            45.888155
          ],
          [
            7.161644,
            45.888155
          ],
          [
            7.161662,
            45.888165
          ],
          [
            7.161745,
            45.88822
          ],
          [
            7.161761,
            45.888262
          ],
          [
            7.161774,
            45.888326
          ],
          [
            7.161795,
            45.888388
          ],
          [
            7.161824,
            45.888448
          ],
          [
            7.161864,
            45.88851
          ],
          [
            7.161913,
            45.888571
          ],
          [
            7.161979,
            45.888617
          ],
          [
            7.162052,
            45.888667
          ],
          [
            7.162144,
            45.888718
          ],
          [
            7.162224,
            45.888778
          ],
          [
            7.16229,
            45.888844
          ],
          [
            7.162372,
            45.888911
          ],
          [
            7.162461,
            45.888976
          ],
          [
            7.16258,
            45.889014
          ],
          [
            7.162719,
            45.889029
          ],
          [
            7.162874,
            45.889031
          ],
          [
            7.163046,
            45.889031
          ],
          [
            7.163227,
            45.88903
          ],
          [
            7.163407,
            45.88904
          ],
          [
            7.163572,
            45.889069
          ],
          [
            7.163735,
            45.889116
          ],
          [
            7.16386,
            45.889185
          ],
          [
            7.163956,
            45.889269
          ],
          [
            7.164061,
            45.889348
          ],
          [
            7.164173,
            45.889418
          ],
          [
            7.164286,
            45.889483
          ],
          [
            7.164397,
            45.889543
          ],
          [
            7.164505,
            45.8896
          ],
          [
            7.164609,
            45.889651
          ],
          [
            7.164709,
            45.889701
          ],
          [
            7.164803,
            45.889749
          ],
          [
            7.16489,
            45.8898
          ],
          [
            7.164975,
            45.889854
          ],
          [
            7.165061,
            45.889911
          ],
          [
            7.165156,
            45.889969
          ],
          [
            7.16523,
            45.890014
          ],
          [
            7.165257,
            45.890035
          ],
          [
            7.165265,
            45.890031
          ],
          [
            7.165269,
            45.890013
          ],
          [
            7.165274,
            45.889995
          ],
          [
            7.165278,
            45.889977
          ],
          [
            7.165283,
            45.889959
          ],
          [
            7.165287,
            45.889941
          ],
          [
            7.165292,
            45.889923
          ],
          [
            7.165328,
            45.889865
          ],
          [
            7.165388,
            45.88982
          ],
          [
            7.16547,
            45.889793
          ],
          [
            7.165554,
            45.889751
          ],
          [
            7.165667,
            45.889727
          ],
          [
            7.165789,
            45.889694
          ],
          [
            7.165923,
            45.889667
          ],
          [
            7.166068,
            45.889649
          ],
          [
            7.166224,
            45.889653
          ],
          [
            7.166382,
            45.889672
          ],
          [
            7.166544,
            45.889675
          ],
          [
            7.166703,
            45.889688
          ],
          [
            7.16686,
            45.889692
          ],
          [
            7.167026,
            45.889709
          ],
          [
            7.167179,
            45.889762
          ],
          [
            7.167311,
            45.889834
          ],
          [
            7.167424,
            45.889917
          ],
          [
            7.167523,
            45.889995
          ],
          [
            7.167619,
            45.890067
          ],
          [
            7.167713,
            45.890131
          ],
          [
            7.167807,
            45.890189
          ],
          [
            7.167903,
            45.890246
          ],
          [
            7.168001,
            45.890301
          ],
          [
            7.168107,
            45.890353
          ],
          [
            7.168214,
            45.89041
          ],
          [
            7.168315,
            45.890475
          ],
          [
            7.168416,
            45.890532
          ],
          [
            7.168522,
            45.890583
          ],
          [
            7.168628,
            45.890637
          ],
          [
            7.168729,
            45.890691
          ],
          [
            7.168822,
            45.890736
          ],
          [
            7.168909,
            45.890779
          ],
          [
            7.168981,
            45.890818
          ],
          [
            7.169055,
            45.890855
          ],
          [
            7.169284,
            45.890941
          ],
          [
            7.169457,
            45.890993
          ],
          [
            7.169663,
            45.891043
          ],
          [
            7.169769,
            45.891073
          ],
          [
            7.169878,
            45.8911
          ],
          [
            7.169996,
            45.891115
          ],
          [
            7.170118,
            45.891126
          ],
          [
            7.170237,
            45.891135
          ],
          [
            7.170352,
            45.891145
          ],
          [
            7.170468,
            45.891155
          ],
          [
            7.170581,
            45.891165
          ],
          [
            7.170696,
            45.891178
          ],
          [
            7.170798,
            45.891196
          ],
          [
            7.170889,
            45.89122
          ],
          [
            7.171054,
            45.891251
          ],
          [
            7.171213,
            45.891281
          ],
          [
            7.171358,
            45.891313
          ],
          [
            7.171559,
            45.891342
          ],
          [
            7.171672,
            45.891372
          ],
          [
            7.171721,
            45.891394
          ],
          [
            7.171831,
            45.891437
          ],
          [
            7.171986,
            45.891491
          ],
          [
            7.172036,
            45.891502
          ],
          [
            7.172164,
            45.891536
          ],
          [
            7.17224,
            45.891555
          ],
          [
            7.172314,
            45.891569
          ],
          [
            7.172425,
            45.891592
          ],
          [
            7.172512,
            45.891584
          ],
          [
            7.172518,
            45.891576
          ],
          [
            7.172521,
            45.891572
          ],
          [
            7.172521,
            45.891572
          ],
          [
            7.172521,
            45.891572
          ],
          [
            7.172521,
            45.891572
          ],
          [
            7.172521,
            45.891572
          ],
          [
            7.172521,
            45.891572
          ],
          [
            7.172521,
            45.891572
          ],
          [
            7.172521,
            45.891572
          ],
          [
            7.172521,
            45.891572
          ],
          [
            7.172521,
            45.891572
          ],
          [
            7.172521,
            45.891572
          ],
          [
            7.172521,
            45.891572
          ],
          [
            7.172521,
            45.891572
          ],
          [
            7.172521,
            45.891572
          ],
          [
            7.172516,
            45.891581
          ],
          [
            7.172521,
            45.891572
          ],
          [
            7.17255,
            45.891574
          ],
          [
            7.172562,
            45.891578
          ],
          [
            7.172586,
            45.89158
          ],
          [
            7.172603,
            45.891584
          ],
          [
            7.172622,
            45.891589
          ],
          [
            7.172665,
            45.891601
          ],
          [
            7.172788,
            45.891652
          ],
          [
            7.172878,
            45.891681
          ],
          [
            7.172937,
            45.891693
          ],
          [
            7.173079,
            45.891706
          ],
          [
            7.173151,
            45.891709
          ],
          [
            7.173281,
            45.891707
          ],
          [
            7.173424,
            45.891714
          ],
          [
            7.17352,
            45.891726
          ],
          [
            7.173635,
            45.891742
          ],
          [
            7.173763,
            45.891758
          ],
          [
            7.173902,
            45.891769
          ],
          [
            7.174157,
            45.891818
          ],
          [
            7.174269,
            45.891849
          ],
          [
            7.174375,
            45.891883
          ],
          [
            7.174479,
            45.891921
          ],
          [
            7.174586,
            45.891959
          ],
          [
            7.174696,
            45.891998
          ],
          [
            7.174803,
            45.892036
          ],
          [
            7.174906,
            45.892081
          ],
          [
            7.175009,
            45.892119
          ],
          [
            7.17512,
            45.892162
          ],
          [
            7.175228,
            45.892196
          ],
          [
            7.17533,
            45.892237
          ],
          [
            7.175417,
            45.892301
          ],
          [
            7.175472,
            45.89238
          ],
          [
            7.175527,
            45.892465
          ],
          [
            7.175618,
            45.892538
          ],
          [
            7.175717,
            45.892615
          ],
          [
            7.175826,
            45.892665
          ],
          [
            7.17595,
            45.892715
          ],
          [
            7.176083,
            45.892738
          ],
          [
            7.17621,
            45.892776
          ],
          [
            7.176481,
            45.892841
          ],
          [
            7.176728,
            45.89284
          ],
          [
            7.176936,
            45.892838
          ],
          [
            7.177116,
            45.89284
          ],
          [
            7.177202,
            45.892846
          ],
          [
            7.177284,
            45.892851
          ],
          [
            7.177463,
            45.892864
          ],
          [
            7.177571,
            45.892873
          ],
          [
            7.177684,
            45.892885
          ],
          [
            7.177787,
            45.892894
          ],
          [
            7.177878,
            45.8929
          ],
          [
            7.178027,
            45.892894
          ],
          [
            7.178082,
            45.892882
          ],
          [
            7.178124,
            45.892868
          ],
          [
            7.178166,
            45.89285
          ],
          [
            7.178192,
            45.892828
          ],
          [
            7.1782,
            45.892814
          ],
          [
            7.1782,
            45.892809
          ],
          [
            7.178198,
            45.892807
          ],
          [
            7.178198,
            45.892807
          ],
          [
            7.178262,
            45.892769
          ],
          [
            7.178375,
            45.892715
          ],
          [
            7.178448,
            45.892679
          ],
          [
            7.178515,
            45.892637
          ],
          [
            7.178554,
            45.892599
          ],
          [
            7.17858,
            45.89257
          ],
          [
            7.178599,
            45.892541
          ],
          [
            7.178607,
            45.892523
          ],
          [
            7.178612,
            45.892522
          ],
          [
            7.178612,
            45.892522
          ],
          [
            7.178612,
            45.892522
          ],
          [
            7.178612,
            45.892522
          ],
          [
            7.178608,
            45.892525
          ],
          [
            7.178629,
            45.892513
          ],
          [
            7.178717,
            45.892493
          ],
          [
            7.178778,
            45.892516
          ],
          [
            7.178862,
            45.89255
          ],
          [
            7.178968,
            45.892577
          ],
          [
            7.179093,
            45.892603
          ],
          [
            7.17924,
            45.892623
          ],
          [
            7.179399,
            45.892637
          ],
          [
            7.179517,
            45.892595
          ],
          [
            7.179601,
            45.892535
          ],
          [
            7.179682,
            45.89249
          ],
          [
            7.179774,
            45.892486
          ],
          [
            7.179882,
            45.892489
          ],
          [
            7.179958,
            45.892517
          ],
          [
            7.180051,
            45.892525
          ],
          [
            7.180146,
            45.892506
          ],
          [
            7.180208,
            45.892464
          ],
          [
            7.180238,
            45.892429
          ],
          [
            7.180262,
            45.892406
          ],
          [
            7.180296,
            45.892389
          ],
          [
            7.180351,
            45.892341
          ],
          [
            7.180369,
            45.892324
          ],
          [
            7.180397,
            45.892327
          ],
          [
            7.180422,
            45.892338
          ],
          [
            7.180446,
            45.892348
          ],
          [
            7.180471,
            45.892359
          ],
          [
            7.180496,
            45.892369
          ],
          [
            7.180563,
            45.892378
          ],
          [
            7.180646,
            45.8924
          ],
          [
            7.180737,
            45.892406
          ],
          [
            7.18082,
            45.892431
          ],
          [
            7.180909,
            45.892437
          ],
          [
            7.18098,
            45.892433
          ],
          [
            7.181013,
            45.892431
          ],
          [
            7.181019,
            45.892434
          ],
          [
            7.181011,
            45.892437
          ],
          [
            7.18101,
            45.892436
          ],
          [
            7.181006,
            45.892436
          ],
          [
            7.181006,
            45.892436
          ],
          [
            7.181006,
            45.892436
          ],
          [
            7.181022,
            45.892438
          ],
          [
            7.181033,
            45.892434
          ],
          [
            7.181033,
            45.892434
          ],
          [
            7.181033,
            45.892434
          ],
          [
            7.181049,
            45.892432
          ],
          [
            7.181053,
            45.892428
          ],
          [
            7.181125,
            45.89237
          ],
          [
            7.181199,
            45.892305
          ],
          [
            7.181201,
            45.892297
          ],
          [
            7.181205,
            45.892289
          ],
          [
            7.18121,
            45.892284
          ],
          [
            7.181302,
            45.892237
          ],
          [
            7.181356,
            45.892224
          ],
          [
            7.181417,
            45.892214
          ],
          [
            7.181431,
            45.892214
          ],
          [
            7.181551,
            45.892215
          ],
          [
            7.181617,
            45.892215
          ],
          [
            7.181645,
            45.892208
          ],
          [
            7.1817,
            45.892198
          ],
          [
            7.181748,
            45.892195
          ],
          [
            7.181867,
            45.892179
          ],
          [
            7.181928,
            45.892147
          ],
          [
            7.181929,
            45.892144
          ],
          [
            7.181973,
            45.892137
          ],
          [
            7.181972,
            45.892127
          ],
          [
            7.181975,
            45.892123
          ],
          [
            7.181986,
            45.892099
          ],
          [
            7.181993,
            45.892082
          ],
          [
            7.181999,
            45.89207
          ],
          [
            7.182015,
            45.892034
          ],
          [
            7.182076,
            45.891957
          ],
          [
            7.18213,
            45.89192
          ],
          [
            7.182184,
            45.891884
          ],
          [
            7.182267,
            45.891826
          ],
          [
            7.182294,
            45.891805
          ],
          [
            7.182312,
            45.891792
          ],
          [
            7.182323,
            45.891784
          ],
          [
            7.182325,
            45.891782
          ],
          [
            7.182325,
            45.891785
          ],
          [
            7.182398,
            45.891765
          ],
          [
            7.182462,
            45.891763
          ],
          [
            7.182504,
            45.891794
          ],
          [
            7.182567,
            45.891816
          ],
          [
            7.182636,
            45.891858
          ],
          [
            7.182714,
            45.891896
          ],
          [
            7.182814,
            45.891907
          ],
          [
            7.182894,
            45.891945
          ],
          [
            7.182983,
            45.891984
          ],
          [
            7.183085,
            45.892022
          ],
          [
            7.183194,
            45.892062
          ],
          [
            7.183306,
            45.892063
          ],
          [
            7.183423,
            45.892065
          ],
          [
            7.183526,
            45.892085
          ],
          [
            7.183647,
            45.892096
          ],
          [
            7.183766,
            45.892144
          ],
          [
            7.183893,
            45.892207
          ],
          [
            7.184039,
            45.892274
          ],
          [
            7.184193,
            45.892351
          ],
          [
            7.184334,
            45.892437
          ],
          [
            7.184457,
            45.892521
          ],
          [
            7.184577,
            45.892599
          ],
          [
            7.184692,
            45.892673
          ],
          [
            7.184796,
            45.892748
          ],
          [
            7.184889,
            45.892827
          ],
          [
            7.184965,
            45.892908
          ],
          [
            7.185019,
            45.892996
          ],
          [
            7.185071,
            45.893088
          ],
          [
            7.185112,
            45.893182
          ],
          [
            7.185166,
            45.893356
          ],
          [
            7.185204,
            45.893514
          ],
          [
            7.185235,
            45.893584
          ],
          [
            7.185275,
            45.89365
          ],
          [
            7.185317,
            45.893718
          ],
          [
            7.185353,
            45.893783
          ],
          [
            7.185379,
            45.893849
          ],
          [
            7.185403,
            45.893911
          ],
          [
            7.185426,
            45.893969
          ],
          [
            7.185434,
            45.894024
          ],
          [
            7.185434,
            45.894073
          ],
          [
            7.185425,
            45.894119
          ],
          [
            7.185421,
            45.894168
          ],
          [
            7.185424,
            45.894256
          ],
          [
            7.185436,
            45.894323
          ],
          [
            7.185454,
            45.894352
          ],
          [
            7.18548,
            45.894382
          ],
          [
            7.185512,
            45.894412
          ],
          [
            7.185597,
            45.894516
          ],
          [
            7.185603,
            45.894644
          ],
          [
            7.185582,
            45.894676
          ],
          [
            7.185533,
            45.894746
          ],
          [
            7.185546,
            45.894775
          ],
          [
            7.185566,
            45.894798
          ],
          [
            7.185569,
            45.894814
          ],
          [
            7.185565,
            45.894808
          ],
          [
            7.185565,
            45.894808
          ],
          [
            7.185551,
            45.894842
          ],
          [
            7.185525,
            45.894881
          ],
          [
            7.185495,
            45.894895
          ],
          [
            7.185464,
            45.894918
          ],
          [
            7.185457,
            45.894936
          ],
          [
            7.185459,
            45.894942
          ],
          [
            7.185476,
            45.894954
          ],
          [
            7.185503,
            45.89499
          ],
          [
            7.18551,
            45.89501
          ],
          [
            7.185533,
            45.895091
          ],
          [
            7.185539,
            45.895112
          ],
          [
            7.185544,
            45.895203
          ],
          [
            7.185551,
            45.895231
          ],
          [
            7.185562,
            45.89526
          ],
          [
            7.185588,
            45.895357
          ],
          [
            7.185624,
            45.895422
          ],
          [
            7.185736,
            45.89552
          ],
          [
            7.185851,
            45.895605
          ],
          [
            7.18588,
            45.895624
          ],
          [
            7.185946,
            45.895669
          ],
          [
            7.185983,
            45.895701
          ],
          [
            7.18602,
            45.895731
          ],
          [
            7.186098,
            45.8958
          ],
          [
            7.186219,
            45.895911
          ],
          [
            7.186368,
            45.896069
          ],
          [
            7.186407,
            45.89611
          ],
          [
            7.186582,
            45.896288
          ],
          [
            7.186613,
            45.896324
          ],
          [
            7.186693,
            45.896439
          ],
          [
            7.18671,
            45.89648
          ],
          [
            7.186723,
            45.896522
          ],
          [
            7.186779,
            45.896631
          ],
          [
            7.186841,
            45.896725
          ],
          [
            7.186914,
            45.896859
          ],
          [
            7.186984,
            45.896948
          ],
          [
            7.187,
            45.896982
          ],
          [
            7.187007,
            45.89701
          ],
          [
            7.187015,
            45.89701
          ],
          [
            7.187015,
            45.897008
          ],
          [
            7.187015,
            45.89701
          ],
          [
            7.187015,
            45.89701
          ],
          [
            7.187015,
            45.89701
          ],
          [
            7.187015,
            45.89701
          ],
          [
            7.187013,
            45.897021
          ],
          [
            7.187017,
            45.897023
          ],
          [
            7.187022,
            45.897023
          ],
          [
            7.187027,
            45.897025
          ],
          [
            7.187058,
            45.897059
          ],
          [
            7.187073,
            45.897083
          ],
          [
            7.187077,
            45.897088
          ],
          [
            7.187099,
            45.897128
          ],
          [
            7.187096,
            45.897127
          ],
          [
            7.1871,
            45.897134
          ],
          [
            7.187105,
            45.897139
          ],
          [
            7.187116,
            45.89715
          ],
          [
            7.187126,
            45.897159
          ],
          [
            7.187133,
            45.897163
          ],
          [
            7.187138,
            45.897167
          ],
          [
            7.187159,
            45.897181
          ],
          [
            7.187172,
            45.897186
          ],
          [
            7.18721,
            45.897196
          ],
          [
            7.187212,
            45.897187
          ],
          [
            7.187219,
            45.897185
          ],
          [
            7.187218,
            45.897179
          ],
          [
            7.187218,
            45.897181
          ],
          [
            7.187215,
            45.897185
          ],
          [
            7.187215,
            45.897185
          ],
          [
            7.187215,
            45.897185
          ],
          [
            7.187215,
            45.897185
          ],
          [
            7.187215,
            45.897185
          ],
          [
            7.187213,
            45.89718
          ],
          [
            7.18721,
            45.897182
          ],
          [
            7.187204,
            45.897193
          ],
          [
            7.187206,
            45.897192
          ],
          [
            7.187207,
            45.897189
          ],
          [
            7.187222,
            45.897186
          ],
          [
            7.187215,
            45.897185
          ],
          [
            7.187215,
            45.897185
          ],
          [
            7.187215,
            45.897185
          ],
          [
            7.187215,
            45.897185
          ],
          [
            7.187215,
            45.897185
          ],
          [
            7.187215,
            45.897185
          ],
          [
            7.187215,
            45.897185
          ],
          [
            7.187215,
            45.897185
          ],
          [
            7.187215,
            45.897185
          ],
          [
            7.187215,
            45.897185
          ],
          [
            7.187215,
            45.897185
          ],
          [
            7.187215,
            45.897185
          ],
          [
            7.187232,
            45.89718
          ],
          [
            7.187236,
            45.897177
          ],
          [
            7.187237,
            45.897176
          ],
          [
            7.187239,
            45.897174
          ],
          [
            7.187243,
            45.89717
          ],
          [
            7.187238,
            45.897168
          ],
          [
            7.187235,
            45.897179
          ],
          [
            7.187241,
            45.897173
          ],
          [
            7.18723,
            45.89718
          ],
          [
            7.18723,
            45.897181
          ],
          [
            7.187228,
            45.897184
          ],
          [
            7.187215,
            45.897185
          ],
          [
            7.187215,
            45.897185
          ],
          [
            7.187215,
            45.897185
          ],
          [
            7.187224,
            45.897179
          ],
          [
            7.187227,
            45.897184
          ],
          [
            7.187218,
            45.897193
          ],
          [
            7.187221,
            45.897198
          ],
          [
            7.187233,
            45.897295
          ],
          [
            7.187258,
            45.897378
          ],
          [
            7.187286,
            45.897464
          ],
          [
            7.187297,
            45.897487
          ],
          [
            7.187355,
            45.897605
          ],
          [
            7.18739,
            45.897668
          ],
          [
            7.187444,
            45.897835
          ],
          [
            7.187504,
            45.897985
          ],
          [
            7.187523,
            45.898043
          ],
          [
            7.187554,
            45.898097
          ],
          [
            7.187591,
            45.898147
          ],
          [
            7.187642,
            45.898194
          ],
          [
            7.187715,
            45.898237
          ],
          [
            7.187795,
            45.898284
          ],
          [
            7.18788,
            45.898326
          ],
          [
            7.18798,
            45.898347
          ],
          [
            7.188073,
            45.898372
          ],
          [
            7.188153,
            45.898409
          ],
          [
            7.188228,
            45.898445
          ],
          [
            7.188296,
            45.898485
          ],
          [
            7.188448,
            45.89856
          ],
          [
            7.188594,
            45.89864
          ],
          [
            7.188687,
            45.898663
          ],
          [
            7.188865,
            45.898732
          ],
          [
            7.188963,
            45.898752
          ],
          [
            7.189059,
            45.898776
          ],
          [
            7.189149,
            45.898811
          ],
          [
            7.189243,
            45.898838
          ],
          [
            7.189342,
            45.898852
          ],
          [
            7.189437,
            45.89888
          ],
          [
            7.189522,
            45.898919
          ],
          [
            7.189615,
            45.898946
          ],
          [
            7.189717,
            45.898961
          ],
          [
            7.189812,
            45.898988
          ],
          [
            7.189911,
            45.899007
          ],
          [
            7.190014,
            45.899
          ],
          [
            7.190114,
            45.898991
          ],
          [
            7.190215,
            45.898988
          ],
          [
            7.19031,
            45.898964
          ],
          [
            7.190403,
            45.89894
          ],
          [
            7.190507,
            45.898932
          ],
          [
            7.190606,
            45.898916
          ],
          [
            7.190696,
            45.898892
          ],
          [
            7.190792,
            45.898886
          ],
          [
            7.190895,
            45.898886
          ],
          [
            7.190991,
            45.898866
          ],
          [
            7.191077,
            45.898832
          ],
          [
            7.191166,
            45.898803
          ],
          [
            7.191235,
            45.89876
          ],
          [
            7.191333,
            45.898657
          ],
          [
            7.191456,
            45.898586
          ],
          [
            7.191575,
            45.898521
          ],
          [
            7.191643,
            45.898505
          ],
          [
            7.191778,
            45.898489
          ],
          [
            7.191834,
            45.898477
          ],
          [
            7.191948,
            45.898446
          ],
          [
            7.192051,
            45.898405
          ],
          [
            7.192101,
            45.898379
          ],
          [
            7.192156,
            45.898349
          ],
          [
            7.1922,
            45.898318
          ],
          [
            7.192253,
            45.898291
          ],
          [
            7.19231,
            45.898265
          ],
          [
            7.192373,
            45.898242
          ],
          [
            7.192425,
            45.898218
          ],
          [
            7.192484,
            45.898203
          ],
          [
            7.192596,
            45.898181
          ],
          [
            7.192653,
            45.898171
          ],
          [
            7.192717,
            45.898168
          ],
          [
            7.192962,
            45.898127
          ],
          [
            7.193088,
            45.898095
          ],
          [
            7.193149,
            45.898078
          ],
          [
            7.193204,
            45.898061
          ],
          [
            7.193262,
            45.898048
          ],
          [
            7.193378,
            45.898032
          ],
          [
            7.193499,
            45.898022
          ],
          [
            7.193559,
            45.898017
          ],
          [
            7.193625,
            45.898017
          ],
          [
            7.193757,
            45.898027
          ],
          [
            7.193883,
            45.898051
          ],
          [
            7.194131,
            45.898106
          ],
          [
            7.194187,
            45.898119
          ],
          [
            7.194432,
            45.898184
          ],
          [
            7.194491,
            45.898207
          ],
          [
            7.194551,
            45.898227
          ],
          [
            7.194605,
            45.898255
          ],
          [
            7.19471,
            45.898309
          ],
          [
            7.194817,
            45.898369
          ],
          [
            7.194876,
            45.898396
          ],
          [
            7.19498,
            45.898445
          ],
          [
            7.19512,
            45.898522
          ],
          [
            7.19522,
            45.898583
          ],
          [
            7.195268,
            45.898615
          ],
          [
            7.19539,
            45.898713
          ],
          [
            7.195507,
            45.898858
          ],
          [
            7.195518,
            45.898893
          ],
          [
            7.195592,
            45.899015
          ],
          [
            7.195627,
            45.899048
          ],
          [
            7.195662,
            45.89909
          ],
          [
            7.195721,
            45.899134
          ],
          [
            7.195754,
            45.899177
          ],
          [
            7.195761,
            45.899187
          ],
          [
            7.195763,
            45.89919
          ],
          [
            7.195763,
            45.89919
          ],
          [
            7.195763,
            45.89919
          ],
          [
            7.195763,
            45.89919
          ],
          [
            7.195763,
            45.89919
          ],
          [
            7.195763,
            45.89919
          ],
          [
            7.195763,
            45.89919
          ],
          [
            7.195763,
            45.89919
          ],
          [
            7.195763,
            45.89919
          ],
          [
            7.195763,
            45.89919
          ],
          [
            7.195763,
            45.89919
          ],
          [
            7.195763,
            45.89919
          ],
          [
            7.195763,
            45.89919
          ],
          [
            7.195763,
            45.89919
          ],
          [
            7.195763,
            45.89919
          ],
          [
            7.195763,
            45.89919
          ],
          [
            7.195763,
            45.89919
          ],
          [
            7.195765,
            45.89919
          ],
          [
            7.195759,
            45.899248
          ],
          [
            7.195771,
            45.899294
          ],
          [
            7.195777,
            45.899315
          ],
          [
            7.19578,
            45.899337
          ],
          [
            7.195784,
            45.89937
          ],
          [
            7.195785,
            45.899384
          ],
          [
            7.195788,
            45.899406
          ],
          [
            7.195788,
            45.899467
          ],
          [
            7.195797,
            45.899487
          ],
          [
            7.195807,
            45.899506
          ],
          [
            7.195817,
            45.89952
          ],
          [
            7.195831,
            45.899566
          ],
          [
            7.195832,
            45.89958
          ],
          [
            7.195831,
            45.899595
          ],
          [
            7.19583,
            45.899612
          ],
          [
            7.19583,
            45.899629
          ],
          [
            7.195828,
            45.899664
          ],
          [
            7.195831,
            45.899731
          ],
          [
            7.195829,
            45.899771
          ],
          [
            7.195797,
            45.899923
          ],
          [
            7.195795,
            45.89994
          ],
          [
            7.195774,
            45.899996
          ],
          [
            7.195774,
            45.899996
          ],
          [
            7.195774,
            45.899996
          ],
          [
            7.195802,
            45.899982
          ],
          [
            7.195801,
            45.899974
          ],
          [
            7.195801,
            45.899974
          ],
          [
            7.195798,
            45.899987
          ],
          [
            7.195796,
            45.89999
          ],
          [
            7.195796,
            45.89999
          ],
          [
            7.19579,
            45.899974
          ],
          [
            7.195792,
            45.899972
          ],
          [
            7.195787,
            45.899975
          ],
          [
            7.195787,
            45.899973
          ],
          [
            7.19578,
            45.899987
          ]
        ]
      },
      "properties": {
        "name": "Mont Tellier"
      }
    }
  ]
}