{
  "type": "FeatureCollection",
  "features": [
    {
      "type": "Feature",
      "geometry": {
        "type": "LineString",
        "coordinates": [
          [
            7.27358,
            46.663896
          ],
          [
            7.273559,
            46.663895
          ],
          [
            7.273512,
            46.66389
          ],
          [
            7.273429,
            46.663892
          ],
          [
            7.273404,
            46.663893
          ],
          [
            7.27339,
            46.663894
          ],
          [
            7.27333,
            46.66388
          ],
          [
            7.273292,
            46.663866
          ],
          [
            7.273221,
            46.663827
          ],
          [
            7.273195,
            46.663813
          ],
          [
            7.273165,
            46.663795
          ],
          [
            7.273114,
            46.663768
          ],
          [
            7.273072,
            46.663746
          ],
          [
            7.273047,
            46.663719
          ],
          [
            7.273026,
            46.663703
          ],
          [
            7.273027,
            46.663698
          ],
          [
            7.27302,
            46.663695
          ],
          [
            7.273034,
            46.6637
          ],
          [
            7.273059,
            46.663718
          ],
          [
            7.273168,
            46.663798
          ],
          [
            7.273287,
            46.663866
          ],
          [
            7.273299,
            46.663864
          ],
          [
            7.273328,
            46.663868
          ],
          [
            7.273412,
            46.663938
          ],
          [
            7.273505,
            46.66403
          ],
          [
            7.27359,
            46.664116
          ],
          [
            7.273619,
            46.664128
          ],
          [
            7.27363,
            46.664128
          ],
          [
            7.27363,
            46.664128
          ],
          [
            7.27363,
            46.664128
          ],
          [
            7.27363,
            46.664128
          ],
          [
            7.273599,
            46.664114
          ],
          [
            7.273596,
            46.664119
          ],
          [
            7.27359,
            46.6641
          ],
          [
            7.273575,
            46.664088
          ],
          [
            7.273533,
            46.664073
          ],
          [
            7.273531,
            46.664067
          ],
          [
            7.273531,
            46.664067
          ],
          [
            7.273515,
            46.664067
          ],
          [
            7.273497,
            46.66405
          ],
          [
            7.273494,
            46.664041
          ],
          [
            7.27344,
            46.663977
          ],
          [
            7.273424,
            46.663969
          ],
          [
            7.273315,
            46.663889
          ],
          [
            7.273182,
            46.663795
          ],
          [
            7.273127,
            46.663723
          ],
          [
            7.27312,
            46.663711
          ],
          [
            7.273101,
            46.663688
          ],
          [
            7.273082,
            46.663676
          ],
          [
            7.273073,
            46.66367
          ],
          [
            7.273034,
            46.663634
          ],
          [
            7.27301,
            46.663592
          ],
          [
            7.272974,
            46.663516
          ],
          [
            7.272947,
            46.663488
          ],
          [
            7.272876,
            46.663395
          ],
          [
            7.272797,
            46.663311
          ],
          [
            7.272744,
            46.663276
          ],
          [
            7.272717,
            46.663245
          ],
          [
            7.27265,
            46.66317
          ],
          [
            7.272589,
            46.66312
          ],
          [
            7.272529,
            46.663045
          ],
          [
            7.27252,
            46.66303
          ],
          [
            7.272504,
            46.662996
          ],
          [
            7.27247,
            46.662928
          ],
          [
            7.272457,
            46.662898
          ],
          [
            7.272409,
            46.662811
          ],
          [
            7.272354,
            46.662717
          ],
          [
            7.272275,
            46.662657
          ],
          [
            7.272181,
            46.662649
          ],
          [
            7.272033,
            46.662667
          ],
          [
            7.271916,
            46.662684
          ],
          [
            7.271872,
            46.662683
          ],
          [
            7.271835,
            46.662683
          ],
          [
            7.271639,
            46.662685
          ],
          [
            7.271479,
            46.662685
          ],
          [
            7.271459,
            46.662686
          ],
          [
            7.271269,
            46.662696
          ],
          [
            7.271239,
            46.662697
          ],
          [
            7.271197,
            46.662697
          ],
          [
            7.271049,
            46.662695
          ],
          [
            7.271032,
            46.662694
          ],
          [
            7.27089,
            46.662689
          ],
          [
            7.270728,
            46.662688
          ],
          [
            7.270711,
            46.662686
          ],
          [
            7.270534,
            46.662682
          ],
          [
            7.270366,
            46.662655
          ],
          [
            7.270237,
            46.662633
          ],
          [
            7.270144,
            46.662608
          ],
          [
            7.270007,
            46.662579
          ],
          [
            7.269969,
            46.662572
          ],
          [
            7.269872,
            46.662549
          ],
          [
            7.269849,
            46.66254
          ],
          [
            7.269832,
            46.662534
          ],
          [
            7.269764,
            46.662515
          ],
          [
            7.269714,
            46.662499
          ],
          [
            7.269619,
            46.662469
          ],
          [
            7.269573,
            46.662451
          ],
          [
            7.269485,
            46.662389
          ],
          [
            7.269472,
            46.662383
          ],
          [
            7.269399,
            46.662335
          ],
          [
            7.26932,
            46.662292
          ],
          [
            7.269302,
            46.662286
          ],
          [
            7.2692,
            46.662231
          ],
          [
            7.269065,
            46.66218
          ],
          [
            7.268986,
            46.662156
          ],
          [
            7.268907,
            46.662136
          ],
          [
            7.268833,
            46.662113
          ],
          [
            7.268743,
            46.662074
          ],
          [
            7.268715,
            46.662066
          ],
          [
            7.268624,
            46.66199
          ],
          [
            7.268514,
            46.661924
          ],
          [
            7.268386,
            46.661857
          ],
          [
            7.268314,
            46.661813
          ],
          [
            7.268285,
            46.661795
          ],
          [
            7.268271,
            46.661789
          ],
          [
            7.268192,
            46.661739
          ],
          [
            7.268163,
            46.661725
          ],
          [
            7.268073,
            46.661672
          ],
          [
            7.268057,
            46.661665
          ],
          [
            7.267974,
            46.661618
          ],
          [
            7.267957,
            46.661599
          ],
          [
            7.267945,
            46.661592
          ],
          [
            7.267931,
            46.661582
          ],
          [
            7.267903,
            46.661558
          ],
          [
            7.267883,
            46.661544
          ],
          [
            7.267844,
            46.661495
          ],
          [
            7.26781,
            46.661469
          ],
          [
            7.267777,
            46.661433
          ],
          [
            7.267742,
            46.661391
          ],
          [
            7.267736,
            46.661383
          ],
          [
            7.267692,
            46.661335
          ],
          [
            7.267649,
            46.661287
          ],
          [
            7.267642,
            46.661275
          ],
          [
            7.2676,
            46.661196
          ],
          [
            7.267595,
            46.661187
          ],
          [
            7.267552,
            46.661142
          ],
          [
            7.267534,
            46.661131
          ],
          [
            7.267469,
            46.661091
          ],
          [
            7.267443,
            46.661077
          ],
          [
            7.267351,
            46.661039
          ],
          [
            7.267259,
            46.660989
          ],
          [
            7.267243,
            46.66098
          ],
          [
            7.267177,
            46.660958
          ],
          [
            7.267159,
            46.66096
          ],
          [
            7.267057,
            46.660935
          ],
          [
            7.267013,
            46.660935
          ],
          [
            7.266948,
            46.660922
          ],
          [
            7.266938,
            46.660909
          ],
          [
            7.266932,
            46.660901
          ],
          [
            7.26691,
            46.660882
          ],
          [
            7.266899,
            46.660873
          ],
          [
            7.266885,
            46.660869
          ],
          [
            7.266836,
            46.660851
          ],
          [
            7.26673,
            46.660796
          ],
          [
            7.266674,
            46.660773
          ],
          [
            7.266628,
            46.66075
          ],
          [
            7.266558,
            46.660729
          ],
          [
            7.266511,
            46.660691
          ],
          [
            7.26649,
            46.660667
          ],
          [
            7.266404,
            46.660644
          ],
          [
            7.266389,
            46.660642
          ],
          [
            7.266357,
            46.660632
          ],
          [
            7.266306,
            46.660607
          ],
          [
            7.266211,
            46.660563
          ],
          [
            7.266199,
            46.660557
          ],
          [
            7.266095,
            46.660537
          ],
          [
            7.266078,
            46.660529
          ],
          [
            7.265998,
            46.660504
          ],
          [
            7.265977,
            46.660489
          ],
          [
            7.265943,
            46.660473
          ],
          [
            7.265882,
            46.660462
          ],
          [
            7.265869,
            46.660457
          ],
          [
            7.26581,
            46.66044
          ],
          [
            7.265801,
            46.660436
          ],
          [
            7.265768,
            46.660429
          ],
          [
            7.26572,
            46.660415
          ],
          [
            7.265695,
            46.660407
          ],
          [
            7.265625,
            46.66038
          ],
          [
            7.265602,
            46.660369
          ],
          [
            7.26556,
            46.660359
          ],
          [
            7.265519,
            46.66036
          ],
          [
            7.26551,
            46.660347
          ],
          [
            7.265478,
            46.660337
          ],
          [
            7.265465,
            46.660336
          ],
          [
            7.265414,
            46.660314
          ],
          [
            7.265388,
            46.660294
          ],
          [
            7.265363,
            46.660277
          ],
          [
            7.265337,
            46.660252
          ],
          [
            7.265322,
            46.660238
          ],
          [
            7.2653,
            46.660221
          ],
          [
            7.265272,
            46.660209
          ],
          [
            7.265237,
            46.660189
          ],
          [
            7.265185,
            46.660156
          ],
          [
            7.265177,
            46.66015
          ],
          [
            7.265156,
            46.660123
          ],
          [
            7.265127,
            46.660104
          ],
          [
            7.265101,
            46.660097
          ],
          [
            7.265062,
            46.66009
          ],
          [
            7.265036,
            46.660085
          ],
          [
            7.265005,
            46.660078
          ],
          [
            7.26497,
            46.660079
          ],
          [
            7.264907,
            46.660074
          ],
          [
            7.264889,
            46.660072
          ],
          [
            7.264824,
            46.660053
          ],
          [
            7.264786,
            46.660045
          ],
          [
            7.264758,
            46.660044
          ],
          [
            7.264706,
            46.660047
          ],
          [
            7.26464,
            46.660052
          ],
          [
            7.264608,
            46.660045
          ],
          [
            7.264577,
            46.660028
          ],
          [
            7.264531,
            46.66002
          ],
          [
            7.264519,
            46.660018
          ],
          [
            7.264471,
            46.66001
          ],
          [
            7.264444,
            46.660003
          ],
          [
            7.264413,
            46.659991
          ],
          [
            7.26435,
            46.659981
          ],
          [
            7.264342,
            46.659979
          ],
          [
            7.264298,
            46.659978
          ],
          [
            7.264284,
            46.65997
          ],
          [
            7.264252,
            46.659961
          ],
          [
            7.264233,
            46.659956
          ],
          [
            7.26422,
            46.659952
          ],
          [
            7.264156,
            46.659954
          ],
          [
            7.264145,
            46.659955
          ],
          [
            7.264099,
            46.659952
          ],
          [
            7.264065,
            46.65995
          ],
          [
            7.264057,
            46.659951
          ],
          [
            7.264005,
            46.659952
          ],
          [
            7.263979,
            46.659956
          ],
          [
            7.263954,
            46.65996
          ],
          [
            7.263946,
            46.659969
          ],
          [
            7.263916,
            46.65997
          ],
          [
            7.263852,
            46.65997
          ],
          [
            7.263843,
            46.659971
          ],
          [
            7.263806,
            46.659979
          ],
          [
            7.263778,
            46.659984
          ],
          [
            7.263775,
            46.659985
          ],
          [
            7.263758,
            46.659979
          ],
          [
            7.263711,
            46.659952
          ],
          [
            7.26371,
            46.659947
          ],
          [
            7.263727,
            46.659933
          ],
          [
            7.263767,
            46.659887
          ],
          [
            7.26379,
            46.659861
          ],
          [
            7.263804,
            46.659848
          ],
          [
            7.263818,
            46.659835
          ],
          [
            7.263833,
            46.659821
          ],
          [
            7.26385,
            46.659807
          ],
          [
            7.26387,
            46.659779
          ],
          [
            7.263875,
            46.65977
          ],
          [
            7.263896,
            46.659745
          ],
          [
            7.263937,
            46.659716
          ],
          [
            7.263987,
            46.659694
          ],
          [
            7.263997,
            46.659688
          ],
          [
            7.264054,
            46.659665
          ],
          [
            7.264079,
            46.659662
          ],
          [
            7.264121,
            46.659644
          ],
          [
            7.264177,
            46.659623
          ],
          [
            7.264199,
            46.659609
          ],
          [
            7.264267,
            46.659594
          ],
          [
            7.264286,
            46.659593
          ],
          [
            7.26436,
            46.659587
          ],
          [
            7.264429,
            46.659568
          ],
          [
            7.264447,
            46.659561
          ],
          [
            7.264511,
            46.659548
          ],
          [
            7.264555,
            46.659538
          ],
          [
            7.264611,
            46.659506
          ],
          [
            7.264643,
            46.65949
          ],
          [
            7.26469,
            46.659469
          ],
          [
            7.264712,
            46.659458
          ],
          [
            7.264739,
            46.659435
          ],
          [
            7.264756,
            46.659407
          ],
          [
            7.264771,
            46.659395
          ],
          [
            7.264818,
            46.659359
          ],
          [
            7.264884,
            46.659326
          ],
          [
            7.264933,
            46.659301
          ],
          [
            7.264951,
            46.65929
          ],
          [
            7.264987,
            46.659266
          ],
          [
            7.265016,
            46.659231
          ],
          [
            7.265021,
            46.659219
          ],
          [
            7.265049,
            46.659163
          ],
          [
            7.265055,
            46.659158
          ],
          [
            7.265063,
            46.659127
          ],
          [
            7.265053,
            46.659089
          ],
          [
            7.265034,
            46.659029
          ],
          [
            7.265023,
            46.659011
          ],
          [
            7.265012,
            46.658982
          ],
          [
            7.265004,
            46.658958
          ],
          [
            7.264976,
            46.658911
          ],
          [
            7.264973,
            46.658904
          ],
          [
            7.264948,
            46.658867
          ],
          [
            7.26492,
            46.658841
          ],
          [
            7.264907,
            46.658837
          ],
          [
            7.264865,
            46.658828
          ],
          [
            7.264845,
            46.658826
          ],
          [
            7.264803,
            46.658842
          ],
          [
            7.2648,
            46.658847
          ],
          [
            7.264762,
            46.658895
          ],
          [
            7.264752,
            46.658906
          ],
          [
            7.264697,
            46.658953
          ],
          [
            7.264655,
            46.658981
          ],
          [
            7.264607,
            46.658995
          ],
          [
            7.264558,
            46.659009
          ],
          [
            7.264539,
            46.659012
          ],
          [
            7.264499,
            46.659019
          ],
          [
            7.26448,
            46.659019
          ],
          [
            7.264452,
            46.659018
          ],
          [
            7.264414,
            46.659027
          ],
          [
            7.264377,
            46.659034
          ],
          [
            7.264331,
            46.659037
          ],
          [
            7.26427,
            46.659045
          ],
          [
            7.264262,
            46.659045
          ],
          [
            7.264187,
            46.659046
          ],
          [
            7.264156,
            46.659045
          ],
          [
            7.26413,
            46.659041
          ],
          [
            7.264078,
            46.659042
          ],
          [
            7.264062,
            46.659044
          ],
          [
            7.263994,
            46.659048
          ],
          [
            7.263967,
            46.659052
          ],
          [
            7.263925,
            46.659054
          ],
          [
            7.263872,
            46.65906
          ],
          [
            7.263862,
            46.659064
          ],
          [
            7.263799,
            46.659076
          ],
          [
            7.263779,
            46.659073
          ],
          [
            7.263769,
            46.659074
          ],
          [
            7.263755,
            46.659049
          ],
          [
            7.263755,
            46.659039
          ],
          [
            7.26377,
            46.658971
          ],
          [
            7.263806,
            46.658928
          ],
          [
            7.263811,
            46.658923
          ],
          [
            7.263804,
            46.658931
          ],
          [
            7.263799,
            46.658934
          ],
          [
            7.263799,
            46.658934
          ],
          [
            7.263799,
            46.658934
          ],
          [
            7.263799,
            46.658934
          ],
          [
            7.263809,
            46.658928
          ],
          [
            7.26381,
            46.658926
          ],
          [
            7.263829,
            46.65892
          ],
          [
            7.263837,
            46.658906
          ],
          [
            7.263836,
            46.658906
          ],
          [
            7.263836,
            46.658906
          ],
          [
            7.263836,
            46.658906
          ],
          [
            7.263836,
            46.658906
          ],
          [
            7.263836,
            46.658906
          ],
          [
            7.263836,
            46.658906
          ],
          [
            7.263836,
            46.658906
          ],
          [
            7.263836,
            46.658906
          ],
          [
            7.263836,
            46.658906
          ],
          [
            7.263836,
            46.658906
          ],
          [
            7.263836,
            46.658906
          ],
          [
            7.263836,
            46.658906
          ],
          [
            7.263847,
            46.658884
          ],
          [
            7.263854,
            46.658876
          ],
          [
            7.263888,
            46.658848
          ],
          [
            7.263891,
            46.65884
          ],
          [
            7.263908,
            46.658818
          ],
          [
            7.263915,
            46.658815
          ],
          [
            7.263942,
            46.658805
          ],
          [
            7.26395,
            46.658803
          ],
          [
            7.26402,
            46.658781
          ],
          [
            7.264033,
            46.658776
          ],
          [
            7.264093,
            46.658753
          ],
          [
            7.264114,
            46.658743
          ],
          [
            7.264124,
            46.658736
          ],
          [
            7.264152,
            46.658716
          ],
          [
            7.26418,
            46.658692
          ],
          [
            7.264185,
            46.65868
          ],
          [
            7.264188,
            46.658653
          ],
          [
            7.264187,
            46.658646
          ],
          [
            7.264185,
            46.658632
          ],
          [
            7.264185,
            46.658621
          ],
          [
            7.264136,
            46.658573
          ],
          [
            7.264127,
            46.658567
          ],
          [
            7.264073,
            46.658538
          ],
          [
            7.26405,
            46.658526
          ],
          [
            7.264022,
            46.65851
          ],
          [
            7.263992,
            46.658487
          ],
          [
            7.263981,
            46.65848
          ],
          [
            7.263934,
            46.658454
          ],
          [
            7.263901,
            46.658437
          ],
          [
            7.263856,
            46.658412
          ],
          [
            7.263816,
            46.658389
          ],
          [
            7.263782,
            46.658369
          ],
          [
            7.263773,
            46.658365
          ],
          [
            7.263758,
            46.658356
          ],
          [
            7.26374,
            46.658347
          ],
          [
            7.26368,
            46.658309
          ],
          [
            7.263661,
            46.658297
          ],
          [
            7.263582,
            46.658248
          ],
          [
            7.263571,
            46.65824
          ],
          [
            7.263503,
            46.658181
          ],
          [
            7.263495,
            46.658174
          ],
          [
            7.263426,
            46.658087
          ],
          [
            7.263417,
            46.658078
          ],
          [
            7.263391,
            46.658042
          ],
          [
            7.263337,
            46.657969
          ],
          [
            7.263315,
            46.657935
          ],
          [
            7.263274,
            46.657885
          ],
          [
            7.263264,
            46.657858
          ],
          [
            7.263248,
            46.657821
          ],
          [
            7.263242,
            46.657812
          ],
          [
            7.263211,
            46.657762
          ],
          [
            7.263208,
            46.657752
          ],
          [
            7.263174,
            46.657703
          ],
          [
            7.263161,
            46.657686
          ],
          [
            7.263095,
            46.657634
          ],
          [
            7.263085,
            46.657624
          ],
          [
            7.263035,
            46.65758
          ],
          [
            7.263014,
            46.657566
          ],
          [
            7.262967,
            46.657508
          ],
          [
            7.262933,
            46.65747
          ],
          [
            7.262924,
            46.657449
          ],
          [
            7.262905,
            46.657406
          ],
          [
            7.262867,
            46.657383
          ],
          [
            7.262856,
            46.657376
          ],
          [
            7.26281,
            46.657354
          ],
          [
            7.262799,
            46.657349
          ],
          [
            7.262742,
            46.657318
          ],
          [
            7.262734,
            46.657307
          ],
          [
            7.262701,
            46.657271
          ],
          [
            7.262648,
            46.65722
          ],
          [
            7.262613,
            46.657176
          ],
          [
            7.2626,
            46.657159
          ],
          [
            7.262575,
            46.657129
          ],
          [
            7.262541,
            46.657093
          ],
          [
            7.26248,
            46.657048
          ],
          [
            7.262462,
            46.657033
          ],
          [
            7.262415,
            46.656997
          ],
          [
            7.26235,
            46.656965
          ],
          [
            7.262339,
            46.656959
          ],
          [
            7.262288,
            46.656934
          ],
          [
            7.262263,
            46.65692
          ],
          [
            7.262194,
            46.656883
          ],
          [
            7.262068,
            46.656807
          ],
          [
            7.262059,
            46.656798
          ],
          [
            7.261932,
            46.656725
          ],
          [
            7.261878,
            46.656691
          ],
          [
            7.261831,
            46.656647
          ],
          [
            7.261772,
            46.656541
          ],
          [
            7.261707,
            46.656459
          ],
          [
            7.261706,
            46.656455
          ],
          [
            7.261668,
            46.656424
          ],
          [
            7.261662,
            46.65642
          ],
          [
            7.261648,
            46.656409
          ],
          [
            7.26163,
            46.6564
          ],
          [
            7.261595,
            46.656377
          ],
          [
            7.261582,
            46.656363
          ],
          [
            7.261537,
            46.656343
          ],
          [
            7.261502,
            46.656324
          ],
          [
            7.261471,
            46.656288
          ],
          [
            7.261468,
            46.656262
          ],
          [
            7.261462,
            46.656205
          ],
          [
            7.261435,
            46.656093
          ],
          [
            7.261431,
            46.656008
          ],
          [
            7.261424,
            46.655986
          ],
          [
            7.261416,
            46.655961
          ],
          [
            7.261379,
            46.655866
          ],
          [
            7.261342,
            46.655781
          ],
          [
            7.261335,
            46.655768
          ],
          [
            7.261328,
            46.655756
          ],
          [
            7.261292,
            46.65572
          ],
          [
            7.261276,
            46.655708
          ],
          [
            7.261269,
            46.6557
          ],
          [
            7.261206,
            46.655692
          ],
          [
            7.261169,
            46.655682
          ],
          [
            7.261058,
            46.655659
          ],
          [
            7.261021,
            46.655645
          ],
          [
            7.260962,
            46.655624
          ],
          [
            7.260938,
            46.655621
          ],
          [
            7.260911,
            46.655621
          ],
          [
            7.260841,
            46.655582
          ],
          [
            7.260768,
            46.655541
          ],
          [
            7.260723,
            46.655521
          ],
          [
            7.260619,
            46.65547
          ],
          [
            7.260612,
            46.655462
          ],
          [
            7.260528,
            46.655427
          ],
          [
            7.260473,
            46.655407
          ],
          [
            7.260454,
            46.655399
          ],
          [
            7.260384,
            46.655351
          ],
          [
            7.260362,
            46.655329
          ],
          [
            7.260328,
            46.655288
          ],
          [
            7.260297,
            46.655246
          ],
          [
            7.260274,
            46.655195
          ],
          [
            7.26025,
            46.655136
          ],
          [
            7.260242,
            46.655109
          ],
          [
            7.260235,
            46.655073
          ],
          [
            7.260188,
            46.655029
          ],
          [
            7.260148,
            46.655013
          ],
          [
            7.260126,
            46.655001
          ],
          [
            7.260061,
            46.654928
          ],
          [
            7.259964,
            46.654901
          ],
          [
            7.259953,
            46.654896
          ],
          [
            7.259869,
            46.654852
          ],
          [
            7.259779,
            46.654827
          ],
          [
            7.259734,
            46.654798
          ],
          [
            7.259692,
            46.654771
          ],
          [
            7.259621,
            46.654741
          ],
          [
            7.259565,
            46.654708
          ],
          [
            7.259487,
            46.654685
          ],
          [
            7.259468,
            46.654674
          ],
          [
            7.259414,
            46.654648
          ],
          [
            7.259395,
            46.654646
          ],
          [
            7.259308,
            46.654599
          ],
          [
            7.259294,
            46.654584
          ],
          [
            7.259252,
            46.654562
          ],
          [
            7.259241,
            46.654556
          ],
          [
            7.259152,
            46.654498
          ],
          [
            7.259111,
            46.654481
          ],
          [
            7.259081,
            46.654466
          ],
          [
            7.259029,
            46.654459
          ],
          [
            7.258993,
            46.654455
          ],
          [
            7.258973,
            46.654446
          ],
          [
            7.258874,
            46.65441
          ],
          [
            7.258865,
            46.65441
          ],
          [
            7.258778,
            46.654388
          ],
          [
            7.25865,
            46.65438
          ],
          [
            7.258632,
            46.65438
          ],
          [
            7.258587,
            46.654373
          ],
          [
            7.25856,
            46.654363
          ],
          [
            7.258501,
            46.654353
          ],
          [
            7.258468,
            46.654351
          ],
          [
            7.258365,
            46.654338
          ],
          [
            7.258349,
            46.654337
          ],
          [
            7.258221,
            46.654314
          ],
          [
            7.258103,
            46.654295
          ],
          [
            7.25802,
            46.654289
          ],
          [
            7.257952,
            46.654266
          ],
          [
            7.257941,
            46.654261
          ],
          [
            7.257914,
            46.654259
          ],
          [
            7.257855,
            46.654263
          ],
          [
            7.257734,
            46.654264
          ],
          [
            7.257689,
            46.654251
          ],
          [
            7.257618,
            46.654231
          ],
          [
            7.257569,
            46.654211
          ],
          [
            7.257569,
            46.654193
          ],
          [
            7.257556,
            46.654173
          ],
          [
            7.257537,
            46.654121
          ],
          [
            7.257538,
            46.654105
          ],
          [
            7.2575,
            46.65408
          ],
          [
            7.25749,
            46.654075
          ],
          [
            7.257411,
            46.654044
          ],
          [
            7.257398,
            46.654038
          ],
          [
            7.257322,
            46.65401
          ],
          [
            7.257229,
            46.653984
          ],
          [
            7.257216,
            46.653981
          ],
          [
            7.257156,
            46.653967
          ],
          [
            7.2571,
            46.653954
          ],
          [
            7.25707,
            46.653952
          ],
          [
            7.257012,
            46.653941
          ],
          [
            7.256999,
            46.653941
          ],
          [
            7.256926,
            46.653917
          ],
          [
            7.256894,
            46.653911
          ],
          [
            7.256856,
            46.653899
          ],
          [
            7.256843,
            46.653894
          ],
          [
            7.256789,
            46.653873
          ],
          [
            7.256765,
            46.65386
          ],
          [
            7.256724,
            46.653847
          ],
          [
            7.256697,
            46.653846
          ],
          [
            7.256674,
            46.653827
          ],
          [
            7.256636,
            46.653816
          ],
          [
            7.256621,
            46.653812
          ],
          [
            7.256556,
            46.653789
          ],
          [
            7.256545,
            46.653783
          ],
          [
            7.25648,
            46.653765
          ],
          [
            7.256384,
            46.653743
          ],
          [
            7.256357,
            46.653735
          ],
          [
            7.256326,
            46.653725
          ],
          [
            7.256283,
            46.653717
          ],
          [
            7.256252,
            46.653709
          ],
          [
            7.2562,
            46.653686
          ],
          [
            7.256178,
            46.653675
          ],
          [
            7.256118,
            46.653641
          ],
          [
            7.256112,
            46.653636
          ],
          [
            7.256111,
            46.653633
          ],
          [
            7.256034,
            46.653588
          ],
          [
            7.256025,
            46.65358
          ],
          [
            7.255966,
            46.653569
          ],
          [
            7.255957,
            46.65357
          ],
          [
            7.25594,
            46.65357
          ],
          [
            7.255875,
            46.65355
          ],
          [
            7.255792,
            46.653552
          ],
          [
            7.255787,
            46.653551
          ],
          [
            7.255797,
            46.653556
          ],
          [
            7.255798,
            46.653557
          ],
          [
            7.255789,
            46.653564
          ],
          [
            7.255766,
            46.653569
          ],
          [
            7.255679,
            46.653576
          ],
          [
            7.255594,
            46.65356
          ],
          [
            7.255526,
            46.653541
          ],
          [
            7.2555,
            46.653526
          ],
          [
            7.255485,
            46.653513
          ],
          [
            7.255472,
            46.653481
          ],
          [
            7.255468,
            46.653456
          ],
          [
            7.255464,
            46.653437
          ],
          [
            7.255463,
            46.653432
          ],
          [
            7.255462,
            46.65339
          ],
          [
            7.255471,
            46.653375
          ],
          [
            7.255493,
            46.653336
          ],
          [
            7.255506,
            46.653315
          ],
          [
            7.255511,
            46.653306
          ],
          [
            7.255547,
            46.653261
          ],
          [
            7.255567,
            46.653229
          ],
          [
            7.255566,
            46.65322
          ],
          [
            7.255565,
            46.653209
          ],
          [
            7.255563,
            46.653186
          ],
          [
            7.255585,
            46.653127
          ],
          [
            7.255595,
            46.653119
          ],
          [
            7.255637,
            46.653079
          ],
          [
            7.25565,
            46.653075
          ],
          [
            7.255682,
            46.653062
          ],
          [
            7.255688,
            46.653053
          ],
          [
            7.255692,
            46.653015
          ],
          [
            7.255685,
            46.653009
          ],
          [
            7.255669,
            46.652996
          ],
          [
            7.255649,
            46.652976
          ],
          [
            7.255635,
            46.652935
          ],
          [
            7.255623,
            46.652911
          ],
          [
            7.255616,
            46.652905
          ],
          [
            7.255581,
            46.652879
          ],
          [
            7.255574,
            46.652869
          ],
          [
            7.255547,
            46.652844
          ],
          [
            7.255521,
            46.652842
          ],
          [
            7.255501,
            46.65284
          ],
          [
            7.255483,
            46.652836
          ],
          [
            7.2554,
            46.652829
          ],
          [
            7.255374,
            46.652831
          ],
          [
            7.255332,
            46.652834
          ],
          [
            7.255303,
            46.652834
          ],
          [
            7.255259,
            46.652839
          ],
          [
            7.255207,
            46.65285
          ],
          [
            7.255187,
            46.652854
          ],
          [
            7.255161,
            46.652859
          ],
          [
            7.255107,
            46.652863
          ],
          [
            7.255088,
            46.652867
          ],
          [
            7.255064,
            46.652872
          ],
          [
            7.255012,
            46.652878
          ],
          [
            7.25499,
            46.652882
          ],
          [
            7.25496,
            46.652893
          ],
          [
            7.254919,
            46.652904
          ],
          [
            7.254861,
            46.652897
          ],
          [
            7.254855,
            46.652895
          ],
          [
            7.254804,
            46.652861
          ],
          [
            7.254802,
            46.652852
          ],
          [
            7.254795,
            46.652835
          ],
          [
            7.254783,
            46.65282
          ],
          [
            7.254768,
            46.652813
          ],
          [
            7.254768,
            46.652771
          ],
          [
            7.254765,
            46.652765
          ],
          [
            7.254738,
            46.65273
          ],
          [
            7.25472,
            46.652715
          ],
          [
            7.25471,
            46.652698
          ],
          [
            7.254698,
            46.652647
          ],
          [
            7.254693,
            46.652638
          ],
          [
            7.25464,
            46.652566
          ],
          [
            7.254629,
            46.652559
          ],
          [
            7.254599,
            46.652524
          ],
          [
            7.254587,
            46.65251
          ],
          [
            7.254559,
            46.652478
          ],
          [
            7.254518,
            46.652434
          ],
          [
            7.254467,
            46.652392
          ],
          [
            7.25445,
            46.652381
          ],
          [
            7.254432,
            46.652361
          ],
          [
            7.254403,
            46.652327
          ],
          [
            7.254393,
            46.652319
          ],
          [
            7.254348,
            46.652284
          ],
          [
            7.254339,
            46.652277
          ],
          [
            7.254301,
            46.652249
          ],
          [
            7.254277,
            46.65222
          ],
          [
            7.254262,
            46.652207
          ],
          [
            7.254221,
            46.652182
          ],
          [
            7.254199,
            46.652174
          ],
          [
            7.25416,
            46.652143
          ],
          [
            7.254129,
            46.652107
          ],
          [
            7.254109,
            46.652093
          ],
          [
            7.254098,
            46.652084
          ],
          [
            7.254089,
            46.652077
          ],
          [
            7.254075,
            46.652053
          ],
          [
            7.254072,
            46.652031
          ],
          [
            7.254076,
            46.652019
          ],
          [
            7.25408,
            46.651984
          ],
          [
            7.254088,
            46.651965
          ],
          [
            7.254089,
            46.651955
          ],
          [
            7.254097,
            46.651921
          ],
          [
            7.254109,
            46.651906
          ],
          [
            7.254123,
            46.651892
          ],
          [
            7.254128,
            46.651881
          ],
          [
            7.254147,
            46.651865
          ],
          [
            7.25416,
            46.651857
          ],
          [
            7.254185,
            46.651839
          ],
          [
            7.254194,
            46.651834
          ],
          [
            7.254236,
            46.651804
          ],
          [
            7.254255,
            46.651788
          ],
          [
            7.254266,
            46.651767
          ],
          [
            7.254249,
            46.651713
          ],
          [
            7.254234,
            46.651705
          ],
          [
            7.254189,
            46.651668
          ],
          [
            7.254155,
            46.651645
          ],
          [
            7.254096,
            46.65163
          ],
          [
            7.254058,
            46.651633
          ],
          [
            7.254047,
            46.651635
          ],
          [
            7.254022,
            46.651624
          ],
          [
            7.253981,
            46.65162
          ],
          [
            7.253952,
            46.651625
          ],
          [
            7.253867,
            46.65163
          ],
          [
            7.253846,
            46.65163
          ],
          [
            7.253842,
            46.651626
          ],
          [
            7.253796,
            46.65161
          ],
          [
            7.253772,
            46.651606
          ],
          [
            7.253758,
            46.651607
          ],
          [
            7.253705,
            46.651603
          ],
          [
            7.253665,
            46.651598
          ],
          [
            7.253625,
            46.651593
          ],
          [
            7.253584,
            46.65158
          ],
          [
            7.25357,
            46.65158
          ],
          [
            7.253531,
            46.65158
          ],
          [
            7.253469,
            46.651579
          ],
          [
            7.253399,
            46.65156
          ],
          [
            7.253392,
            46.651557
          ],
          [
            7.253352,
            46.651557
          ],
          [
            7.253329,
            46.651553
          ],
          [
            7.25327,
            46.651521
          ],
          [
            7.253255,
            46.651519
          ],
          [
            7.253186,
            46.651484
          ],
          [
            7.25318,
            46.651483
          ],
          [
            7.253146,
            46.651475
          ],
          [
            7.253148,
            46.651474
          ],
          [
            7.253163,
            46.651484
          ],
          [
            7.253154,
            46.651529
          ],
          [
            7.253161,
            46.651525
          ],
          [
            7.253161,
            46.651525
          ],
          [
            7.253161,
            46.651525
          ],
          [
            7.253161,
            46.651525
          ],
          [
            7.253161,
            46.651525
          ],
          [
            7.253161,
            46.651525
          ],
          [
            7.253161,
            46.651525
          ],
          [
            7.253161,
            46.651525
          ],
          [
            7.253172,
            46.651497
          ],
          [
            7.253174,
            46.651481
          ],
          [
            7.253174,
            46.65148
          ],
          [
            7.253176,
            46.651481
          ],
          [
            7.253176,
            46.651481
          ],
          [
            7.253176,
            46.651481
          ],
          [
            7.253176,
            46.651481
          ],
          [
            7.253176,
            46.651481
          ],
          [
            7.253164,
            46.651477
          ],
          [
            7.253176,
            46.651481
          ],
          [
            7.253137,
            46.651481
          ],
          [
            7.253103,
            46.651473
          ],
          [
            7.25309,
            46.651473
          ],
          [
            7.253079,
            46.651476
          ],
          [
            7.253059,
            46.651481
          ],
          [
            7.25304,
            46.65149
          ],
          [
            7.252974,
            46.6515
          ],
          [
            7.252963,
            46.651505
          ],
          [
            7.25291,
            46.651505
          ],
          [
            7.252887,
            46.651511
          ],
          [
            7.25288,
            46.65151
          ],
          [
            7.252877,
            46.651512
          ],
          [
            7.252877,
            46.651512
          ],
          [
            7.252877,
            46.651512
          ],
          [
            7.252811,
            46.651517
          ],
          [
            7.252779,
            46.651517
          ],
          [
            7.252662,
            46.651507
          ],
          [
            7.2526,
            46.651498
          ],
          [
            7.252521,
            46.65148
          ],
          [
            7.252504,
            46.651478
          ],
          [
            7.252432,
            46.651461
          ],
          [
            7.252411,
            46.651468
          ],
          [
            7.252347,
            46.651456
          ],
          [
            7.252274,
            46.651451
          ],
          [
            7.252264,
            46.651451
          ],
          [
            7.252174,
            46.651435
          ],
          [
            7.25216,
            46.651427
          ],
          [
            7.25207,
            46.651429
          ],
          [
            7.252047,
            46.651431
          ],
          [
            7.252004,
            46.651426
          ],
          [
            7.251986,
            46.651422
          ],
          [
            7.251952,
            46.65141
          ],
          [
            7.251898,
            46.651398
          ],
          [
            7.251808,
            46.651401
          ],
          [
            7.251738,
            46.651387
          ],
          [
            7.25171,
            46.651389
          ],
          [
            7.251696,
            46.651383
          ],
          [
            7.251639,
            46.651363
          ],
          [
            7.251629,
            46.651358
          ],
          [
            7.251585,
            46.651351
          ],
          [
            7.251522,
            46.651324
          ],
          [
            7.251512,
            46.651319
          ],
          [
            7.251481,
            46.6513
          ],
          [
            7.251453,
            46.651258
          ],
          [
            7.251433,
            46.651246
          ],
          [
            7.251367,
            46.651194
          ],
          [
            7.251335,
            46.651164
          ],
          [
            7.251324,
            46.651155
          ],
          [
            7.251315,
            46.651147
          ],
          [
            7.251294,
            46.651133
          ],
          [
            7.251225,
            46.651102
          ],
          [
            7.251216,
            46.651098
          ],
          [
            7.251166,
            46.651076
          ],
          [
            7.251093,
            46.651062
          ],
          [
            7.251038,
            46.65104
          ],
          [
            7.25101,
            46.65103
          ],
          [
            7.250981,
            46.65102
          ],
          [
            7.250921,
            46.651007
          ],
          [
            7.250912,
            46.651002
          ],
          [
            7.250855,
            46.650978
          ],
          [
            7.25082,
            46.650973
          ],
          [
            7.250783,
            46.650966
          ],
          [
            7.2507,
            46.65095
          ],
          [
            7.250683,
            46.650942
          ],
          [
            7.250623,
            46.650929
          ],
          [
            7.250546,
            46.650896
          ],
          [
            7.250513,
            46.65087
          ],
          [
            7.250467,
            46.650854
          ],
          [
            7.250374,
            46.650829
          ],
          [
            7.250284,
            46.650822
          ],
          [
            7.250203,
            46.650814
          ],
          [
            7.250109,
            46.650775
          ],
          [
            7.250104,
            46.650771
          ],
          [
            7.250084,
            46.650751
          ],
          [
            7.250073,
            46.650722
          ],
          [
            7.250072,
            46.650691
          ],
          [
            7.25005,
            46.650673
          ],
          [
            7.250037,
            46.650662
          ],
          [
            7.250032,
            46.650619
          ],
          [
            7.250022,
            46.650612
          ],
          [
            7.249993,
            46.650556
          ],
          [
            7.249982,
            46.650538
          ],
          [
            7.24995,
            46.650482
          ],
          [
            7.24994,
            46.650479
          ],
          [
            7.24988,
            46.650424
          ],
          [
            7.249875,
            46.650413
          ],
          [
            7.249868,
            46.650404
          ],
          [
            7.249804,
            46.650314
          ],
          [
            7.249746,
            46.650226
          ],
          [
            7.249723,
            46.650189
          ],
          [
            7.249711,
            46.650161
          ],
          [
            7.249677,
            46.650149
          ],
          [
            7.249651,
            46.65014
          ],
          [
            7.249614,
            46.650127
          ],
          [
            7.249578,
            46.650117
          ],
          [
            7.249561,
            46.65011
          ],
          [
            7.249496,
            46.650088
          ],
          [
            7.249471,
            46.650081
          ],
          [
            7.24944,
            46.650063
          ],
          [
            7.249389,
            46.650046
          ],
          [
            7.249348,
            46.650035
          ],
          [
            7.249327,
            46.650022
          ],
          [
            7.249287,
            46.649994
          ],
          [
            7.249249,
            46.64997
          ],
          [
            7.249204,
            46.649944
          ],
          [
            7.249138,
            46.6499
          ],
          [
            7.249129,
            46.649897
          ],
          [
            7.249118,
            46.649892
          ],
          [
            7.249045,
            46.649857
          ],
          [
            7.249003,
            46.649844
          ],
          [
            7.248973,
            46.649837
          ],
          [
            7.248935,
            46.64983
          ],
          [
            7.248879,
            46.649808
          ],
          [
            7.24884,
            46.649779
          ],
          [
            7.24882,
            46.649757
          ],
          [
            7.248817,
            46.649752
          ],
          [
            7.248801,
            46.649738
          ],
          [
            7.248788,
            46.649744
          ],
          [
            7.248763,
            46.649745
          ],
          [
            7.24876,
            46.649742
          ],
          [
            7.248708,
            46.649717
          ],
          [
            7.248694,
            46.649705
          ],
          [
            7.24866,
            46.649683
          ],
          [
            7.248633,
            46.649669
          ],
          [
            7.248603,
            46.649656
          ],
          [
            7.248569,
            46.649642
          ],
          [
            7.248543,
            46.649624
          ],
          [
            7.248502,
            46.649603
          ],
          [
            7.248482,
            46.649583
          ],
          [
            7.248458,
            46.649556
          ],
          [
            7.24844,
            46.649547
          ],
          [
            7.248413,
            46.649531
          ],
          [
            7.248367,
            46.649503
          ],
          [
            7.248334,
            46.649475
          ],
          [
            7.2483,
            46.64945
          ],
          [
            7.248285,
            46.649444
          ],
          [
            7.24822,
            46.649425
          ],
          [
            7.248212,
            46.64942
          ],
          [
            7.248162,
            46.649395
          ],
          [
            7.248135,
            46.649382
          ],
          [
            7.24809,
            46.64936
          ],
          [
            7.248043,
            46.649342
          ],
          [
            7.24794,
            46.649288
          ],
          [
            7.247874,
            46.649221
          ],
          [
            7.24785,
            46.649206
          ],
          [
            7.247767,
            46.649158
          ],
          [
            7.247759,
            46.649151
          ],
          [
            7.247692,
            46.64909
          ],
          [
            7.247685,
            46.649082
          ],
          [
            7.247639,
            46.649029
          ],
          [
            7.247632,
            46.649021
          ],
          [
            7.247576,
            46.648958
          ],
          [
            7.247569,
            46.648948
          ],
          [
            7.247561,
            46.648938
          ],
          [
            7.247548,
            46.648915
          ],
          [
            7.247517,
            46.648887
          ],
          [
            7.247477,
            46.648834
          ],
          [
            7.24747,
            46.648817
          ],
          [
            7.247451,
            46.648769
          ],
          [
            7.247434,
            46.648745
          ],
          [
            7.247406,
            46.648729
          ],
          [
            7.247391,
            46.648728
          ],
          [
            7.247384,
            46.648732
          ],
          [
            7.247366,
            46.648736
          ],
          [
            7.247343,
            46.648722
          ],
          [
            7.247337,
            46.648718
          ],
          [
            7.247306,
            46.64868
          ],
          [
            7.247301,
            46.648667
          ],
          [
            7.247269,
            46.648653
          ],
          [
            7.247251,
            46.648651
          ],
          [
            7.247238,
            46.648648
          ],
          [
            7.247223,
            46.648633
          ],
          [
            7.247215,
            46.648628
          ],
          [
            7.247176,
            46.648594
          ],
          [
            7.247169,
            46.648582
          ],
          [
            7.247138,
            46.648553
          ],
          [
            7.247129,
            46.648552
          ],
          [
            7.247106,
            46.648551
          ],
          [
            7.247099,
            46.648548
          ],
          [
            7.247042,
            46.648527
          ],
          [
            7.247014,
            46.648501
          ],
          [
            7.246976,
            46.648491
          ],
          [
            7.246967,
            46.64849
          ],
          [
            7.246919,
            46.648465
          ],
          [
            7.246915,
            46.648465
          ],
          [
            7.24688,
            46.648436
          ],
          [
            7.246857,
            46.648421
          ],
          [
            7.246813,
            46.648401
          ],
          [
            7.246797,
            46.648393
          ],
          [
            7.246754,
            46.648382
          ],
          [
            7.246707,
            46.648371
          ],
          [
            7.2467,
            46.648374
          ],
          [
            7.246679,
            46.648365
          ],
          [
            7.246637,
            46.648354
          ],
          [
            7.246631,
            46.648351
          ],
          [
            7.246596,
            46.64834
          ],
          [
            7.246559,
            46.648327
          ],
          [
            7.246555,
            46.648326
          ],
          [
            7.246529,
            46.64831
          ],
          [
            7.24651,
            46.648301
          ],
          [
            7.246499,
            46.648295
          ],
          [
            7.246478,
            46.64827
          ],
          [
            7.246439,
            46.648252
          ],
          [
            7.246414,
            46.648254
          ],
          [
            7.246383,
            46.648255
          ],
          [
            7.246352,
            46.648247
          ],
          [
            7.246337,
            46.64824
          ],
          [
            7.246283,
            46.648198
          ],
          [
            7.246259,
            46.648179
          ],
          [
            7.246216,
            46.648168
          ],
          [
            7.246211,
            46.648163
          ],
          [
            7.246174,
            46.648137
          ],
          [
            7.246149,
            46.648124
          ],
          [
            7.246143,
            46.648121
          ],
          [
            7.246097,
            46.648108
          ],
          [
            7.246078,
            46.648105
          ],
          [
            7.246038,
            46.648083
          ],
          [
            7.246031,
            46.64808
          ],
          [
            7.245998,
            46.648062
          ],
          [
            7.245951,
            46.648043
          ],
          [
            7.245926,
            46.648041
          ],
          [
            7.245919,
            46.648035
          ],
          [
            7.245882,
            46.648007
          ],
          [
            7.245849,
            46.647995
          ],
          [
            7.245816,
            46.647981
          ],
          [
            7.245805,
            46.647978
          ],
          [
            7.245774,
            46.647963
          ],
          [
            7.245752,
            46.647957
          ],
          [
            7.245744,
            46.647955
          ],
          [
            7.245707,
            46.647943
          ],
          [
            7.245693,
            46.647937
          ],
          [
            7.245667,
            46.647931
          ],
          [
            7.245631,
            46.647921
          ],
          [
            7.245605,
            46.647907
          ],
          [
            7.245589,
            46.6479
          ],
          [
            7.245572,
            46.647899
          ],
          [
            7.245544,
            46.64789
          ],
          [
            7.245524,
            46.64788
          ],
          [
            7.245502,
            46.647861
          ],
          [
            7.245472,
            46.647852
          ],
          [
            7.245452,
            46.647842
          ],
          [
            7.245411,
            46.647814
          ],
          [
            7.245404,
            46.64781
          ],
          [
            7.245373,
            46.647788
          ],
          [
            7.245362,
            46.647779
          ],
          [
            7.245356,
            46.647772
          ],
          [
            7.245333,
            46.647736
          ],
          [
            7.245267,
            46.647724
          ],
          [
            7.245242,
            46.647732
          ],
          [
            7.245253,
            46.647774
          ],
          [
            7.245245,
            46.647801
          ],
          [
            7.245239,
            46.647806
          ],
          [
            7.245231,
            46.647819
          ],
          [
            7.245225,
            46.647844
          ],
          [
            7.245223,
            46.647862
          ],
          [
            7.24522,
            46.647874
          ],
          [
            7.245228,
            46.647932
          ],
          [
            7.245226,
            46.647977
          ],
          [
            7.245219,
            46.647986
          ],
          [
            7.245192,
            46.648002
          ],
          [
            7.245167,
            46.648017
          ],
          [
            7.245162,
            46.648016
          ],
          [
            7.245147,
            46.648021
          ],
          [
            7.245111,
            46.648025
          ],
          [
            7.24506,
            46.648029
          ],
          [
            7.245003,
            46.648017
          ],
          [
            7.244967,
            46.648031
          ],
          [
            7.244957,
            46.648048
          ],
          [
            7.244951,
            46.648063
          ],
          [
            7.244941,
            46.648069
          ],
          [
            7.244935,
            46.6481
          ],
          [
            7.244922,
            46.648118
          ],
          [
            7.24489,
            46.648125
          ],
          [
            7.244833,
            46.648106
          ],
          [
            7.244827,
            46.648092
          ],
          [
            7.244792,
            46.648047
          ],
          [
            7.244783,
            46.648047
          ],
          [
            7.244785,
            46.648056
          ],
          [
            7.244783,
            46.648047
          ],
          [
            7.244783,
            46.648047
          ],
          [
            7.244783,
            46.648047
          ],
          [
            7.244774,
            46.648053
          ],
          [
            7.244783,
            46.648047
          ],
          [
            7.244783,
            46.648047
          ],
          [
            7.244783,
            46.648047
          ],
          [
            7.244783,
            46.648047
          ],
          [
            7.244783,
            46.648047
          ],
          [
            7.24478,
            46.648054
          ],
          [
            7.24478,
            46.64806
          ],
          [
            7.244783,
            46.648047
          ],
          [
            7.244783,
            46.648047
          ],
          [
            7.244767,
            46.648056
          ],
          [
            7.244701,
            46.648044
          ],
          [
            7.244692,
            46.64804
          ],
          [
            7.244671,
            46.648039
          ],
          [
            7.244671,
            46.648039
          ],
          [
            7.244671,
            46.648039
          ],
          [
            7.244691,
            46.648037
          ],
          [
            7.244703,
            46.648042
          ],
          [
            7.244695,
            46.648037
          ],
          [
            7.244694,
            46.648027
          ],
          [
            7.244691,
            46.648037
          ],
          [
            7.244691,
            46.648016
          ],
          [
            7.244663,
            46.647979
          ],
          [
            7.244653,
            46.647973
          ],
          [
            7.244635,
            46.647955
          ],
          [
            7.244599,
            46.647914
          ],
          [
            7.244588,
            46.647895
          ],
          [
            7.244541,
            46.647838
          ],
          [
            7.244532,
            46.647832
          ],
          [
            7.244494,
            46.647812
          ],
          [
            7.244474,
            46.647791
          ],
          [
            7.244459,
            46.647772
          ],
          [
            7.244439,
            46.647744
          ],
          [
            7.244428,
            46.647728
          ],
          [
            7.24442,
            46.647725
          ],
          [
            7.244381,
            46.647701
          ],
          [
            7.244355,
            46.647688
          ],
          [
            7.244304,
            46.647677
          ],
          [
            7.244264,
            46.647659
          ],
          [
            7.244255,
            46.647654
          ],
          [
            7.244191,
            46.647611
          ],
          [
            7.24418,
            46.647601
          ],
          [
            7.244069,
            46.647561
          ],
          [
            7.244051,
            46.647561
          ],
          [
            7.244042,
            46.647551
          ],
          [
            7.244039,
            46.647544
          ],
          [
            7.244015,
            46.647501
          ],
          [
            7.244001,
            46.647486
          ],
          [
            7.243998,
            46.647479
          ],
          [
            7.243995,
            46.647474
          ],
          [
            7.243984,
            46.647453
          ],
          [
            7.243949,
            46.647395
          ],
          [
            7.243928,
            46.647363
          ],
          [
            7.243898,
            46.647311
          ],
          [
            7.24387,
            46.647288
          ],
          [
            7.243861,
            46.647257
          ],
          [
            7.243818,
            46.647208
          ],
          [
            7.243798,
            46.647195
          ],
          [
            7.243781,
            46.647175
          ],
          [
            7.243777,
            46.647168
          ],
          [
            7.243752,
            46.647145
          ],
          [
            7.243745,
            46.647142
          ],
          [
            7.24373,
            46.647125
          ],
          [
            7.243723,
            46.647116
          ],
          [
            7.243718,
            46.64711
          ],
          [
            7.243676,
            46.647078
          ],
          [
            7.243633,
            46.647068
          ],
          [
            7.243579,
            46.647064
          ],
          [
            7.243538,
            46.647064
          ],
          [
            7.243497,
            46.647054
          ],
          [
            7.243458,
            46.647036
          ],
          [
            7.243444,
            46.647029
          ],
          [
            7.243374,
            46.646993
          ],
          [
            7.243344,
            46.646968
          ],
          [
            7.243324,
            46.646954
          ],
          [
            7.243268,
            46.646934
          ],
          [
            7.243256,
            46.646922
          ],
          [
            7.243254,
            46.646924
          ],
          [
            7.243238,
            46.646914
          ],
          [
            7.243201,
            46.646888
          ],
          [
            7.243151,
            46.646859
          ],
          [
            7.243136,
            46.646847
          ],
          [
            7.243122,
            46.646822
          ],
          [
            7.243098,
            46.646795
          ],
          [
            7.243075,
            46.646759
          ],
          [
            7.243077,
            46.646752
          ],
          [
            7.243066,
            46.646714
          ],
          [
            7.243075,
            46.646673
          ],
          [
            7.243065,
            46.646635
          ],
          [
            7.243057,
            46.646627
          ],
          [
            7.243045,
            46.646609
          ],
          [
            7.243041,
            46.646574
          ],
          [
            7.243039,
            46.646538
          ],
          [
            7.243032,
            46.646534
          ],
          [
            7.243027,
            46.646527
          ],
          [
            7.243021,
            46.646509
          ],
          [
            7.243014,
            46.646497
          ],
          [
            7.243006,
            46.6465
          ],
          [
            7.243007,
            46.646499
          ],
          [
            7.243009,
            46.646469
          ],
          [
            7.243026,
            46.646443
          ],
          [
            7.24301,
            46.64642
          ],
          [
            7.242993,
            46.646385
          ],
          [
            7.242982,
            46.646374
          ],
          [
            7.242961,
            46.646347
          ],
          [
            7.24295,
            46.646331
          ],
          [
            7.242939,
            46.646315
          ],
          [
            7.242911,
            46.646286
          ],
          [
            7.242903,
            46.646283
          ],
          [
            7.24289,
            46.646272
          ],
          [
            7.242858,
            46.646265
          ],
          [
            7.242856,
            46.646243
          ],
          [
            7.242855,
            46.646241
          ],
          [
            7.242854,
            46.64624
          ],
          [
            7.242827,
            46.646216
          ],
          [
            7.242826,
            46.646213
          ],
          [
            7.242825,
            46.646193
          ],
          [
            7.242822,
            46.646184
          ],
          [
            7.24283,
            46.646171
          ],
          [
            7.242809,
            46.646145
          ],
          [
            7.242812,
            46.646138
          ],
          [
            7.242807,
            46.646125
          ],
          [
            7.242792,
            46.64612
          ],
          [
            7.242773,
            46.646104
          ],
          [
            7.242768,
            46.646103
          ],
          [
            7.242766,
            46.646099
          ],
          [
            7.242768,
            46.646061
          ],
          [
            7.242762,
            46.646041
          ],
          [
            7.242751,
            46.646037
          ],
          [
            7.242743,
            46.64603
          ],
          [
            7.242736,
            46.646003
          ],
          [
            7.242727,
            46.645996
          ],
          [
            7.2427,
            46.645974
          ],
          [
            7.242701,
            46.645962
          ],
          [
            7.242694,
            46.645936
          ],
          [
            7.242693,
            46.645911
          ],
          [
            7.242682,
            46.645882
          ],
          [
            7.242676,
            46.645871
          ],
          [
            7.242663,
            46.64584
          ],
          [
            7.242664,
            46.645837
          ],
          [
            7.242637,
            46.645808
          ],
          [
            7.24263,
            46.645799
          ],
          [
            7.242612,
            46.64576
          ],
          [
            7.242611,
            46.645757
          ],
          [
            7.242612,
            46.645745
          ],
          [
            7.24261,
            46.645708
          ],
          [
            7.242609,
            46.645702
          ],
          [
            7.242602,
            46.645698
          ],
          [
            7.242571,
            46.645668
          ],
          [
            7.242566,
            46.645663
          ],
          [
            7.242532,
            46.645624
          ],
          [
            7.242511,
            46.645607
          ],
          [
            7.2425,
            46.645581
          ],
          [
            7.24249,
            46.645539
          ],
          [
            7.242474,
            46.645512
          ],
          [
            7.242471,
            46.645504
          ],
          [
            7.24248,
            46.645464
          ],
          [
            7.242482,
            46.645455
          ],
          [
            7.242474,
            46.645431
          ],
          [
            7.242462,
            46.645412
          ],
          [
            7.242447,
            46.645363
          ],
          [
            7.242442,
            46.64535
          ],
          [
            7.242431,
            46.645338
          ],
          [
            7.242412,
            46.645318
          ],
          [
            7.242408,
            46.645309
          ],
          [
            7.242401,
            46.645272
          ],
          [
            7.242397,
            46.645239
          ],
          [
            7.242372,
            46.6452
          ],
          [
            7.242345,
            46.64516
          ],
          [
            7.242322,
            46.645131
          ],
          [
            7.242312,
            46.645122
          ],
          [
            7.242306,
            46.645117
          ],
          [
            7.24229,
            46.645091
          ],
          [
            7.242284,
            46.645085
          ],
          [
            7.242274,
            46.645072
          ],
          [
            7.242265,
            46.64506
          ],
          [
            7.242232,
            46.645028
          ],
          [
            7.242224,
            46.645013
          ],
          [
            7.242239,
            46.644997
          ],
          [
            7.242251,
            46.644986
          ],
          [
            7.242251,
            46.644986
          ],
          [
            7.24226,
            46.644959
          ],
          [
            7.24226,
            46.644954
          ],
          [
            7.242247,
            46.644935
          ],
          [
            7.242238,
            46.644925
          ],
          [
            7.242221,
            46.644899
          ],
          [
            7.242212,
            46.644892
          ],
          [
            7.242204,
            46.644876
          ],
          [
            7.242189,
            46.644857
          ],
          [
            7.242187,
            46.644851
          ],
          [
            7.242164,
            46.644832
          ],
          [
            7.242161,
            46.644828
          ],
          [
            7.242161,
            46.644807
          ],
          [
            7.242157,
            46.644801
          ],
          [
            7.242147,
            46.64478
          ],
          [
            7.242143,
            46.644768
          ],
          [
            7.242143,
            46.644764
          ],
          [
            7.242147,
            46.64474
          ],
          [
            7.242136,
            46.644724
          ],
          [
            7.24213,
            46.644705
          ],
          [
            7.242124,
            46.644701
          ],
          [
            7.242105,
            46.644682
          ],
          [
            7.242096,
            46.644671
          ],
          [
            7.242085,
            46.644646
          ],
          [
            7.242077,
            46.644634
          ],
          [
            7.242081,
            46.644631
          ],
          [
            7.242096,
            46.644612
          ],
          [
            7.242101,
            46.644597
          ],
          [
            7.242099,
            46.644592
          ],
          [
            7.242092,
            46.644587
          ],
          [
            7.242084,
            46.644561
          ],
          [
            7.242079,
            46.644534
          ],
          [
            7.242065,
            46.644518
          ],
          [
            7.242064,
            46.64452
          ],
          [
            7.242065,
            46.644502
          ],
          [
            7.242048,
            46.644483
          ],
          [
            7.242043,
            46.644477
          ],
          [
            7.242047,
            46.644468
          ],
          [
            7.242029,
            46.644452
          ],
          [
            7.242019,
            46.644448
          ],
          [
            7.242012,
            46.644446
          ],
          [
            7.242,
            46.644434
          ],
          [
            7.241998,
            46.644433
          ],
          [
            7.241995,
            46.644418
          ],
          [
            7.241996,
            46.644421
          ],
          [
            7.241996,
            46.644421
          ],
          [
            7.241996,
            46.644421
          ],
          [
            7.241996,
            46.644421
          ],
          [
            7.241996,
            46.644421
          ],
          [
            7.241996,
            46.644421
          ],
          [
            7.241992,
            46.644416
          ],
          [
            7.241973,
            46.644412
          ],
          [
            7.241959,
            46.644417
          ],
          [
            7.241959,
            46.644417
          ],
          [
            7.241959,
            46.644417
          ],
          [
            7.241959,
            46.644417
          ],
          [
            7.241983,
            46.644413
          ],
          [
            7.241974,
            46.644407
          ],
          [
            7.241966,
            46.644395
          ],
          [
            7.241966,
            46.644395
          ],
          [
            7.241966,
            46.644395
          ],
          [
            7.241966,
            46.644395
          ],
          [
            7.241981,
            46.644412
          ],
          [
            7.241981,
            46.644412
          ],
          [
            7.241981,
            46.644412
          ],
          [
            7.241981,
            46.644412
          ],
          [
            7.241981,
            46.644412
          ],
          [
            7.241981,
            46.644412
          ],
          [
            7.241981,
            46.644412
          ],
          [
            7.241981,
            46.644412
          ],
          [
            7.241981,
            46.644412
          ],
          [
            7.241981,
            46.644412
          ],
          [
            7.241981,
            46.644412
          ],
          [
            7.241981,
            46.644412
          ],
          [
            7.241981,
            46.644412
          ],
          [
            7.241981,
            46.64443
          ],
          [
            7.241974,
            46.644458
          ],
          [
            7.241982,
            46.644474
          ],
          [
            7.241988,
            46.644436
          ],
          [
            7.241981,
            46.64443
          ],
          [
            7.241983,
            46.644426
          ],
          [
            7.241981,
            46.644429
          ],
          [
            7.241981,
            46.64443
          ],
          [
            7.241992,
            46.644411
          ],
          [
            7.241989,
            46.64441
          ],
          [
            7.241971,
            46.644382
          ],
          [
            7.241969,
            46.644375
          ],
          [
            7.241952,
            46.644373
          ],
          [
            7.241945,
            46.644375
          ],
          [
            7.241941,
            46.64438
          ],
          [
            7.241936,
            46.644381
          ],
          [
            7.241936,
            46.644381
          ],
          [
            7.241936,
            46.644381
          ],
          [
            7.241948,
            46.644377
          ],
          [
            7.241958,
            46.644348
          ],
          [
            7.24194,
            46.644342
          ],
          [
            7.241922,
            46.644332
          ],
          [
            7.241914,
            46.644323
          ],
          [
            7.241921,
            46.644327
          ],
          [
            7.241911,
            46.644314
          ],
          [
            7.241911,
            46.6443
          ],
          [
            7.2419,
            46.644289
          ],
          [
            7.241898,
            46.644272
          ],
          [
            7.241892,
            46.644262
          ],
          [
            7.241897,
            46.644253
          ],
          [
            7.241894,
            46.644224
          ],
          [
            7.24189,
            46.644218
          ],
          [
            7.24187,
            46.644194
          ],
          [
            7.241867,
            46.644183
          ],
          [
            7.241859,
            46.644173
          ],
          [
            7.24185,
            46.644159
          ],
          [
            7.241836,
            46.644149
          ],
          [
            7.241828,
            46.644142
          ],
          [
            7.241809,
            46.644122
          ],
          [
            7.241802,
            46.644124
          ],
          [
            7.241788,
            46.644113
          ],
          [
            7.241783,
            46.644106
          ],
          [
            7.241781,
            46.6441
          ],
          [
            7.24175,
            46.644076
          ],
          [
            7.241748,
            46.644073
          ],
          [
            7.241733,
            46.644055
          ],
          [
            7.241733,
            46.644055
          ],
          [
            7.241733,
            46.644055
          ],
          [
            7.241729,
            46.644036
          ],
          [
            7.241728,
            46.644031
          ],
          [
            7.241716,
            46.644014
          ],
          [
            7.241696,
            46.643992
          ],
          [
            7.241672,
            46.643968
          ],
          [
            7.241671,
            46.643969
          ],
          [
            7.241683,
            46.643968
          ],
          [
            7.24168,
            46.643966
          ],
          [
            7.241674,
            46.643969
          ],
          [
            7.24167,
            46.643963
          ],
          [
            7.241667,
            46.643952
          ],
          [
            7.24166,
            46.643943
          ],
          [
            7.241655,
            46.643931
          ],
          [
            7.241653,
            46.643924
          ],
          [
            7.241628,
            46.643872
          ],
          [
            7.241617,
            46.643869
          ],
          [
            7.241586,
            46.64386
          ],
          [
            7.241565,
            46.643855
          ],
          [
            7.241559,
            46.64385
          ],
          [
            7.241564,
            46.643819
          ],
          [
            7.241561,
            46.643813
          ],
          [
            7.241525,
            46.643813
          ],
          [
            7.241525,
            46.643808
          ],
          [
            7.241523,
            46.643806
          ],
          [
            7.241521,
            46.643795
          ],
          [
            7.241518,
            46.643787
          ],
          [
            7.241493,
            46.643766
          ],
          [
            7.241496,
            46.643767
          ],
          [
            7.241507,
            46.64377
          ],
          [
            7.241547,
            46.643768
          ],
          [
            7.24154,
            46.643751
          ],
          [
            7.241551,
            46.643737
          ],
          [
            7.241553,
            46.643725
          ],
          [
            7.241558,
            46.643709
          ],
          [
            7.241551,
            46.643702
          ],
          [
            7.241546,
            46.64368
          ],
          [
            7.241546,
            46.643649
          ],
          [
            7.241559,
            46.643635
          ],
          [
            7.241561,
            46.643631
          ],
          [
            7.24157,
            46.643634
          ],
          [
            7.241567,
            46.643635
          ],
          [
            7.241551,
            46.643631
          ],
          [
            7.241535,
            46.643602
          ],
          [
            7.24153,
            46.64357
          ],
          [
            7.241523,
            46.64356
          ],
          [
            7.241515,
            46.643545
          ],
          [
            7.241488,
            46.643528
          ],
          [
            7.24148,
            46.643523
          ],
          [
            7.241469,
            46.643509
          ],
          [
            7.241461,
            46.643501
          ],
          [
            7.241457,
            46.643497
          ],
          [
            7.241468,
            46.643505
          ],
          [
            7.241472,
            46.643509
          ],
          [
            7.241449,
            46.64349
          ],
          [
            7.241433,
            46.643447
          ],
          [
            7.241425,
            46.643408
          ],
          [
            7.241437,
            46.643385
          ],
          [
            7.241445,
            46.643386
          ],
          [
            7.241452,
            46.643385
          ],
          [
            7.241481,
            46.643388
          ],
          [
            7.241484,
            46.643387
          ],
          [
            7.241503,
            46.643375
          ],
          [
            7.2415,
            46.643376
          ],
          [
            7.241494,
            46.643381
          ],
          [
            7.241508,
            46.643372
          ],
          [
            7.241534,
            46.64337
          ],
          [
            7.241543,
            46.643378
          ],
          [
            7.241556,
            46.643393
          ],
          [
            7.241581,
            46.643419
          ],
          [
            7.241606,
            46.643425
          ],
          [
            7.241624,
            46.643434
          ],
          [
            7.241642,
            46.643442
          ],
          [
            7.241667,
            46.64345
          ],
          [
            7.241674,
            46.643449
          ],
          [
            7.241704,
            46.643452
          ],
          [
            7.241735,
            46.643456
          ],
          [
            7.241753,
            46.643457
          ],
          [
            7.241762,
            46.643449
          ],
          [
            7.241777,
            46.643442
          ],
          [
            7.241787,
            46.64344
          ],
          [
            7.241824,
            46.643433
          ],
          [
            7.241826,
            46.643428
          ],
          [
            7.241829,
            46.643434
          ],
          [
            7.241848,
            46.643456
          ],
          [
            7.241883,
            46.643454
          ],
          [
            7.241911,
            46.643444
          ],
          [
            7.241921,
            46.643431
          ],
          [
            7.241913,
            46.643429
          ],
          [
            7.241898,
            46.643407
          ],
          [
            7.241875,
            46.643373
          ],
          [
            7.241874,
            46.643355
          ],
          [
            7.24189,
            46.643334
          ],
          [
            7.241909,
            46.643307
          ],
          [
            7.241916,
            46.643293
          ],
          [
            7.241929,
            46.643273
          ],
          [
            7.241936,
            46.64324
          ],
          [
            7.241938,
            46.643227
          ],
          [
            7.241941,
            46.64318
          ],
          [
            7.241952,
            46.643163
          ],
          [
            7.241951,
            46.643156
          ],
          [
            7.241939,
            46.64314
          ],
          [
            7.241939,
            46.643135
          ],
          [
            7.241936,
            46.643115
          ],
          [
            7.241932,
            46.643106
          ],
          [
            7.241938,
            46.643094
          ],
          [
            7.241951,
            46.643093
          ],
          [
            7.241971,
            46.643088
          ],
          [
            7.241989,
            46.643092
          ],
          [
            7.241997,
            46.643092
          ],
          [
            7.242015,
            46.6431
          ],
          [
            7.242023,
            46.643118
          ],
          [
            7.242047,
            46.643151
          ],
          [
            7.242067,
            46.643155
          ],
          [
            7.242087,
            46.643164
          ],
          [
            7.242091,
            46.643167
          ],
          [
            7.242117,
            46.643176
          ],
          [
            7.242134,
            46.64318
          ],
          [
            7.242144,
            46.643184
          ],
          [
            7.242173,
            46.643194
          ],
          [
            7.242201,
            46.643198
          ],
          [
            7.242206,
            46.6432
          ],
          [
            7.242233,
            46.643235
          ],
          [
            7.242258,
            46.643243
          ],
          [
            7.242283,
            46.643241
          ],
          [
            7.242308,
            46.643205
          ],
          [
            7.242312,
            46.64321
          ],
          [
            7.242325,
            46.643213
          ],
          [
            7.242353,
            46.643225
          ],
          [
            7.242432,
            46.643235
          ],
          [
            7.242444,
            46.643239
          ],
          [
            7.242443,
            46.643244
          ],
          [
            7.242444,
            46.64324
          ],
          [
            7.242444,
            46.64324
          ],
          [
            7.242444,
            46.64324
          ],
          [
            7.242444,
            46.64324
          ],
          [
            7.242444,
            46.64324
          ],
          [
            7.242444,
            46.64324
          ],
          [
            7.242444,
            46.64324
          ],
          [
            7.242444,
            46.64324
          ],
          [
            7.242444,
            46.64324
          ],
          [
            7.242461,
            46.643244
          ],
          [
            7.242464,
            46.643243
          ],
          [
            7.242457,
            46.643243
          ],
          [
            7.242459,
            46.643242
          ],
          [
            7.242475,
            46.643243
          ],
          [
            7.242479,
            46.643243
          ],
          [
            7.242479,
            46.643243
          ],
          [
            7.242479,
            46.643243
          ],
          [
            7.242479,
            46.643243
          ],
          [
            7.242469,
            46.64324
          ],
          [
            7.242479,
            46.643243
          ],
          [
            7.242479,
            46.643243
          ],
          [
            7.242479,
            46.643243
          ],
          [
            7.242479,
            46.643243
          ],
          [
            7.242455,
            46.643251
          ],
          [
            7.242438,
            46.643272
          ],
          [
            7.242438,
            46.643271
          ],
          [
            7.24245,
            46.643256
          ],
          [
            7.242435,
            46.643268
          ],
          [
            7.242444,
            46.643262
          ],
          [
            7.242444,
            46.643262
          ],
          [
            7.242445,
            46.643253
          ],
          [
            7.242444,
            46.643262
          ],
          [
            7.24246,
            46.643238
          ],
          [
            7.242461,
            46.643238
          ],
          [
            7.242461,
            46.643235
          ],
          [
            7.242435,
            46.643231
          ],
          [
            7.242435,
            46.643231
          ],
          [
            7.242435,
            46.643231
          ],
          [
            7.242435,
            46.643231
          ],
          [
            7.242435,
            46.643231
          ],
          [
            7.242435,
            46.643231
          ],
          [
            7.242435,
            46.643231
          ],
          [
            7.242435,
            46.643231
          ],
          [
            7.242435,
            46.643231
          ],
          [
            7.242448,
            46.643234
          ],
          [
            7.24248,
            46.643192
          ],
          [
            7.242454,
            46.643156
          ],
          [
            7.24245,
            46.643142
          ],
          [
            7.242443,
            46.64313
          ],
          [
            7.24243,
            46.643092
          ],
          [
            7.242431,
            46.643078
          ],
          [
            7.242451,
            46.64306
          ],
          [
            7.242454,
            46.643058
          ],
          [
            7.242447,
            46.643045
          ],
          [
            7.242445,
            46.643033
          ],
          [
            7.242445,
            46.643025
          ],
          [
            7.242449,
            46.643015
          ],
          [
            7.242466,
            46.642998
          ],
          [
            7.242484,
            46.642986
          ],
          [
            7.24251,
            46.642962
          ],
          [
            7.242516,
            46.642943
          ],
          [
            7.242495,
            46.642918
          ],
          [
            7.242489,
            46.642893
          ],
          [
            7.24249,
            46.642884
          ],
          [
            7.242491,
            46.64286
          ],
          [
            7.242499,
            46.642852
          ],
          [
            7.242522,
            46.642853
          ],
          [
            7.24255,
            46.642841
          ],
          [
            7.242558,
            46.642814
          ],
          [
            7.242559,
            46.642788
          ],
          [
            7.242557,
            46.642758
          ],
          [
            7.242577,
            46.642724
          ],
          [
            7.242577,
            46.642718
          ],
          [
            7.242591,
            46.642703
          ],
          [
            7.2426,
            46.642695
          ],
          [
            7.242604,
            46.642686
          ],
          [
            7.242616,
            46.642667
          ],
          [
            7.242617,
            46.642663
          ],
          [
            7.242614,
            46.642643
          ],
          [
            7.242582,
            46.642635
          ],
          [
            7.242577,
            46.64263
          ],
          [
            7.242577,
            46.642595
          ],
          [
            7.242578,
            46.642566
          ],
          [
            7.242571,
            46.642558
          ],
          [
            7.242566,
            46.642552
          ],
          [
            7.242561,
            46.642527
          ],
          [
            7.242556,
            46.642521
          ],
          [
            7.242541,
            46.642508
          ],
          [
            7.242521,
            46.642479
          ],
          [
            7.242518,
            46.642472
          ],
          [
            7.242494,
            46.642439
          ],
          [
            7.242482,
            46.642428
          ],
          [
            7.242463,
            46.642395
          ],
          [
            7.242469,
            46.642399
          ],
          [
            7.242479,
            46.6424
          ],
          [
            7.242538,
            46.642401
          ],
          [
            7.242543,
            46.642401
          ],
          [
            7.242575,
            46.642398
          ],
          [
            7.242592,
            46.642399
          ],
          [
            7.242596,
            46.642394
          ],
          [
            7.2426,
            46.642375
          ],
          [
            7.242604,
            46.642356
          ],
          [
            7.242601,
            46.642344
          ],
          [
            7.242607,
            46.642311
          ],
          [
            7.24261,
            46.642305
          ],
          [
            7.242617,
            46.642285
          ],
          [
            7.242605,
            46.642262
          ],
          [
            7.242598,
            46.642248
          ],
          [
            7.242599,
            46.64223
          ],
          [
            7.242601,
            46.642211
          ],
          [
            7.242594,
            46.642203
          ],
          [
            7.242591,
            46.642186
          ],
          [
            7.242586,
            46.642177
          ],
          [
            7.24258,
            46.64216
          ],
          [
            7.242595,
            46.642146
          ],
          [
            7.242607,
            46.642134
          ],
          [
            7.242626,
            46.642123
          ],
          [
            7.242634,
            46.642119
          ],
          [
            7.242639,
            46.642097
          ],
          [
            7.242636,
            46.642081
          ],
          [
            7.242629,
            46.642062
          ],
          [
            7.242616,
            46.642042
          ],
          [
            7.242596,
            46.642025
          ],
          [
            7.242576,
            46.641989
          ],
          [
            7.242565,
            46.641975
          ],
          [
            7.242559,
            46.641962
          ],
          [
            7.242555,
            46.641954
          ],
          [
            7.242555,
            46.641943
          ],
          [
            7.242554,
            46.641935
          ],
          [
            7.242561,
            46.641909
          ],
          [
            7.242566,
            46.641885
          ],
          [
            7.242566,
            46.641871
          ],
          [
            7.242568,
            46.641853
          ],
          [
            7.242568,
            46.641818
          ],
          [
            7.242573,
            46.641781
          ],
          [
            7.242592,
            46.641722
          ],
          [
            7.242593,
            46.641707
          ],
          [
            7.242594,
            46.641663
          ],
          [
            7.24261,
            46.641614
          ],
          [
            7.242635,
            46.641591
          ],
          [
            7.242663,
            46.641575
          ],
          [
            7.242669,
            46.641565
          ],
          [
            7.242678,
            46.641542
          ],
          [
            7.242698,
            46.64153
          ],
          [
            7.242712,
            46.64153
          ],
          [
            7.242719,
            46.641539
          ],
          [
            7.24273,
            46.641552
          ],
          [
            7.242753,
            46.641543
          ],
          [
            7.242744,
            46.641533
          ],
          [
            7.242752,
            46.641513
          ],
          [
            7.242747,
            46.641497
          ],
          [
            7.242751,
            46.641481
          ],
          [
            7.242744,
            46.641417
          ],
          [
            7.242755,
            46.641382
          ],
          [
            7.242762,
            46.641372
          ],
          [
            7.242769,
            46.64137
          ],
          [
            7.242781,
            46.641362
          ],
          [
            7.242786,
            46.64135
          ],
          [
            7.242786,
            46.641341
          ],
          [
            7.242787,
            46.641331
          ],
          [
            7.242797,
            46.6413
          ],
          [
            7.242795,
            46.64127
          ],
          [
            7.242791,
            46.641257
          ],
          [
            7.242787,
            46.641207
          ],
          [
            7.242781,
            46.64118
          ],
          [
            7.242773,
            46.641148
          ],
          [
            7.24277,
            46.641136
          ],
          [
            7.242767,
            46.641092
          ],
          [
            7.242771,
            46.641084
          ],
          [
            7.242774,
            46.64106
          ],
          [
            7.24279,
            46.641036
          ],
          [
            7.242798,
            46.640999
          ],
          [
            7.242796,
            46.640969
          ],
          [
            7.242803,
            46.640949
          ],
          [
            7.242805,
            46.64094
          ],
          [
            7.242822,
            46.640937
          ],
          [
            7.242837,
            46.640935
          ],
          [
            7.24284,
            46.640935
          ],
          [
            7.242887,
            46.640938
          ],
          [
            7.242924,
            46.640946
          ],
          [
            7.242951,
            46.640953
          ],
          [
            7.242966,
            46.640956
          ],
          [
            7.243017,
            46.640978
          ],
          [
            7.243038,
            46.640981
          ],
          [
            7.24307,
            46.64097
          ],
          [
            7.24308,
            46.640954
          ],
          [
            7.243055,
            46.640908
          ],
          [
            7.243052,
            46.6409
          ],
          [
            7.243033,
            46.640876
          ],
          [
            7.243021,
            46.64086
          ],
          [
            7.243003,
            46.640844
          ],
          [
            7.243003,
            46.640844
          ],
          [
            7.242984,
            46.640832
          ],
          [
            7.242978,
            46.640823
          ],
          [
            7.242901,
            46.640767
          ],
          [
            7.242864,
            46.640724
          ],
          [
            7.242778,
            46.640643
          ],
          [
            7.242721,
            46.640571
          ],
          [
            7.242664,
            46.640523
          ],
          [
            7.242642,
            46.64051
          ],
          [
            7.242616,
            46.640473
          ],
          [
            7.242606,
            46.640471
          ],
          [
            7.242603,
            46.640469
          ],
          [
            7.242604,
            46.640458
          ],
          [
            7.242588,
            46.640427
          ],
          [
            7.242581,
            46.640418
          ],
          [
            7.242579,
            46.640414
          ],
          [
            7.242569,
            46.640385
          ],
          [
            7.242576,
            46.640372
          ],
          [
            7.242574,
            46.640353
          ],
          [
            7.24257,
            46.640348
          ],
          [
            7.242536,
            46.640314
          ],
          [
            7.242532,
            46.640296
          ],
          [
            7.242529,
            46.640263
          ],
          [
            7.242526,
            46.640259
          ],
          [
            7.242504,
            46.64025
          ],
          [
            7.242499,
            46.640235
          ],
          [
            7.242499,
            46.640235
          ],
          [
            7.24251,
            46.640232
          ],
          [
            7.242506,
            46.640202
          ],
          [
            7.242496,
            46.640191
          ],
          [
            7.242479,
            46.640172
          ],
          [
            7.242478,
            46.640178
          ],
          [
            7.242479,
            46.64018
          ],
          [
            7.242476,
            46.64017
          ],
          [
            7.242456,
            46.640139
          ],
          [
            7.242452,
            46.640137
          ],
          [
            7.242433,
            46.64012
          ],
          [
            7.242425,
            46.640111
          ],
          [
            7.242408,
            46.640103
          ],
          [
            7.242395,
            46.640093
          ],
          [
            7.242375,
            46.640072
          ],
          [
            7.242368,
            46.640063
          ],
          [
            7.242343,
            46.640034
          ],
          [
            7.242338,
            46.640036
          ],
          [
            7.242338,
            46.640036
          ],
          [
            7.24233,
            46.640029
          ],
          [
            7.242338,
            46.640036
          ],
          [
            7.242338,
            46.640036
          ],
          [
            7.242327,
            46.640033
          ],
          [
            7.242318,
            46.64002
          ],
          [
            7.242292,
            46.639995
          ],
          [
            7.24228,
            46.639986
          ],
          [
            7.24228,
            46.639986
          ],
          [
            7.24228,
            46.639986
          ],
          [
            7.24228,
            46.639986
          ],
          [
            7.24228,
            46.639986
          ],
          [
            7.24228,
            46.639986
          ],
          [
            7.24228,
            46.639986
          ],
          [
            7.242272,
            46.639973
          ],
          [
            7.242268,
            46.63997
          ],
          [
            7.242268,
            46.63997
          ],
          [
            7.242268,
            46.63997
          ],
          [
            7.242268,
            46.63997
          ],
          [
            7.242255,
            46.63995
          ],
          [
            7.242257,
            46.639951
          ],
          [
            7.242257,
            46.639951
          ],
          [
            7.242257,
            46.639951
          ],
          [
            7.242221,
            46.63994
          ],
          [
            7.242221,
            46.63994
          ],
          [
            7.242221,
            46.63994
          ],
          [
            7.242221,
            46.63994
          ],
          [
            7.242221,
            46.63994
          ],
          [
            7.242233,
            46.639951
          ],
          [
            7.242233,
            46.639951
          ],
          [
            7.24224,
            46.639964
          ],
          [
            7.24224,
            46.639964
          ],
          [
            7.24224,
            46.639964
          ],
          [
            7.24224,
            46.639964
          ],
          [
            7.242242,
            46.639964
          ],
          [
            7.24224,
            46.639964
          ],
          [
            7.242232,
            46.63995
          ],
          [
            7.24222,
            46.639945
          ],
          [
            7.242195,
            46.639924
          ],
          [
            7.242195,
            46.639922
          ],
          [
            7.242195,
            46.639922
          ],
          [
            7.242195,
            46.639922
          ],
          [
            7.242195,
            46.639922
          ],
          [
            7.242195,
            46.639922
          ],
          [
            7.242195,
            46.639922
          ],
          [
            7.242195,
            46.639922
          ],
          [
            7.242195,
            46.639922
          ],
          [
            7.242168,
            46.639892
          ],
          [
            7.242168,
            46.639892
          ],
          [
            7.242168,
            46.63989
          ],
          [
            7.242181,
            46.639876
          ],
          [
            7.242177,
            46.639875
          ],
          [
            7.242176,
            46.639873
          ],
          [
            7.242177,
            46.639875
          ],
          [
            7.242177,
            46.639875
          ],
          [
            7.242173,
            46.639855
          ],
          [
            7.242171,
            46.639857
          ],
          [
            7.242171,
            46.639873
          ],
          [
            7.242171,
            46.639873
          ],
          [
            7.242171,
            46.639873
          ],
          [
            7.242171,
            46.639873
          ],
          [
            7.242171,
            46.639873
          ],
          [
            7.242171,
            46.639873
          ],
          [
            7.242169,
            46.639874
          ],
          [
            7.242171,
            46.639873
          ],
          [
            7.242171,
            46.639873
          ],
          [
            7.242171,
            46.639873
          ],
          [
            7.242171,
            46.639873
          ],
          [
            7.242171,
            46.639873
          ],
          [
            7.242165,
            46.639858
          ],
          [
            7.242164,
            46.639859
          ],
          [
            7.242164,
            46.639859
          ],
          [
            7.242164,
            46.639859
          ],
          [
            7.242164,
            46.639859
          ],
          [
            7.242173,
            46.63986
          ],
          [
            7.242164,
            46.639859
          ],
          [
            7.242176,
            46.639865
          ],
          [
            7.242175,
            46.639847
          ],
          [
            7.242176,
            46.639847
          ],
          [
            7.242176,
            46.639847
          ],
          [
            7.242176,
            46.639847
          ],
          [
            7.242176,
            46.639847
          ],
          [
            7.242176,
            46.639847
          ],
          [
            7.242176,
            46.639847
          ],
          [
            7.242176,
            46.639847
          ],
          [
            7.242176,
            46.639847
          ],
          [
            7.242176,
            46.639847
          ],
          [
            7.242154,
            46.639834
          ],
          [
            7.242104,
            46.639807
          ],
          [
            7.242086,
            46.639787
          ],
          [
            7.24204,
            46.639757
          ],
          [
            7.242017,
            46.639746
          ],
          [
            7.241978,
            46.639734
          ],
          [
            7.241968,
            46.639727
          ],
          [
            7.241953,
            46.639714
          ],
          [
            7.241942,
            46.639704
          ],
          [
            7.241936,
            46.639694
          ],
          [
            7.241918,
            46.639675
          ],
          [
            7.241893,
            46.639657
          ],
          [
            7.241888,
            46.639642
          ],
          [
            7.241858,
            46.639623
          ],
          [
            7.241841,
            46.639626
          ],
          [
            7.241825,
            46.63961
          ],
          [
            7.241806,
            46.639612
          ],
          [
            7.241793,
            46.639609
          ],
          [
            7.24176,
            46.639599
          ],
          [
            7.241761,
            46.639593
          ],
          [
            7.241732,
            46.639568
          ],
          [
            7.241721,
            46.639561
          ],
          [
            7.241716,
            46.639553
          ],
          [
            7.241702,
            46.639526
          ],
          [
            7.241694,
            46.639522
          ],
          [
            7.241675,
            46.639501
          ],
          [
            7.241674,
            46.639498
          ],
          [
            7.241656,
            46.639477
          ],
          [
            7.241635,
            46.639478
          ],
          [
            7.241628,
            46.63949
          ],
          [
            7.241624,
            46.639495
          ],
          [
            7.241616,
            46.639499
          ],
          [
            7.241615,
            46.639501
          ],
          [
            7.241614,
            46.639499
          ],
          [
            7.241614,
            46.639499
          ],
          [
            7.241614,
            46.639499
          ],
          [
            7.241609,
            46.639516
          ],
          [
            7.24161,
            46.639517
          ],
          [
            7.24161,
            46.639517
          ],
          [
            7.24161,
            46.639517
          ],
          [
            7.24161,
            46.639517
          ],
          [
            7.241606,
            46.639507
          ],
          [
            7.241593,
            46.639512
          ],
          [
            7.24161,
            46.639517
          ],
          [
            7.24161,
            46.639517
          ],
          [
            7.241604,
            46.639508
          ],
          [
            7.241592,
            46.639509
          ],
          [
            7.241595,
            46.639525
          ],
          [
            7.241589,
            46.639522
          ],
          [
            7.241589,
            46.639522
          ],
          [
            7.241589,
            46.639522
          ],
          [
            7.241592,
            46.639523
          ],
          [
            7.24161,
            46.63952
          ],
          [
            7.24161,
            46.63952
          ],
          [
            7.24161,
            46.63952
          ],
          [
            7.24161,
            46.63952
          ],
          [
            7.24161,
            46.63952
          ],
          [
            7.24161,
            46.63952
          ],
          [
            7.24161,
            46.63952
          ],
          [
            7.24161,
            46.63952
          ],
          [
            7.241617,
            46.639514
          ],
          [
            7.241609,
            46.639498
          ],
          [
            7.241609,
            46.639498
          ],
          [
            7.241609,
            46.639498
          ],
          [
            7.241609,
            46.639498
          ],
          [
            7.241632,
            46.639466
          ],
          [
            7.241624,
            46.639462
          ],
          [
            7.241623,
            46.63946
          ],
          [
            7.241619,
            46.639479
          ],
          [
            7.241619,
            46.639479
          ],
          [
            7.241619,
            46.639479
          ],
          [
            7.241612,
            46.639471
          ],
          [
            7.241611,
            46.639467
          ],
          [
            7.241615,
            46.639459
          ],
          [
            7.241634,
            46.639464
          ],
          [
            7.241618,
            46.639461
          ],
          [
            7.241618,
            46.639461
          ],
          [
            7.241618,
            46.639461
          ],
          [
            7.241624,
            46.639456
          ],
          [
            7.241618,
            46.639461
          ],
          [
            7.241618,
            46.639461
          ],
          [
            7.241618,
            46.639461
          ],
          [
            7.241618,
            46.639461
          ],
          [
            7.241618,
            46.639461
          ],
          [
            7.241618,
            46.639461
          ],
          [
            7.241618,
            46.639461
          ],
          [
            7.241618,
            46.639461
          ],
          [
            7.241618,
            46.639461
          ],
          [
            7.241618,
            46.639461
          ],
          [
            7.241618,
            46.639461
          ],
          [
            7.241618,
            46.639461
          ],
          [
            7.241618,
            46.639461
          ],
          [
            7.241618,
            46.639461
          ],
          [
            7.241618,
            46.639461
          ],
          [
            7.241618,
            46.639461
          ],
          [
            7.241618,
            46.639461
          ],
          [
            7.241618,
            46.639461
          ],
          [
            7.241618,
            46.639461
          ],
          [
            7.241618,
            46.639461
          ],
          [
            7.241618,
            46.639461
          ],
          [
            7.241618,
            46.639461
          ],
          [
            7.241625,
            46.639462
          ],
          [
            7.241618,
            46.639461
          ],
          [
            7.241618,
            46.639461
          ],
          [
            7.241618,
            46.639461
          ],
          [
            7.241618,
            46.639461
          ],
          [
            7.241618,
            46.639461
          ],
          [
            7.241618,
            46.639461
          ],
          [
            7.241618,
            46.639461
          ],
          [
            7.241618,
            46.639461
          ],
          [
            7.241618,
            46.639461
          ],
          [
            7.241618,
            46.639461
          ],
          [
            7.241618,
            46.639461
          ],
          [
            7.241618,
            46.639461
          ],
          [
            7.241618,
            46.639461
          ],
          [
            7.241618,
            46.639461
          ],
          [
            7.241618,
            46.639461
          ],
          [
            7.241618,
            46.639461
          ],
          [
            7.241618,
            46.639461
          ],
          [
            7.241618,
            46.639461
          ],
          [
            7.241618,
            46.639461
          ],
          [
            7.241618,
            46.639461
          ],
          [
            7.241618,
            46.639461
          ],
          [
            7.241618,
            46.639461
          ],
          [
            7.241618,
            46.639461
          ],
          [
            7.241618,
            46.639461
          ],
          [
            7.241618,
            46.639461
          ],
          [
            7.241618,
            46.639461
          ],
          [
            7.241618,
            46.639461
          ],
          [
            7.241618,
            46.639461
          ],
          [
            7.241618,
            46.639461
          ],
          [
            7.241618,
            46.639461
          ],
          [
            7.241618,
            46.639461
          ],
          [
            7.241618,
            46.639461
          ],
          [
            7.241618,
            46.639461
          ],
          [
            7.241618,
            46.639461
          ],
          [
            7.241618,
            46.639461
          ],
          [
            7.241618,
            46.639461
          ],
          [
            7.241618,
            46.639461
          ],
          [
            7.241618,
            46.639461
          ],
          [
            7.241618,
            46.639461
          ],
          [
            7.241618,
            46.639461
          ],
          [
            7.241618,
            46.639461
          ],
          [
            7.241618,
            46.639461
          ],
          [
            7.241618,
            46.639461
          ],
          [
            7.241618,
            46.639461
          ],
          [
            7.241618,
            46.639461
          ],
          [
            7.241618,
            46.639461
          ],
          [
            7.241618,
            46.639461
          ],
          [
            7.241618,
            46.639442
          ],
          [
            7.241635,
            46.639438
          ],
          [
            7.241634,
            46.639435
          ],
          [
            7.241614,
            46.639429
          ],
          [
            7.241618,
            46.639438
          ],
          [
            7.24162,
            46.639444
          ],
          [
            7.241628,
            46.639461
          ],
          [
            7.241629,
            46.639452
          ],
          [
            7.241629,
            46.639459
          ],
          [
            7.241626,
            46.639444
          ],
          [
            7.24163,
            46.63945
          ],
          [
            7.24163,
            46.63945
          ],
          [
            7.24163,
            46.63945
          ],
          [
            7.24163,
            46.63945
          ],
          [
            7.241626,
            46.639444
          ],
          [
            7.24163,
            46.63945
          ],
          [
            7.24163,
            46.63945
          ],
          [
            7.24163,
            46.63945
          ],
          [
            7.24163,
            46.63945
          ],
          [
            7.24163,
            46.63945
          ],
          [
            7.24163,
            46.63945
          ],
          [
            7.24163,
            46.63945
          ],
          [
            7.24163,
            46.63945
          ],
          [
            7.241642,
            46.639471
          ],
          [
            7.241635,
            46.639476
          ],
          [
            7.241628,
            46.63948
          ],
          [
            7.241628,
            46.639494
          ],
          [
            7.241621,
            46.639492
          ],
          [
            7.241622,
            46.639493
          ],
          [
            7.241655,
            46.639471
          ],
          [
            7.241634,
            46.639461
          ],
          [
            7.241633,
            46.639461
          ],
          [
            7.241645,
            46.639477
          ],
          [
            7.241641,
            46.639478
          ],
          [
            7.241641,
            46.639478
          ],
          [
            7.241641,
            46.639487
          ],
          [
            7.241645,
            46.639484
          ],
          [
            7.241636,
            46.639484
          ],
          [
            7.241639,
            46.63948
          ],
          [
            7.241642,
            46.639481
          ],
          [
            7.241631,
            46.639481
          ],
          [
            7.241636,
            46.639481
          ],
          [
            7.24164,
            46.639483
          ],
          [
            7.241651,
            46.639486
          ],
          [
            7.241648,
            46.639481
          ],
          [
            7.241645,
            46.63948
          ],
          [
            7.241641,
            46.639478
          ],
          [
            7.241641,
            46.639478
          ],
          [
            7.241647,
            46.639481
          ],
          [
            7.241632,
            46.639486
          ],
          [
            7.241635,
            46.639486
          ],
          [
            7.241624,
            46.639488
          ],
          [
            7.241624,
            46.639488
          ],
          [
            7.241624,
            46.639488
          ],
          [
            7.241624,
            46.639488
          ],
          [
            7.241624,
            46.639488
          ],
          [
            7.241634,
            46.639487
          ],
          [
            7.241634,
            46.639488
          ],
          [
            7.241624,
            46.639488
          ],
          [
            7.241634,
            46.63949
          ],
          [
            7.241634,
            46.639486
          ],
          [
            7.241624,
            46.639488
          ],
          [
            7.241624,
            46.639488
          ],
          [
            7.241624,
            46.639488
          ],
          [
            7.241624,
            46.639488
          ],
          [
            7.241624,
            46.639488
          ],
          [
            7.24163,
            46.639488
          ],
          [
            7.241636,
            46.639488
          ],
          [
            7.241628,
            46.639486
          ],
          [
            7.241624,
            46.639488
          ],
          [
            7.241624,
            46.639488
          ],
          [
            7.241624,
            46.639488
          ],
          [
            7.241624,
            46.639488
          ],
          [
            7.241624,
            46.639488
          ],
          [
            7.241624,
            46.639488
          ],
          [
            7.241624,
            46.639488
          ],
          [
            7.241624,
            46.639488
          ],
          [
            7.241624,
            46.639488
          ],
          [
            7.241624,
            46.639488
          ],
          [
            7.241624,
            46.639488
          ],
          [
            7.241624,
            46.639488
          ],
          [
            7.241624,
            46.639488
          ],
          [
            7.241624,
            46.639488
          ],
          [
            7.241624,
            46.639488
          ],
          [
            7.241624,
            46.639488
          ],
          [
            7.241624,
            46.639488
          ],
          [
            7.241624,
            46.639488
          ],
          [
            7.241624,
            46.639488
          ],
          [
            7.241624,
            46.639488
          ],
          [
            7.241624,
            46.639488
          ],
          [
            7.241624,
            46.639488
          ],
          [
            7.241624,
            46.639488
          ],
          [
            7.241624,
            46.639488
          ],
          [
            7.241624,
            46.639488
          ],
          [
            7.241624,
            46.639488
          ],
          [
            7.241624,
            46.639488
          ],
          [
            7.241624,
            46.639488
          ],
          [
            7.241624,
            46.639488
          ],
          [
            7.241624,
            46.639488
          ],
          [
            7.241624,
            46.639488
          ],
          [
            7.241624,
            46.639488
          ],
          [
            7.241624,
            46.639488
          ],
          [
            7.241624,
            46.639488
          ],
          [
            7.241624,
            46.639488
          ],
          [
            7.241624,
            46.639488
          ],
          [
            7.241624,
            46.639488
          ],
          [
            7.241624,
            46.639488
          ],
          [
            7.241628,
            46.639489
          ],
          [
            7.241624,
            46.639488
          ],
          [
            7.241624,
            46.639488
          ],
          [
            7.241624,
            46.639488
          ],
          [
            7.241624,
            46.639488
          ],
          [
            7.241625,
            46.639482
          ],
          [
            7.241626,
            46.639481
          ],
          [
            7.241624,
            46.639488
          ],
          [
            7.241624,
            46.639488
          ],
          [
            7.241624,
            46.639488
          ],
          [
            7.241624,
            46.639488
          ],
          [
            7.241624,
            46.639488
          ],
          [
            7.241624,
            46.639488
          ],
          [
            7.241624,
            46.639488
          ],
          [
            7.241629,
            46.639483
          ],
          [
            7.241606,
            46.639479
          ],
          [
            7.241619,
            46.639481
          ],
          [
            7.241624,
            46.639488
          ],
          [
            7.241624,
            46.639488
          ],
          [
            7.241624,
            46.639488
          ],
          [
            7.241624,
            46.639488
          ],
          [
            7.241624,
            46.639488
          ],
          [
            7.241625,
            46.639476
          ],
          [
            7.24163,
            46.639478
          ],
          [
            7.241624,
            46.639488
          ],
          [
            7.241624,
            46.639488
          ],
          [
            7.241624,
            46.639488
          ],
          [
            7.241624,
            46.639488
          ],
          [
            7.241624,
            46.639488
          ],
          [
            7.241624,
            46.639488
          ],
          [
            7.241624,
            46.639488
          ],
          [
            7.241624,
            46.639488
          ],
          [
            7.241624,
            46.639488
          ],
          [
            7.241624,
            46.639488
          ],
          [
            7.241624,
            46.639488
          ],
          [
            7.241624,
            46.639488
          ],
          [
            7.241624,
            46.639488
          ],
          [
            7.241624,
            46.639488
          ],
          [
            7.241624,
            46.639488
          ],
          [
            7.241632,
            46.63948
          ],
          [
            7.241625,
            46.639493
          ],
          [
            7.241624,
            46.639488
          ],
          [
            7.241611,
            46.639496
          ],
          [
            7.241624,
            46.639488
          ],
          [
            7.241611,
            46.639496
          ],
          [
            7.241608,
            46.639501
          ],
          [
            7.241611,
            46.639495
          ],
          [
            7.241608,
            46.639483
          ],
          [
            7.241616,
            46.639495
          ],
          [
            7.241624,
            46.639488
          ],
          [
            7.241624,
            46.639488
          ],
          [
            7.241624,
            46.639488
          ],
          [
            7.241624,
            46.639488
          ],
          [
            7.241624,
            46.639488
          ],
          [
            7.241624,
            46.639488
          ],
          [
            7.241622,
            46.639492
          ],
          [
            7.241624,
            46.639488
          ],
          [
            7.241624,
            46.639488
          ],
          [
            7.241646,
            46.63948
          ],
          [
            7.241659,
            46.639475
          ],
          [
            7.241668,
            46.639488
          ],
          [
            7.241702,
            46.639524
          ],
          [
            7.241711,
            46.639537
          ],
          [
            7.24174,
            46.639567
          ],
          [
            7.241764,
            46.639585
          ],
          [
            7.241775,
            46.639609
          ],
          [
            7.241797,
            46.639611
          ],
          [
            7.241803,
            46.63961
          ],
          [
            7.241826,
            46.639611
          ],
          [
            7.241837,
            46.639622
          ],
          [
            7.24185,
            46.63963
          ],
          [
            7.241874,
            46.639646
          ],
          [
            7.241893,
            46.639658
          ],
          [
            7.241915,
            46.639672
          ],
          [
            7.241959,
            46.639707
          ],
          [
            7.241967,
            46.639719
          ],
          [
            7.241987,
            46.639732
          ],
          [
            7.242001,
            46.639732
          ],
          [
            7.242028,
            46.639747
          ],
          [
            7.242048,
            46.63976
          ],
          [
            7.242062,
            46.63977
          ],
          [
            7.242101,
            46.639805
          ],
          [
            7.242128,
            46.63983
          ],
          [
            7.242154,
            46.639849
          ],
          [
            7.242191,
            46.639869
          ],
          [
            7.242204,
            46.639875
          ],
          [
            7.242223,
            46.639881
          ],
          [
            7.242248,
            46.639892
          ],
          [
            7.24229,
            46.639912
          ],
          [
            7.242312,
            46.639925
          ],
          [
            7.242335,
            46.639944
          ],
          [
            7.242337,
            46.639953
          ],
          [
            7.242359,
            46.639972
          ],
          [
            7.242375,
            46.639995
          ],
          [
            7.242417,
            46.640045
          ],
          [
            7.242425,
            46.640058
          ],
          [
            7.242458,
            46.640088
          ],
          [
            7.242504,
            46.640109
          ],
          [
            7.242514,
            46.640114
          ],
          [
            7.242521,
            46.640112
          ],
          [
            7.242514,
            46.640099
          ],
          [
            7.242514,
            46.640099
          ],
          [
            7.242514,
            46.640099
          ],
          [
            7.242514,
            46.640099
          ],
          [
            7.242511,
            46.64011
          ],
          [
            7.24251,
            46.640104
          ],
          [
            7.242512,
            46.640102
          ],
          [
            7.242509,
            46.640106
          ],
          [
            7.242514,
            46.640099
          ],
          [
            7.242514,
            46.640099
          ],
          [
            7.242514,
            46.640099
          ],
          [
            7.242514,
            46.640099
          ],
          [
            7.242514,
            46.640099
          ],
          [
            7.242514,
            46.640099
          ],
          [
            7.242514,
            46.640099
          ],
          [
            7.24252,
            46.640119
          ],
          [
            7.242553,
            46.640172
          ],
          [
            7.242579,
            46.640198
          ],
          [
            7.242584,
            46.640203
          ],
          [
            7.242598,
            46.640222
          ],
          [
            7.242602,
            46.640234
          ],
          [
            7.242605,
            46.640272
          ],
          [
            7.242609,
            46.640275
          ],
          [
            7.24262,
            46.640289
          ],
          [
            7.242621,
            46.64029
          ],
          [
            7.242628,
            46.640299
          ],
          [
            7.242661,
            46.640346
          ],
          [
            7.242665,
            46.640379
          ],
          [
            7.242668,
            46.640397
          ],
          [
            7.242676,
            46.640406
          ],
          [
            7.242673,
            46.640409
          ],
          [
            7.242669,
            46.640413
          ],
          [
            7.242664,
            46.640412
          ],
          [
            7.242664,
            46.640412
          ],
          [
            7.242664,
            46.640412
          ],
          [
            7.242664,
            46.640412
          ],
          [
            7.242664,
            46.640412
          ],
          [
            7.242664,
            46.640412
          ],
          [
            7.242657,
            46.640412
          ],
          [
            7.242658,
            46.64041
          ],
          [
            7.24266,
            46.64041
          ],
          [
            7.242664,
            46.640412
          ],
          [
            7.242646,
            46.640409
          ],
          [
            7.242646,
            46.640413
          ],
          [
            7.242664,
            46.640412
          ],
          [
            7.242664,
            46.640412
          ],
          [
            7.242664,
            46.640412
          ],
          [
            7.242664,
            46.640412
          ],
          [
            7.242664,
            46.640412
          ],
          [
            7.242664,
            46.640412
          ],
          [
            7.242664,
            46.640412
          ],
          [
            7.242664,
            46.640412
          ],
          [
            7.242664,
            46.640412
          ],
          [
            7.242652,
            46.64042
          ],
          [
            7.242645,
            46.640429
          ],
          [
            7.242658,
            46.640448
          ],
          [
            7.242655,
            46.640455
          ],
          [
            7.24267,
            46.640466
          ],
          [
            7.242667,
            46.640461
          ],
          [
            7.242667,
            46.640461
          ],
          [
            7.242667,
            46.640461
          ],
          [
            7.242667,
            46.640485
          ],
          [
            7.242648,
            46.640488
          ],
          [
            7.24264,
            46.640486
          ],
          [
            7.242641,
            46.640506
          ],
          [
            7.242672,
            46.640533
          ],
          [
            7.242691,
            46.640537
          ],
          [
            7.242689,
            46.640534
          ],
          [
            7.242689,
            46.640533
          ],
          [
            7.242691,
            46.640528
          ],
          [
            7.242693,
            46.64051
          ],
          [
            7.242698,
            46.640482
          ],
          [
            7.242698,
            46.640479
          ],
          [
            7.242697,
            46.640445
          ],
          [
            7.2427,
            46.640427
          ],
          [
            7.242686,
            46.64043
          ],
          [
            7.242681,
            46.640429
          ],
          [
            7.242679,
            46.640432
          ],
          [
            7.242681,
            46.640431
          ],
          [
            7.242681,
            46.640429
          ],
          [
            7.242681,
            46.640429
          ],
          [
            7.242681,
            46.640429
          ],
          [
            7.242672,
            46.640426
          ],
          [
            7.242668,
            46.640426
          ],
          [
            7.242665,
            46.640432
          ],
          [
            7.242666,
            46.640431
          ],
          [
            7.242681,
            46.640429
          ],
          [
            7.242673,
            46.640431
          ],
          [
            7.242674,
            46.640431
          ],
          [
            7.242675,
            46.64043
          ],
          [
            7.242673,
            46.640432
          ],
          [
            7.242672,
            46.640432
          ],
          [
            7.242677,
            46.640453
          ],
          [
            7.242677,
            46.640453
          ],
          [
            7.242678,
            46.640462
          ],
          [
            7.242667,
            46.640476
          ],
          [
            7.242678,
            46.640494
          ],
          [
            7.242683,
            46.64051
          ],
          [
            7.242689,
            46.640533
          ],
          [
            7.24269,
            46.640531
          ],
          [
            7.24269,
            46.640551
          ],
          [
            7.242719,
            46.640574
          ],
          [
            7.242733,
            46.64058
          ],
          [
            7.242775,
            46.64061
          ],
          [
            7.242785,
            46.640626
          ],
          [
            7.242829,
            46.640675
          ],
          [
            7.242845,
            46.64069
          ],
          [
            7.242875,
            46.640728
          ],
          [
            7.242929,
            46.640761
          ],
          [
            7.242933,
            46.640765
          ],
          [
            7.242961,
            46.640792
          ],
          [
            7.242965,
            46.6408
          ],
          [
            7.243003,
            46.640818
          ],
          [
            7.243009,
            46.640827
          ],
          [
            7.243036,
            46.640856
          ],
          [
            7.243065,
            46.640883
          ],
          [
            7.24316,
            46.640938
          ],
          [
            7.243251,
            46.641007
          ],
          [
            7.243335,
            46.641069
          ],
          [
            7.24342,
            46.641126
          ],
          [
            7.243439,
            46.641154
          ],
          [
            7.243455,
            46.641188
          ],
          [
            7.243465,
            46.641194
          ],
          [
            7.243473,
            46.641197
          ],
          [
            7.243516,
            46.641214
          ],
          [
            7.243526,
            46.641223
          ],
          [
            7.243585,
            46.641261
          ],
          [
            7.243608,
            46.641275
          ],
          [
            7.243619,
            46.641281
          ],
          [
            7.243641,
            46.641293
          ],
          [
            7.243648,
            46.641299
          ],
          [
            7.243659,
            46.641307
          ],
          [
            7.243677,
            46.641323
          ],
          [
            7.243684,
            46.641325
          ],
          [
            7.24373,
            46.641356
          ],
          [
            7.243746,
            46.641365
          ],
          [
            7.243767,
            46.641375
          ],
          [
            7.243782,
            46.641387
          ],
          [
            7.243782,
            46.641387
          ],
          [
            7.243782,
            46.641387
          ],
          [
            7.243797,
            46.641396
          ],
          [
            7.243821,
            46.641409
          ],
          [
            7.243849,
            46.641428
          ],
          [
            7.243891,
            46.641449
          ],
          [
            7.24391,
            46.641453
          ],
          [
            7.243927,
            46.641457
          ],
          [
            7.243931,
            46.641452
          ],
          [
            7.243931,
            46.641452
          ],
          [
            7.243965,
            46.64145
          ],
          [
            7.243968,
            46.641443
          ],
          [
            7.243968,
            46.641442
          ],
          [
            7.243968,
            46.641442
          ],
          [
            7.243968,
            46.641442
          ],
          [
            7.243968,
            46.641442
          ],
          [
            7.243968,
            46.641442
          ],
          [
            7.243968,
            46.641442
          ],
          [
            7.243968,
            46.641442
          ],
          [
            7.243968,
            46.641442
          ],
          [
            7.243968,
            46.641442
          ],
          [
            7.243968,
            46.641442
          ],
          [
            7.243968,
            46.641442
          ],
          [
            7.243968,
            46.641442
          ],
          [
            7.243968,
            46.641442
          ],
          [
            7.243968,
            46.641442
          ],
          [
            7.244007,
            46.641457
          ],
          [
            7.24402,
            46.641459
          ],
          [
            7.244096,
            46.641476
          ],
          [
            7.244135,
            46.641475
          ],
          [
            7.244153,
            46.641477
          ],
          [
            7.244195,
            46.641485
          ],
          [
            7.244249,
            46.641501
          ],
          [
            7.244281,
            46.64151
          ],
          [
            7.244359,
            46.641537
          ],
          [
            7.244374,
            46.641544
          ],
          [
            7.244457,
            46.641582
          ],
          [
            7.244478,
            46.6416
          ],
          [
            7.244563,
            46.641637
          ],
          [
            7.244588,
            46.641652
          ],
          [
            7.244621,
            46.641664
          ],
          [
            7.244691,
            46.641679
          ],
          [
            7.2447,
            46.64168
          ],
          [
            7.244737,
            46.641687
          ],
          [
            7.244776,
            46.641689
          ],
          [
            7.244805,
            46.641694
          ],
          [
            7.244866,
            46.641692
          ],
          [
            7.244896,
            46.641692
          ],
          [
            7.244924,
            46.641692
          ],
          [
            7.244988,
            46.641705
          ],
          [
            7.245052,
            46.641723
          ],
          [
            7.245081,
            46.64173
          ],
          [
            7.24509,
            46.641724
          ],
          [
            7.245109,
            46.641722
          ],
          [
            7.245157,
            46.641727
          ],
          [
            7.245174,
            46.641727
          ],
          [
            7.245215,
            46.64173
          ],
          [
            7.245271,
            46.64174
          ],
          [
            7.245284,
            46.64174
          ],
          [
            7.245349,
            46.641753
          ],
          [
            7.245392,
            46.641769
          ],
          [
            7.245492,
            46.64179
          ],
          [
            7.245543,
            46.641782
          ],
          [
            7.245571,
            46.641775
          ],
          [
            7.2456,
            46.641772
          ],
          [
            7.245629,
            46.641776
          ],
          [
            7.245694,
            46.641782
          ],
          [
            7.245707,
            46.641783
          ],
          [
            7.245795,
            46.641794
          ],
          [
            7.245806,
            46.641794
          ],
          [
            7.245901,
            46.6418
          ],
          [
            7.245915,
            46.641803
          ],
          [
            7.24598,
            46.641798
          ],
          [
            7.245996,
            46.641796
          ],
          [
            7.246027,
            46.641789
          ],
          [
            7.246094,
            46.641776
          ],
          [
            7.246107,
            46.641773
          ],
          [
            7.246179,
            46.641752
          ],
          [
            7.246214,
            46.641748
          ],
          [
            7.246261,
            46.641737
          ],
          [
            7.246313,
            46.641724
          ],
          [
            7.24634,
            46.641719
          ],
          [
            7.246391,
            46.641709
          ],
          [
            7.246394,
            46.641707
          ],
          [
            7.246405,
            46.641697
          ],
          [
            7.246413,
            46.641696
          ],
          [
            7.246419,
            46.641691
          ],
          [
            7.24644,
            46.64168
          ],
          [
            7.246488,
            46.641667
          ],
          [
            7.246545,
            46.641664
          ],
          [
            7.246544,
            46.641665
          ],
          [
            7.246546,
            46.641664
          ],
          [
            7.246541,
            46.641665
          ],
          [
            7.24653,
            46.641663
          ],
          [
            7.246528,
            46.641653
          ],
          [
            7.246528,
            46.641653
          ],
          [
            7.246528,
            46.641653
          ],
          [
            7.246538,
            46.641655
          ],
          [
            7.246562,
            46.64165
          ],
          [
            7.246631,
            46.641626
          ],
          [
            7.246638,
            46.641622
          ],
          [
            7.246652,
            46.641614
          ],
          [
            7.246682,
            46.641595
          ],
          [
            7.246692,
            46.641595
          ],
          [
            7.246736,
            46.641606
          ],
          [
            7.246786,
            46.641603
          ],
          [
            7.246819,
            46.641591
          ],
          [
            7.24687,
            46.641566
          ],
          [
            7.24688,
            46.641555
          ],
          [
            7.246894,
            46.64154
          ],
          [
            7.246928,
            46.64151
          ],
          [
            7.246954,
            46.64148
          ],
          [
            7.246985,
            46.641469
          ],
          [
            7.247023,
            46.641467
          ],
          [
            7.247055,
            46.641461
          ],
          [
            7.247048,
            46.641451
          ],
          [
            7.247053,
            46.641446
          ],
          [
            7.247068,
            46.641436
          ],
          [
            7.247081,
            46.641431
          ],
          [
            7.247096,
            46.641425
          ],
          [
            7.247125,
            46.641418
          ],
          [
            7.247145,
            46.641404
          ],
          [
            7.247144,
            46.641389
          ],
          [
            7.247118,
            46.641371
          ],
          [
            7.247117,
            46.64134
          ],
          [
            7.247115,
            46.641338
          ],
          [
            7.247113,
            46.641318
          ],
          [
            7.247098,
            46.641303
          ],
          [
            7.24709,
            46.641299
          ],
          [
            7.247069,
            46.641279
          ],
          [
            7.247062,
            46.641271
          ],
          [
            7.247058,
            46.641241
          ],
          [
            7.247079,
            46.641239
          ],
          [
            7.24711,
            46.641239
          ],
          [
            7.247151,
            46.641226
          ],
          [
            7.247151,
            46.641201
          ],
          [
            7.247169,
            46.64119
          ],
          [
            7.247189,
            46.641188
          ],
          [
            7.247204,
            46.64119
          ],
          [
            7.247242,
            46.641175
          ],
          [
            7.247257,
            46.64117
          ],
          [
            7.247263,
            46.641172
          ],
          [
            7.247304,
            46.641172
          ],
          [
            7.247305,
            46.641151
          ],
          [
            7.247295,
            46.641141
          ],
          [
            7.247289,
            46.641125
          ],
          [
            7.247272,
            46.641109
          ],
          [
            7.247258,
            46.6411
          ],
          [
            7.247195,
            46.641053
          ],
          [
            7.247168,
            46.641038
          ],
          [
            7.247159,
            46.641029
          ],
          [
            7.247132,
            46.641001
          ],
          [
            7.247123,
            46.640984
          ],
          [
            7.247106,
            46.640958
          ],
          [
            7.247135,
            46.640954
          ],
          [
            7.247211,
            46.640948
          ],
          [
            7.247219,
            46.640949
          ],
          [
            7.247268,
            46.640947
          ],
          [
            7.247302,
            46.640944
          ],
          [
            7.247314,
            46.640942
          ],
          [
            7.247392,
            46.640931
          ],
          [
            7.247392,
            46.640929
          ],
          [
            7.24744,
            46.640923
          ],
          [
            7.247493,
            46.640923
          ],
          [
            7.247514,
            46.640921
          ],
          [
            7.247551,
            46.640922
          ],
          [
            7.247587,
            46.640934
          ],
          [
            7.247627,
            46.640953
          ],
          [
            7.247653,
            46.640962
          ],
          [
            7.247698,
            46.640966
          ],
          [
            7.247732,
            46.640975
          ],
          [
            7.24779,
            46.640994
          ],
          [
            7.24782,
            46.641002
          ],
          [
            7.247915,
            46.641034
          ],
          [
            7.247933,
            46.641041
          ],
          [
            7.247941,
            46.641046
          ],
          [
            7.247984,
            46.641068
          ],
          [
            7.248068,
            46.641088
          ],
          [
            7.248137,
            46.641105
          ],
          [
            7.24817,
            46.641121
          ],
          [
            7.248242,
            46.641154
          ],
          [
            7.248357,
            46.641196
          ],
          [
            7.248401,
            46.641205
          ],
          [
            7.248439,
            46.641218
          ],
          [
            7.248524,
            46.641273
          ],
          [
            7.248535,
            46.641276
          ],
          [
            7.248578,
            46.641286
          ],
          [
            7.248621,
            46.641303
          ],
          [
            7.248717,
            46.641343
          ],
          [
            7.24878,
            46.641381
          ],
          [
            7.248804,
            46.641394
          ],
          [
            7.248853,
            46.641429
          ],
          [
            7.248862,
            46.641447
          ],
          [
            7.248862,
            46.641457
          ],
          [
            7.248874,
            46.641455
          ],
          [
            7.24889,
            46.64145
          ],
          [
            7.248917,
            46.641455
          ],
          [
            7.248944,
            46.641477
          ],
          [
            7.24895,
            46.641481
          ],
          [
            7.249003,
            46.641534
          ],
          [
            7.249001,
            46.641541
          ],
          [
            7.249014,
            46.64154
          ],
          [
            7.249047,
            46.641549
          ],
          [
            7.249127,
            46.641588
          ],
          [
            7.249132,
            46.641592
          ],
          [
            7.249147,
            46.641595
          ],
          [
            7.249137,
            46.641595
          ],
          [
            7.249183,
            46.641626
          ],
          [
            7.2492,
            46.641652
          ],
          [
            7.249201,
            46.641647
          ],
          [
            7.249205,
            46.641653
          ],
          [
            7.249302,
            46.641665
          ],
          [
            7.249425,
            46.641692
          ],
          [
            7.249451,
            46.641691
          ],
          [
            7.249473,
            46.641681
          ],
          [
            7.249473,
            46.641681
          ],
          [
            7.249486,
            46.64168
          ],
          [
            7.249496,
            46.641683
          ],
          [
            7.249495,
            46.641683
          ],
          [
            7.249554,
            46.641711
          ],
          [
            7.249653,
            46.641758
          ],
          [
            7.249686,
            46.641782
          ],
          [
            7.249741,
            46.641805
          ],
          [
            7.249795,
            46.641833
          ],
          [
            7.249848,
            46.641863
          ],
          [
            7.249926,
            46.641934
          ],
          [
            7.249935,
            46.641942
          ],
          [
            7.249989,
            46.641981
          ],
          [
            7.250022,
            46.641995
          ],
          [
            7.250125,
            46.642024
          ],
          [
            7.250204,
            46.642082
          ],
          [
            7.250318,
            46.64213
          ],
          [
            7.250443,
            46.642149
          ],
          [
            7.250505,
            46.642167
          ],
          [
            7.250591,
            46.642173
          ],
          [
            7.250646,
            46.642176
          ],
          [
            7.250657,
            46.642181
          ],
          [
            7.250684,
            46.642202
          ],
          [
            7.250701,
            46.642228
          ],
          [
            7.250724,
            46.642263
          ],
          [
            7.250769,
            46.642263
          ],
          [
            7.250773,
            46.642256
          ],
          [
            7.250806,
            46.642243
          ],
          [
            7.250844,
            46.64224
          ],
          [
            7.250863,
            46.642242
          ],
          [
            7.250911,
            46.642249
          ],
          [
            7.250993,
            46.642252
          ],
          [
            7.251011,
            46.642251
          ],
          [
            7.25117,
            46.642255
          ],
          [
            7.251265,
            46.642263
          ],
          [
            7.251371,
            46.642299
          ],
          [
            7.251402,
            46.642306
          ],
          [
            7.251489,
            46.642311
          ],
          [
            7.251587,
            46.642309
          ],
          [
            7.251629,
            46.642324
          ],
          [
            7.251748,
            46.64235
          ],
          [
            7.25177,
            46.642348
          ],
          [
            7.251881,
            46.642327
          ],
          [
            7.251903,
            46.642319
          ],
          [
            7.25197,
            46.642322
          ],
          [
            7.251997,
            46.642329
          ],
          [
            7.252038,
            46.642343
          ],
          [
            7.252105,
            46.642362
          ],
          [
            7.252144,
            46.642367
          ],
          [
            7.252179,
            46.642366
          ],
          [
            7.252243,
            46.642371
          ],
          [
            7.252315,
            46.642397
          ],
          [
            7.252337,
            46.642401
          ],
          [
            7.252407,
            46.642413
          ],
          [
            7.252433,
            46.642417
          ],
          [
            7.252473,
            46.642431
          ],
          [
            7.252492,
            46.642456
          ],
          [
            7.252511,
            46.64247
          ],
          [
            7.252524,
            46.642469
          ],
          [
            7.25256,
            46.642478
          ],
          [
            7.252602,
            46.642491
          ],
          [
            7.252653,
            46.642505
          ],
          [
            7.252664,
            46.642507
          ],
          [
            7.252723,
            46.642518
          ],
          [
            7.252747,
            46.642514
          ],
          [
            7.252785,
            46.642512
          ],
          [
            7.252854,
            46.642512
          ],
          [
            7.252957,
            46.64254
          ],
          [
            7.252982,
            46.642545
          ],
          [
            7.25299,
            46.642546
          ],
          [
            7.253087,
            46.642563
          ],
          [
            7.253099,
            46.642569
          ],
          [
            7.253156,
            46.642607
          ],
          [
            7.253177,
            46.642619
          ],
          [
            7.253248,
            46.642658
          ],
          [
            7.253244,
            46.642658
          ],
          [
            7.253264,
            46.642665
          ],
          [
            7.25327,
            46.642664
          ],
          [
            7.25328,
            46.642668
          ],
          [
            7.25331,
            46.642685
          ],
          [
            7.253323,
            46.642692
          ],
          [
            7.25335,
            46.64271
          ],
          [
            7.253366,
            46.642718
          ],
          [
            7.253404,
            46.642736
          ],
          [
            7.253413,
            46.642738
          ],
          [
            7.253465,
            46.642764
          ],
          [
            7.253511,
            46.642796
          ],
          [
            7.253519,
            46.642811
          ],
          [
            7.253573,
            46.642848
          ],
          [
            7.253591,
            46.642857
          ],
          [
            7.253665,
            46.64291
          ],
          [
            7.253673,
            46.642915
          ],
          [
            7.253744,
            46.642983
          ],
          [
            7.253771,
            46.643007
          ],
          [
            7.253797,
            46.643014
          ],
          [
            7.25382,
            46.643031
          ],
          [
            7.253874,
            46.643083
          ],
          [
            7.253899,
            46.643096
          ],
          [
            7.253984,
            46.643138
          ],
          [
            7.254093,
            46.643143
          ],
          [
            7.254163,
            46.643147
          ],
          [
            7.254198,
            46.643134
          ],
          [
            7.25422,
            46.643125
          ],
          [
            7.254248,
            46.643129
          ],
          [
            7.254252,
            46.643128
          ],
          [
            7.254272,
            46.64313
          ],
          [
            7.254292,
            46.643129
          ],
          [
            7.254338,
            46.643126
          ],
          [
            7.254351,
            46.643126
          ],
          [
            7.254398,
            46.643135
          ],
          [
            7.254442,
            46.643144
          ],
          [
            7.254449,
            46.643146
          ],
          [
            7.254487,
            46.643158
          ],
          [
            7.254526,
            46.643169
          ],
          [
            7.254546,
            46.643178
          ],
          [
            7.254559,
            46.643191
          ],
          [
            7.254557,
            46.643191
          ],
          [
            7.254555,
            46.643192
          ],
          [
            7.254562,
            46.643194
          ],
          [
            7.254615,
            46.643206
          ],
          [
            7.254655,
            46.643219
          ],
          [
            7.25469,
            46.643232
          ],
          [
            7.2547,
            46.643236
          ],
          [
            7.254733,
            46.643236
          ],
          [
            7.254755,
            46.643229
          ],
          [
            7.254806,
            46.643236
          ],
          [
            7.254828,
            46.643238
          ],
          [
            7.254867,
            46.643248
          ],
          [
            7.254901,
            46.643257
          ],
          [
            7.254982,
            46.643267
          ],
          [
            7.255024,
            46.643284
          ],
          [
            7.255045,
            46.643295
          ],
          [
            7.255034,
            46.643289
          ],
          [
            7.255034,
            46.643295
          ],
          [
            7.255038,
            46.643303
          ],
          [
            7.255042,
            46.643315
          ],
          [
            7.255036,
            46.643317
          ],
          [
            7.255047,
            46.643317
          ],
          [
            7.255057,
            46.643317
          ],
          [
            7.255074,
            46.643341
          ],
          [
            7.255074,
            46.643351
          ],
          [
            7.25508,
            46.643371
          ],
          [
            7.2551,
            46.643374
          ],
          [
            7.255125,
            46.643381
          ],
          [
            7.255175,
            46.643394
          ],
          [
            7.255176,
            46.643379
          ],
          [
            7.255183,
            46.643363
          ],
          [
            7.255186,
            46.64336
          ],
          [
            7.255181,
            46.64336
          ],
          [
            7.25519,
            46.643357
          ],
          [
            7.255224,
            46.643357
          ],
          [
            7.255228,
            46.643356
          ],
          [
            7.255286,
            46.643385
          ],
          [
            7.25529,
            46.643386
          ],
          [
            7.255318,
            46.643402
          ],
          [
            7.255325,
            46.643402
          ],
          [
            7.255329,
            46.643403
          ],
          [
            7.255334,
            46.643415
          ],
          [
            7.255357,
            46.643429
          ],
          [
            7.255376,
            46.643447
          ],
          [
            7.255393,
            46.643443
          ],
          [
            7.255399,
            46.643444
          ],
          [
            7.255434,
            46.643455
          ],
          [
            7.255461,
            46.643447
          ],
          [
            7.25547,
            46.643445
          ],
          [
            7.255499,
            46.64345
          ],
          [
            7.255503,
            46.643455
          ],
          [
            7.255511,
            46.643447
          ],
          [
            7.255512,
            46.643437
          ],
          [
            7.255555,
            46.643447
          ],
          [
            7.255566,
            46.643453
          ],
          [
            7.255601,
            46.643461
          ],
          [
            7.255615,
            46.643472
          ],
          [
            7.255654,
            46.643489
          ],
          [
            7.255661,
            46.643488
          ],
          [
            7.255705,
            46.643476
          ],
          [
            7.255763,
            46.643482
          ],
          [
            7.255771,
            46.643484
          ],
          [
            7.255769,
            46.643484
          ],
          [
            7.255778,
            46.643493
          ],
          [
            7.255805,
            46.643497
          ],
          [
            7.255845,
            46.643515
          ],
          [
            7.255861,
            46.643531
          ],
          [
            7.255892,
            46.643528
          ],
          [
            7.255906,
            46.643502
          ],
          [
            7.255904,
            46.643476
          ],
          [
            7.255908,
            46.643474
          ],
          [
            7.255909,
            46.643473
          ],
          [
            7.255909,
            46.643473
          ],
          [
            7.255917,
            46.643449
          ],
          [
            7.25595,
            46.643451
          ],
          [
            7.255957,
            46.64345
          ],
          [
            7.255958,
            46.643443
          ],
          [
            7.255961,
            46.643435
          ],
          [
            7.255979,
            46.643442
          ],
          [
            7.255996,
            46.643456
          ],
          [
            7.255996,
            46.643456
          ],
          [
            7.255996,
            46.643451
          ],
          [
            7.256025,
            46.643421
          ],
          [
            7.256037,
            46.643416
          ],
          [
            7.256031,
            46.643416
          ],
          [
            7.256047,
            46.643399
          ],
          [
            7.256069,
            46.643385
          ],
          [
            7.256086,
            46.64337
          ],
          [
            7.256131,
            46.643367
          ],
          [
            7.256137,
            46.643364
          ],
          [
            7.256114,
            46.643352
          ],
          [
            7.256106,
            46.643344
          ],
          [
            7.25611,
            46.643338
          ],
          [
            7.256121,
            46.643343
          ],
          [
            7.256115,
            46.643352
          ],
          [
            7.256109,
            46.643356
          ],
          [
            7.256112,
            46.64333
          ],
          [
            7.256132,
            46.64332
          ],
          [
            7.256142,
            46.643315
          ],
          [
            7.256189,
            46.643282
          ],
          [
            7.256202,
            46.643275
          ],
          [
            7.256212,
            46.643271
          ],
          [
            7.256212,
            46.643274
          ],
          [
            7.25623,
            46.643269
          ],
          [
            7.256309,
            46.643229
          ],
          [
            7.25631,
            46.643226
          ],
          [
            7.25631,
            46.643221
          ],
          [
            7.25631,
            46.643219
          ],
          [
            7.256302,
            46.643257
          ],
          [
            7.256298,
            46.64326
          ],
          [
            7.256306,
            46.643268
          ],
          [
            7.256293,
            46.643264
          ],
          [
            7.256317,
            46.643261
          ],
          [
            7.256328,
            46.643255
          ],
          [
            7.256333,
            46.643263
          ],
          [
            7.256362,
            46.643277
          ],
          [
            7.256394,
            46.643298
          ],
          [
            7.256402,
            46.643301
          ],
          [
            7.256407,
            46.6433
          ],
          [
            7.256418,
            46.643302
          ],
          [
            7.256428,
            46.643312
          ],
          [
            7.256427,
            46.643307
          ],
          [
            7.256461,
            46.643288
          ],
          [
            7.256482,
            46.643284
          ],
          [
            7.256505,
            46.64329
          ],
          [
            7.256519,
            46.643287
          ],
          [
            7.256524,
            46.643277
          ],
          [
            7.256532,
            46.643275
          ],
          [
            7.256534,
            46.643272
          ],
          [
            7.256553,
            46.643264
          ],
          [
            7.256585,
            46.643245
          ],
          [
            7.256611,
            46.643237
          ],
          [
            7.256658,
            46.643221
          ],
          [
            7.256665,
            46.643225
          ],
          [
            7.256742,
            46.643253
          ],
          [
            7.256785,
            46.643272
          ],
          [
            7.256794,
            46.643278
          ],
          [
            7.256803,
            46.64328
          ],
          [
            7.256855,
            46.643295
          ],
          [
            7.256919,
            46.643298
          ],
          [
            7.256933,
            46.643302
          ],
          [
            7.257012,
            46.643337
          ],
          [
            7.257029,
            46.643335
          ],
          [
            7.257088,
            46.643347
          ],
          [
            7.257096,
            46.643341
          ],
          [
            7.257107,
            46.643319
          ],
          [
            7.257113,
            46.643315
          ],
          [
            7.257123,
            46.64332
          ],
          [
            7.257114,
            46.643321
          ],
          [
            7.257112,
            46.643318
          ],
          [
            7.257112,
            46.643318
          ],
          [
            7.257112,
            46.643318
          ],
          [
            7.257112,
            46.643318
          ],
          [
            7.257112,
            46.643318
          ],
          [
            7.257112,
            46.643318
          ],
          [
            7.257106,
            46.643296
          ],
          [
            7.257115,
            46.64329
          ],
          [
            7.25713,
            46.64328
          ],
          [
            7.257143,
            46.643259
          ],
          [
            7.257141,
            46.643247
          ],
          [
            7.257153,
            46.643231
          ],
          [
            7.257163,
            46.643229
          ],
          [
            7.257183,
            46.643221
          ],
          [
            7.257217,
            46.643222
          ],
          [
            7.257224,
            46.643223
          ],
          [
            7.257236,
            46.643204
          ],
          [
            7.257293,
            46.643193
          ],
          [
            7.257289,
            46.643162
          ],
          [
            7.257289,
            46.64315
          ],
          [
            7.257274,
            46.643166
          ],
          [
            7.257324,
            46.643197
          ],
          [
            7.257379,
            46.643207
          ],
          [
            7.257378,
            46.643211
          ],
          [
            7.257382,
            46.643215
          ],
          [
            7.257427,
            46.643236
          ],
          [
            7.257476,
            46.64325
          ],
          [
            7.257513,
            46.643253
          ],
          [
            7.257521,
            46.643254
          ],
          [
            7.257553,
            46.643261
          ],
          [
            7.257569,
            46.643255
          ],
          [
            7.257589,
            46.643253
          ],
          [
            7.257627,
            46.643272
          ],
          [
            7.257644,
            46.643281
          ],
          [
            7.257676,
            46.643299
          ],
          [
            7.257708,
            46.643308
          ],
          [
            7.257732,
            46.643331
          ],
          [
            7.257749,
            46.643357
          ],
          [
            7.257748,
            46.643363
          ],
          [
            7.257754,
            46.643387
          ],
          [
            7.257784,
            46.643395
          ],
          [
            7.257784,
            46.643408
          ],
          [
            7.257795,
            46.643413
          ],
          [
            7.257809,
            46.643412
          ],
          [
            7.257847,
            46.6434
          ],
          [
            7.257857,
            46.643395
          ],
          [
            7.257879,
            46.643393
          ],
          [
            7.257918,
            46.643397
          ],
          [
            7.257982,
            46.643373
          ],
          [
            7.258068,
            46.643362
          ],
          [
            7.258092,
            46.64336
          ],
          [
            7.258122,
            46.643359
          ],
          [
            7.258141,
            46.643358
          ],
          [
            7.258179,
            46.643355
          ],
          [
            7.258205,
            46.643352
          ],
          [
            7.258237,
            46.643347
          ],
          [
            7.258287,
            46.643346
          ],
          [
            7.258301,
            46.64335
          ],
          [
            7.258342,
            46.643363
          ],
          [
            7.258403,
            46.643402
          ],
          [
            7.258443,
            46.643444
          ],
          [
            7.258468,
            46.6435
          ],
          [
            7.25847,
            46.643545
          ],
          [
            7.258477,
            46.643589
          ],
          [
            7.258498,
            46.643625
          ],
          [
            7.258487,
            46.643619
          ],
          [
            7.258507,
            46.643623
          ],
          [
            7.258507,
            46.643623
          ],
          [
            7.258512,
            46.643643
          ],
          [
            7.258536,
            46.643688
          ],
          [
            7.258565,
            46.643734
          ],
          [
            7.258576,
            46.643753
          ],
          [
            7.25862,
            46.643804
          ],
          [
            7.258663,
            46.643858
          ],
          [
            7.258679,
            46.643865
          ],
          [
            7.258785,
            46.643879
          ],
          [
            7.258917,
            46.643909
          ],
          [
            7.259038,
            46.64395
          ],
          [
            7.259131,
            46.644006
          ],
          [
            7.259138,
            46.644015
          ],
          [
            7.259231,
            46.644054
          ],
          [
            7.259252,
            46.644057
          ],
          [
            7.259317,
            46.644065
          ],
          [
            7.259356,
            46.644065
          ],
          [
            7.259397,
            46.644069
          ],
          [
            7.259476,
            46.644096
          ],
          [
            7.25948,
            46.644097
          ],
          [
            7.259477,
            46.644106
          ],
          [
            7.259484,
            46.644117
          ],
          [
            7.259507,
            46.644121
          ],
          [
            7.259532,
            46.644121
          ],
          [
            7.259565,
            46.64412
          ],
          [
            7.259561,
            46.644132
          ],
          [
            7.259573,
            46.644156
          ],
          [
            7.259577,
            46.644158
          ],
          [
            7.259576,
            46.644146
          ],
          [
            7.259609,
            46.644161
          ],
          [
            7.259631,
            46.644168
          ],
          [
            7.259631,
            46.644169
          ],
          [
            7.259634,
            46.644178
          ],
          [
            7.259655,
            46.644189
          ],
          [
            7.259676,
            46.644198
          ],
          [
            7.259724,
            46.644219
          ],
          [
            7.259741,
            46.64423
          ],
          [
            7.259782,
            46.644252
          ],
          [
            7.259801,
            46.644268
          ],
          [
            7.259793,
            46.644282
          ],
          [
            7.259786,
            46.644283
          ],
          [
            7.25979,
            46.644286
          ],
          [
            7.259801,
            46.64428
          ],
          [
            7.259821,
            46.644288
          ],
          [
            7.259834,
            46.644296
          ],
          [
            7.259851,
            46.644308
          ],
          [
            7.259872,
            46.644315
          ],
          [
            7.259903,
            46.644327
          ],
          [
            7.259942,
            46.644331
          ],
          [
            7.260008,
            46.644337
          ],
          [
            7.260044,
            46.64436
          ],
          [
            7.260093,
            46.644377
          ],
          [
            7.260169,
            46.644393
          ],
          [
            7.260179,
            46.644409
          ],
          [
            7.260196,
            46.644419
          ],
          [
            7.260225,
            46.644431
          ],
          [
            7.260228,
            46.644431
          ],
          [
            7.260247,
            46.644427
          ],
          [
            7.260277,
            46.64445
          ],
          [
            7.260298,
            46.64446
          ],
          [
            7.260328,
            46.644437
          ],
          [
            7.260332,
            46.644425
          ],
          [
            7.260355,
            46.64441
          ],
          [
            7.26038,
            46.644409
          ],
          [
            7.2604,
            46.64441
          ],
          [
            7.260428,
            46.644406
          ],
          [
            7.26047,
            46.644419
          ],
          [
            7.260489,
            46.644438
          ],
          [
            7.260536,
            46.644487
          ],
          [
            7.260546,
            46.644504
          ],
          [
            7.260568,
            46.644525
          ],
          [
            7.260599,
            46.644508
          ],
          [
            7.260617,
            46.644512
          ],
          [
            7.26062,
            46.644513
          ],
          [
            7.260629,
            46.644523
          ],
          [
            7.260684,
            46.644543
          ],
          [
            7.2607,
            46.644541
          ],
          [
            7.260743,
            46.644545
          ],
          [
            7.260788,
            46.644549
          ],
          [
            7.260789,
            46.644542
          ],
          [
            7.260795,
            46.644534
          ],
          [
            7.260805,
            46.644552
          ],
          [
            7.260822,
            46.644578
          ],
          [
            7.260917,
            46.644647
          ],
          [
            7.260981,
            46.644647
          ],
          [
            7.261046,
            46.644664
          ],
          [
            7.261122,
            46.644683
          ],
          [
            7.261229,
            46.644712
          ],
          [
            7.261256,
            46.644726
          ],
          [
            7.261376,
            46.64479
          ],
          [
            7.261394,
            46.644793
          ],
          [
            7.261465,
            46.644835
          ],
          [
            7.261481,
            46.644844
          ],
          [
            7.261568,
            46.644893
          ],
          [
            7.261604,
            46.644904
          ],
          [
            7.261662,
            46.644942
          ],
          [
            7.261719,
            46.644966
          ],
          [
            7.261762,
            46.644986
          ],
          [
            7.261823,
            46.645014
          ],
          [
            7.261837,
            46.645021
          ],
          [
            7.26188,
            46.645051
          ],
          [
            7.261937,
            46.645107
          ],
          [
            7.261991,
            46.645132
          ],
          [
            7.262008,
            46.645146
          ],
          [
            7.262021,
            46.645162
          ],
          [
            7.262058,
            46.645196
          ],
          [
            7.262067,
            46.645205
          ],
          [
            7.262095,
            46.645221
          ],
          [
            7.262103,
            46.645223
          ],
          [
            7.262131,
            46.64522
          ],
          [
            7.262173,
            46.645231
          ],
          [
            7.262183,
            46.645233
          ],
          [
            7.262213,
            46.645228
          ],
          [
            7.262243,
            46.645232
          ],
          [
            7.262256,
            46.645233
          ],
          [
            7.262304,
            46.645235
          ],
          [
            7.262321,
            46.645248
          ],
          [
            7.262361,
            46.645249
          ],
          [
            7.26241,
            46.645243
          ],
          [
            7.262443,
            46.645245
          ],
          [
            7.262458,
            46.645251
          ],
          [
            7.262473,
            46.645255
          ],
          [
            7.26252,
            46.645258
          ],
          [
            7.26256,
            46.645254
          ],
          [
            7.262572,
            46.645253
          ],
          [
            7.262622,
            46.64527
          ],
          [
            7.262653,
            46.645279
          ],
          [
            7.2627,
            46.645289
          ],
          [
            7.262721,
            46.645292
          ],
          [
            7.262738,
            46.645291
          ],
          [
            7.262746,
            46.645294
          ],
          [
            7.262735,
            46.645303
          ],
          [
            7.262715,
            46.645327
          ],
          [
            7.262713,
            46.645329
          ],
          [
            7.262729,
            46.64534
          ],
          [
            7.262728,
            46.64535
          ],
          [
            7.26272,
            46.645414
          ],
          [
            7.262711,
            46.645426
          ],
          [
            7.26265,
            46.645455
          ],
          [
            7.262614,
            46.645463
          ],
          [
            7.26256,
            46.645469
          ],
          [
            7.262505,
            46.645466
          ],
          [
            7.262466,
            46.645472
          ],
          [
            7.262436,
            46.645482
          ],
          [
            7.262443,
            46.645498
          ],
          [
            7.262448,
            46.645541
          ],
          [
            7.262455,
            46.645548
          ],
          [
            7.262463,
            46.645574
          ],
          [
            7.262466,
            46.645583
          ],
          [
            7.26246,
            46.645585
          ],
          [
            7.262459,
            46.645583
          ],
          [
            7.262457,
            46.645576
          ],
          [
            7.262454,
            46.645594
          ],
          [
            7.262491,
            46.645624
          ],
          [
            7.26252,
            46.645652
          ],
          [
            7.262562,
            46.645678
          ],
          [
            7.262568,
            46.645686
          ],
          [
            7.262583,
            46.645751
          ],
          [
            7.262554,
            46.645795
          ],
          [
            7.262543,
            46.645827
          ],
          [
            7.262542,
            46.645841
          ],
          [
            7.262556,
            46.645904
          ],
          [
            7.262569,
            46.645917
          ],
          [
            7.262582,
            46.64592
          ],
          [
            7.262646,
            46.645911
          ],
          [
            7.262763,
            46.645936
          ],
          [
            7.26279,
            46.645945
          ],
          [
            7.262898,
            46.645969
          ],
          [
            7.262913,
            46.645974
          ],
          [
            7.262966,
            46.645994
          ],
          [
            7.263029,
            46.646019
          ],
          [
            7.263085,
            46.646054
          ],
          [
            7.263111,
            46.646073
          ],
          [
            7.263165,
            46.64611
          ],
          [
            7.263218,
            46.646165
          ],
          [
            7.263272,
            46.646205
          ],
          [
            7.263318,
            46.646238
          ],
          [
            7.263361,
            46.646282
          ],
          [
            7.263402,
            46.646316
          ],
          [
            7.263468,
            46.646353
          ],
          [
            7.263509,
            46.646382
          ],
          [
            7.263579,
            46.646405
          ],
          [
            7.263591,
            46.6464
          ],
          [
            7.26359,
            46.646402
          ],
          [
            7.263662,
            46.646412
          ],
          [
            7.263674,
            46.646411
          ],
          [
            7.263708,
            46.646411
          ],
          [
            7.263743,
            46.646421
          ],
          [
            7.263775,
            46.646427
          ],
          [
            7.263828,
            46.646451
          ],
          [
            7.263854,
            46.646473
          ],
          [
            7.263868,
            46.646491
          ],
          [
            7.263918,
            46.646528
          ],
          [
            7.263927,
            46.646532
          ],
          [
            7.263999,
            46.646559
          ],
          [
            7.264038,
            46.646572
          ],
          [
            7.264071,
            46.646589
          ],
          [
            7.26413,
            46.646617
          ],
          [
            7.264135,
            46.646623
          ],
          [
            7.264181,
            46.646653
          ],
          [
            7.26422,
            46.64667
          ],
          [
            7.264232,
            46.646677
          ],
          [
            7.264284,
            46.646748
          ],
          [
            7.264324,
            46.646788
          ],
          [
            7.264332,
            46.646797
          ],
          [
            7.264358,
            46.646833
          ],
          [
            7.264374,
            46.646867
          ],
          [
            7.26437,
            46.646903
          ],
          [
            7.26439,
            46.646913
          ],
          [
            7.264426,
            46.646966
          ],
          [
            7.264432,
            46.647013
          ],
          [
            7.26446,
            46.647012
          ],
          [
            7.264491,
            46.647029
          ],
          [
            7.264538,
            46.647077
          ],
          [
            7.264562,
            46.647097
          ],
          [
            7.264594,
            46.647108
          ],
          [
            7.264618,
            46.647124
          ],
          [
            7.264643,
            46.647163
          ],
          [
            7.26465,
            46.647186
          ],
          [
            7.264707,
            46.647251
          ],
          [
            7.264741,
            46.647296
          ],
          [
            7.26476,
            46.647331
          ],
          [
            7.264759,
            46.647333
          ],
          [
            7.264759,
            46.647333
          ],
          [
            7.264759,
            46.647333
          ],
          [
            7.264759,
            46.647333
          ],
          [
            7.264763,
            46.647352
          ],
          [
            7.264764,
            46.647359
          ],
          [
            7.264763,
            46.647388
          ],
          [
            7.264762,
            46.647397
          ],
          [
            7.264769,
            46.647404
          ],
          [
            7.264783,
            46.647434
          ],
          [
            7.264786,
            46.647452
          ],
          [
            7.264808,
            46.647491
          ],
          [
            7.264816,
            46.647502
          ],
          [
            7.264825,
            46.647514
          ],
          [
            7.264826,
            46.647512
          ],
          [
            7.264843,
            46.647522
          ],
          [
            7.264849,
            46.647522
          ],
          [
            7.264869,
            46.647537
          ],
          [
            7.264869,
            46.647537
          ],
          [
            7.26489,
            46.647547
          ],
          [
            7.264889,
            46.647545
          ],
          [
            7.264869,
            46.647537
          ],
          [
            7.264869,
            46.647537
          ],
          [
            7.264894,
            46.64757
          ],
          [
            7.264901,
            46.64763
          ],
          [
            7.264901,
            46.647659
          ],
          [
            7.264896,
            46.647678
          ],
          [
            7.264911,
            46.647727
          ],
          [
            7.264918,
            46.647736
          ],
          [
            7.264944,
            46.647747
          ],
          [
            7.264949,
            46.647755
          ],
          [
            7.264952,
            46.647761
          ],
          [
            7.264976,
            46.647807
          ],
          [
            7.264999,
            46.647834
          ],
          [
            7.265002,
            46.647835
          ],
          [
            7.265018,
            46.64786
          ],
          [
            7.265017,
            46.647866
          ],
          [
            7.265016,
            46.647878
          ],
          [
            7.265018,
            46.647908
          ],
          [
            7.265026,
            46.647913
          ],
          [
            7.265037,
            46.647964
          ],
          [
            7.265055,
            46.648003
          ],
          [
            7.26506,
            46.648029
          ],
          [
            7.265085,
            46.648085
          ],
          [
            7.265116,
            46.648102
          ],
          [
            7.265118,
            46.648105
          ],
          [
            7.265179,
            46.64814
          ],
          [
            7.265192,
            46.648146
          ],
          [
            7.265208,
            46.648163
          ],
          [
            7.265209,
            46.648167
          ],
          [
            7.265214,
            46.648183
          ],
          [
            7.265228,
            46.648203
          ],
          [
            7.265238,
            46.648211
          ],
          [
            7.26525,
            46.648229
          ],
          [
            7.265255,
            46.648236
          ],
          [
            7.265277,
            46.648251
          ],
          [
            7.265316,
            46.648238
          ],
          [
            7.265343,
            46.648237
          ],
          [
            7.265341,
            46.648236
          ],
          [
            7.265348,
            46.648241
          ],
          [
            7.265393,
            46.648262
          ],
          [
            7.265408,
            46.648269
          ],
          [
            7.265395,
            46.648308
          ],
          [
            7.265404,
            46.648303
          ],
          [
            7.265426,
            46.648296
          ],
          [
            7.265458,
            46.648298
          ],
          [
            7.265467,
            46.648303
          ],
          [
            7.265467,
            46.648348
          ],
          [
            7.265463,
            46.64836
          ],
          [
            7.265465,
            46.648382
          ],
          [
            7.265463,
            46.648382
          ],
          [
            7.265475,
            46.6484
          ],
          [
            7.265503,
            46.648392
          ],
          [
            7.265522,
            46.648387
          ],
          [
            7.265565,
            46.648374
          ],
          [
            7.265574,
            46.648371
          ],
          [
            7.265607,
            46.648364
          ],
          [
            7.265608,
            46.64836
          ],
          [
            7.265633,
            46.648338
          ],
          [
            7.265662,
            46.648335
          ],
          [
            7.265665,
            46.648369
          ],
          [
            7.265658,
            46.648398
          ],
          [
            7.265692,
            46.648416
          ],
          [
            7.265698,
            46.648406
          ],
          [
            7.265709,
            46.648384
          ],
          [
            7.265725,
            46.648382
          ],
          [
            7.265727,
            46.648391
          ],
          [
            7.265722,
            46.648389
          ],
          [
            7.265723,
            46.648389
          ],
          [
            7.265762,
            46.648356
          ],
          [
            7.26578,
            46.648331
          ],
          [
            7.265814,
            46.648264
          ],
          [
            7.265829,
            46.648252
          ],
          [
            7.265844,
            46.648244
          ],
          [
            7.26585,
            46.648248
          ],
          [
            7.265891,
            46.648306
          ],
          [
            7.265902,
            46.648351
          ],
          [
            7.265923,
            46.648372
          ],
          [
            7.265936,
            46.648376
          ],
          [
            7.265949,
            46.648386
          ],
          [
            7.265985,
            46.64843
          ],
          [
            7.266012,
            46.648474
          ],
          [
            7.266023,
            46.648483
          ],
          [
            7.266034,
            46.648486
          ],
          [
            7.26605,
            46.648487
          ],
          [
            7.266066,
            46.648492
          ],
          [
            7.266074,
            46.648495
          ],
          [
            7.26609,
            46.648495
          ],
          [
            7.266116,
            46.648501
          ],
          [
            7.266137,
            46.648519
          ],
          [
            7.266142,
            46.648529
          ],
          [
            7.266154,
            46.648533
          ],
          [
            7.266185,
            46.648543
          ],
          [
            7.266193,
            46.648549
          ],
          [
            7.266204,
            46.648567
          ],
          [
            7.266234,
            46.648572
          ],
          [
            7.266235,
            46.64857
          ],
          [
            7.266239,
            46.648566
          ],
          [
            7.266246,
            46.64856
          ],
          [
            7.266239,
            46.648566
          ],
          [
            7.26625,
            46.648553
          ],
          [
            7.266288,
            46.648545
          ],
          [
            7.266288,
            46.648545
          ],
          [
            7.266281,
            46.64855
          ],
          [
            7.266278,
            46.648546
          ],
          [
            7.26626,
            46.648548
          ],
          [
            7.266259,
            46.64855
          ],
          [
            7.266259,
            46.64855
          ],
          [
            7.266261,
            46.648551
          ],
          [
            7.266281,
            46.648552
          ],
          [
            7.266281,
            46.648552
          ],
          [
            7.266281,
            46.648552
          ],
          [
            7.266281,
            46.648552
          ],
          [
            7.266281,
            46.648552
          ],
          [
            7.266265,
            46.648553
          ],
          [
            7.266263,
            46.64855
          ],
          [
            7.266266,
            46.648548
          ],
          [
            7.266281,
            46.648552
          ],
          [
            7.266281,
            46.648552
          ],
          [
            7.266281,
            46.648552
          ],
          [
            7.266281,
            46.648552
          ],
          [
            7.26629,
            46.648556
          ],
          [
            7.266291,
            46.648561
          ],
          [
            7.266297,
            46.64856
          ],
          [
            7.266298,
            46.648556
          ],
          [
            7.266304,
            46.648551
          ],
          [
            7.266316,
            46.648544
          ],
          [
            7.266348,
            46.648527
          ],
          [
            7.266361,
            46.64852
          ],
          [
            7.266387,
            46.648518
          ],
          [
            7.26639,
            46.648523
          ],
          [
            7.26639,
            46.648523
          ],
          [
            7.26639,
            46.648523
          ],
          [
            7.26639,
            46.648523
          ],
          [
            7.26639,
            46.648523
          ],
          [
            7.26639,
            46.648523
          ],
          [
            7.26639,
            46.648523
          ],
          [
            7.26639,
            46.648523
          ],
          [
            7.26639,
            46.648523
          ],
          [
            7.266431,
            46.6485
          ],
          [
            7.26644,
            46.648524
          ],
          [
            7.266447,
            46.648537
          ],
          [
            7.266467,
            46.648552
          ],
          [
            7.266477,
            46.648569
          ],
          [
            7.266481,
            46.648575
          ],
          [
            7.266463,
            46.648605
          ],
          [
            7.266465,
            46.648624
          ],
          [
            7.266476,
            46.648662
          ],
          [
            7.266471,
            46.648692
          ],
          [
            7.266476,
            46.648686
          ],
          [
            7.266475,
            46.648693
          ],
          [
            7.266485,
            46.648716
          ],
          [
            7.266503,
            46.648744
          ],
          [
            7.266575,
            46.648796
          ],
          [
            7.266592,
            46.648808
          ],
          [
            7.26663,
            46.648827
          ],
          [
            7.266641,
            46.648829
          ],
          [
            7.26671,
            46.648843
          ],
          [
            7.266768,
            46.64887
          ],
          [
            7.266846,
            46.648906
          ],
          [
            7.266866,
            46.64892
          ],
          [
            7.266909,
            46.648944
          ],
          [
            7.266948,
            46.648959
          ],
          [
            7.266964,
            46.648967
          ],
          [
            7.267017,
            46.649012
          ],
          [
            7.267029,
            46.649035
          ],
          [
            7.267054,
            46.649065
          ],
          [
            7.267066,
            46.649085
          ],
          [
            7.267069,
            46.649109
          ],
          [
            7.267066,
            46.649156
          ],
          [
            7.26708,
            46.649176
          ],
          [
            7.267097,
            46.649193
          ],
          [
            7.267146,
            46.649217
          ],
          [
            7.26715,
            46.649222
          ],
          [
            7.267167,
            46.649231
          ],
          [
            7.267201,
            46.649252
          ],
          [
            7.26722,
            46.64926
          ],
          [
            7.267236,
            46.64927
          ],
          [
            7.267254,
            46.649278
          ],
          [
            7.267261,
            46.64928
          ],
          [
            7.267295,
            46.649291
          ],
          [
            7.267318,
            46.64929
          ],
          [
            7.267338,
            46.649291
          ],
          [
            7.267412,
            46.649289
          ],
          [
            7.267427,
            46.64929
          ],
          [
            7.267471,
            46.649287
          ],
          [
            7.2675,
            46.649294
          ],
          [
            7.267512,
            46.649295
          ],
          [
            7.267533,
            46.6493
          ],
          [
            7.267542,
            46.649304
          ],
          [
            7.267542,
            46.649304
          ],
          [
            7.267542,
            46.649304
          ],
          [
            7.267581,
            46.649319
          ],
          [
            7.267587,
            46.649322
          ],
          [
            7.267594,
            46.649326
          ],
          [
            7.267662,
            46.649351
          ],
          [
            7.267669,
            46.64936
          ],
          [
            7.267712,
            46.64937
          ],
          [
            7.267748,
            46.649375
          ],
          [
            7.267753,
            46.649374
          ],
          [
            7.267765,
            46.649378
          ],
          [
            7.267788,
            46.649388
          ],
          [
            7.267827,
            46.649415
          ],
          [
            7.267838,
            46.649416
          ],
          [
            7.267885,
            46.649428
          ],
          [
            7.267909,
            46.64944
          ],
          [
            7.267919,
            46.649445
          ],
          [
            7.267977,
            46.649471
          ],
          [
            7.268012,
            46.649495
          ],
          [
            7.268019,
            46.649501
          ],
          [
            7.268061,
            46.649523
          ],
          [
            7.268072,
            46.649535
          ],
          [
            7.268075,
            46.649535
          ],
          [
            7.268088,
            46.649553
          ],
          [
            7.268101,
            46.649565
          ],
          [
            7.268111,
            46.649571
          ],
          [
            7.268134,
            46.649571
          ],
          [
            7.268151,
            46.649577
          ],
          [
            7.268165,
            46.649589
          ],
          [
            7.268187,
            46.649618
          ],
          [
            7.2682,
            46.649637
          ],
          [
            7.26819,
            46.649617
          ],
          [
            7.268253,
            46.64966
          ],
          [
            7.268271,
            46.649669
          ],
          [
            7.268309,
            46.649693
          ],
          [
            7.268335,
            46.649704
          ],
          [
            7.268374,
            46.649729
          ],
          [
            7.268413,
            46.649757
          ],
          [
            7.268419,
            46.649771
          ],
          [
            7.268454,
            46.649801
          ],
          [
            7.268472,
            46.649802
          ],
          [
            7.268546,
            46.649828
          ],
          [
            7.268623,
            46.649872
          ],
          [
            7.268733,
            46.649904
          ],
          [
            7.268804,
            46.649926
          ],
          [
            7.268877,
            46.649951
          ],
          [
            7.268891,
            46.649967
          ],
          [
            7.268922,
            46.650002
          ],
          [
            7.268928,
            46.650003
          ],
          [
            7.26894,
            46.650014
          ],
          [
            7.268978,
            46.650033
          ],
          [
            7.269044,
            46.650072
          ],
          [
            7.269047,
            46.650074
          ],
          [
            7.269114,
            46.650116
          ],
          [
            7.269201,
            46.65017
          ],
          [
            7.269262,
            46.650209
          ],
          [
            7.269307,
            46.650217
          ],
          [
            7.269377,
            46.650245
          ],
          [
            7.269432,
            46.650254
          ],
          [
            7.269496,
            46.650257
          ],
          [
            7.269565,
            46.650269
          ],
          [
            7.269578,
            46.650273
          ],
          [
            7.269645,
            46.650282
          ],
          [
            7.269661,
            46.650283
          ],
          [
            7.269718,
            46.650293
          ],
          [
            7.269782,
            46.650305
          ],
          [
            7.269791,
            46.650304
          ],
          [
            7.269861,
            46.650302
          ],
          [
            7.26987,
            46.650304
          ],
          [
            7.269966,
            46.650335
          ],
          [
            7.270004,
            46.650334
          ],
          [
            7.270053,
            46.650333
          ],
          [
            7.270132,
            46.650348
          ],
          [
            7.270162,
            46.650351
          ],
          [
            7.270252,
            46.650351
          ],
          [
            7.27028,
            46.650351
          ],
          [
            7.270377,
            46.650346
          ],
          [
            7.270391,
            46.650344
          ],
          [
            7.270413,
            46.650347
          ],
          [
            7.270434,
            46.650353
          ],
          [
            7.27044,
            46.650353
          ],
          [
            7.270468,
            46.650346
          ],
          [
            7.270478,
            46.650343
          ],
          [
            7.270486,
            46.650343
          ],
          [
            7.270531,
            46.650348
          ],
          [
            7.270557,
            46.650361
          ],
          [
            7.270626,
            46.650372
          ],
          [
            7.270636,
            46.650375
          ],
          [
            7.270658,
            46.650383
          ],
          [
            7.270684,
            46.650384
          ],
          [
            7.270703,
            46.650383
          ],
          [
            7.270736,
            46.650385
          ],
          [
            7.270737,
            46.650388
          ],
          [
            7.270809,
            46.650394
          ],
          [
            7.270863,
            46.650401
          ],
          [
            7.270939,
            46.65041
          ],
          [
            7.270999,
            46.650436
          ],
          [
            7.271028,
            46.650446
          ],
          [
            7.271053,
            46.650453
          ],
          [
            7.27109,
            46.650466
          ],
          [
            7.271119,
            46.650483
          ],
          [
            7.271161,
            46.650466
          ],
          [
            7.27117,
            46.650463
          ],
          [
            7.271188,
            46.650454
          ],
          [
            7.271215,
            46.650451
          ],
          [
            7.27123,
            46.650455
          ],
          [
            7.271252,
            46.650455
          ],
          [
            7.271303,
            46.650454
          ],
          [
            7.27132,
            46.650457
          ],
          [
            7.271346,
            46.650468
          ],
          [
            7.271368,
            46.650479
          ],
          [
            7.271382,
            46.650486
          ],
          [
            7.271423,
            46.650487
          ],
          [
            7.271475,
            46.650495
          ],
          [
            7.271495,
            46.650495
          ],
          [
            7.271572,
            46.650516
          ],
          [
            7.271615,
            46.650525
          ],
          [
            7.27167,
            46.650551
          ],
          [
            7.271688,
            46.650575
          ],
          [
            7.271714,
            46.6506
          ],
          [
            7.271743,
            46.650647
          ],
          [
            7.271762,
            46.650655
          ],
          [
            7.271762,
            46.650655
          ],
          [
            7.271762,
            46.650655
          ],
          [
            7.271762,
            46.650655
          ],
          [
            7.271811,
            46.650669
          ],
          [
            7.271903,
            46.650684
          ],
          [
            7.271983,
            46.650665
          ],
          [
            7.272004,
            46.650659
          ],
          [
            7.27205,
            46.650633
          ],
          [
            7.272086,
            46.650607
          ],
          [
            7.272099,
            46.650602
          ],
          [
            7.272099,
            46.650602
          ],
          [
            7.272127,
            46.650611
          ],
          [
            7.27214,
            46.650611
          ],
          [
            7.272139,
            46.650586
          ],
          [
            7.272179,
            46.650536
          ],
          [
            7.272198,
            46.650507
          ],
          [
            7.272202,
            46.650501
          ],
          [
            7.272198,
            46.650507
          ],
          [
            7.272198,
            46.650507
          ],
          [
            7.272198,
            46.650507
          ],
          [
            7.272198,
            46.650507
          ],
          [
            7.272238,
            46.650513
          ],
          [
            7.272262,
            46.650543
          ],
          [
            7.272251,
            46.650597
          ],
          [
            7.272238,
            46.650626
          ],
          [
            7.272227,
            46.650662
          ],
          [
            7.272203,
            46.650679
          ],
          [
            7.272178,
            46.650672
          ],
          [
            7.272174,
            46.650676
          ],
          [
            7.272191,
            46.650711
          ],
          [
            7.27222,
            46.650713
          ],
          [
            7.272233,
            46.650728
          ],
          [
            7.272237,
            46.650741
          ],
          [
            7.272241,
            46.650801
          ],
          [
            7.272256,
            46.650809
          ],
          [
            7.272288,
            46.650797
          ],
          [
            7.272294,
            46.650783
          ],
          [
            7.27233,
            46.650722
          ],
          [
            7.272338,
            46.650715
          ],
          [
            7.272359,
            46.650696
          ],
          [
            7.272376,
            46.650626
          ],
          [
            7.272401,
            46.650555
          ],
          [
            7.272401,
            46.650504
          ],
          [
            7.272403,
            46.650437
          ],
          [
            7.272394,
            46.650391
          ],
          [
            7.272392,
            46.650353
          ],
          [
            7.27244,
            46.6503
          ],
          [
            7.27247,
            46.650277
          ],
          [
            7.272507,
            46.650272
          ],
          [
            7.272521,
            46.650271
          ],
          [
            7.272567,
            46.650267
          ],
          [
            7.272575,
            46.650272
          ],
          [
            7.272627,
            46.650277
          ],
          [
            7.272628,
            46.650274
          ],
          [
            7.272676,
            46.650255
          ],
          [
            7.27271,
            46.650244
          ],
          [
            7.272719,
            46.650247
          ],
          [
            7.272747,
            46.650246
          ],
          [
            7.272801,
            46.650234
          ],
          [
            7.272877,
            46.650181
          ],
          [
            7.272892,
            46.650171
          ],
          [
            7.272947,
            46.650158
          ],
          [
            7.272969,
            46.650159
          ],
          [
            7.272996,
            46.65018
          ],
          [
            7.273014,
            46.650201
          ],
          [
            7.273036,
            46.650208
          ],
          [
            7.273045,
            46.650207
          ],
          [
            7.273107,
            46.650208
          ],
          [
            7.273113,
            46.650193
          ],
          [
            7.273151,
            46.650175
          ],
          [
            7.273161,
            46.650183
          ],
          [
            7.273182,
            46.650189
          ],
          [
            7.27319,
            46.650207
          ],
          [
            7.273206,
            46.650228
          ],
          [
            7.273225,
            46.650249
          ],
          [
            7.273226,
            46.650252
          ],
          [
            7.273229,
            46.650264
          ],
          [
            7.273237,
            46.650272
          ],
          [
            7.273243,
            46.650279
          ],
          [
            7.273251,
            46.650285
          ],
          [
            7.2733,
            46.650304
          ],
          [
            7.273305,
            46.650302
          ],
          [
            7.273397,
            46.650311
          ],
          [
            7.273405,
            46.650312
          ],
          [
            7.273457,
            46.650296
          ],
          [
            7.273462,
            46.650297
          ],
          [
            7.273491,
            46.650287
          ],
          [
            7.273517,
            46.650288
          ],
          [
            7.273537,
            46.650283
          ],
          [
            7.273575,
            46.650273
          ],
          [
            7.273586,
            46.650268
          ],
          [
            7.273619,
            46.650256
          ],
          [
            7.273642,
            46.650255
          ],
          [
            7.273668,
            46.650247
          ],
          [
            7.273704,
            46.650242
          ],
          [
            7.273724,
            46.650238
          ],
          [
            7.273777,
            46.650224
          ],
          [
            7.273775,
            46.650226
          ],
          [
            7.273837,
            46.65024
          ],
          [
            7.273872,
            46.65025
          ],
          [
            7.273884,
            46.65025
          ],
          [
            7.27392,
            46.650256
          ],
          [
            7.273983,
            46.650259
          ],
          [
            7.274013,
            46.650259
          ],
          [
            7.274056,
            46.650266
          ],
          [
            7.274111,
            46.650277
          ],
          [
            7.27412,
            46.650277
          ],
          [
            7.274134,
            46.650314
          ],
          [
            7.274139,
            46.650345
          ],
          [
            7.274149,
            46.65035
          ],
          [
            7.27416,
            46.650351
          ],
          [
            7.274175,
            46.650348
          ],
          [
            7.27418,
            46.650346
          ],
          [
            7.274203,
            46.650332
          ],
          [
            7.274219,
            46.650317
          ],
          [
            7.274254,
            46.650296
          ],
          [
            7.274289,
            46.650295
          ],
          [
            7.274318,
            46.650293
          ],
          [
            7.274327,
            46.650293
          ],
          [
            7.274368,
            46.65032
          ],
          [
            7.274379,
            46.650331
          ],
          [
            7.274413,
            46.650367
          ],
          [
            7.274461,
            46.650392
          ],
          [
            7.274517,
            46.650392
          ],
          [
            7.274536,
            46.650386
          ],
          [
            7.274554,
            46.650392
          ],
          [
            7.274574,
            46.650399
          ],
          [
            7.274611,
            46.650427
          ],
          [
            7.274635,
            46.650434
          ],
          [
            7.274658,
            46.65045
          ],
          [
            7.274694,
            46.650484
          ],
          [
            7.274698,
            46.650492
          ],
          [
            7.274716,
            46.650506
          ],
          [
            7.274718,
            46.650516
          ],
          [
            7.274729,
            46.650521
          ],
          [
            7.274736,
            46.650524
          ],
          [
            7.27476,
            46.65053
          ],
          [
            7.274784,
            46.650529
          ],
          [
            7.274787,
            46.650524
          ],
          [
            7.274823,
            46.650518
          ],
          [
            7.274831,
            46.650511
          ],
          [
            7.274856,
            46.650503
          ],
          [
            7.274938,
            46.650497
          ],
          [
            7.27507,
            46.650495
          ],
          [
            7.275207,
            46.650503
          ],
          [
            7.275299,
            46.650478
          ],
          [
            7.275405,
            46.650506
          ],
          [
            7.275439,
            46.65053
          ],
          [
            7.275494,
            46.65057
          ],
          [
            7.275504,
            46.650585
          ],
          [
            7.275542,
            46.650609
          ],
          [
            7.275569,
            46.65061
          ],
          [
            7.275593,
            46.650619
          ],
          [
            7.275603,
            46.650623
          ],
          [
            7.275613,
            46.650622
          ],
          [
            7.275583,
            46.650628
          ],
          [
            7.275572,
            46.650631
          ],
          [
            7.275556,
            46.650638
          ],
          [
            7.27554,
            46.650641
          ],
          [
            7.275489,
            46.650639
          ],
          [
            7.275461,
            46.650637
          ],
          [
            7.27545,
            46.650634
          ],
          [
            7.275406,
            46.650645
          ],
          [
            7.275366,
            46.650651
          ],
          [
            7.275342,
            46.65066
          ],
          [
            7.275312,
            46.650673
          ],
          [
            7.275235,
            46.650699
          ],
          [
            7.275195,
            46.650713
          ],
          [
            7.275136,
            46.650738
          ],
          [
            7.275091,
            46.650765
          ],
          [
            7.275061,
            46.65078
          ],
          [
            7.275004,
            46.650843
          ],
          [
            7.275,
            46.650845
          ],
          [
            7.274988,
            46.650884
          ],
          [
            7.274957,
            46.650915
          ],
          [
            7.274956,
            46.650915
          ],
          [
            7.274941,
            46.650937
          ],
          [
            7.27492,
            46.650946
          ],
          [
            7.274919,
            46.650951
          ],
          [
            7.274899,
            46.650995
          ],
          [
            7.274893,
            46.651002
          ],
          [
            7.27487,
            46.651027
          ],
          [
            7.274844,
            46.651065
          ],
          [
            7.274832,
            46.65107
          ],
          [
            7.274812,
            46.6511
          ],
          [
            7.274811,
            46.651123
          ],
          [
            7.274809,
            46.651136
          ],
          [
            7.274796,
            46.651151
          ],
          [
            7.27479,
            46.651163
          ],
          [
            7.27478,
            46.651184
          ],
          [
            7.274779,
            46.651193
          ],
          [
            7.274771,
            46.651234
          ],
          [
            7.274774,
            46.651242
          ],
          [
            7.274753,
            46.651286
          ],
          [
            7.274825,
            46.65133
          ],
          [
            7.274832,
            46.651338
          ],
          [
            7.274856,
            46.651368
          ],
          [
            7.274893,
            46.651393
          ],
          [
            7.274945,
            46.651411
          ],
          [
            7.274979,
            46.651434
          ],
          [
            7.274994,
            46.651508
          ],
          [
            7.275014,
            46.651568
          ],
          [
            7.275036,
            46.651588
          ],
          [
            7.27507,
            46.651599
          ],
          [
            7.275113,
            46.651604
          ],
          [
            7.275121,
            46.6516
          ],
          [
            7.275142,
            46.651589
          ],
          [
            7.275199,
            46.651566
          ],
          [
            7.275295,
            46.651534
          ],
          [
            7.27531,
            46.65153
          ],
          [
            7.275338,
            46.651504
          ],
          [
            7.275355,
            46.651468
          ],
          [
            7.275415,
            46.65141
          ],
          [
            7.275437,
            46.651405
          ],
          [
            7.275508,
            46.651373
          ],
          [
            7.275612,
            46.65132
          ],
          [
            7.275625,
            46.65132
          ],
          [
            7.275717,
            46.651341
          ],
          [
            7.275732,
            46.651345
          ],
          [
            7.275752,
            46.651358
          ],
          [
            7.275749,
            46.651376
          ],
          [
            7.275741,
            46.651381
          ],
          [
            7.275719,
            46.651411
          ],
          [
            7.275706,
            46.65143
          ],
          [
            7.275693,
            46.651454
          ],
          [
            7.27568,
            46.651479
          ],
          [
            7.275673,
            46.651491
          ],
          [
            7.275647,
            46.651586
          ],
          [
            7.275671,
            46.65167
          ],
          [
            7.2757,
            46.651704
          ],
          [
            7.275712,
            46.651715
          ],
          [
            7.275739,
            46.651736
          ],
          [
            7.275761,
            46.651745
          ],
          [
            7.275817,
            46.65175
          ],
          [
            7.27584,
            46.651739
          ],
          [
            7.275849,
            46.651732
          ],
          [
            7.275843,
            46.651726
          ],
          [
            7.275853,
            46.651712
          ],
          [
            7.275869,
            46.651704
          ],
          [
            7.275876,
            46.651703
          ],
          [
            7.275922,
            46.651694
          ],
          [
            7.275949,
            46.651687
          ],
          [
            7.275962,
            46.65168
          ],
          [
            7.276017,
            46.651667
          ],
          [
            7.276103,
            46.651637
          ],
          [
            7.276155,
            46.65162
          ],
          [
            7.276185,
            46.651617
          ],
          [
            7.276222,
            46.651627
          ],
          [
            7.276229,
            46.651637
          ],
          [
            7.276248,
            46.651685
          ],
          [
            7.276237,
            46.651718
          ],
          [
            7.276243,
            46.651739
          ],
          [
            7.276247,
            46.651777
          ],
          [
            7.276256,
            46.651794
          ],
          [
            7.276266,
            46.651801
          ],
          [
            7.276308,
            46.651801
          ],
          [
            7.276314,
            46.6518
          ],
          [
            7.276442,
            46.65176
          ],
          [
            7.276457,
            46.651759
          ],
          [
            7.276467,
            46.651758
          ],
          [
            7.276479,
            46.651748
          ],
          [
            7.276459,
            46.651736
          ],
          [
            7.276447,
            46.651743
          ],
          [
            7.276437,
            46.651751
          ],
          [
            7.276411,
            46.651771
          ],
          [
            7.276404,
            46.651797
          ],
          [
            7.276418,
            46.651818
          ],
          [
            7.276416,
            46.651858
          ],
          [
            7.276426,
            46.651864
          ],
          [
            7.276439,
            46.651873
          ],
          [
            7.276515,
            46.651962
          ],
          [
            7.276557,
            46.652032
          ],
          [
            7.276598,
            46.652086
          ],
          [
            7.276669,
            46.652171
          ],
          [
            7.276676,
            46.652188
          ],
          [
            7.276695,
            46.652248
          ],
          [
            7.276712,
            46.652286
          ],
          [
            7.276796,
            46.652342
          ],
          [
            7.276874,
            46.652366
          ],
          [
            7.276925,
            46.652375
          ],
          [
            7.276971,
            46.652363
          ],
          [
            7.277051,
            46.652342
          ],
          [
            7.277119,
            46.652324
          ],
          [
            7.277171,
            46.652312
          ],
          [
            7.277232,
            46.652311
          ],
          [
            7.27725,
            46.652313
          ],
          [
            7.277322,
            46.652325
          ],
          [
            7.277359,
            46.65233
          ],
          [
            7.277407,
            46.652346
          ],
          [
            7.277498,
            46.652391
          ],
          [
            7.277535,
            46.652409
          ],
          [
            7.277579,
            46.652446
          ],
          [
            7.277601,
            46.652498
          ],
          [
            7.277612,
            46.652546
          ],
          [
            7.277616,
            46.652559
          ],
          [
            7.277647,
            46.652582
          ],
          [
            7.277659,
            46.652577
          ],
          [
            7.277692,
            46.652566
          ],
          [
            7.277717,
            46.65256
          ],
          [
            7.277799,
            46.652546
          ],
          [
            7.277843,
            46.65254
          ],
          [
            7.277865,
            46.652566
          ],
          [
            7.277873,
            46.652576
          ],
          [
            7.277866,
            46.652612
          ],
          [
            7.277835,
            46.652672
          ],
          [
            7.277831,
            46.65273
          ],
          [
            7.277847,
            46.65278
          ],
          [
            7.277856,
            46.652837
          ],
          [
            7.277878,
            46.652884
          ],
          [
            7.277915,
            46.652911
          ],
          [
            7.277942,
            46.652934
          ],
          [
            7.277941,
            46.652943
          ],
          [
            7.277913,
            46.652964
          ],
          [
            7.277813,
            46.653008
          ],
          [
            7.277791,
            46.653016
          ],
          [
            7.277771,
            46.653025
          ],
          [
            7.277672,
            46.653101
          ],
          [
            7.277622,
            46.653151
          ],
          [
            7.277606,
            46.653163
          ],
          [
            7.277539,
            46.65321
          ],
          [
            7.277485,
            46.653236
          ],
          [
            7.277468,
            46.653252
          ],
          [
            7.277459,
            46.653258
          ],
          [
            7.277439,
            46.653281
          ],
          [
            7.277418,
            46.653307
          ],
          [
            7.277416,
            46.65332
          ],
          [
            7.277413,
            46.653333
          ],
          [
            7.277392,
            46.653387
          ],
          [
            7.277397,
            46.653422
          ],
          [
            7.277386,
            46.653505
          ],
          [
            7.277381,
            46.653499
          ],
          [
            7.277356,
            46.653473
          ],
          [
            7.277273,
            46.653505
          ],
          [
            7.277273,
            46.653511
          ],
          [
            7.277341,
            46.653536
          ],
          [
            7.277433,
            46.653638
          ],
          [
            7.277487,
            46.653728
          ],
          [
            7.277499,
            46.653749
          ],
          [
            7.277508,
            46.653852
          ],
          [
            7.277514,
            46.653873
          ],
          [
            7.277526,
            46.653903
          ],
          [
            7.277552,
            46.65393
          ],
          [
            7.277568,
            46.653962
          ],
          [
            7.277568,
            46.654013
          ],
          [
            7.27756,
            46.654066
          ],
          [
            7.277553,
            46.654125
          ],
          [
            7.277551,
            46.654135
          ],
          [
            7.277554,
            46.65422
          ],
          [
            7.277607,
            46.654317
          ],
          [
            7.27762,
            46.654351
          ],
          [
            7.277635,
            46.654439
          ],
          [
            7.277645,
            46.654497
          ],
          [
            7.277695,
            46.654577
          ],
          [
            7.277758,
            46.654707
          ],
          [
            7.277809,
            46.654823
          ],
          [
            7.277831,
            46.654892
          ],
          [
            7.277809,
            46.654928
          ],
          [
            7.277702,
            46.655006
          ],
          [
            7.277625,
            46.655125
          ],
          [
            7.277586,
            46.655217
          ],
          [
            7.277579,
            46.655285
          ],
          [
            7.277591,
            46.655333
          ],
          [
            7.277593,
            46.655334
          ],
          [
            7.277593,
            46.655334
          ],
          [
            7.277593,
            46.655334
          ],
          [
            7.277574,
            46.655346
          ],
          [
            7.277556,
            46.65535
          ],
          [
            7.277547,
            46.655346
          ],
          [
            7.277547,
            46.655346
          ],
          [
            7.277604,
            46.655344
          ],
          [
            7.277602,
            46.655343
          ],
          [
            7.277576,
            46.655339
          ],
          [
            7.277576,
            46.655339
          ],
          [
            7.277576,
            46.655339
          ],
          [
            7.277582,
            46.655326
          ],
          [
            7.277584,
            46.655323
          ],
          [
            7.277584,
            46.655323
          ],
          [
            7.277584,
            46.655323
          ],
          [
            7.277582,
            46.655333
          ],
          [
            7.277593,
            46.655322
          ],
          [
            7.277604,
            46.655325
          ],
          [
            7.277604,
            46.655325
          ],
          [
            7.277596,
            46.655338
          ],
          [
            7.277579,
            46.655264
          ],
          [
            7.277577,
            46.655236
          ],
          [
            7.277611,
            46.655181
          ],
          [
            7.277615,
            46.655151
          ],
          [
            7.27762,
            46.655143
          ],
          [
            7.277626,
            46.655137
          ],
          [
            7.277668,
            46.655148
          ],
          [
            7.277695,
            46.655163
          ],
          [
            7.277715,
            46.65517
          ],
          [
            7.27775,
            46.655164
          ],
          [
            7.277786,
            46.655141
          ],
          [
            7.277794,
            46.655147
          ],
          [
            7.277818,
            46.655142
          ],
          [
            7.27785,
            46.655137
          ],
          [
            7.277858,
            46.655138
          ],
          [
            7.2779,
            46.655123
          ],
          [
            7.27792,
            46.655121
          ],
          [
            7.277939,
            46.655126
          ],
          [
            7.277969,
            46.655144
          ],
          [
            7.277981,
            46.655144
          ],
          [
            7.278008,
            46.655153
          ],
          [
            7.278041,
            46.655162
          ],
          [
            7.278064,
            46.655169
          ],
          [
            7.278088,
            46.655169
          ],
          [
            7.278114,
            46.655154
          ],
          [
            7.278141,
            46.655148
          ],
          [
            7.278153,
            46.655145
          ],
          [
            7.278212,
            46.655125
          ],
          [
            7.278233,
            46.655118
          ],
          [
            7.278243,
            46.655119
          ],
          [
            7.278277,
            46.655114
          ],
          [
            7.278287,
            46.655109
          ],
          [
            7.278306,
            46.655107
          ],
          [
            7.278346,
            46.655107
          ],
          [
            7.278358,
            46.655099
          ],
          [
            7.278383,
            46.65508
          ],
          [
            7.278399,
            46.655086
          ],
          [
            7.278438,
            46.655067
          ],
          [
            7.278462,
            46.655066
          ],
          [
            7.278475,
            46.655061
          ],
          [
            7.278499,
            46.655053
          ],
          [
            7.278526,
            46.655056
          ],
          [
            7.278561,
            46.655055
          ],
          [
            7.278617,
            46.655054
          ],
          [
            7.278646,
            46.655043
          ],
          [
            7.278683,
            46.655042
          ],
          [
            7.278705,
            46.655048
          ],
          [
            7.278735,
            46.655046
          ],
          [
            7.27882,
            46.655048
          ],
          [
            7.278896,
            46.655059
          ],
          [
            7.27894,
            46.655072
          ],
          [
            7.278999,
            46.655075
          ],
          [
            7.27902,
            46.655088
          ],
          [
            7.279042,
            46.655117
          ],
          [
            7.279135,
            46.655128
          ],
          [
            7.279184,
            46.655112
          ],
          [
            7.279197,
            46.655113
          ],
          [
            7.279207,
            46.65512
          ],
          [
            7.279219,
            46.655127
          ],
          [
            7.279242,
            46.655127
          ],
          [
            7.279251,
            46.655127
          ],
          [
            7.27926,
            46.655133
          ],
          [
            7.279278,
            46.655134
          ],
          [
            7.279276,
            46.655134
          ],
          [
            7.279301,
            46.655152
          ],
          [
            7.279305,
            46.655152
          ],
          [
            7.279301,
            46.655151
          ],
          [
            7.27933,
            46.655157
          ],
          [
            7.279359,
            46.655154
          ],
          [
            7.279363,
            46.65516
          ],
          [
            7.279375,
            46.655185
          ],
          [
            7.279378,
            46.655216
          ],
          [
            7.279388,
            46.655241
          ],
          [
            7.279406,
            46.655248
          ],
          [
            7.279397,
            46.655251
          ],
          [
            7.279375,
            46.655268
          ],
          [
            7.279391,
            46.655266
          ],
          [
            7.279417,
            46.655261
          ],
          [
            7.27943,
            46.655263
          ],
          [
            7.279452,
            46.655274
          ],
          [
            7.279453,
            46.655315
          ],
          [
            7.279453,
            46.655324
          ],
          [
            7.279431,
            46.655382
          ],
          [
            7.279432,
            46.655389
          ],
          [
            7.279443,
            46.655383
          ],
          [
            7.279466,
            46.655374
          ],
          [
            7.279513,
            46.655366
          ],
          [
            7.27952,
            46.655372
          ],
          [
            7.279519,
            46.655375
          ],
          [
            7.279491,
            46.655414
          ],
          [
            7.279488,
            46.65542
          ],
          [
            7.279504,
            46.655438
          ],
          [
            7.279509,
            46.655447
          ],
          [
            7.279524,
            46.655456
          ],
          [
            7.279531,
            46.655465
          ],
          [
            7.279537,
            46.655474
          ],
          [
            7.279566,
            46.65548
          ],
          [
            7.279595,
            46.655484
          ],
          [
            7.279593,
            46.655478
          ],
          [
            7.279554,
            46.655514
          ],
          [
            7.27953,
            46.655539
          ],
          [
            7.279532,
            46.655555
          ],
          [
            7.279547,
            46.655545
          ],
          [
            7.279568,
            46.655551
          ],
          [
            7.279567,
            46.655568
          ],
          [
            7.279562,
            46.655578
          ],
          [
            7.279562,
            46.655574
          ],
          [
            7.279571,
            46.655591
          ],
          [
            7.279585,
            46.655595
          ],
          [
            7.279635,
            46.655635
          ],
          [
            7.27964,
            46.655648
          ],
          [
            7.279639,
            46.655672
          ],
          [
            7.279646,
            46.655698
          ],
          [
            7.27967,
            46.655704
          ],
          [
            7.27967,
            46.655704
          ],
          [
            7.279681,
            46.655694
          ],
          [
            7.279684,
            46.655693
          ],
          [
            7.279694,
            46.65571
          ],
          [
            7.279695,
            46.655717
          ],
          [
            7.279697,
            46.655746
          ],
          [
            7.279699,
            46.655764
          ],
          [
            7.279711,
            46.65579
          ],
          [
            7.27971,
            46.655798
          ],
          [
            7.279712,
            46.655822
          ],
          [
            7.279709,
            46.65582
          ],
          [
            7.279701,
            46.655829
          ],
          [
            7.279694,
            46.655843
          ],
          [
            7.279671,
            46.655862
          ],
          [
            7.279642,
            46.655883
          ],
          [
            7.279603,
            46.655902
          ],
          [
            7.279606,
            46.655947
          ],
          [
            7.279608,
            46.655956
          ],
          [
            7.279608,
            46.655996
          ],
          [
            7.27961,
            46.656012
          ],
          [
            7.279625,
            46.656034
          ],
          [
            7.279629,
            46.656038
          ],
          [
            7.279663,
            46.656061
          ],
          [
            7.279678,
            46.656081
          ],
          [
            7.279691,
            46.656096
          ],
          [
            7.279696,
            46.6561
          ],
          [
            7.279729,
            46.656108
          ],
          [
            7.279736,
            46.656111
          ],
          [
            7.279749,
            46.656115
          ],
          [
            7.279756,
            46.656124
          ],
          [
            7.279779,
            46.656146
          ],
          [
            7.27979,
            46.656155
          ],
          [
            7.279814,
            46.656166
          ],
          [
            7.279825,
            46.656171
          ],
          [
            7.279847,
            46.656178
          ],
          [
            7.279867,
            46.656164
          ],
          [
            7.279876,
            46.656156
          ],
          [
            7.279886,
            46.656147
          ],
          [
            7.279925,
            46.656098
          ],
          [
            7.279926,
            46.656094
          ],
          [
            7.279933,
            46.656086
          ],
          [
            7.279971,
            46.656053
          ],
          [
            7.279984,
            46.656037
          ],
          [
            7.279985,
            46.656026
          ],
          [
            7.279988,
            46.656007
          ],
          [
            7.279993,
            46.656012
          ],
          [
            7.279995,
            46.656015
          ],
          [
            7.280013,
            46.65601
          ],
          [
            7.280018,
            46.656009
          ],
          [
            7.280023,
            46.656009
          ],
          [
            7.280031,
            46.655995
          ],
          [
            7.280021,
            46.656003
          ],
          [
            7.280015,
            46.656004
          ],
          [
            7.280033,
            46.655999
          ],
          [
            7.28007,
            46.655986
          ],
          [
            7.280088,
            46.655977
          ],
          [
            7.280131,
            46.655951
          ],
          [
            7.280169,
            46.655922
          ],
          [
            7.280175,
            46.655914
          ],
          [
            7.28016,
            46.655887
          ],
          [
            7.280157,
            46.65588
          ],
          [
            7.280161,
            46.655868
          ],
          [
            7.280192,
            46.655861
          ],
          [
            7.280222,
            46.655861
          ],
          [
            7.280193,
            46.655846
          ],
          [
            7.28019,
            46.655845
          ],
          [
            7.280184,
            46.655841
          ],
          [
            7.280178,
            46.65584
          ],
          [
            7.280115,
            46.655864
          ],
          [
            7.280095,
            46.65587
          ],
          [
            7.280086,
            46.655875
          ],
          [
            7.280109,
            46.655883
          ],
          [
            7.280114,
            46.655882
          ],
          [
            7.280142,
            46.655888
          ],
          [
            7.280137,
            46.655903
          ],
          [
            7.280146,
            46.655908
          ],
          [
            7.280203,
            46.655943
          ],
          [
            7.280218,
            46.655952
          ],
          [
            7.280255,
            46.655975
          ],
          [
            7.280277,
            46.655997
          ],
          [
            7.280292,
            46.65601
          ],
          [
            7.280309,
            46.656022
          ],
          [
            7.280343,
            46.656052
          ],
          [
            7.280357,
            46.656089
          ],
          [
            7.280363,
            46.656107
          ],
          [
            7.280399,
            46.656166
          ],
          [
            7.280406,
            46.656167
          ],
          [
            7.280431,
            46.656203
          ],
          [
            7.280435,
            46.656213
          ],
          [
            7.280431,
            46.656253
          ],
          [
            7.28043,
            46.656274
          ],
          [
            7.280427,
            46.656323
          ],
          [
            7.280464,
            46.656347
          ],
          [
            7.280416,
            46.656329
          ],
          [
            7.280411,
            46.656325
          ],
          [
            7.280384,
            46.656295
          ],
          [
            7.280388,
            46.656291
          ],
          [
            7.280448,
            46.656282
          ],
          [
            7.280448,
            46.656302
          ],
          [
            7.280401,
            46.656305
          ],
          [
            7.280376,
            46.656322
          ],
          [
            7.280321,
            46.656384
          ],
          [
            7.28023,
            46.656461
          ],
          [
            7.28016,
            46.656521
          ],
          [
            7.280143,
            46.656539
          ],
          [
            7.28008,
            46.656592
          ],
          [
            7.28007,
            46.656599
          ],
          [
            7.27994,
            46.656638
          ],
          [
            7.279873,
            46.656639
          ],
          [
            7.279804,
            46.656637
          ],
          [
            7.279674,
            46.656609
          ],
          [
            7.279572,
            46.656598
          ],
          [
            7.279557,
            46.656597
          ],
          [
            7.279433,
            46.656597
          ],
          [
            7.279396,
            46.656598
          ],
          [
            7.27931,
            46.656608
          ],
          [
            7.279277,
            46.656605
          ],
          [
            7.279184,
            46.656631
          ],
          [
            7.279186,
            46.656641
          ],
          [
            7.279196,
            46.656659
          ],
          [
            7.279231,
            46.656696
          ],
          [
            7.279237,
            46.656707
          ],
          [
            7.279249,
            46.656744
          ],
          [
            7.279248,
            46.65679
          ],
          [
            7.279235,
            46.656794
          ],
          [
            7.279176,
            46.656823
          ],
          [
            7.279092,
            46.65686
          ],
          [
            7.27903,
            46.656897
          ],
          [
            7.278959,
            46.656919
          ],
          [
            7.278898,
            46.656941
          ],
          [
            7.278885,
            46.656945
          ],
          [
            7.278809,
            46.656965
          ],
          [
            7.278795,
            46.656969
          ],
          [
            7.27875,
            46.656987
          ],
          [
            7.278707,
            46.656997
          ],
          [
            7.278638,
            46.657003
          ],
          [
            7.278617,
            46.657004
          ],
          [
            7.278568,
            46.657015
          ],
          [
            7.278465,
            46.657042
          ],
          [
            7.278353,
            46.657057
          ],
          [
            7.278253,
            46.657086
          ],
          [
            7.278184,
            46.657136
          ],
          [
            7.278157,
            46.65718
          ],
          [
            7.278145,
            46.657201
          ],
          [
            7.278094,
            46.657255
          ],
          [
            7.278066,
            46.657277
          ],
          [
            7.278058,
            46.657287
          ],
          [
            7.277961,
            46.65735
          ],
          [
            7.277837,
            46.657415
          ],
          [
            7.277821,
            46.657423
          ],
          [
            7.277722,
            46.657463
          ],
          [
            7.277673,
            46.657481
          ],
          [
            7.277597,
            46.657512
          ],
          [
            7.277549,
            46.657563
          ],
          [
            7.277548,
            46.65757
          ],
          [
            7.277539,
            46.657616
          ],
          [
            7.277531,
            46.657633
          ],
          [
            7.277514,
            46.657654
          ],
          [
            7.277489,
            46.657676
          ],
          [
            7.27748,
            46.657692
          ],
          [
            7.277474,
            46.657702
          ],
          [
            7.277472,
            46.65771
          ],
          [
            7.277438,
            46.657741
          ],
          [
            7.277421,
            46.657767
          ],
          [
            7.277415,
            46.657775
          ],
          [
            7.277391,
            46.657813
          ],
          [
            7.277384,
            46.657818
          ],
          [
            7.277358,
            46.657836
          ],
          [
            7.277344,
            46.657843
          ],
          [
            7.27733,
            46.657858
          ],
          [
            7.277325,
            46.657876
          ],
          [
            7.277309,
            46.657907
          ],
          [
            7.277303,
            46.657913
          ],
          [
            7.277303,
            46.657921
          ],
          [
            7.277288,
            46.657931
          ],
          [
            7.277269,
            46.657973
          ],
          [
            7.277259,
            46.657984
          ],
          [
            7.277242,
            46.65802
          ],
          [
            7.277234,
            46.658027
          ],
          [
            7.27722,
            46.658043
          ],
          [
            7.277163,
            46.658097
          ],
          [
            7.277151,
            46.658105
          ],
          [
            7.277109,
            46.658122
          ],
          [
            7.277104,
            46.658122
          ],
          [
            7.277067,
            46.658114
          ],
          [
            7.276927,
            46.65808
          ],
          [
            7.27689,
            46.658069
          ],
          [
            7.276806,
            46.658036
          ],
          [
            7.276783,
            46.658026
          ],
          [
            7.276711,
            46.657993
          ],
          [
            7.276609,
            46.657961
          ],
          [
            7.276455,
            46.657939
          ],
          [
            7.276397,
            46.657936
          ],
          [
            7.27638,
            46.657934
          ],
          [
            7.276359,
            46.657932
          ],
          [
            7.276341,
            46.657931
          ],
          [
            7.276307,
            46.657926
          ],
          [
            7.276275,
            46.657916
          ],
          [
            7.276191,
            46.657912
          ],
          [
            7.276036,
            46.657874
          ],
          [
            7.275962,
            46.657849
          ],
          [
            7.27596,
            46.657847
          ],
          [
            7.275966,
            46.657847
          ],
          [
            7.275973,
            46.657849
          ],
          [
            7.275964,
            46.657848
          ],
          [
            7.275915,
            46.657839
          ],
          [
            7.275746,
            46.657786
          ],
          [
            7.275593,
            46.657736
          ],
          [
            7.275437,
            46.657711
          ],
          [
            7.275376,
            46.65771
          ],
          [
            7.275312,
            46.657704
          ],
          [
            7.275288,
            46.657703
          ],
          [
            7.275217,
            46.657701
          ],
          [
            7.275132,
            46.657704
          ],
          [
            7.275073,
            46.657709
          ],
          [
            7.274987,
            46.657715
          ],
          [
            7.274864,
            46.657724
          ],
          [
            7.274692,
            46.657738
          ],
          [
            7.274668,
            46.657747
          ],
          [
            7.274637,
            46.657774
          ],
          [
            7.274616,
            46.657792
          ],
          [
            7.274602,
            46.657822
          ],
          [
            7.274577,
            46.657864
          ],
          [
            7.274553,
            46.657896
          ],
          [
            7.274537,
            46.65794
          ],
          [
            7.274533,
            46.657952
          ],
          [
            7.27453,
            46.657965
          ],
          [
            7.274485,
            46.658021
          ],
          [
            7.274456,
            46.65805
          ],
          [
            7.274441,
            46.658065
          ],
          [
            7.274394,
            46.658115
          ],
          [
            7.274376,
            46.658119
          ],
          [
            7.274358,
            46.658148
          ],
          [
            7.274339,
            46.658202
          ],
          [
            7.274306,
            46.658239
          ],
          [
            7.274287,
            46.658259
          ],
          [
            7.274272,
            46.658265
          ],
          [
            7.274212,
            46.658297
          ],
          [
            7.274131,
            46.658324
          ],
          [
            7.274056,
            46.658361
          ],
          [
            7.274014,
            46.658371
          ],
          [
            7.273996,
            46.658363
          ],
          [
            7.273938,
            46.65837
          ],
          [
            7.273882,
            46.658382
          ],
          [
            7.273838,
            46.658399
          ],
          [
            7.27379,
            46.658455
          ],
          [
            7.273778,
            46.658484
          ],
          [
            7.27379,
            46.658494
          ],
          [
            7.273808,
            46.658526
          ],
          [
            7.273815,
            46.658547
          ],
          [
            7.273812,
            46.658586
          ],
          [
            7.273815,
            46.658639
          ],
          [
            7.273817,
            46.658653
          ],
          [
            7.273831,
            46.658671
          ],
          [
            7.273838,
            46.658726
          ],
          [
            7.273836,
            46.65875
          ],
          [
            7.27384,
            46.658792
          ],
          [
            7.273844,
            46.658851
          ],
          [
            7.273837,
            46.658897
          ],
          [
            7.273845,
            46.658925
          ],
          [
            7.273843,
            46.658935
          ],
          [
            7.273841,
            46.658975
          ],
          [
            7.273856,
            46.658998
          ],
          [
            7.273866,
            46.659013
          ],
          [
            7.273888,
            46.659016
          ],
          [
            7.273939,
            46.659023
          ],
          [
            7.273993,
            46.659023
          ],
          [
            7.274026,
            46.659013
          ],
          [
            7.274075,
            46.658984
          ]
        ]
      },
      "properties": {
        "name": "18260847711"
      }
    }
  ]
}