{
  "type": "FeatureCollection",
  "features": [
    {
      "type": "Feature",
      "geometry": {
        "type": "LineString",
        "coordinates": [
          [
            7.902584,
            45.718404
          ],
          [
            7.902576,
            45.718407
          ],
          [
            7.902582,
            45.718403
          ],
          [
            7.902563,
            45.718404
          ],
          [
            7.902564,
            45.718404
          ],
          [
            7.902563,
            45.718402
          ],
          [
            7.90258,
            45.71839
          ],
          [
            7.902589,
            45.718386
          ],
          [
            7.902685,
            45.718391
          ],
          [
            7.902714,
            45.718398
          ],
          [
            7.902738,
            45.718401
          ],
          [
            7.902741,
            45.718404
          ],
          [
            7.902758,
            45.71842
          ],
          [
            7.902764,
            45.718438
          ],
          [
            7.902768,
            45.718446
          ],
          [
            7.902787,
            45.718454
          ],
          [
            7.902792,
            45.718461
          ],
          [
            7.902792,
            45.718465
          ],
          [
            7.902796,
            45.718467
          ],
          [
            7.902812,
            45.718481
          ],
          [
            7.902813,
            45.718484
          ],
          [
            7.902813,
            45.718493
          ],
          [
            7.902813,
            45.718498
          ],
          [
            7.902815,
            45.71851
          ],
          [
            7.902815,
            45.718523
          ],
          [
            7.902819,
            45.718526
          ],
          [
            7.902821,
            45.718531
          ],
          [
            7.902825,
            45.718563
          ],
          [
            7.902842,
            45.718581
          ],
          [
            7.902857,
            45.718599
          ],
          [
            7.902858,
            45.718601
          ],
          [
            7.902861,
            45.718607
          ],
          [
            7.902864,
            45.718616
          ],
          [
            7.902866,
            45.718615
          ],
          [
            7.902883,
            45.718634
          ],
          [
            7.902896,
            45.71864
          ],
          [
            7.90296,
            45.718653
          ],
          [
            7.902977,
            45.718653
          ],
          [
            7.902997,
            45.718669
          ],
          [
            7.902966,
            45.718651
          ],
          [
            7.902985,
            45.718664
          ],
          [
            7.902989,
            45.718665
          ],
          [
            7.902988,
            45.718664
          ],
          [
            7.902988,
            45.718664
          ],
          [
            7.902988,
            45.718664
          ],
          [
            7.903008,
            45.718669
          ],
          [
            7.903101,
            45.718692
          ],
          [
            7.903127,
            45.718695
          ],
          [
            7.903166,
            45.718692
          ],
          [
            7.903194,
            45.718693
          ],
          [
            7.903222,
            45.71869
          ],
          [
            7.903277,
            45.71869
          ],
          [
            7.903287,
            45.71869
          ],
          [
            7.903297,
            45.718691
          ],
          [
            7.903311,
            45.718692
          ],
          [
            7.903322,
            45.718691
          ],
          [
            7.903343,
            45.718691
          ],
          [
            7.903352,
            45.718692
          ],
          [
            7.903389,
            45.71869
          ],
          [
            7.903405,
            45.718692
          ],
          [
            7.903418,
            45.718691
          ],
          [
            7.903466,
            45.718679
          ],
          [
            7.903468,
            45.718677
          ],
          [
            7.903537,
            45.718653
          ],
          [
            7.903579,
            45.718642
          ],
          [
            7.903602,
            45.718637
          ],
          [
            7.903618,
            45.71863
          ],
          [
            7.903623,
            45.718629
          ],
          [
            7.903667,
            45.718629
          ],
          [
            7.903691,
            45.718629
          ],
          [
            7.903712,
            45.718626
          ],
          [
            7.903742,
            45.718618
          ],
          [
            7.903751,
            45.718615
          ],
          [
            7.903795,
            45.718621
          ],
          [
            7.903824,
            45.718632
          ],
          [
            7.903833,
            45.718632
          ],
          [
            7.903899,
            45.718625
          ],
          [
            7.903901,
            45.718624
          ],
          [
            7.903937,
            45.718612
          ],
          [
            7.903962,
            45.718598
          ],
          [
            7.904012,
            45.718583
          ],
          [
            7.904025,
            45.718585
          ],
          [
            7.904059,
            45.718592
          ],
          [
            7.904099,
            45.7186
          ],
          [
            7.904105,
            45.718601
          ],
          [
            7.904149,
            45.718601
          ],
          [
            7.904183,
            45.718606
          ],
          [
            7.904228,
            45.718614
          ],
          [
            7.904246,
            45.718615
          ],
          [
            7.90429,
            45.718607
          ],
          [
            7.904296,
            45.71859
          ],
          [
            7.904311,
            45.718587
          ],
          [
            7.904348,
            45.718579
          ],
          [
            7.904352,
            45.718578
          ],
          [
            7.904415,
            45.718571
          ],
          [
            7.904448,
            45.718549
          ],
          [
            7.904469,
            45.718514
          ],
          [
            7.904524,
            45.718483
          ],
          [
            7.904587,
            45.718439
          ],
          [
            7.904601,
            45.718431
          ],
          [
            7.904616,
            45.718419
          ],
          [
            7.904637,
            45.718415
          ],
          [
            7.904675,
            45.718404
          ],
          [
            7.904687,
            45.718403
          ],
          [
            7.904738,
            45.718402
          ],
          [
            7.904755,
            45.718398
          ],
          [
            7.904771,
            45.718397
          ],
          [
            7.904776,
            45.718396
          ],
          [
            7.904824,
            45.718393
          ],
          [
            7.904846,
            45.71839
          ],
          [
            7.904853,
            45.718391
          ],
          [
            7.904935,
            45.718383
          ],
          [
            7.90494,
            45.71838
          ],
          [
            7.904976,
            45.718376
          ],
          [
            7.904981,
            45.71838
          ],
          [
            7.905036,
            45.718383
          ],
          [
            7.905049,
            45.718386
          ],
          [
            7.905095,
            45.718387
          ],
          [
            7.905098,
            45.718385
          ],
          [
            7.905126,
            45.718386
          ],
          [
            7.905158,
            45.718384
          ],
          [
            7.905191,
            45.718376
          ],
          [
            7.905204,
            45.71837
          ],
          [
            7.905224,
            45.71836
          ],
          [
            7.905247,
            45.718356
          ],
          [
            7.905265,
            45.718363
          ],
          [
            7.905311,
            45.718379
          ],
          [
            7.905317,
            45.718381
          ],
          [
            7.905367,
            45.718385
          ],
          [
            7.905372,
            45.718384
          ],
          [
            7.905433,
            45.718396
          ],
          [
            7.905444,
            45.718402
          ],
          [
            7.905479,
            45.718425
          ],
          [
            7.905511,
            45.718426
          ],
          [
            7.905566,
            45.718423
          ],
          [
            7.905608,
            45.718422
          ],
          [
            7.905623,
            45.718429
          ],
          [
            7.905658,
            45.71844
          ],
          [
            7.90569,
            45.718458
          ],
          [
            7.905707,
            45.718465
          ],
          [
            7.905714,
            45.71847
          ],
          [
            7.905718,
            45.718472
          ],
          [
            7.905735,
            45.718499
          ],
          [
            7.905741,
            45.718505
          ],
          [
            7.905786,
            45.71852
          ],
          [
            7.905819,
            45.718535
          ],
          [
            7.905833,
            45.718534
          ],
          [
            7.905838,
            45.718532
          ],
          [
            7.905877,
            45.718531
          ],
          [
            7.90589,
            45.718539
          ],
          [
            7.9059,
            45.718549
          ],
          [
            7.905916,
            45.718566
          ],
          [
            7.905952,
            45.718585
          ],
          [
            7.905957,
            45.718588
          ],
          [
            7.905984,
            45.7186
          ],
          [
            7.906002,
            45.718607
          ],
          [
            7.906008,
            45.718609
          ],
          [
            7.906051,
            45.718629
          ],
          [
            7.906059,
            45.718632
          ],
          [
            7.906097,
            45.718646
          ],
          [
            7.906128,
            45.718658
          ],
          [
            7.906139,
            45.718664
          ],
          [
            7.906176,
            45.718681
          ],
          [
            7.906181,
            45.718683
          ],
          [
            7.906211,
            45.718694
          ],
          [
            7.906235,
            45.718711
          ],
          [
            7.906243,
            45.718714
          ],
          [
            7.906286,
            45.718731
          ],
          [
            7.90629,
            45.718737
          ],
          [
            7.906324,
            45.71876
          ],
          [
            7.906328,
            45.718766
          ],
          [
            7.906372,
            45.718784
          ],
          [
            7.906376,
            45.718788
          ],
          [
            7.906411,
            45.718803
          ],
          [
            7.906431,
            45.71882
          ],
          [
            7.906433,
            45.718823
          ],
          [
            7.906459,
            45.718834
          ],
          [
            7.906501,
            45.718841
          ],
          [
            7.906527,
            45.718844
          ],
          [
            7.906532,
            45.718853
          ],
          [
            7.906577,
            45.718878
          ],
          [
            7.906583,
            45.718887
          ],
          [
            7.906605,
            45.71891
          ],
          [
            7.906626,
            45.718923
          ],
          [
            7.906666,
            45.718943
          ],
          [
            7.906673,
            45.718947
          ],
          [
            7.906722,
            45.718976
          ],
          [
            7.906727,
            45.718995
          ],
          [
            7.906762,
            45.719016
          ],
          [
            7.906768,
            45.719024
          ],
          [
            7.90678,
            45.719047
          ],
          [
            7.906786,
            45.719072
          ],
          [
            7.906788,
            45.719078
          ],
          [
            7.90679,
            45.719092
          ],
          [
            7.906794,
            45.719098
          ],
          [
            7.906795,
            45.719123
          ],
          [
            7.906808,
            45.719152
          ],
          [
            7.9068,
            45.719138
          ],
          [
            7.906799,
            45.719129
          ],
          [
            7.906811,
            45.719128
          ],
          [
            7.906809,
            45.719127
          ],
          [
            7.906812,
            45.719141
          ],
          [
            7.906813,
            45.719135
          ],
          [
            7.906813,
            45.719135
          ],
          [
            7.906813,
            45.719135
          ],
          [
            7.906813,
            45.719135
          ],
          [
            7.906813,
            45.719135
          ],
          [
            7.906813,
            45.719136
          ],
          [
            7.906817,
            45.719138
          ],
          [
            7.906813,
            45.719135
          ],
          [
            7.906813,
            45.719135
          ],
          [
            7.906813,
            45.719135
          ],
          [
            7.906813,
            45.719135
          ],
          [
            7.906813,
            45.719135
          ],
          [
            7.906813,
            45.719135
          ],
          [
            7.906813,
            45.719135
          ],
          [
            7.906813,
            45.719135
          ],
          [
            7.906813,
            45.719135
          ],
          [
            7.906813,
            45.719135
          ],
          [
            7.906815,
            45.719132
          ],
          [
            7.906819,
            45.719143
          ],
          [
            7.906841,
            45.719163
          ],
          [
            7.906852,
            45.719177
          ],
          [
            7.906878,
            45.719206
          ],
          [
            7.906932,
            45.719259
          ],
          [
            7.906967,
            45.719291
          ],
          [
            7.906986,
            45.719307
          ],
          [
            7.906999,
            45.719317
          ],
          [
            7.907011,
            45.71933
          ],
          [
            7.907022,
            45.719355
          ],
          [
            7.907032,
            45.719395
          ],
          [
            7.907035,
            45.719399
          ],
          [
            7.907052,
            45.719435
          ],
          [
            7.907075,
            45.71945
          ],
          [
            7.907136,
            45.719485
          ],
          [
            7.907147,
            45.719493
          ],
          [
            7.907172,
            45.719525
          ],
          [
            7.907193,
            45.719543
          ],
          [
            7.907203,
            45.719552
          ],
          [
            7.907239,
            45.71958
          ],
          [
            7.907253,
            45.719587
          ],
          [
            7.907269,
            45.719601
          ],
          [
            7.907315,
            45.719621
          ],
          [
            7.907321,
            45.719622
          ],
          [
            7.907332,
            45.719634
          ],
          [
            7.907351,
            45.719646
          ],
          [
            7.907368,
            45.719655
          ],
          [
            7.907408,
            45.719684
          ],
          [
            7.907478,
            45.71972
          ],
          [
            7.907486,
            45.719724
          ],
          [
            7.907549,
            45.719755
          ],
          [
            7.907592,
            45.719785
          ],
          [
            7.907604,
            45.719789
          ],
          [
            7.907614,
            45.719801
          ],
          [
            7.907676,
            45.719827
          ],
          [
            7.907703,
            45.719841
          ],
          [
            7.907733,
            45.719864
          ],
          [
            7.907773,
            45.719895
          ],
          [
            7.90778,
            45.719902
          ],
          [
            7.907816,
            45.71992
          ],
          [
            7.907837,
            45.719932
          ],
          [
            7.907878,
            45.719964
          ],
          [
            7.907883,
            45.719971
          ],
          [
            7.907945,
            45.720017
          ],
          [
            7.907977,
            45.720033
          ],
          [
            7.907994,
            45.72005
          ],
          [
            7.908032,
            45.720094
          ],
          [
            7.908035,
            45.720097
          ],
          [
            7.908067,
            45.720128
          ],
          [
            7.908066,
            45.720135
          ],
          [
            7.90807,
            45.720173
          ],
          [
            7.908077,
            45.720184
          ],
          [
            7.908095,
            45.7202
          ],
          [
            7.908108,
            45.720213
          ],
          [
            7.908124,
            45.720254
          ],
          [
            7.908129,
            45.72027
          ],
          [
            7.908155,
            45.7203
          ],
          [
            7.908184,
            45.720325
          ],
          [
            7.908253,
            45.720384
          ],
          [
            7.908314,
            45.720414
          ],
          [
            7.908329,
            45.720418
          ],
          [
            7.908371,
            45.720436
          ],
          [
            7.908411,
            45.720461
          ],
          [
            7.908474,
            45.720512
          ],
          [
            7.908538,
            45.720545
          ],
          [
            7.908591,
            45.720569
          ],
          [
            7.908652,
            45.720589
          ],
          [
            7.908723,
            45.720589
          ],
          [
            7.908749,
            45.720593
          ],
          [
            7.908756,
            45.720597
          ],
          [
            7.908767,
            45.720613
          ],
          [
            7.908783,
            45.720642
          ],
          [
            7.908787,
            45.720677
          ],
          [
            7.908792,
            45.720697
          ],
          [
            7.908799,
            45.720725
          ],
          [
            7.908805,
            45.720726
          ],
          [
            7.90881,
            45.720736
          ],
          [
            7.908811,
            45.720754
          ],
          [
            7.908807,
            45.720754
          ],
          [
            7.908813,
            45.720784
          ],
          [
            7.908824,
            45.720814
          ],
          [
            7.908844,
            45.720828
          ],
          [
            7.908873,
            45.720862
          ],
          [
            7.908888,
            45.720885
          ],
          [
            7.90889,
            45.720892
          ],
          [
            7.908916,
            45.720934
          ],
          [
            7.908932,
            45.720951
          ],
          [
            7.908943,
            45.720959
          ],
          [
            7.908971,
            45.720976
          ],
          [
            7.908977,
            45.720979
          ],
          [
            7.909011,
            45.721008
          ],
          [
            7.909041,
            45.721023
          ],
          [
            7.909059,
            45.721034
          ],
          [
            7.909099,
            45.721063
          ],
          [
            7.909117,
            45.721076
          ],
          [
            7.909142,
            45.721095
          ],
          [
            7.909167,
            45.721113
          ],
          [
            7.909212,
            45.721158
          ],
          [
            7.909225,
            45.72117
          ],
          [
            7.909178,
            45.721196
          ],
          [
            7.909165,
            45.721197
          ],
          [
            7.909119,
            45.721216
          ],
          [
            7.909111,
            45.721226
          ],
          [
            7.909089,
            45.721256
          ],
          [
            7.909073,
            45.721288
          ],
          [
            7.909062,
            45.7213
          ],
          [
            7.909038,
            45.721304
          ],
          [
            7.909003,
            45.721312
          ],
          [
            7.908986,
            45.721348
          ],
          [
            7.909008,
            45.721389
          ],
          [
            7.909019,
            45.721404
          ],
          [
            7.909068,
            45.721417
          ],
          [
            7.909084,
            45.72142
          ],
          [
            7.909129,
            45.721428
          ],
          [
            7.909165,
            45.721435
          ],
          [
            7.909171,
            45.721442
          ],
          [
            7.909209,
            45.721454
          ],
          [
            7.909224,
            45.721467
          ],
          [
            7.909273,
            45.721531
          ],
          [
            7.90929,
            45.72159
          ],
          [
            7.909296,
            45.721608
          ],
          [
            7.909324,
            45.721646
          ],
          [
            7.90934,
            45.72167
          ],
          [
            7.909375,
            45.721739
          ],
          [
            7.909375,
            45.721747
          ],
          [
            7.909392,
            45.721779
          ],
          [
            7.909425,
            45.721806
          ],
          [
            7.909435,
            45.721815
          ],
          [
            7.90947,
            45.721863
          ],
          [
            7.909475,
            45.721878
          ],
          [
            7.909491,
            45.721929
          ],
          [
            7.90951,
            45.721988
          ],
          [
            7.909524,
            45.722003
          ],
          [
            7.909552,
            45.722027
          ],
          [
            7.909577,
            45.722066
          ],
          [
            7.909589,
            45.722079
          ],
          [
            7.909617,
            45.722127
          ],
          [
            7.909635,
            45.722141
          ],
          [
            7.90965,
            45.722146
          ],
          [
            7.909703,
            45.722159
          ],
          [
            7.909749,
            45.722173
          ],
          [
            7.909807,
            45.722193
          ],
          [
            7.909881,
            45.722231
          ],
          [
            7.909894,
            45.722246
          ],
          [
            7.909939,
            45.722296
          ],
          [
            7.909993,
            45.722335
          ],
          [
            7.910027,
            45.722365
          ],
          [
            7.910084,
            45.722386
          ],
          [
            7.910166,
            45.72241
          ],
          [
            7.910172,
            45.722414
          ],
          [
            7.910173,
            45.722423
          ],
          [
            7.910174,
            45.72245
          ],
          [
            7.910177,
            45.722458
          ],
          [
            7.910191,
            45.722494
          ],
          [
            7.910199,
            45.722499
          ],
          [
            7.910261,
            45.722519
          ],
          [
            7.910276,
            45.722523
          ],
          [
            7.910285,
            45.722542
          ],
          [
            7.910346,
            45.722599
          ],
          [
            7.910355,
            45.722606
          ],
          [
            7.910367,
            45.72269
          ],
          [
            7.91038,
            45.722729
          ],
          [
            7.910406,
            45.72277
          ],
          [
            7.91047,
            45.722805
          ],
          [
            7.910495,
            45.722811
          ],
          [
            7.910552,
            45.722863
          ],
          [
            7.9106,
            45.722947
          ],
          [
            7.910651,
            45.723009
          ],
          [
            7.910672,
            45.72305
          ],
          [
            7.910692,
            45.723072
          ],
          [
            7.910737,
            45.723148
          ],
          [
            7.91079,
            45.723164
          ],
          [
            7.910822,
            45.723167
          ],
          [
            7.910921,
            45.72321
          ],
          [
            7.911028,
            45.723265
          ],
          [
            7.91106,
            45.723263
          ],
          [
            7.911067,
            45.723261
          ],
          [
            7.911111,
            45.723276
          ],
          [
            7.91114,
            45.723299
          ],
          [
            7.911172,
            45.723333
          ],
          [
            7.911261,
            45.723357
          ],
          [
            7.911301,
            45.723353
          ],
          [
            7.911366,
            45.723346
          ],
          [
            7.911454,
            45.72332
          ],
          [
            7.911505,
            45.723299
          ],
          [
            7.911498,
            45.723312
          ],
          [
            7.911496,
            45.723314
          ],
          [
            7.911499,
            45.723326
          ],
          [
            7.911529,
            45.723311
          ],
          [
            7.911531,
            45.72332
          ],
          [
            7.911523,
            45.72332
          ],
          [
            7.911523,
            45.72332
          ],
          [
            7.911529,
            45.723313
          ],
          [
            7.911526,
            45.72331
          ],
          [
            7.911555,
            45.723306
          ],
          [
            7.911549,
            45.723309
          ],
          [
            7.911538,
            45.723312
          ],
          [
            7.911535,
            45.723313
          ],
          [
            7.911551,
            45.723323
          ],
          [
            7.91153,
            45.72331
          ],
          [
            7.911577,
            45.723307
          ],
          [
            7.911661,
            45.723326
          ],
          [
            7.911723,
            45.723308
          ],
          [
            7.911736,
            45.723307
          ],
          [
            7.911745,
            45.723307
          ],
          [
            7.911816,
            45.723299
          ],
          [
            7.911826,
            45.723288
          ],
          [
            7.911819,
            45.723285
          ],
          [
            7.911821,
            45.723283
          ],
          [
            7.911826,
            45.723281
          ],
          [
            7.911839,
            45.723272
          ],
          [
            7.911881,
            45.723252
          ],
          [
            7.911929,
            45.723219
          ],
          [
            7.911957,
            45.723211
          ],
          [
            7.911969,
            45.723209
          ],
          [
            7.911973,
            45.723179
          ],
          [
            7.911959,
            45.723167
          ],
          [
            7.91193,
            45.723133
          ],
          [
            7.911918,
            45.723121
          ],
          [
            7.911861,
            45.723091
          ],
          [
            7.911842,
            45.723081
          ],
          [
            7.911802,
            45.72305
          ],
          [
            7.911793,
            45.723044
          ],
          [
            7.911779,
            45.723016
          ],
          [
            7.911761,
            45.723001
          ],
          [
            7.911763,
            45.722993
          ],
          [
            7.911772,
            45.722986
          ],
          [
            7.911795,
            45.72296
          ],
          [
            7.911805,
            45.722957
          ],
          [
            7.911837,
            45.722937
          ],
          [
            7.911844,
            45.722941
          ],
          [
            7.911898,
            45.722946
          ],
          [
            7.911909,
            45.722939
          ],
          [
            7.911915,
            45.722934
          ],
          [
            7.911964,
            45.722912
          ],
          [
            7.911975,
            45.722913
          ],
          [
            7.911999,
            45.722918
          ],
          [
            7.912053,
            45.722932
          ],
          [
            7.912124,
            45.722943
          ],
          [
            7.912156,
            45.722949
          ],
          [
            7.912214,
            45.722965
          ],
          [
            7.912287,
            45.722978
          ],
          [
            7.912335,
            45.722982
          ],
          [
            7.912354,
            45.722992
          ],
          [
            7.912438,
            45.723033
          ],
          [
            7.912453,
            45.72304
          ],
          [
            7.912517,
            45.723057
          ],
          [
            7.91259,
            45.723076
          ],
          [
            7.912602,
            45.723078
          ],
          [
            7.91267,
            45.723104
          ],
          [
            7.91273,
            45.723106
          ],
          [
            7.912757,
            45.723104
          ],
          [
            7.912846,
            45.723102
          ],
          [
            7.912933,
            45.723077
          ],
          [
            7.912997,
            45.723064
          ],
          [
            7.913041,
            45.723057
          ],
          [
            7.913076,
            45.723051
          ],
          [
            7.913152,
            45.72304
          ],
          [
            7.913162,
            45.723037
          ],
          [
            7.913209,
            45.723033
          ],
          [
            7.913254,
            45.723026
          ],
          [
            7.91332,
            45.723002
          ],
          [
            7.913349,
            45.722987
          ],
          [
            7.913366,
            45.722984
          ],
          [
            7.91339,
            45.722986
          ],
          [
            7.913404,
            45.722984
          ],
          [
            7.913448,
            45.722963
          ],
          [
            7.913463,
            45.722962
          ],
          [
            7.913466,
            45.722959
          ],
          [
            7.91355,
            45.722934
          ],
          [
            7.913564,
            45.722918
          ],
          [
            7.913592,
            45.722874
          ],
          [
            7.913619,
            45.722854
          ],
          [
            7.913641,
            45.722833
          ],
          [
            7.913648,
            45.722821
          ],
          [
            7.913653,
            45.722794
          ],
          [
            7.913614,
            45.722761
          ],
          [
            7.913651,
            45.722752
          ],
          [
            7.913682,
            45.722742
          ],
          [
            7.913712,
            45.722732
          ],
          [
            7.913762,
            45.7227
          ],
          [
            7.913781,
            45.722692
          ],
          [
            7.913787,
            45.722686
          ],
          [
            7.913817,
            45.722661
          ],
          [
            7.913895,
            45.722612
          ],
          [
            7.913924,
            45.722598
          ],
          [
            7.913955,
            45.722588
          ],
          [
            7.913998,
            45.722567
          ],
          [
            7.914022,
            45.722555
          ],
          [
            7.914063,
            45.722537
          ],
          [
            7.914079,
            45.722531
          ],
          [
            7.914113,
            45.722507
          ],
          [
            7.914131,
            45.722482
          ],
          [
            7.914148,
            45.722455
          ],
          [
            7.914168,
            45.722418
          ],
          [
            7.914208,
            45.72238
          ],
          [
            7.914217,
            45.722367
          ],
          [
            7.914256,
            45.722288
          ],
          [
            7.914258,
            45.722279
          ],
          [
            7.914261,
            45.722179
          ],
          [
            7.914276,
            45.722093
          ],
          [
            7.914274,
            45.722081
          ],
          [
            7.914293,
            45.722033
          ],
          [
            7.914321,
            45.722027
          ],
          [
            7.914352,
            45.722019
          ],
          [
            7.91438,
            45.722022
          ],
          [
            7.914428,
            45.722028
          ],
          [
            7.914446,
            45.722028
          ],
          [
            7.914478,
            45.722022
          ],
          [
            7.914505,
            45.722022
          ],
          [
            7.914534,
            45.722022
          ],
          [
            7.914576,
            45.722024
          ],
          [
            7.914592,
            45.722013
          ],
          [
            7.914611,
            45.721999
          ],
          [
            7.914619,
            45.721994
          ],
          [
            7.914656,
            45.72199
          ],
          [
            7.914674,
            45.721989
          ],
          [
            7.914684,
            45.721989
          ],
          [
            7.914738,
            45.721975
          ],
          [
            7.914767,
            45.721957
          ],
          [
            7.914783,
            45.721946
          ],
          [
            7.91482,
            45.721933
          ],
          [
            7.914831,
            45.72193
          ],
          [
            7.914846,
            45.721918
          ],
          [
            7.914843,
            45.721911
          ],
          [
            7.914823,
            45.721904
          ],
          [
            7.91483,
            45.721898
          ],
          [
            7.914817,
            45.721895
          ],
          [
            7.914804,
            45.721903
          ],
          [
            7.91478,
            45.721899
          ],
          [
            7.914803,
            45.721893
          ],
          [
            7.914823,
            45.721904
          ],
          [
            7.914834,
            45.721907
          ],
          [
            7.914849,
            45.721905
          ],
          [
            7.914856,
            45.721905
          ],
          [
            7.914865,
            45.721907
          ],
          [
            7.914869,
            45.721912
          ],
          [
            7.914921,
            45.721925
          ],
          [
            7.914943,
            45.72192
          ],
          [
            7.914955,
            45.721923
          ],
          [
            7.914975,
            45.721931
          ],
          [
            7.914993,
            45.721939
          ],
          [
            7.915032,
            45.721956
          ],
          [
            7.915042,
            45.72196
          ],
          [
            7.915087,
            45.721972
          ],
          [
            7.91511,
            45.721975
          ],
          [
            7.915125,
            45.721973
          ],
          [
            7.915129,
            45.72197
          ],
          [
            7.915166,
            45.721945
          ],
          [
            7.915173,
            45.72194
          ],
          [
            7.91521,
            45.721922
          ],
          [
            7.91522,
            45.72192
          ],
          [
            7.915255,
            45.721919
          ],
          [
            7.915265,
            45.721917
          ],
          [
            7.915277,
            45.721908
          ],
          [
            7.915284,
            45.721902
          ],
          [
            7.915316,
            45.721882
          ],
          [
            7.915339,
            45.721861
          ],
          [
            7.915369,
            45.721838
          ],
          [
            7.91538,
            45.72183
          ],
          [
            7.915387,
            45.721827
          ],
          [
            7.915395,
            45.721825
          ],
          [
            7.91543,
            45.721807
          ],
          [
            7.915471,
            45.721773
          ],
          [
            7.915477,
            45.721769
          ],
          [
            7.915506,
            45.72176
          ],
          [
            7.915509,
            45.721753
          ],
          [
            7.91553,
            45.721766
          ],
          [
            7.915535,
            45.721767
          ],
          [
            7.915558,
            45.721777
          ],
          [
            7.915584,
            45.721776
          ],
          [
            7.915595,
            45.721781
          ],
          [
            7.915606,
            45.721779
          ],
          [
            7.915623,
            45.72178
          ],
          [
            7.915642,
            45.721773
          ],
          [
            7.91565,
            45.721766
          ],
          [
            7.91566,
            45.721764
          ],
          [
            7.915686,
            45.721755
          ],
          [
            7.915695,
            45.721751
          ],
          [
            7.915728,
            45.721729
          ],
          [
            7.91574,
            45.721718
          ],
          [
            7.915753,
            45.721727
          ],
          [
            7.915783,
            45.721741
          ],
          [
            7.915793,
            45.721737
          ],
          [
            7.915818,
            45.721757
          ],
          [
            7.915819,
            45.721768
          ],
          [
            7.915837,
            45.721783
          ],
          [
            7.915844,
            45.721786
          ],
          [
            7.915853,
            45.721793
          ],
          [
            7.915861,
            45.721795
          ],
          [
            7.915905,
            45.7218
          ],
          [
            7.915908,
            45.721803
          ],
          [
            7.915946,
            45.72182
          ],
          [
            7.915962,
            45.721823
          ],
          [
            7.916001,
            45.721827
          ],
          [
            7.91604,
            45.721816
          ],
          [
            7.916054,
            45.721797
          ],
          [
            7.916069,
            45.721798
          ],
          [
            7.916074,
            45.721796
          ],
          [
            7.916091,
            45.721787
          ],
          [
            7.916106,
            45.721741
          ],
          [
            7.916135,
            45.721718
          ],
          [
            7.916143,
            45.72171
          ],
          [
            7.916166,
            45.721714
          ],
          [
            7.916178,
            45.721722
          ],
          [
            7.916199,
            45.721718
          ],
          [
            7.916226,
            45.721715
          ],
          [
            7.916291,
            45.721727
          ],
          [
            7.916296,
            45.721726
          ],
          [
            7.916311,
            45.721731
          ],
          [
            7.916327,
            45.721726
          ],
          [
            7.916339,
            45.721718
          ],
          [
            7.916355,
            45.721713
          ],
          [
            7.916383,
            45.721728
          ],
          [
            7.916391,
            45.721732
          ],
          [
            7.916434,
            45.72175
          ],
          [
            7.916457,
            45.721754
          ],
          [
            7.916468,
            45.721755
          ],
          [
            7.916486,
            45.721749
          ],
          [
            7.916491,
            45.721717
          ],
          [
            7.916477,
            45.72169
          ],
          [
            7.916499,
            45.721661
          ],
          [
            7.916505,
            45.721665
          ],
          [
            7.916533,
            45.721684
          ],
          [
            7.916566,
            45.721674
          ],
          [
            7.916583,
            45.721672
          ],
          [
            7.91661,
            45.72166
          ],
          [
            7.916642,
            45.721641
          ],
          [
            7.916654,
            45.721641
          ],
          [
            7.916676,
            45.721647
          ],
          [
            7.91669,
            45.721654
          ],
          [
            7.916714,
            45.721651
          ],
          [
            7.916722,
            45.721652
          ],
          [
            7.91674,
            45.721672
          ],
          [
            7.91675,
            45.721676
          ],
          [
            7.91677,
            45.721664
          ],
          [
            7.916784,
            45.721661
          ],
          [
            7.916837,
            45.721636
          ],
          [
            7.916872,
            45.721637
          ],
          [
            7.916882,
            45.72164
          ],
          [
            7.916899,
            45.721626
          ],
          [
            7.916899,
            45.721632
          ],
          [
            7.916899,
            45.721632
          ],
          [
            7.916899,
            45.721632
          ],
          [
            7.916899,
            45.721632
          ],
          [
            7.9169,
            45.721625
          ],
          [
            7.916894,
            45.721631
          ],
          [
            7.916893,
            45.72163
          ],
          [
            7.916905,
            45.721626
          ],
          [
            7.916897,
            45.721624
          ],
          [
            7.916909,
            45.721631
          ],
          [
            7.916918,
            45.721629
          ],
          [
            7.916913,
            45.721627
          ],
          [
            7.916912,
            45.721632
          ],
          [
            7.91692,
            45.721637
          ],
          [
            7.91692,
            45.721637
          ],
          [
            7.91692,
            45.721637
          ],
          [
            7.91692,
            45.721637
          ],
          [
            7.91692,
            45.721637
          ],
          [
            7.91692,
            45.721637
          ],
          [
            7.91692,
            45.721637
          ],
          [
            7.91692,
            45.721637
          ],
          [
            7.91692,
            45.721637
          ],
          [
            7.91692,
            45.721637
          ],
          [
            7.91692,
            45.721637
          ],
          [
            7.916918,
            45.721631
          ],
          [
            7.916894,
            45.721628
          ],
          [
            7.916898,
            45.721622
          ],
          [
            7.916904,
            45.721631
          ],
          [
            7.916898,
            45.721622
          ],
          [
            7.916908,
            45.721634
          ],
          [
            7.916927,
            45.721635
          ],
          [
            7.91694,
            45.721637
          ],
          [
            7.916951,
            45.721635
          ],
          [
            7.916982,
            45.721626
          ],
          [
            7.916995,
            45.72163
          ],
          [
            7.917025,
            45.721629
          ],
          [
            7.91704,
            45.721605
          ],
          [
            7.917049,
            45.721595
          ],
          [
            7.917071,
            45.721595
          ],
          [
            7.917091,
            45.721603
          ],
          [
            7.917109,
            45.721617
          ],
          [
            7.917125,
            45.721623
          ],
          [
            7.917133,
            45.721623
          ],
          [
            7.917164,
            45.721605
          ],
          [
            7.917169,
            45.721599
          ],
          [
            7.917173,
            45.721594
          ],
          [
            7.917193,
            45.721584
          ],
          [
            7.917198,
            45.721594
          ],
          [
            7.9172,
            45.721592
          ],
          [
            7.917209,
            45.721595
          ],
          [
            7.917211,
            45.721601
          ],
          [
            7.91721,
            45.721605
          ],
          [
            7.917219,
            45.721618
          ],
          [
            7.917243,
            45.721618
          ],
          [
            7.917258,
            45.721613
          ],
          [
            7.917267,
            45.721607
          ],
          [
            7.91728,
            45.721631
          ],
          [
            7.917281,
            45.721638
          ],
          [
            7.917305,
            45.721648
          ],
          [
            7.917307,
            45.721653
          ],
          [
            7.917331,
            45.721684
          ],
          [
            7.917357,
            45.721676
          ],
          [
            7.917368,
            45.721675
          ],
          [
            7.917379,
            45.721673
          ],
          [
            7.917396,
            45.721667
          ],
          [
            7.917398,
            45.721645
          ],
          [
            7.917416,
            45.721654
          ],
          [
            7.917417,
            45.721665
          ],
          [
            7.917418,
            45.721675
          ],
          [
            7.917421,
            45.721699
          ],
          [
            7.917469,
            45.721699
          ],
          [
            7.917473,
            45.721691
          ],
          [
            7.917488,
            45.721671
          ],
          [
            7.917493,
            45.721657
          ],
          [
            7.917495,
            45.721628
          ],
          [
            7.917498,
            45.721624
          ],
          [
            7.917536,
            45.721583
          ],
          [
            7.917548,
            45.721581
          ],
          [
            7.91756,
            45.721584
          ],
          [
            7.917594,
            45.721596
          ],
          [
            7.917607,
            45.721601
          ],
          [
            7.917609,
            45.721604
          ],
          [
            7.917648,
            45.721621
          ],
          [
            7.917655,
            45.721626
          ],
          [
            7.917645,
            45.721626
          ],
          [
            7.917614,
            45.721652
          ],
          [
            7.917612,
            45.721658
          ],
          [
            7.917649,
            45.721681
          ],
          [
            7.917663,
            45.721693
          ],
          [
            7.917715,
            45.721705
          ],
          [
            7.917716,
            45.721705
          ],
          [
            7.917765,
            45.721685
          ],
          [
            7.917781,
            45.721682
          ],
          [
            7.917803,
            45.721693
          ],
          [
            7.91783,
            45.721708
          ],
          [
            7.91783,
            45.721709
          ],
          [
            7.91786,
            45.721721
          ],
          [
            7.917868,
            45.721723
          ],
          [
            7.917869,
            45.721721
          ],
          [
            7.917906,
            45.72173
          ],
          [
            7.917914,
            45.72173
          ],
          [
            7.91793,
            45.721732
          ],
          [
            7.917944,
            45.721736
          ],
          [
            7.917986,
            45.721744
          ],
          [
            7.917993,
            45.721749
          ],
          [
            7.91797,
            45.721757
          ],
          [
            7.917962,
            45.721756
          ],
          [
            7.917951,
            45.721777
          ],
          [
            7.917949,
            45.721785
          ],
          [
            7.917951,
            45.721795
          ],
          [
            7.917954,
            45.72181
          ],
          [
            7.91799,
            45.721826
          ],
          [
            7.918028,
            45.721829
          ],
          [
            7.918062,
            45.721823
          ],
          [
            7.918088,
            45.721828
          ],
          [
            7.9181,
            45.721825
          ],
          [
            7.918137,
            45.721816
          ],
          [
            7.918147,
            45.721816
          ],
          [
            7.918139,
            45.721831
          ],
          [
            7.918132,
            45.721835
          ],
          [
            7.918142,
            45.721849
          ],
          [
            7.918144,
            45.721849
          ],
          [
            7.918139,
            45.72186
          ],
          [
            7.918149,
            45.721883
          ],
          [
            7.918183,
            45.721883
          ],
          [
            7.918216,
            45.721871
          ],
          [
            7.918224,
            45.721871
          ],
          [
            7.918252,
            45.721879
          ],
          [
            7.918247,
            45.721884
          ],
          [
            7.918255,
            45.721891
          ],
          [
            7.918266,
            45.721901
          ],
          [
            7.918282,
            45.721903
          ],
          [
            7.918323,
            45.721899
          ],
          [
            7.918326,
            45.721902
          ],
          [
            7.918341,
            45.721906
          ],
          [
            7.918349,
            45.721912
          ],
          [
            7.918381,
            45.721913
          ],
          [
            7.918392,
            45.721907
          ],
          [
            7.918426,
            45.721908
          ],
          [
            7.91846,
            45.721926
          ],
          [
            7.918462,
            45.721928
          ],
          [
            7.918446,
            45.721921
          ],
          [
            7.918427,
            45.721928
          ],
          [
            7.918449,
            45.721927
          ],
          [
            7.91846,
            45.721927
          ],
          [
            7.918459,
            45.721928
          ],
          [
            7.918474,
            45.721934
          ],
          [
            7.918506,
            45.721938
          ],
          [
            7.918509,
            45.721938
          ],
          [
            7.918567,
            45.721937
          ],
          [
            7.918575,
            45.721934
          ],
          [
            7.918597,
            45.721904
          ],
          [
            7.918598,
            45.721904
          ],
          [
            7.918598,
            45.721904
          ],
          [
            7.918598,
            45.721904
          ],
          [
            7.918598,
            45.721904
          ],
          [
            7.918598,
            45.721904
          ],
          [
            7.918598,
            45.721904
          ],
          [
            7.918598,
            45.721904
          ],
          [
            7.918579,
            45.721902
          ],
          [
            7.918585,
            45.721893
          ],
          [
            7.918591,
            45.721887
          ],
          [
            7.918646,
            45.721885
          ],
          [
            7.918648,
            45.721889
          ],
          [
            7.91864,
            45.721899
          ],
          [
            7.918645,
            45.721905
          ],
          [
            7.918634,
            45.721917
          ],
          [
            7.918631,
            45.721931
          ],
          [
            7.918649,
            45.721949
          ],
          [
            7.918664,
            45.721955
          ],
          [
            7.918703,
            45.721959
          ],
          [
            7.918699,
            45.721962
          ],
          [
            7.918711,
            45.721975
          ],
          [
            7.918712,
            45.721972
          ],
          [
            7.918747,
            45.721968
          ],
          [
            7.918768,
            45.721962
          ],
          [
            7.91879,
            45.721955
          ],
          [
            7.918833,
            45.721946
          ],
          [
            7.91884,
            45.721942
          ],
          [
            7.91888,
            45.721921
          ],
          [
            7.918883,
            45.721923
          ],
          [
            7.918882,
            45.721931
          ],
          [
            7.918864,
            45.721932
          ],
          [
            7.918852,
            45.721949
          ],
          [
            7.918827,
            45.721961
          ],
          [
            7.918824,
            45.721967
          ],
          [
            7.918826,
            45.721996
          ],
          [
            7.918829,
            45.721998
          ],
          [
            7.918867,
            45.722005
          ],
          [
            7.918907,
            45.721999
          ],
          [
            7.918909,
            45.721998
          ],
          [
            7.918882,
            45.722007
          ],
          [
            7.918871,
            45.722011
          ],
          [
            7.918859,
            45.722016
          ],
          [
            7.918855,
            45.722018
          ],
          [
            7.918849,
            45.722042
          ],
          [
            7.918854,
            45.72206
          ],
          [
            7.918858,
            45.722075
          ],
          [
            7.918859,
            45.722078
          ],
          [
            7.918862,
            45.722106
          ],
          [
            7.918861,
            45.72211
          ],
          [
            7.918891,
            45.722126
          ],
          [
            7.918887,
            45.722132
          ],
          [
            7.918879,
            45.722144
          ],
          [
            7.918896,
            45.722161
          ],
          [
            7.918905,
            45.722164
          ],
          [
            7.918909,
            45.72217
          ],
          [
            7.918893,
            45.722185
          ],
          [
            7.918888,
            45.722197
          ],
          [
            7.918885,
            45.722227
          ],
          [
            7.918903,
            45.72225
          ],
          [
            7.918919,
            45.72225
          ],
          [
            7.918958,
            45.722231
          ],
          [
            7.918972,
            45.722231
          ],
          [
            7.919001,
            45.722206
          ],
          [
            7.919015,
            45.722199
          ],
          [
            7.919056,
            45.722172
          ],
          [
            7.919063,
            45.722166
          ],
          [
            7.919104,
            45.722161
          ],
          [
            7.91911,
            45.722162
          ],
          [
            7.919119,
            45.722165
          ],
          [
            7.91913,
            45.722161
          ],
          [
            7.919143,
            45.722154
          ],
          [
            7.919146,
            45.722147
          ],
          [
            7.919166,
            45.722135
          ],
          [
            7.919157,
            45.722136
          ],
          [
            7.919148,
            45.722143
          ],
          [
            7.919133,
            45.722159
          ],
          [
            7.919109,
            45.722198
          ],
          [
            7.919127,
            45.722202
          ],
          [
            7.919142,
            45.722208
          ],
          [
            7.91917,
            45.722219
          ],
          [
            7.919181,
            45.722217
          ],
          [
            7.919229,
            45.7222
          ],
          [
            7.919252,
            45.722187
          ],
          [
            7.919274,
            45.722179
          ],
          [
            7.919279,
            45.722178
          ],
          [
            7.91926,
            45.722206
          ],
          [
            7.919248,
            45.722218
          ],
          [
            7.91926,
            45.722229
          ],
          [
            7.919267,
            45.722232
          ],
          [
            7.919332,
            45.722229
          ],
          [
            7.919336,
            45.722223
          ],
          [
            7.919344,
            45.722219
          ],
          [
            7.919352,
            45.722215
          ],
          [
            7.919372,
            45.722207
          ],
          [
            7.919381,
            45.722204
          ],
          [
            7.919418,
            45.722178
          ],
          [
            7.919427,
            45.722169
          ],
          [
            7.919443,
            45.722167
          ],
          [
            7.919437,
            45.722173
          ],
          [
            7.919431,
            45.722201
          ],
          [
            7.919427,
            45.722212
          ],
          [
            7.919426,
            45.722216
          ],
          [
            7.919425,
            45.722218
          ],
          [
            7.919442,
            45.722218
          ],
          [
            7.919489,
            45.722218
          ],
          [
            7.919541,
            45.722203
          ],
          [
            7.91956,
            45.722199
          ],
          [
            7.919573,
            45.722197
          ],
          [
            7.919587,
            45.722195
          ],
          [
            7.919626,
            45.722224
          ],
          [
            7.919624,
            45.722236
          ],
          [
            7.91963,
            45.722238
          ],
          [
            7.919657,
            45.722227
          ],
          [
            7.919666,
            45.722225
          ],
          [
            7.919682,
            45.722233
          ],
          [
            7.919681,
            45.72224
          ],
          [
            7.91971,
            45.722257
          ],
          [
            7.919716,
            45.722257
          ],
          [
            7.919729,
            45.722261
          ],
          [
            7.919745,
            45.722259
          ],
          [
            7.919775,
            45.722252
          ],
          [
            7.919787,
            45.72225
          ],
          [
            7.919797,
            45.722246
          ],
          [
            7.919782,
            45.722248
          ],
          [
            7.919781,
            45.722235
          ],
          [
            7.919785,
            45.722232
          ],
          [
            7.919785,
            45.722232
          ],
          [
            7.919785,
            45.722232
          ],
          [
            7.919785,
            45.722232
          ],
          [
            7.919792,
            45.722235
          ],
          [
            7.919785,
            45.722232
          ],
          [
            7.91982,
            45.722214
          ],
          [
            7.919843,
            45.722193
          ],
          [
            7.919855,
            45.722208
          ],
          [
            7.91985,
            45.722238
          ],
          [
            7.91984,
            45.722242
          ],
          [
            7.919839,
            45.722268
          ],
          [
            7.919863,
            45.722277
          ],
          [
            7.919872,
            45.722276
          ],
          [
            7.919915,
            45.722263
          ],
          [
            7.919941,
            45.722249
          ],
          [
            7.919964,
            45.722223
          ],
          [
            7.91997,
            45.722213
          ],
          [
            7.919999,
            45.722206
          ],
          [
            7.920019,
            45.722198
          ],
          [
            7.920014,
            45.722215
          ],
          [
            7.920009,
            45.72222
          ],
          [
            7.919995,
            45.72224
          ],
          [
            7.920013,
            45.722258
          ],
          [
            7.92003,
            45.722253
          ],
          [
            7.920057,
            45.72224
          ],
          [
            7.920088,
            45.722238
          ],
          [
            7.920091,
            45.722239
          ],
          [
            7.920114,
            45.722227
          ],
          [
            7.920119,
            45.722216
          ],
          [
            7.920122,
            45.722213
          ],
          [
            7.920128,
            45.722208
          ],
          [
            7.920139,
            45.722205
          ],
          [
            7.920172,
            45.72219
          ],
          [
            7.920174,
            45.72219
          ],
          [
            7.920161,
            45.722208
          ],
          [
            7.920158,
            45.722214
          ],
          [
            7.920159,
            45.722242
          ],
          [
            7.920162,
            45.722246
          ],
          [
            7.920206,
            45.72224
          ],
          [
            7.920253,
            45.722216
          ],
          [
            7.920246,
            45.72224
          ],
          [
            7.920245,
            45.722274
          ],
          [
            7.920254,
            45.722267
          ],
          [
            7.920283,
            45.72225
          ],
          [
            7.920305,
            45.722232
          ],
          [
            7.920321,
            45.722224
          ],
          [
            7.920323,
            45.722241
          ],
          [
            7.920319,
            45.722253
          ],
          [
            7.92031,
            45.722267
          ],
          [
            7.920307,
            45.72227
          ],
          [
            7.920307,
            45.72227
          ],
          [
            7.920307,
            45.72227
          ],
          [
            7.920307,
            45.72227
          ],
          [
            7.920315,
            45.722274
          ],
          [
            7.920329,
            45.722275
          ],
          [
            7.920384,
            45.72225
          ],
          [
            7.920384,
            45.722249
          ],
          [
            7.920411,
            45.722253
          ],
          [
            7.920428,
            45.722249
          ],
          [
            7.920437,
            45.722253
          ],
          [
            7.920423,
            45.722297
          ],
          [
            7.92043,
            45.722303
          ],
          [
            7.920441,
            45.722315
          ],
          [
            7.920466,
            45.722341
          ],
          [
            7.92047,
            45.722352
          ],
          [
            7.920465,
            45.722373
          ],
          [
            7.920451,
            45.722383
          ],
          [
            7.920438,
            45.722386
          ],
          [
            7.920399,
            45.722401
          ],
          [
            7.920387,
            45.722421
          ],
          [
            7.920385,
            45.722425
          ],
          [
            7.920384,
            45.722431
          ],
          [
            7.920407,
            45.722478
          ],
          [
            7.920406,
            45.722514
          ],
          [
            7.920368,
            45.722555
          ],
          [
            7.920376,
            45.722562
          ],
          [
            7.920376,
            45.722562
          ],
          [
            7.920436,
            45.722525
          ],
          [
            7.92047,
            45.722515
          ],
          [
            7.920505,
            45.722475
          ],
          [
            7.920534,
            45.722459
          ],
          [
            7.920565,
            45.722455
          ],
          [
            7.920605,
            45.722446
          ],
          [
            7.920615,
            45.722441
          ],
          [
            7.920646,
            45.722424
          ],
          [
            7.92066,
            45.72241
          ],
          [
            7.920676,
            45.722401
          ],
          [
            7.920696,
            45.722403
          ],
          [
            7.920703,
            45.722416
          ],
          [
            7.920713,
            45.722423
          ],
          [
            7.920741,
            45.722408
          ],
          [
            7.920749,
            45.722393
          ],
          [
            7.920768,
            45.72238
          ],
          [
            7.920773,
            45.722359
          ],
          [
            7.920781,
            45.722346
          ],
          [
            7.920779,
            45.722346
          ],
          [
            7.920774,
            45.722347
          ],
          [
            7.920779,
            45.722339
          ],
          [
            7.920787,
            45.722324
          ],
          [
            7.920787,
            45.722334
          ],
          [
            7.920788,
            45.722339
          ],
          [
            7.920781,
            45.722346
          ],
          [
            7.920781,
            45.722346
          ],
          [
            7.920759,
            45.722345
          ],
          [
            7.920757,
            45.722342
          ],
          [
            7.920753,
            45.722343
          ],
          [
            7.920751,
            45.722346
          ],
          [
            7.92075,
            45.722348
          ],
          [
            7.920757,
            45.722342
          ],
          [
            7.920749,
            45.722351
          ],
          [
            7.92074,
            45.722367
          ],
          [
            7.92074,
            45.722367
          ],
          [
            7.920738,
            45.72237
          ],
          [
            7.92075,
            45.722366
          ],
          [
            7.920748,
            45.72238
          ],
          [
            7.92075,
            45.722382
          ],
          [
            7.920754,
            45.722384
          ],
          [
            7.920766,
            45.722383
          ],
          [
            7.920769,
            45.722385
          ],
          [
            7.920774,
            45.722388
          ],
          [
            7.920773,
            45.722391
          ],
          [
            7.920773,
            45.72239
          ],
          [
            7.920773,
            45.72239
          ],
          [
            7.920773,
            45.72239
          ],
          [
            7.920773,
            45.72239
          ],
          [
            7.920781,
            45.722375
          ],
          [
            7.920785,
            45.72237
          ],
          [
            7.920789,
            45.722372
          ],
          [
            7.920792,
            45.722378
          ],
          [
            7.920789,
            45.722372
          ],
          [
            7.920789,
            45.722372
          ],
          [
            7.920789,
            45.722372
          ],
          [
            7.920789,
            45.722372
          ],
          [
            7.920789,
            45.722372
          ],
          [
            7.920789,
            45.722372
          ],
          [
            7.920789,
            45.722372
          ],
          [
            7.920775,
            45.722378
          ],
          [
            7.920789,
            45.722372
          ],
          [
            7.920789,
            45.722372
          ],
          [
            7.920789,
            45.722372
          ],
          [
            7.920789,
            45.722372
          ],
          [
            7.920789,
            45.722372
          ],
          [
            7.920789,
            45.722372
          ],
          [
            7.920789,
            45.722372
          ],
          [
            7.920778,
            45.722375
          ],
          [
            7.920781,
            45.722381
          ],
          [
            7.920778,
            45.722382
          ],
          [
            7.920777,
            45.722372
          ],
          [
            7.920788,
            45.722375
          ],
          [
            7.920789,
            45.722387
          ],
          [
            7.920787,
            45.722387
          ],
          [
            7.920783,
            45.722383
          ],
          [
            7.920825,
            45.722409
          ],
          [
            7.920821,
            45.722412
          ],
          [
            7.920794,
            45.722412
          ],
          [
            7.920791,
            45.722412
          ],
          [
            7.920819,
            45.7224
          ],
          [
            7.920804,
            45.722389
          ],
          [
            7.920794,
            45.722399
          ],
          [
            7.920792,
            45.722405
          ],
          [
            7.92079,
            45.722404
          ],
          [
            7.920803,
            45.722402
          ],
          [
            7.920799,
            45.722401
          ],
          [
            7.920799,
            45.7224
          ],
          [
            7.920815,
            45.722418
          ],
          [
            7.92081,
            45.722407
          ],
          [
            7.920817,
            45.722404
          ],
          [
            7.920787,
            45.722391
          ],
          [
            7.92078,
            45.722387
          ],
          [
            7.920799,
            45.722393
          ],
          [
            7.920783,
            45.722392
          ],
          [
            7.920775,
            45.722392
          ],
          [
            7.920783,
            45.722391
          ],
          [
            7.920781,
            45.722392
          ],
          [
            7.920786,
            45.722389
          ],
          [
            7.920779,
            45.722387
          ],
          [
            7.920789,
            45.722393
          ],
          [
            7.920779,
            45.722382
          ],
          [
            7.920771,
            45.72238
          ],
          [
            7.920791,
            45.722403
          ],
          [
            7.920799,
            45.722407
          ],
          [
            7.920801,
            45.722404
          ],
          [
            7.920797,
            45.722391
          ],
          [
            7.920804,
            45.722398
          ],
          [
            7.920798,
            45.722399
          ],
          [
            7.920789,
            45.722393
          ],
          [
            7.9208,
            45.722396
          ],
          [
            7.920798,
            45.722398
          ],
          [
            7.920787,
            45.722398
          ],
          [
            7.920789,
            45.722394
          ],
          [
            7.920797,
            45.722395
          ],
          [
            7.920797,
            45.722394
          ],
          [
            7.920803,
            45.722395
          ],
          [
            7.920793,
            45.7224
          ],
          [
            7.920791,
            45.722392
          ],
          [
            7.92078,
            45.7224
          ],
          [
            7.920793,
            45.722402
          ],
          [
            7.920801,
            45.722416
          ],
          [
            7.920804,
            45.722412
          ],
          [
            7.920798,
            45.722413
          ],
          [
            7.920807,
            45.722419
          ],
          [
            7.920799,
            45.722404
          ],
          [
            7.920786,
            45.722389
          ],
          [
            7.920779,
            45.722388
          ],
          [
            7.920759,
            45.722386
          ],
          [
            7.920759,
            45.722387
          ],
          [
            7.920758,
            45.722386
          ],
          [
            7.920759,
            45.722383
          ],
          [
            7.920781,
            45.722415
          ],
          [
            7.920778,
            45.722383
          ],
          [
            7.920777,
            45.722383
          ],
          [
            7.920781,
            45.722388
          ],
          [
            7.920797,
            45.722398
          ],
          [
            7.920797,
            45.722397
          ],
          [
            7.920796,
            45.722397
          ],
          [
            7.920795,
            45.722399
          ],
          [
            7.920785,
            45.722396
          ],
          [
            7.920782,
            45.722395
          ],
          [
            7.92077,
            45.722374
          ],
          [
            7.920771,
            45.722368
          ],
          [
            7.920779,
            45.72238
          ],
          [
            7.920775,
            45.722363
          ],
          [
            7.920754,
            45.722379
          ],
          [
            7.920754,
            45.722363
          ],
          [
            7.920763,
            45.722355
          ],
          [
            7.920792,
            45.722379
          ],
          [
            7.920784,
            45.722368
          ],
          [
            7.920778,
            45.722359
          ],
          [
            7.9208,
            45.722371
          ],
          [
            7.920781,
            45.722361
          ],
          [
            7.920793,
            45.722355
          ],
          [
            7.920802,
            45.722355
          ],
          [
            7.920793,
            45.722358
          ],
          [
            7.920807,
            45.722354
          ],
          [
            7.920763,
            45.722357
          ],
          [
            7.920755,
            45.722392
          ],
          [
            7.920796,
            45.722376
          ],
          [
            7.920795,
            45.722375
          ],
          [
            7.920797,
            45.722378
          ],
          [
            7.920808,
            45.722382
          ],
          [
            7.92081,
            45.722371
          ],
          [
            7.920803,
            45.722386
          ],
          [
            7.920811,
            45.722386
          ],
          [
            7.920809,
            45.722383
          ],
          [
            7.920819,
            45.722379
          ],
          [
            7.920818,
            45.722379
          ],
          [
            7.920808,
            45.722383
          ],
          [
            7.920802,
            45.722382
          ],
          [
            7.920812,
            45.722383
          ],
          [
            7.920814,
            45.722382
          ],
          [
            7.920809,
            45.722389
          ],
          [
            7.920829,
            45.722362
          ],
          [
            7.920836,
            45.722334
          ],
          [
            7.920853,
            45.722321
          ],
          [
            7.92088,
            45.722309
          ],
          [
            7.920889,
            45.722304
          ],
          [
            7.920929,
            45.722251
          ],
          [
            7.920934,
            45.722247
          ],
          [
            7.920942,
            45.722234
          ],
          [
            7.920944,
            45.722235
          ],
          [
            7.920957,
            45.722235
          ],
          [
            7.920957,
            45.722241
          ],
          [
            7.920969,
            45.722238
          ],
          [
            7.921009,
            45.722231
          ],
          [
            7.92103,
            45.722216
          ],
          [
            7.921035,
            45.722211
          ],
          [
            7.921067,
            45.722196
          ],
          [
            7.921075,
            45.722184
          ],
          [
            7.921089,
            45.722176
          ],
          [
            7.92113,
            45.722151
          ],
          [
            7.921142,
            45.722146
          ],
          [
            7.921171,
            45.722134
          ],
          [
            7.921193,
            45.722121
          ],
          [
            7.921202,
            45.722092
          ],
          [
            7.921204,
            45.722083
          ],
          [
            7.921216,
            45.722051
          ],
          [
            7.921225,
            45.722021
          ],
          [
            7.921232,
            45.722021
          ],
          [
            7.921244,
            45.722032
          ],
          [
            7.921245,
            45.722033
          ],
          [
            7.921293,
            45.722034
          ],
          [
            7.921297,
            45.722037
          ],
          [
            7.921327,
            45.72204
          ],
          [
            7.921337,
            45.72204
          ],
          [
            7.921364,
            45.722059
          ],
          [
            7.921386,
            45.722069
          ],
          [
            7.921429,
            45.722062
          ],
          [
            7.921434,
            45.72205
          ],
          [
            7.921439,
            45.722035
          ],
          [
            7.921443,
            45.722042
          ],
          [
            7.921439,
            45.722056
          ],
          [
            7.921446,
            45.72207
          ],
          [
            7.921441,
            45.722073
          ],
          [
            7.92144,
            45.722074
          ],
          [
            7.921435,
            45.722075
          ],
          [
            7.921435,
            45.722079
          ],
          [
            7.921435,
            45.722079
          ],
          [
            7.921434,
            45.722079
          ],
          [
            7.921443,
            45.722083
          ],
          [
            7.921443,
            45.722083
          ],
          [
            7.921443,
            45.722083
          ],
          [
            7.921451,
            45.722101
          ],
          [
            7.921455,
            45.722105
          ],
          [
            7.921505,
            45.722095
          ],
          [
            7.921503,
            45.72209
          ],
          [
            7.921549,
            45.722076
          ],
          [
            7.921563,
            45.722086
          ],
          [
            7.921565,
            45.722091
          ],
          [
            7.921596,
            45.7221
          ],
          [
            7.921613,
            45.722089
          ],
          [
            7.921623,
            45.722085
          ],
          [
            7.921643,
            45.722094
          ],
          [
            7.921663,
            45.722091
          ],
          [
            7.921671,
            45.722093
          ],
          [
            7.921694,
            45.722086
          ],
          [
            7.921706,
            45.722087
          ],
          [
            7.921716,
            45.722093
          ],
          [
            7.921724,
            45.722082
          ],
          [
            7.921727,
            45.722077
          ],
          [
            7.921727,
            45.722077
          ],
          [
            7.921731,
            45.722077
          ],
          [
            7.921725,
            45.722058
          ],
          [
            7.921723,
            45.722056
          ],
          [
            7.921734,
            45.722065
          ],
          [
            7.921759,
            45.722081
          ],
          [
            7.921787,
            45.722071
          ],
          [
            7.921784,
            45.722078
          ],
          [
            7.921783,
            45.722094
          ],
          [
            7.9218,
            45.722102
          ],
          [
            7.92181,
            45.722109
          ],
          [
            7.921836,
            45.722118
          ],
          [
            7.921855,
            45.722114
          ],
          [
            7.92186,
            45.722109
          ],
          [
            7.921862,
            45.722091
          ],
          [
            7.921855,
            45.722073
          ],
          [
            7.921864,
            45.722063
          ],
          [
            7.921877,
            45.72208
          ],
          [
            7.921896,
            45.722099
          ],
          [
            7.921901,
            45.722099
          ],
          [
            7.921935,
            45.722102
          ],
          [
            7.921953,
            45.722102
          ],
          [
            7.921967,
            45.722097
          ],
          [
            7.921977,
            45.722084
          ],
          [
            7.921981,
            45.722075
          ],
          [
            7.921986,
            45.722064
          ],
          [
            7.92199,
            45.722041
          ],
          [
            7.921989,
            45.72202
          ],
          [
            7.922012,
            45.722001
          ],
          [
            7.922028,
            45.721984
          ],
          [
            7.922033,
            45.721982
          ],
          [
            7.922039,
            45.721977
          ],
          [
            7.922041,
            45.721977
          ],
          [
            7.922053,
            45.721964
          ],
          [
            7.922063,
            45.721951
          ],
          [
            7.922056,
            45.721945
          ],
          [
            7.922056,
            45.721934
          ],
          [
            7.922067,
            45.721918
          ],
          [
            7.92209,
            45.721918
          ],
          [
            7.922098,
            45.721924
          ],
          [
            7.922096,
            45.721938
          ],
          [
            7.922113,
            45.721937
          ],
          [
            7.922118,
            45.721933
          ],
          [
            7.922155,
            45.721916
          ],
          [
            7.922161,
            45.721914
          ],
          [
            7.922175,
            45.721883
          ],
          [
            7.922184,
            45.721873
          ],
          [
            7.922187,
            45.721835
          ],
          [
            7.922209,
            45.72181
          ],
          [
            7.922216,
            45.721798
          ],
          [
            7.922222,
            45.721784
          ],
          [
            7.922221,
            45.721774
          ],
          [
            7.922223,
            45.721768
          ],
          [
            7.922234,
            45.721743
          ],
          [
            7.922235,
            45.72174
          ],
          [
            7.922268,
            45.721727
          ],
          [
            7.922273,
            45.721724
          ],
          [
            7.922292,
            45.721672
          ],
          [
            7.922301,
            45.721668
          ],
          [
            7.922326,
            45.721637
          ],
          [
            7.922331,
            45.721635
          ],
          [
            7.922366,
            45.72162
          ],
          [
            7.922417,
            45.721609
          ],
          [
            7.922426,
            45.721611
          ],
          [
            7.922483,
            45.721595
          ],
          [
            7.922522,
            45.72159
          ],
          [
            7.922533,
            45.721584
          ],
          [
            7.922531,
            45.721585
          ],
          [
            7.922508,
            45.72158
          ],
          [
            7.92251,
            45.721578
          ],
          [
            7.922527,
            45.72158
          ],
          [
            7.922546,
            45.721593
          ],
          [
            7.922549,
            45.721587
          ],
          [
            7.922549,
            45.721587
          ],
          [
            7.922549,
            45.721587
          ],
          [
            7.922549,
            45.721587
          ],
          [
            7.922549,
            45.721587
          ],
          [
            7.922549,
            45.721587
          ],
          [
            7.922549,
            45.721587
          ],
          [
            7.922549,
            45.721587
          ],
          [
            7.922549,
            45.721587
          ],
          [
            7.92253,
            45.721596
          ],
          [
            7.92253,
            45.721596
          ],
          [
            7.92253,
            45.721596
          ],
          [
            7.92253,
            45.721596
          ],
          [
            7.922568,
            45.72158
          ],
          [
            7.922572,
            45.721583
          ],
          [
            7.922622,
            45.721597
          ],
          [
            7.922682,
            45.721593
          ],
          [
            7.922756,
            45.72161
          ],
          [
            7.922768,
            45.721609
          ],
          [
            7.922844,
            45.72162
          ],
          [
            7.922898,
            45.72162
          ],
          [
            7.922901,
            45.721617
          ],
          [
            7.922936,
            45.721628
          ],
          [
            7.922978,
            45.721646
          ],
          [
            7.922986,
            45.721665
          ],
          [
            7.922998,
            45.721686
          ],
          [
            7.923018,
            45.721711
          ],
          [
            7.923025,
            45.721729
          ],
          [
            7.92303,
            45.721736
          ],
          [
            7.923086,
            45.721795
          ],
          [
            7.923088,
            45.721801
          ],
          [
            7.923097,
            45.721823
          ],
          [
            7.923099,
            45.721832
          ],
          [
            7.923101,
            45.721839
          ],
          [
            7.923142,
            45.721879
          ],
          [
            7.923174,
            45.721891
          ],
          [
            7.923217,
            45.721909
          ],
          [
            7.923309,
            45.721918
          ],
          [
            7.923387,
            45.721909
          ],
          [
            7.923396,
            45.721907
          ],
          [
            7.923481,
            45.721907
          ],
          [
            7.923539,
            45.721921
          ],
          [
            7.923639,
            45.721927
          ],
          [
            7.923735,
            45.721937
          ],
          [
            7.923821,
            45.721953
          ],
          [
            7.923858,
            45.72197
          ],
          [
            7.923889,
            45.721979
          ],
          [
            7.923917,
            45.72199
          ],
          [
            7.923969,
            45.722012
          ],
          [
            7.923987,
            45.72202
          ],
          [
            7.923995,
            45.722043
          ],
          [
            7.924042,
            45.722077
          ],
          [
            7.92411,
            45.722107
          ],
          [
            7.924129,
            45.722118
          ],
          [
            7.924162,
            45.72212
          ],
          [
            7.924169,
            45.722118
          ],
          [
            7.924157,
            45.722134
          ],
          [
            7.924176,
            45.722137
          ],
          [
            7.92419,
            45.722146
          ],
          [
            7.92419,
            45.72215
          ],
          [
            7.924179,
            45.722158
          ],
          [
            7.924181,
            45.722166
          ],
          [
            7.924194,
            45.722178
          ],
          [
            7.924211,
            45.722191
          ],
          [
            7.924226,
            45.722201
          ],
          [
            7.92423,
            45.722209
          ],
          [
            7.924271,
            45.722222
          ],
          [
            7.924277,
            45.722226
          ],
          [
            7.924312,
            45.722225
          ],
          [
            7.924316,
            45.722233
          ],
          [
            7.92433,
            45.722255
          ],
          [
            7.92433,
            45.722263
          ],
          [
            7.924361,
            45.722276
          ],
          [
            7.924386,
            45.722278
          ],
          [
            7.924394,
            45.722294
          ],
          [
            7.924405,
            45.7223
          ],
          [
            7.924432,
            45.722301
          ],
          [
            7.924428,
            45.722309
          ],
          [
            7.924447,
            45.722314
          ],
          [
            7.924455,
            45.722319
          ],
          [
            7.924477,
            45.722325
          ],
          [
            7.924504,
            45.72234
          ],
          [
            7.924537,
            45.722344
          ],
          [
            7.924538,
            45.722347
          ],
          [
            7.92454,
            45.722347
          ],
          [
            7.924583,
            45.722362
          ],
          [
            7.924586,
            45.722363
          ],
          [
            7.924612,
            45.722364
          ],
          [
            7.924608,
            45.722369
          ],
          [
            7.924597,
            45.722377
          ],
          [
            7.924589,
            45.722379
          ],
          [
            7.924586,
            45.722376
          ],
          [
            7.924586,
            45.722376
          ],
          [
            7.924586,
            45.722376
          ],
          [
            7.924586,
            45.722376
          ],
          [
            7.924584,
            45.722377
          ],
          [
            7.924531,
            45.722391
          ],
          [
            7.924525,
            45.72239
          ],
          [
            7.9245,
            45.722411
          ],
          [
            7.924504,
            45.722418
          ],
          [
            7.924525,
            45.722438
          ],
          [
            7.924533,
            45.722446
          ],
          [
            7.92453,
            45.722457
          ],
          [
            7.924558,
            45.722468
          ],
          [
            7.924569,
            45.722467
          ],
          [
            7.924586,
            45.722462
          ],
          [
            7.924595,
            45.722459
          ],
          [
            7.924618,
            45.722462
          ],
          [
            7.924633,
            45.722464
          ],
          [
            7.92466,
            45.722475
          ],
          [
            7.924656,
            45.722478
          ],
          [
            7.924671,
            45.722489
          ],
          [
            7.9247,
            45.722487
          ],
          [
            7.924714,
            45.722492
          ],
          [
            7.924713,
            45.722495
          ],
          [
            7.924696,
            45.722502
          ],
          [
            7.924687,
            45.722506
          ],
          [
            7.924705,
            45.722518
          ],
          [
            7.924721,
            45.722539
          ],
          [
            7.924732,
            45.722549
          ],
          [
            7.924746,
            45.722556
          ],
          [
            7.924772,
            45.722576
          ],
          [
            7.924777,
            45.722575
          ],
          [
            7.924788,
            45.722575
          ],
          [
            7.924804,
            45.722551
          ],
          [
            7.924811,
            45.722533
          ],
          [
            7.924823,
            45.722516
          ],
          [
            7.924843,
            45.722502
          ],
          [
            7.924871,
            45.722478
          ],
          [
            7.924868,
            45.722477
          ],
          [
            7.924897,
            45.722478
          ],
          [
            7.924902,
            45.722482
          ],
          [
            7.924923,
            45.722496
          ],
          [
            7.924932,
            45.722498
          ],
          [
            7.924942,
            45.722496
          ],
          [
            7.924967,
            45.722475
          ],
          [
            7.924974,
            45.722467
          ],
          [
            7.924982,
            45.722476
          ],
          [
            7.925038,
            45.722481
          ],
          [
            7.92505,
            45.722476
          ],
          [
            7.925056,
            45.722476
          ],
          [
            7.925078,
            45.722475
          ],
          [
            7.925092,
            45.722481
          ],
          [
            7.925124,
            45.722475
          ],
          [
            7.925129,
            45.722471
          ],
          [
            7.925172,
            45.722457
          ],
          [
            7.925171,
            45.722457
          ],
          [
            7.925228,
            45.722459
          ],
          [
            7.925273,
            45.722451
          ],
          [
            7.925273,
            45.722451
          ],
          [
            7.925308,
            45.722477
          ],
          [
            7.925324,
            45.722487
          ],
          [
            7.925346,
            45.722493
          ],
          [
            7.925387,
            45.722497
          ],
          [
            7.925388,
            45.722509
          ],
          [
            7.925387,
            45.722527
          ],
          [
            7.92541,
            45.72253
          ],
          [
            7.925432,
            45.722516
          ],
          [
            7.925452,
            45.722508
          ],
          [
            7.925472,
            45.722495
          ],
          [
            7.925491,
            45.722493
          ],
          [
            7.925523,
            45.722492
          ],
          [
            7.92554,
            45.722494
          ],
          [
            7.925559,
            45.722484
          ],
          [
            7.925579,
            45.72248
          ],
          [
            7.925598,
            45.722481
          ],
          [
            7.925623,
            45.722468
          ],
          [
            7.925627,
            45.722465
          ],
          [
            7.925639,
            45.722451
          ],
          [
            7.925675,
            45.722451
          ],
          [
            7.925674,
            45.722453
          ],
          [
            7.925674,
            45.722453
          ],
          [
            7.925691,
            45.722456
          ],
          [
            7.925703,
            45.722455
          ],
          [
            7.92573,
            45.72246
          ],
          [
            7.925733,
            45.72246
          ],
          [
            7.925745,
            45.722451
          ],
          [
            7.92575,
            45.722442
          ],
          [
            7.925746,
            45.722442
          ],
          [
            7.925798,
            45.722448
          ],
          [
            7.92582,
            45.722454
          ],
          [
            7.925829,
            45.722453
          ],
          [
            7.925855,
            45.722455
          ],
          [
            7.925886,
            45.722456
          ],
          [
            7.925894,
            45.722456
          ],
          [
            7.925942,
            45.722454
          ],
          [
            7.925954,
            45.722454
          ],
          [
            7.926014,
            45.722441
          ],
          [
            7.926028,
            45.722443
          ],
          [
            7.926037,
            45.722447
          ],
          [
            7.926068,
            45.722439
          ],
          [
            7.926077,
            45.722437
          ],
          [
            7.92609,
            45.722442
          ],
          [
            7.926113,
            45.722447
          ],
          [
            7.926136,
            45.722439
          ],
          [
            7.926143,
            45.722464
          ],
          [
            7.926144,
            45.722471
          ],
          [
            7.926161,
            45.722486
          ],
          [
            7.926196,
            45.722472
          ],
          [
            7.926232,
            45.722463
          ],
          [
            7.926249,
            45.722459
          ],
          [
            7.926278,
            45.722452
          ],
          [
            7.926299,
            45.722443
          ],
          [
            7.926303,
            45.722443
          ],
          [
            7.926337,
            45.722434
          ],
          [
            7.926337,
            45.722437
          ],
          [
            7.926326,
            45.722455
          ],
          [
            7.926316,
            45.722467
          ],
          [
            7.926315,
            45.722479
          ],
          [
            7.926318,
            45.722518
          ],
          [
            7.926328,
            45.722535
          ],
          [
            7.92633,
            45.722545
          ],
          [
            7.926345,
            45.722559
          ],
          [
            7.926351,
            45.722561
          ],
          [
            7.926369,
            45.722567
          ],
          [
            7.926385,
            45.722566
          ],
          [
            7.926369,
            45.722602
          ],
          [
            7.926376,
            45.722623
          ],
          [
            7.926362,
            45.722634
          ],
          [
            7.926364,
            45.72265
          ],
          [
            7.926389,
            45.722652
          ],
          [
            7.926405,
            45.722679
          ],
          [
            7.926408,
            45.722684
          ],
          [
            7.926417,
            45.722715
          ],
          [
            7.926416,
            45.72272
          ],
          [
            7.926398,
            45.722745
          ],
          [
            7.926406,
            45.722757
          ],
          [
            7.926417,
            45.722756
          ],
          [
            7.926453,
            45.722779
          ],
          [
            7.926474,
            45.722808
          ],
          [
            7.926474,
            45.722808
          ],
          [
            7.926474,
            45.722808
          ],
          [
            7.926474,
            45.722816
          ],
          [
            7.926477,
            45.722817
          ],
          [
            7.926479,
            45.722816
          ],
          [
            7.92648,
            45.722814
          ],
          [
            7.926483,
            45.722809
          ],
          [
            7.926487,
            45.722805
          ],
          [
            7.926491,
            45.722802
          ],
          [
            7.926496,
            45.722802
          ],
          [
            7.926488,
            45.722803
          ],
          [
            7.926484,
            45.722803
          ],
          [
            7.926483,
            45.722805
          ],
          [
            7.926474,
            45.722808
          ],
          [
            7.926474,
            45.722808
          ],
          [
            7.926474,
            45.722808
          ],
          [
            7.926474,
            45.722808
          ],
          [
            7.926474,
            45.722808
          ],
          [
            7.926474,
            45.722808
          ],
          [
            7.926485,
            45.722808
          ],
          [
            7.926473,
            45.722801
          ],
          [
            7.926474,
            45.722808
          ],
          [
            7.926474,
            45.722808
          ],
          [
            7.926474,
            45.722808
          ],
          [
            7.926471,
            45.722803
          ],
          [
            7.926467,
            45.722802
          ],
          [
            7.926474,
            45.722808
          ],
          [
            7.926474,
            45.722808
          ],
          [
            7.926471,
            45.722794
          ],
          [
            7.926469,
            45.722783
          ],
          [
            7.926468,
            45.722783
          ],
          [
            7.926468,
            45.722788
          ],
          [
            7.926472,
            45.722798
          ],
          [
            7.92649,
            45.722801
          ],
          [
            7.926472,
            45.722786
          ],
          [
            7.926471,
            45.722794
          ],
          [
            7.926471,
            45.722794
          ],
          [
            7.926471,
            45.722794
          ],
          [
            7.926473,
            45.722784
          ],
          [
            7.92651,
            45.722818
          ],
          [
            7.926516,
            45.722823
          ],
          [
            7.926561,
            45.722852
          ],
          [
            7.926573,
            45.722865
          ],
          [
            7.926574,
            45.722878
          ],
          [
            7.926583,
            45.722901
          ],
          [
            7.926591,
            45.722904
          ],
          [
            7.926608,
            45.722904
          ],
          [
            7.926618,
            45.722905
          ],
          [
            7.926625,
            45.722899
          ],
          [
            7.926625,
            45.722899
          ],
          [
            7.926659,
            45.722898
          ],
          [
            7.926696,
            45.722896
          ],
          [
            7.926725,
            45.722898
          ],
          [
            7.926721,
            45.722902
          ],
          [
            7.926715,
            45.722905
          ],
          [
            7.926721,
            45.722929
          ],
          [
            7.92672,
            45.722935
          ],
          [
            7.926727,
            45.722945
          ],
          [
            7.92673,
            45.722951
          ],
          [
            7.926746,
            45.722955
          ],
          [
            7.92675,
            45.722958
          ],
          [
            7.926757,
            45.722965
          ],
          [
            7.926798,
            45.72296
          ],
          [
            7.926838,
            45.722943
          ],
          [
            7.926865,
            45.722935
          ],
          [
            7.926868,
            45.722939
          ],
          [
            7.926913,
            45.72293
          ],
          [
            7.926923,
            45.72293
          ],
          [
            7.926942,
            45.722931
          ],
          [
            7.926972,
            45.722938
          ],
          [
            7.926995,
            45.722948
          ],
          [
            7.92704,
            45.722956
          ],
          [
            7.927066,
            45.722966
          ],
          [
            7.927107,
            45.722961
          ],
          [
            7.927165,
            45.722952
          ],
          [
            7.927185,
            45.722961
          ],
          [
            7.92725,
            45.722995
          ],
          [
            7.927343,
            45.722988
          ],
          [
            7.927384,
            45.723008
          ],
          [
            7.927447,
            45.723026
          ],
          [
            7.927455,
            45.723031
          ],
          [
            7.927521,
            45.723063
          ],
          [
            7.927596,
            45.723073
          ],
          [
            7.927607,
            45.723072
          ],
          [
            7.927626,
            45.723071
          ],
          [
            7.927627,
            45.723071
          ],
          [
            7.92768,
            45.723094
          ],
          [
            7.92774,
            45.723134
          ],
          [
            7.92783,
            45.72319
          ],
          [
            7.927829,
            45.723197
          ],
          [
            7.927838,
            45.723235
          ],
          [
            7.927861,
            45.723303
          ],
          [
            7.92786,
            45.723329
          ],
          [
            7.927855,
            45.723365
          ],
          [
            7.92785,
            45.723395
          ],
          [
            7.927855,
            45.723426
          ],
          [
            7.927882,
            45.723496
          ],
          [
            7.927915,
            45.723529
          ],
          [
            7.927942,
            45.723535
          ],
          [
            7.927959,
            45.723548
          ],
          [
            7.927992,
            45.723581
          ],
          [
            7.928051,
            45.723627
          ],
          [
            7.928049,
            45.723669
          ],
          [
            7.928076,
            45.723693
          ],
          [
            7.928055,
            45.723705
          ],
          [
            7.928069,
            45.723747
          ],
          [
            7.928083,
            45.723757
          ],
          [
            7.928102,
            45.72383
          ],
          [
            7.928114,
            45.723875
          ],
          [
            7.928125,
            45.723881
          ],
          [
            7.928181,
            45.723923
          ],
          [
            7.928209,
            45.723942
          ],
          [
            7.928262,
            45.723991
          ],
          [
            7.928289,
            45.724029
          ],
          [
            7.928315,
            45.724104
          ],
          [
            7.928324,
            45.724114
          ],
          [
            7.928356,
            45.724155
          ],
          [
            7.92837,
            45.72418
          ],
          [
            7.928425,
            45.72423
          ],
          [
            7.928472,
            45.724287
          ],
          [
            7.928499,
            45.724294
          ],
          [
            7.928506,
            45.724287
          ],
          [
            7.928478,
            45.724309
          ],
          [
            7.928477,
            45.724309
          ],
          [
            7.92848,
            45.724313
          ],
          [
            7.928481,
            45.724319
          ],
          [
            7.928485,
            45.72432
          ],
          [
            7.92847,
            45.724314
          ],
          [
            7.928455,
            45.724302
          ],
          [
            7.928453,
            45.724304
          ],
          [
            7.928448,
            45.724307
          ],
          [
            7.928413,
            45.724313
          ],
          [
            7.928371,
            45.724335
          ],
          [
            7.928344,
            45.724349
          ],
          [
            7.928351,
            45.724343
          ],
          [
            7.928345,
            45.724357
          ],
          [
            7.928346,
            45.724358
          ],
          [
            7.928352,
            45.72436
          ],
          [
            7.928352,
            45.72436
          ],
          [
            7.928352,
            45.72436
          ],
          [
            7.928352,
            45.72436
          ],
          [
            7.928352,
            45.72436
          ],
          [
            7.928352,
            45.72436
          ],
          [
            7.928352,
            45.72436
          ],
          [
            7.928352,
            45.72436
          ],
          [
            7.928352,
            45.72436
          ],
          [
            7.928352,
            45.72436
          ],
          [
            7.928352,
            45.72436
          ],
          [
            7.928352,
            45.72436
          ],
          [
            7.928375,
            45.724378
          ],
          [
            7.928387,
            45.724411
          ],
          [
            7.928379,
            45.724466
          ],
          [
            7.928432,
            45.724537
          ],
          [
            7.928443,
            45.72454
          ],
          [
            7.928449,
            45.724546
          ],
          [
            7.928442,
            45.724542
          ],
          [
            7.928442,
            45.724537
          ],
          [
            7.928432,
            45.724522
          ],
          [
            7.928426,
            45.724513
          ],
          [
            7.928411,
            45.724445
          ],
          [
            7.928397,
            45.724431
          ],
          [
            7.928385,
            45.724403
          ],
          [
            7.928406,
            45.72435
          ],
          [
            7.928384,
            45.724311
          ],
          [
            7.928383,
            45.724304
          ],
          [
            7.928378,
            45.724281
          ],
          [
            7.928375,
            45.724274
          ],
          [
            7.928363,
            45.724236
          ],
          [
            7.928337,
            45.724151
          ],
          [
            7.928339,
            45.724129
          ],
          [
            7.92834,
            45.724129
          ],
          [
            7.928316,
            45.724124
          ],
          [
            7.928309,
            45.724123
          ],
          [
            7.928306,
            45.724132
          ],
          [
            7.928306,
            45.724119
          ],
          [
            7.928307,
            45.724125
          ],
          [
            7.928311,
            45.724129
          ],
          [
            7.928306,
            45.724132
          ],
          [
            7.928306,
            45.724132
          ],
          [
            7.928306,
            45.724132
          ],
          [
            7.928306,
            45.724132
          ],
          [
            7.928306,
            45.724132
          ],
          [
            7.928306,
            45.724132
          ],
          [
            7.928316,
            45.724148
          ],
          [
            7.928306,
            45.724141
          ],
          [
            7.928291,
            45.724142
          ],
          [
            7.928286,
            45.724137
          ],
          [
            7.928292,
            45.724128
          ],
          [
            7.928262,
            45.724124
          ],
          [
            7.928261,
            45.724123
          ],
          [
            7.928294,
            45.724143
          ],
          [
            7.928333,
            45.72414
          ],
          [
            7.928333,
            45.72414
          ],
          [
            7.928333,
            45.72414
          ],
          [
            7.928333,
            45.72414
          ],
          [
            7.928317,
            45.724149
          ],
          [
            7.928314,
            45.724149
          ],
          [
            7.928314,
            45.724149
          ],
          [
            7.928326,
            45.72414
          ],
          [
            7.928314,
            45.724149
          ],
          [
            7.928314,
            45.724149
          ],
          [
            7.928333,
            45.724143
          ],
          [
            7.928331,
            45.724141
          ],
          [
            7.928341,
            45.724135
          ],
          [
            7.928303,
            45.724147
          ],
          [
            7.928298,
            45.724145
          ],
          [
            7.928306,
            45.724144
          ],
          [
            7.928306,
            45.724144
          ],
          [
            7.928325,
            45.724146
          ],
          [
            7.928307,
            45.724144
          ],
          [
            7.928295,
            45.724144
          ],
          [
            7.928302,
            45.724147
          ],
          [
            7.928304,
            45.724156
          ],
          [
            7.928313,
            45.724128
          ],
          [
            7.928336,
            45.724131
          ],
          [
            7.92834,
            45.724132
          ],
          [
            7.928334,
            45.724135
          ],
          [
            7.928325,
            45.724154
          ],
          [
            7.928362,
            45.724148
          ],
          [
            7.928351,
            45.724149
          ],
          [
            7.928342,
            45.724149
          ],
          [
            7.928315,
            45.724149
          ],
          [
            7.928317,
            45.724153
          ],
          [
            7.928343,
            45.724135
          ],
          [
            7.928344,
            45.724136
          ],
          [
            7.928335,
            45.724138
          ],
          [
            7.928336,
            45.724131
          ],
          [
            7.928335,
            45.724137
          ],
          [
            7.928328,
            45.724157
          ],
          [
            7.928316,
            45.724155
          ],
          [
            7.928318,
            45.724145
          ],
          [
            7.928326,
            45.724144
          ],
          [
            7.928325,
            45.724147
          ],
          [
            7.928313,
            45.724132
          ],
          [
            7.928313,
            45.724132
          ],
          [
            7.928316,
            45.724132
          ],
          [
            7.928321,
            45.724142
          ],
          [
            7.928306,
            45.724144
          ],
          [
            7.928306,
            45.724144
          ],
          [
            7.928306,
            45.724144
          ],
          [
            7.928322,
            45.724122
          ],
          [
            7.928312,
            45.724115
          ],
          [
            7.928316,
            45.724118
          ],
          [
            7.928317,
            45.724129
          ],
          [
            7.928341,
            45.724137
          ],
          [
            7.928354,
            45.724142
          ],
          [
            7.928354,
            45.724142
          ],
          [
            7.928354,
            45.724142
          ],
          [
            7.928354,
            45.724142
          ],
          [
            7.928354,
            45.724142
          ],
          [
            7.928354,
            45.724142
          ],
          [
            7.928354,
            45.724142
          ],
          [
            7.928354,
            45.724142
          ],
          [
            7.928354,
            45.724142
          ],
          [
            7.928354,
            45.724142
          ],
          [
            7.928354,
            45.724142
          ],
          [
            7.928354,
            45.724142
          ],
          [
            7.928354,
            45.724142
          ],
          [
            7.928354,
            45.724142
          ],
          [
            7.928354,
            45.724142
          ],
          [
            7.928354,
            45.724142
          ],
          [
            7.928354,
            45.724142
          ],
          [
            7.928354,
            45.724142
          ],
          [
            7.928354,
            45.724142
          ],
          [
            7.928354,
            45.724142
          ],
          [
            7.928354,
            45.724142
          ],
          [
            7.928354,
            45.724142
          ],
          [
            7.928354,
            45.724142
          ],
          [
            7.928354,
            45.724142
          ],
          [
            7.928354,
            45.724142
          ],
          [
            7.928354,
            45.724142
          ],
          [
            7.928354,
            45.724142
          ],
          [
            7.928345,
            45.724141
          ],
          [
            7.928328,
            45.724132
          ],
          [
            7.928325,
            45.724131
          ],
          [
            7.928332,
            45.724134
          ],
          [
            7.928334,
            45.724138
          ],
          [
            7.928334,
            45.724138
          ],
          [
            7.928325,
            45.724138
          ],
          [
            7.928315,
            45.724136
          ],
          [
            7.928334,
            45.724138
          ],
          [
            7.928318,
            45.724137
          ],
          [
            7.928343,
            45.724143
          ],
          [
            7.928321,
            45.724137
          ],
          [
            7.928318,
            45.724131
          ],
          [
            7.928334,
            45.724138
          ],
          [
            7.928344,
            45.724136
          ],
          [
            7.928346,
            45.724138
          ],
          [
            7.928361,
            45.724139
          ],
          [
            7.928334,
            45.724138
          ],
          [
            7.928334,
            45.724138
          ],
          [
            7.928336,
            45.724132
          ],
          [
            7.928332,
            45.724125
          ],
          [
            7.928334,
            45.724138
          ],
          [
            7.928334,
            45.724138
          ],
          [
            7.928335,
            45.724133
          ],
          [
            7.928335,
            45.724142
          ],
          [
            7.928331,
            45.724139
          ],
          [
            7.928334,
            45.724142
          ],
          [
            7.928338,
            45.724137
          ],
          [
            7.928334,
            45.724138
          ],
          [
            7.928334,
            45.724138
          ],
          [
            7.928334,
            45.724138
          ],
          [
            7.928338,
            45.72414
          ],
          [
            7.928339,
            45.724141
          ],
          [
            7.92835,
            45.72414
          ],
          [
            7.928339,
            45.724119
          ],
          [
            7.928338,
            45.724129
          ],
          [
            7.928339,
            45.724129
          ],
          [
            7.928342,
            45.724143
          ],
          [
            7.928331,
            45.72414
          ],
          [
            7.92833,
            45.72414
          ],
          [
            7.928327,
            45.724137
          ],
          [
            7.928332,
            45.724135
          ],
          [
            7.928352,
            45.724139
          ],
          [
            7.928342,
            45.72414
          ],
          [
            7.928342,
            45.724139
          ],
          [
            7.928356,
            45.72414
          ],
          [
            7.928361,
            45.724139
          ],
          [
            7.928339,
            45.724138
          ],
          [
            7.928335,
            45.724146
          ],
          [
            7.928335,
            45.724146
          ],
          [
            7.928335,
            45.724146
          ],
          [
            7.928338,
            45.724144
          ],
          [
            7.928318,
            45.724133
          ],
          [
            7.928326,
            45.724128
          ],
          [
            7.928331,
            45.724128
          ],
          [
            7.928341,
            45.724127
          ],
          [
            7.928341,
            45.724128
          ],
          [
            7.928341,
            45.72413
          ],
          [
            7.928334,
            45.724141
          ],
          [
            7.928342,
            45.724136
          ],
          [
            7.928344,
            45.724136
          ],
          [
            7.928349,
            45.724139
          ],
          [
            7.928354,
            45.72414
          ],
          [
            7.928352,
            45.72414
          ],
          [
            7.92835,
            45.724139
          ],
          [
            7.928343,
            45.72413
          ],
          [
            7.928352,
            45.724134
          ],
          [
            7.928355,
            45.724134
          ],
          [
            7.928351,
            45.724124
          ],
          [
            7.928358,
            45.724107
          ],
          [
            7.928351,
            45.724105
          ],
          [
            7.928352,
            45.724102
          ],
          [
            7.928347,
            45.7241
          ],
          [
            7.928347,
            45.7241
          ],
          [
            7.928347,
            45.724098
          ],
          [
            7.928353,
            45.724098
          ],
          [
            7.928347,
            45.7241
          ],
          [
            7.928347,
            45.7241
          ],
          [
            7.928352,
            45.724094
          ],
          [
            7.928345,
            45.724098
          ],
          [
            7.928345,
            45.7241
          ],
          [
            7.928367,
            45.724042
          ],
          [
            7.928354,
            45.723985
          ],
          [
            7.928367,
            45.723938
          ],
          [
            7.928399,
            45.723934
          ],
          [
            7.928433,
            45.72393
          ],
          [
            7.928464,
            45.723932
          ],
          [
            7.928495,
            45.723937
          ],
          [
            7.928514,
            45.723942
          ],
          [
            7.928519,
            45.723943
          ],
          [
            7.928542,
            45.723934
          ],
          [
            7.92866,
            45.723923
          ],
          [
            7.928685,
            45.723925
          ],
          [
            7.928823,
            45.723937
          ],
          [
            7.92899,
            45.723966
          ],
          [
            7.929144,
            45.723958
          ],
          [
            7.929252,
            45.723921
          ],
          [
            7.929498,
            45.723883
          ],
          [
            7.92967,
            45.723904
          ],
          [
            7.929779,
            45.723924
          ],
          [
            7.929892,
            45.723937
          ],
          [
            7.929984,
            45.723901
          ],
          [
            7.930105,
            45.723873
          ],
          [
            7.930129,
            45.723891
          ],
          [
            7.930186,
            45.72391
          ],
          [
            7.930199,
            45.723914
          ],
          [
            7.93028,
            45.723939
          ],
          [
            7.9303,
            45.72394
          ],
          [
            7.930331,
            45.723947
          ],
          [
            7.930357,
            45.723943
          ],
          [
            7.930378,
            45.723933
          ],
          [
            7.930384,
            45.72393
          ],
          [
            7.930412,
            45.723924
          ],
          [
            7.930439,
            45.723922
          ],
          [
            7.930467,
            45.723918
          ],
          [
            7.930497,
            45.7239
          ],
          [
            7.93053,
            45.723879
          ],
          [
            7.930564,
            45.723876
          ],
          [
            7.930592,
            45.723863
          ],
          [
            7.930615,
            45.723858
          ],
          [
            7.930646,
            45.723842
          ],
          [
            7.930648,
            45.723832
          ],
          [
            7.930658,
            45.723812
          ],
          [
            7.930677,
            45.723797
          ],
          [
            7.930717,
            45.723778
          ],
          [
            7.930724,
            45.723772
          ],
          [
            7.93075,
            45.723766
          ],
          [
            7.93076,
            45.723765
          ],
          [
            7.930774,
            45.723764
          ],
          [
            7.9308,
            45.723763
          ],
          [
            7.930832,
            45.723761
          ],
          [
            7.930849,
            45.723749
          ],
          [
            7.930878,
            45.723739
          ],
          [
            7.930892,
            45.723746
          ],
          [
            7.930934,
            45.723751
          ],
          [
            7.930954,
            45.723741
          ],
          [
            7.930975,
            45.723728
          ],
          [
            7.931003,
            45.723717
          ],
          [
            7.931005,
            45.723716
          ],
          [
            7.931024,
            45.723714
          ],
          [
            7.931039,
            45.723705
          ],
          [
            7.931061,
            45.723695
          ],
          [
            7.931098,
            45.723692
          ],
          [
            7.931125,
            45.723673
          ],
          [
            7.931132,
            45.723671
          ],
          [
            7.931151,
            45.723647
          ],
          [
            7.931166,
            45.723649
          ],
          [
            7.931186,
            45.723637
          ],
          [
            7.931226,
            45.723627
          ],
          [
            7.931266,
            45.723619
          ],
          [
            7.931289,
            45.72361
          ],
          [
            7.931309,
            45.72357
          ],
          [
            7.93131,
            45.723539
          ],
          [
            7.931292,
            45.723492
          ],
          [
            7.931276,
            45.723489
          ],
          [
            7.93127,
            45.723479
          ],
          [
            7.931274,
            45.72345
          ],
          [
            7.93128,
            45.723438
          ],
          [
            7.931302,
            45.723402
          ],
          [
            7.93131,
            45.72339
          ],
          [
            7.931318,
            45.723372
          ],
          [
            7.931367,
            45.723321
          ],
          [
            7.931396,
            45.723298
          ],
          [
            7.931405,
            45.723278
          ],
          [
            7.931412,
            45.723274
          ],
          [
            7.931436,
            45.723282
          ],
          [
            7.931448,
            45.72329
          ],
          [
            7.931477,
            45.723305
          ],
          [
            7.931518,
            45.723309
          ],
          [
            7.931544,
            45.723303
          ],
          [
            7.931602,
            45.723277
          ],
          [
            7.931612,
            45.723274
          ],
          [
            7.93164,
            45.723267
          ],
          [
            7.931713,
            45.723252
          ],
          [
            7.931804,
            45.723253
          ],
          [
            7.93181,
            45.723255
          ],
          [
            7.93182,
            45.723259
          ],
          [
            7.93188,
            45.723252
          ],
          [
            7.931884,
            45.723251
          ],
          [
            7.931964,
            45.723239
          ],
          [
            7.931976,
            45.723239
          ],
          [
            7.93199,
            45.72324
          ],
          [
            7.932081,
            45.72325
          ],
          [
            7.932093,
            45.723254
          ],
          [
            7.932103,
            45.723262
          ],
          [
            7.932147,
            45.723256
          ],
          [
            7.932153,
            45.723253
          ],
          [
            7.932202,
            45.723255
          ],
          [
            7.932203,
            45.723261
          ],
          [
            7.932211,
            45.723279
          ],
          [
            7.932242,
            45.723298
          ],
          [
            7.932253,
            45.723303
          ],
          [
            7.932282,
            45.723327
          ],
          [
            7.932292,
            45.72333
          ],
          [
            7.9323,
            45.723323
          ],
          [
            7.932322,
            45.723321
          ],
          [
            7.932321,
            45.723324
          ],
          [
            7.93231,
            45.723328
          ],
          [
            7.932277,
            45.723353
          ],
          [
            7.932261,
            45.723374
          ],
          [
            7.932298,
            45.723432
          ],
          [
            7.932345,
            45.723458
          ],
          [
            7.932359,
            45.723468
          ],
          [
            7.932364,
            45.723472
          ],
          [
            7.932408,
            45.723495
          ],
          [
            7.932413,
            45.723491
          ],
          [
            7.932422,
            45.7235
          ],
          [
            7.932435,
            45.7235
          ],
          [
            7.93244,
            45.723507
          ],
          [
            7.93245,
            45.723511
          ],
          [
            7.932468,
            45.72352
          ],
          [
            7.932498,
            45.72352
          ],
          [
            7.932497,
            45.723524
          ],
          [
            7.932493,
            45.723529
          ],
          [
            7.932487,
            45.72353
          ],
          [
            7.932487,
            45.72353
          ],
          [
            7.932487,
            45.723528
          ],
          [
            7.932515,
            45.723544
          ],
          [
            7.932523,
            45.723543
          ],
          [
            7.93253,
            45.723545
          ],
          [
            7.932557,
            45.723558
          ],
          [
            7.932567,
            45.723565
          ],
          [
            7.932575,
            45.723572
          ],
          [
            7.932594,
            45.723592
          ],
          [
            7.93261,
            45.723597
          ],
          [
            7.932621,
            45.723599
          ],
          [
            7.932639,
            45.723604
          ],
          [
            7.932645,
            45.723606
          ],
          [
            7.932673,
            45.723597
          ],
          [
            7.932677,
            45.72359
          ],
          [
            7.932685,
            45.72356
          ],
          [
            7.932697,
            45.723555
          ],
          [
            7.932705,
            45.723552
          ],
          [
            7.932723,
            45.723558
          ],
          [
            7.932724,
            45.723555
          ],
          [
            7.932737,
            45.723569
          ],
          [
            7.932738,
            45.723584
          ],
          [
            7.932761,
            45.723612
          ],
          [
            7.932786,
            45.723629
          ],
          [
            7.932836,
            45.723612
          ],
          [
            7.932837,
            45.723592
          ],
          [
            7.932839,
            45.72358
          ],
          [
            7.932846,
            45.723567
          ],
          [
            7.932848,
            45.723567
          ],
          [
            7.932805,
            45.723572
          ],
          [
            7.932818,
            45.723545
          ],
          [
            7.932819,
            45.723544
          ],
          [
            7.932818,
            45.723544
          ],
          [
            7.932789,
            45.72354
          ],
          [
            7.93281,
            45.723555
          ],
          [
            7.932832,
            45.723572
          ],
          [
            7.932828,
            45.723564
          ],
          [
            7.932819,
            45.723544
          ],
          [
            7.932819,
            45.723544
          ],
          [
            7.932819,
            45.723544
          ],
          [
            7.932819,
            45.723544
          ],
          [
            7.932819,
            45.723544
          ],
          [
            7.932819,
            45.723544
          ],
          [
            7.932821,
            45.723559
          ],
          [
            7.93285,
            45.723572
          ],
          [
            7.932849,
            45.723573
          ],
          [
            7.932856,
            45.723577
          ],
          [
            7.932899,
            45.723579
          ],
          [
            7.932925,
            45.723568
          ],
          [
            7.932958,
            45.723537
          ],
          [
            7.932971,
            45.723524
          ],
          [
            7.932975,
            45.723525
          ],
          [
            7.932997,
            45.723514
          ],
          [
            7.933,
            45.723506
          ],
          [
            7.933014,
            45.723492
          ],
          [
            7.933051,
            45.723471
          ],
          [
            7.933056,
            45.72346
          ],
          [
            7.93306,
            45.72345
          ],
          [
            7.933076,
            45.723444
          ],
          [
            7.933085,
            45.723434
          ],
          [
            7.933108,
            45.723399
          ],
          [
            7.933123,
            45.723378
          ],
          [
            7.933127,
            45.723368
          ],
          [
            7.933167,
            45.723349
          ],
          [
            7.933172,
            45.723341
          ],
          [
            7.933172,
            45.723335
          ],
          [
            7.933184,
            45.723315
          ],
          [
            7.933186,
            45.723315
          ],
          [
            7.9332,
            45.723322
          ],
          [
            7.93321,
            45.723313
          ],
          [
            7.933231,
            45.72331
          ],
          [
            7.933245,
            45.723311
          ],
          [
            7.933256,
            45.723331
          ],
          [
            7.933259,
            45.723329
          ],
          [
            7.933287,
            45.723304
          ],
          [
            7.933301,
            45.723325
          ],
          [
            7.933313,
            45.723332
          ],
          [
            7.933352,
            45.723337
          ],
          [
            7.933355,
            45.723329
          ],
          [
            7.933403,
            45.723295
          ],
          [
            7.933419,
            45.72329
          ],
          [
            7.933445,
            45.723269
          ],
          [
            7.933431,
            45.723274
          ],
          [
            7.933431,
            45.723288
          ],
          [
            7.933474,
            45.723279
          ],
          [
            7.93348,
            45.723279
          ],
          [
            7.933529,
            45.723278
          ],
          [
            7.933549,
            45.723288
          ],
          [
            7.933572,
            45.723295
          ],
          [
            7.933595,
            45.723286
          ],
          [
            7.933616,
            45.723295
          ],
          [
            7.933615,
            45.723293
          ],
          [
            7.933646,
            45.723293
          ],
          [
            7.933679,
            45.723292
          ],
          [
            7.933689,
            45.723276
          ],
          [
            7.933685,
            45.723274
          ],
          [
            7.933685,
            45.723274
          ],
          [
            7.933709,
            45.723276
          ],
          [
            7.93372,
            45.723274
          ],
          [
            7.933745,
            45.723277
          ],
          [
            7.933749,
            45.723275
          ],
          [
            7.933775,
            45.723278
          ],
          [
            7.933778,
            45.72328
          ],
          [
            7.933828,
            45.723306
          ],
          [
            7.933835,
            45.723307
          ],
          [
            7.933859,
            45.723313
          ],
          [
            7.933882,
            45.723321
          ],
          [
            7.933929,
            45.72333
          ],
          [
            7.933936,
            45.723332
          ],
          [
            7.93396,
            45.723333
          ],
          [
            7.93396,
            45.723334
          ],
          [
            7.933978,
            45.723341
          ],
          [
            7.933977,
            45.723341
          ],
          [
            7.934048,
            45.723349
          ],
          [
            7.934055,
            45.723335
          ],
          [
            7.93406,
            45.723326
          ],
          [
            7.934055,
            45.723305
          ],
          [
            7.934075,
            45.723309
          ],
          [
            7.934092,
            45.723308
          ],
          [
            7.934105,
            45.723309
          ],
          [
            7.934109,
            45.723309
          ],
          [
            7.934127,
            45.723317
          ],
          [
            7.934133,
            45.723322
          ],
          [
            7.934141,
            45.723321
          ],
          [
            7.934141,
            45.723321
          ],
          [
            7.934141,
            45.723321
          ],
          [
            7.934141,
            45.723321
          ],
          [
            7.934141,
            45.723321
          ],
          [
            7.934141,
            45.723321
          ],
          [
            7.934141,
            45.723321
          ],
          [
            7.934141,
            45.723321
          ],
          [
            7.934141,
            45.723321
          ],
          [
            7.93413,
            45.723312
          ],
          [
            7.934114,
            45.72331
          ],
          [
            7.934111,
            45.72331
          ],
          [
            7.934109,
            45.723311
          ],
          [
            7.934098,
            45.723308
          ],
          [
            7.934099,
            45.723309
          ],
          [
            7.934099,
            45.723309
          ],
          [
            7.934125,
            45.723321
          ],
          [
            7.934161,
            45.723349
          ],
          [
            7.934177,
            45.723357
          ],
          [
            7.934202,
            45.723372
          ],
          [
            7.934209,
            45.723375
          ],
          [
            7.934262,
            45.723405
          ],
          [
            7.934305,
            45.723436
          ],
          [
            7.934314,
            45.723433
          ],
          [
            7.934331,
            45.72343
          ],
          [
            7.934364,
            45.723444
          ],
          [
            7.93438,
            45.723446
          ],
          [
            7.934387,
            45.723441
          ],
          [
            7.934416,
            45.72343
          ],
          [
            7.934426,
            45.723438
          ],
          [
            7.93445,
            45.723435
          ],
          [
            7.93446,
            45.723431
          ],
          [
            7.934466,
            45.723429
          ],
          [
            7.934476,
            45.723399
          ],
          [
            7.934473,
            45.723394
          ],
          [
            7.934476,
            45.723377
          ],
          [
            7.934491,
            45.723364
          ],
          [
            7.934487,
            45.723359
          ],
          [
            7.934471,
            45.723346
          ],
          [
            7.934467,
            45.723326
          ],
          [
            7.934466,
            45.723327
          ],
          [
            7.934463,
            45.723326
          ],
          [
            7.934458,
            45.723294
          ],
          [
            7.934465,
            45.72329
          ],
          [
            7.934501,
            45.723284
          ],
          [
            7.934503,
            45.72328
          ],
          [
            7.93449,
            45.72328
          ],
          [
            7.934509,
            45.723302
          ],
          [
            7.934521,
            45.723294
          ],
          [
            7.934528,
            45.723266
          ],
          [
            7.934526,
            45.723261
          ],
          [
            7.934521,
            45.723257
          ],
          [
            7.934521,
            45.723235
          ],
          [
            7.93452,
            45.723239
          ],
          [
            7.934532,
            45.72322
          ],
          [
            7.934535,
            45.723211
          ],
          [
            7.93453,
            45.723208
          ],
          [
            7.93456,
            45.723198
          ],
          [
            7.934554,
            45.723188
          ],
          [
            7.934563,
            45.723166
          ],
          [
            7.934564,
            45.723158
          ],
          [
            7.934569,
            45.723156
          ],
          [
            7.934593,
            45.72315
          ],
          [
            7.934595,
            45.723132
          ],
          [
            7.934618,
            45.723128
          ],
          [
            7.934641,
            45.723109
          ],
          [
            7.934648,
            45.723106
          ],
          [
            7.934669,
            45.723085
          ],
          [
            7.934686,
            45.723069
          ],
          [
            7.934688,
            45.723056
          ],
          [
            7.934688,
            45.723056
          ],
          [
            7.934688,
            45.723056
          ],
          [
            7.934688,
            45.723056
          ],
          [
            7.934688,
            45.723056
          ],
          [
            7.934667,
            45.723055
          ],
          [
            7.934664,
            45.723055
          ],
          [
            7.934662,
            45.723055
          ],
          [
            7.934618,
            45.723056
          ],
          [
            7.934618,
            45.723056
          ],
          [
            7.934612,
            45.723055
          ],
          [
            7.934612,
            45.723055
          ],
          [
            7.934612,
            45.723055
          ],
          [
            7.934637,
            45.723052
          ],
          [
            7.934655,
            45.723031
          ],
          [
            7.934654,
            45.723022
          ],
          [
            7.934655,
            45.723018
          ],
          [
            7.934655,
            45.723018
          ],
          [
            7.934636,
            45.723023
          ],
          [
            7.934609,
            45.723034
          ],
          [
            7.93461,
            45.723032
          ],
          [
            7.93461,
            45.723032
          ],
          [
            7.93461,
            45.723032
          ],
          [
            7.93461,
            45.723032
          ],
          [
            7.934603,
            45.723059
          ],
          [
            7.934604,
            45.723068
          ],
          [
            7.934624,
            45.723072
          ],
          [
            7.934652,
            45.723069
          ],
          [
            7.934656,
            45.723074
          ],
          [
            7.934659,
            45.723076
          ],
          [
            7.934675,
            45.723076
          ],
          [
            7.934684,
            45.723069
          ],
          [
            7.934701,
            45.723056
          ],
          [
            7.934702,
            45.723056
          ],
          [
            7.934713,
            45.723054
          ],
          [
            7.934703,
            45.723059
          ],
          [
            7.93469,
            45.723059
          ],
          [
            7.934693,
            45.723053
          ],
          [
            7.934701,
            45.723056
          ],
          [
            7.934701,
            45.723056
          ],
          [
            7.934701,
            45.723056
          ],
          [
            7.934698,
            45.723053
          ],
          [
            7.934694,
            45.723056
          ],
          [
            7.934701,
            45.723056
          ],
          [
            7.934701,
            45.723056
          ],
          [
            7.934701,
            45.723056
          ],
          [
            7.934701,
            45.723056
          ],
          [
            7.934699,
            45.723054
          ],
          [
            7.934703,
            45.723052
          ],
          [
            7.9347,
            45.723045
          ],
          [
            7.934704,
            45.723049
          ],
          [
            7.934692,
            45.723048
          ],
          [
            7.934695,
            45.723049
          ],
          [
            7.934698,
            45.72305
          ],
          [
            7.934695,
            45.723056
          ],
          [
            7.934695,
            45.723054
          ],
          [
            7.934697,
            45.723055
          ],
          [
            7.934691,
            45.72306
          ],
          [
            7.934695,
            45.72305
          ],
          [
            7.934701,
            45.723056
          ],
          [
            7.934698,
            45.723051
          ],
          [
            7.93471,
            45.723051
          ],
          [
            7.934709,
            45.72305
          ],
          [
            7.934693,
            45.723049
          ],
          [
            7.934701,
            45.723056
          ],
          [
            7.934701,
            45.723056
          ],
          [
            7.934701,
            45.723056
          ],
          [
            7.934696,
            45.723051
          ],
          [
            7.934699,
            45.723051
          ],
          [
            7.934681,
            45.723058
          ],
          [
            7.934669,
            45.723067
          ],
          [
            7.934669,
            45.723089
          ],
          [
            7.934671,
            45.723105
          ],
          [
            7.934666,
            45.723111
          ],
          [
            7.934665,
            45.723108
          ],
          [
            7.934665,
            45.723108
          ],
          [
            7.934678,
            45.723107
          ],
          [
            7.934678,
            45.723115
          ],
          [
            7.934685,
            45.723147
          ],
          [
            7.934694,
            45.723159
          ],
          [
            7.934707,
            45.723178
          ],
          [
            7.934725,
            45.723203
          ],
          [
            7.93475,
            45.723233
          ],
          [
            7.93477,
            45.723257
          ],
          [
            7.934776,
            45.723263
          ],
          [
            7.934803,
            45.723273
          ],
          [
            7.934802,
            45.723259
          ],
          [
            7.934811,
            45.723251
          ],
          [
            7.934825,
            45.72325
          ],
          [
            7.934823,
            45.723252
          ],
          [
            7.934839,
            45.72326
          ],
          [
            7.934852,
            45.723273
          ],
          [
            7.934869,
            45.723287
          ],
          [
            7.93488,
            45.723294
          ],
          [
            7.934883,
            45.723307
          ],
          [
            7.934889,
            45.723308
          ],
          [
            7.934907,
            45.723323
          ],
          [
            7.934913,
            45.723324
          ],
          [
            7.934929,
            45.723323
          ],
          [
            7.934939,
            45.723321
          ],
          [
            7.934952,
            45.723315
          ],
          [
            7.934954,
            45.723315
          ],
          [
            7.934983,
            45.723314
          ],
          [
            7.934991,
            45.723312
          ],
          [
            7.935001,
            45.723309
          ],
          [
            7.935017,
            45.723295
          ],
          [
            7.935032,
            45.723283
          ],
          [
            7.935055,
            45.723284
          ],
          [
            7.935062,
            45.72327
          ],
          [
            7.935062,
            45.72327
          ],
          [
            7.935062,
            45.72327
          ],
          [
            7.935062,
            45.72327
          ],
          [
            7.935059,
            45.723269
          ],
          [
            7.935062,
            45.72327
          ],
          [
            7.935062,
            45.72327
          ],
          [
            7.935079,
            45.723273
          ],
          [
            7.935092,
            45.72328
          ],
          [
            7.935102,
            45.723306
          ],
          [
            7.935097,
            45.723315
          ],
          [
            7.935127,
            45.723321
          ],
          [
            7.935137,
            45.723326
          ],
          [
            7.935149,
            45.723326
          ],
          [
            7.935163,
            45.723326
          ],
          [
            7.935176,
            45.723331
          ],
          [
            7.935184,
            45.723338
          ],
          [
            7.935184,
            45.723339
          ],
          [
            7.93519,
            45.723351
          ],
          [
            7.935205,
            45.723359
          ],
          [
            7.935225,
            45.723362
          ],
          [
            7.935229,
            45.723361
          ],
          [
            7.935268,
            45.723362
          ],
          [
            7.935272,
            45.723365
          ],
          [
            7.935286,
            45.723385
          ],
          [
            7.935292,
            45.723386
          ],
          [
            7.935308,
            45.723385
          ],
          [
            7.935312,
            45.723388
          ],
          [
            7.935322,
            45.723413
          ],
          [
            7.935352,
            45.723438
          ],
          [
            7.935363,
            45.723425
          ],
          [
            7.935374,
            45.723433
          ],
          [
            7.935378,
            45.723422
          ],
          [
            7.935375,
            45.723418
          ],
          [
            7.935333,
            45.72341
          ],
          [
            7.935327,
            45.723375
          ],
          [
            7.935322,
            45.723368
          ],
          [
            7.935306,
            45.723365
          ],
          [
            7.935296,
            45.723367
          ],
          [
            7.935284,
            45.723367
          ],
          [
            7.935284,
            45.723367
          ],
          [
            7.935267,
            45.723372
          ],
          [
            7.935278,
            45.723365
          ],
          [
            7.935285,
            45.723346
          ],
          [
            7.935293,
            45.72335
          ],
          [
            7.935316,
            45.723338
          ],
          [
            7.935318,
            45.723331
          ],
          [
            7.935319,
            45.723311
          ],
          [
            7.935313,
            45.723311
          ],
          [
            7.935339,
            45.723326
          ],
          [
            7.935348,
            45.723329
          ],
          [
            7.93537,
            45.72334
          ],
          [
            7.935429,
            45.723358
          ],
          [
            7.935439,
            45.723363
          ],
          [
            7.935461,
            45.723382
          ],
          [
            7.935477,
            45.723399
          ],
          [
            7.935481,
            45.723401
          ],
          [
            7.935499,
            45.723407
          ],
          [
            7.935531,
            45.723412
          ],
          [
            7.935577,
            45.723424
          ],
          [
            7.935611,
            45.723434
          ],
          [
            7.93562,
            45.723436
          ],
          [
            7.935609,
            45.723447
          ],
          [
            7.935604,
            45.723463
          ],
          [
            7.935601,
            45.723478
          ],
          [
            7.935602,
            45.723477
          ],
          [
            7.935586,
            45.723498
          ],
          [
            7.935603,
            45.723517
          ],
          [
            7.935622,
            45.72352
          ],
          [
            7.935648,
            45.723528
          ],
          [
            7.935641,
            45.723543
          ],
          [
            7.935636,
            45.723553
          ],
          [
            7.935625,
            45.723558
          ],
          [
            7.935631,
            45.72357
          ],
          [
            7.935631,
            45.72357
          ],
          [
            7.93564,
            45.723599
          ],
          [
            7.935647,
            45.723622
          ],
          [
            7.935655,
            45.723644
          ],
          [
            7.935657,
            45.723656
          ],
          [
            7.935665,
            45.723661
          ],
          [
            7.935688,
            45.723689
          ],
          [
            7.935712,
            45.723704
          ],
          [
            7.935729,
            45.723725
          ],
          [
            7.935751,
            45.723734
          ],
          [
            7.935772,
            45.723739
          ],
          [
            7.935834,
            45.723756
          ],
          [
            7.935852,
            45.723759
          ],
          [
            7.935897,
            45.723755
          ],
          [
            7.935905,
            45.723749
          ],
          [
            7.935924,
            45.723733
          ],
          [
            7.936003,
            45.723723
          ],
          [
            7.936037,
            45.723728
          ],
          [
            7.936043,
            45.723725
          ],
          [
            7.936045,
            45.723716
          ],
          [
            7.936043,
            45.723715
          ],
          [
            7.936043,
            45.723715
          ],
          [
            7.936043,
            45.723715
          ],
          [
            7.936043,
            45.723715
          ],
          [
            7.936043,
            45.723715
          ],
          [
            7.936031,
            45.723709
          ],
          [
            7.936021,
            45.723725
          ],
          [
            7.936016,
            45.723721
          ],
          [
            7.93602,
            45.723728
          ],
          [
            7.936024,
            45.723722
          ],
          [
            7.936029,
            45.723719
          ],
          [
            7.936057,
            45.723725
          ],
          [
            7.936055,
            45.723737
          ],
          [
            7.936078,
            45.723748
          ],
          [
            7.936086,
            45.723758
          ],
          [
            7.936076,
            45.723775
          ],
          [
            7.93607,
            45.723781
          ],
          [
            7.936066,
            45.723804
          ],
          [
            7.936068,
            45.723805
          ],
          [
            7.936074,
            45.723825
          ],
          [
            7.936101,
            45.723812
          ],
          [
            7.936109,
            45.723823
          ],
          [
            7.936108,
            45.723824
          ],
          [
            7.936098,
            45.723838
          ],
          [
            7.936097,
            45.723847
          ],
          [
            7.936093,
            45.723855
          ],
          [
            7.936075,
            45.723885
          ],
          [
            7.93608,
            45.723904
          ],
          [
            7.936103,
            45.723904
          ],
          [
            7.93611,
            45.723906
          ],
          [
            7.936108,
            45.723925
          ],
          [
            7.936115,
            45.723932
          ],
          [
            7.936107,
            45.723952
          ],
          [
            7.936111,
            45.723956
          ],
          [
            7.936107,
            45.723977
          ],
          [
            7.936108,
            45.723978
          ],
          [
            7.936107,
            45.723994
          ],
          [
            7.936111,
            45.723995
          ],
          [
            7.936121,
            45.723991
          ],
          [
            7.936137,
            45.723977
          ],
          [
            7.936143,
            45.723977
          ],
          [
            7.93616,
            45.723999
          ],
          [
            7.936161,
            45.724005
          ],
          [
            7.936171,
            45.72402
          ],
          [
            7.936185,
            45.724022
          ],
          [
            7.936189,
            45.724023
          ],
          [
            7.936189,
            45.724023
          ],
          [
            7.936205,
            45.72401
          ],
          [
            7.936236,
            45.72401
          ],
          [
            7.936248,
            45.724008
          ],
          [
            7.936252,
            45.724007
          ],
          [
            7.936257,
            45.723999
          ],
          [
            7.936275,
            45.723994
          ],
          [
            7.936302,
            45.723987
          ],
          [
            7.936307,
            45.72399
          ],
          [
            7.936332,
            45.723989
          ],
          [
            7.936337,
            45.723986
          ],
          [
            7.936355,
            45.723979
          ],
          [
            7.936355,
            45.723979
          ],
          [
            7.936375,
            45.723982
          ],
          [
            7.936381,
            45.723997
          ],
          [
            7.936394,
            45.724022
          ],
          [
            7.9364,
            45.724027
          ],
          [
            7.936406,
            45.724037
          ],
          [
            7.936414,
            45.724047
          ],
          [
            7.936423,
            45.724048
          ],
          [
            7.936439,
            45.724052
          ],
          [
            7.936456,
            45.724062
          ],
          [
            7.93645,
            45.724066
          ],
          [
            7.93646,
            45.724076
          ],
          [
            7.936458,
            45.724074
          ],
          [
            7.936458,
            45.724074
          ],
          [
            7.936456,
            45.724074
          ],
          [
            7.936452,
            45.724069
          ],
          [
            7.936436,
            45.724064
          ],
          [
            7.93644,
            45.724062
          ],
          [
            7.936446,
            45.724074
          ],
          [
            7.936453,
            45.724079
          ],
          [
            7.936459,
            45.724084
          ],
          [
            7.936467,
            45.724088
          ],
          [
            7.936479,
            45.724089
          ],
          [
            7.936492,
            45.724076
          ],
          [
            7.936494,
            45.724074
          ],
          [
            7.936494,
            45.724074
          ],
          [
            7.936494,
            45.724074
          ],
          [
            7.936494,
            45.724074
          ],
          [
            7.936494,
            45.724074
          ],
          [
            7.936494,
            45.724074
          ],
          [
            7.936494,
            45.724074
          ],
          [
            7.936514,
            45.724072
          ],
          [
            7.936533,
            45.724094
          ],
          [
            7.936545,
            45.72411
          ],
          [
            7.936558,
            45.724125
          ],
          [
            7.936602,
            45.724132
          ],
          [
            7.936625,
            45.724143
          ],
          [
            7.936625,
            45.72415
          ],
          [
            7.936644,
            45.724185
          ],
          [
            7.936655,
            45.7242
          ],
          [
            7.936663,
            45.724204
          ],
          [
            7.936667,
            45.724209
          ],
          [
            7.936663,
            45.724217
          ],
          [
            7.936657,
            45.724252
          ],
          [
            7.936686,
            45.724271
          ],
          [
            7.936696,
            45.724271
          ],
          [
            7.936723,
            45.724263
          ],
          [
            7.936725,
            45.724258
          ],
          [
            7.936732,
            45.724258
          ],
          [
            7.936737,
            45.724261
          ],
          [
            7.93674,
            45.724257
          ],
          [
            7.93674,
            45.724257
          ],
          [
            7.93674,
            45.724257
          ],
          [
            7.936739,
            45.724258
          ],
          [
            7.936737,
            45.724258
          ],
          [
            7.93674,
            45.724257
          ],
          [
            7.936764,
            45.724262
          ],
          [
            7.936782,
            45.724268
          ],
          [
            7.936816,
            45.724272
          ],
          [
            7.936823,
            45.724274
          ],
          [
            7.936834,
            45.724285
          ],
          [
            7.936868,
            45.724297
          ],
          [
            7.93688,
            45.724275
          ],
          [
            7.936909,
            45.724245
          ],
          [
            7.936918,
            45.724244
          ],
          [
            7.936932,
            45.724244
          ],
          [
            7.936954,
            45.724247
          ],
          [
            7.936959,
            45.724246
          ],
          [
            7.936981,
            45.724242
          ],
          [
            7.937005,
            45.724236
          ],
          [
            7.937009,
            45.724235
          ],
          [
            7.936999,
            45.724246
          ],
          [
            7.937019,
            45.724263
          ],
          [
            7.937055,
            45.724261
          ],
          [
            7.937084,
            45.724264
          ],
          [
            7.937109,
            45.724265
          ],
          [
            7.937094,
            45.724283
          ],
          [
            7.937101,
            45.724293
          ],
          [
            7.937116,
            45.724286
          ],
          [
            7.937135,
            45.724283
          ],
          [
            7.937138,
            45.724285
          ],
          [
            7.937141,
            45.724302
          ],
          [
            7.937149,
            45.724308
          ],
          [
            7.937146,
            45.724323
          ],
          [
            7.937145,
            45.724333
          ],
          [
            7.937157,
            45.724332
          ],
          [
            7.937171,
            45.724334
          ],
          [
            7.937191,
            45.724335
          ],
          [
            7.937189,
            45.724347
          ],
          [
            7.937193,
            45.724351
          ],
          [
            7.93721,
            45.724348
          ],
          [
            7.937239,
            45.724342
          ],
          [
            7.937241,
            45.724343
          ],
          [
            7.937239,
            45.724339
          ],
          [
            7.937238,
            45.72434
          ],
          [
            7.937238,
            45.72434
          ],
          [
            7.937238,
            45.72434
          ],
          [
            7.937246,
            45.724343
          ],
          [
            7.937239,
            45.724333
          ],
          [
            7.937242,
            45.724331
          ],
          [
            7.93726,
            45.72432
          ],
          [
            7.937323,
            45.724304
          ],
          [
            7.937315,
            45.724311
          ],
          [
            7.937315,
            45.724322
          ],
          [
            7.93734,
            45.724323
          ],
          [
            7.937342,
            45.724319
          ],
          [
            7.937364,
            45.724321
          ],
          [
            7.93737,
            45.724321
          ],
          [
            7.937376,
            45.724325
          ],
          [
            7.937382,
            45.724342
          ],
          [
            7.937394,
            45.724341
          ],
          [
            7.937407,
            45.72434
          ],
          [
            7.937407,
            45.724335
          ],
          [
            7.937432,
            45.724334
          ],
          [
            7.937436,
            45.724349
          ],
          [
            7.937444,
            45.72435
          ],
          [
            7.937466,
            45.724356
          ],
          [
            7.937454,
            45.724374
          ],
          [
            7.937462,
            45.72438
          ],
          [
            7.937493,
            45.724384
          ],
          [
            7.937527,
            45.724401
          ],
          [
            7.937527,
            45.724414
          ],
          [
            7.93753,
            45.724418
          ],
          [
            7.937551,
            45.724423
          ],
          [
            7.93757,
            45.724456
          ],
          [
            7.937586,
            45.724474
          ],
          [
            7.937605,
            45.724472
          ],
          [
            7.93763,
            45.724495
          ],
          [
            7.937653,
            45.724514
          ],
          [
            7.937651,
            45.724512
          ],
          [
            7.937651,
            45.724512
          ],
          [
            7.937651,
            45.724512
          ],
          [
            7.937654,
            45.724514
          ],
          [
            7.93765,
            45.724506
          ],
          [
            7.937652,
            45.724506
          ],
          [
            7.937649,
            45.724512
          ],
          [
            7.937648,
            45.724515
          ],
          [
            7.937651,
            45.724512
          ],
          [
            7.937651,
            45.724512
          ],
          [
            7.937651,
            45.724512
          ],
          [
            7.937651,
            45.724512
          ],
          [
            7.937651,
            45.724512
          ],
          [
            7.937651,
            45.724512
          ],
          [
            7.937651,
            45.724512
          ],
          [
            7.937651,
            45.724512
          ],
          [
            7.937651,
            45.724512
          ],
          [
            7.937651,
            45.724512
          ],
          [
            7.937651,
            45.724512
          ],
          [
            7.937647,
            45.724516
          ],
          [
            7.937646,
            45.724516
          ],
          [
            7.937625,
            45.724512
          ],
          [
            7.93761,
            45.724519
          ],
          [
            7.937611,
            45.72452
          ],
          [
            7.937611,
            45.72452
          ],
          [
            7.937611,
            45.72452
          ],
          [
            7.937611,
            45.72452
          ],
          [
            7.937612,
            45.724519
          ],
          [
            7.937611,
            45.72452
          ],
          [
            7.937611,
            45.72452
          ],
          [
            7.937611,
            45.72452
          ],
          [
            7.937611,
            45.72452
          ],
          [
            7.937611,
            45.72452
          ],
          [
            7.937611,
            45.72452
          ],
          [
            7.937611,
            45.72452
          ],
          [
            7.937609,
            45.72451
          ],
          [
            7.93761,
            45.724511
          ],
          [
            7.937618,
            45.724511
          ],
          [
            7.937609,
            45.724506
          ],
          [
            7.937612,
            45.724506
          ],
          [
            7.937615,
            45.724507
          ],
          [
            7.937615,
            45.724507
          ],
          [
            7.937615,
            45.724507
          ],
          [
            7.937615,
            45.724507
          ],
          [
            7.937615,
            45.724507
          ],
          [
            7.937615,
            45.724507
          ],
          [
            7.937613,
            45.724511
          ],
          [
            7.937608,
            45.724515
          ],
          [
            7.937625,
            45.724524
          ],
          [
            7.937624,
            45.724525
          ],
          [
            7.937622,
            45.724524
          ],
          [
            7.937625,
            45.724525
          ],
          [
            7.937625,
            45.724527
          ],
          [
            7.937621,
            45.724516
          ],
          [
            7.937621,
            45.724517
          ],
          [
            7.937614,
            45.724515
          ],
          [
            7.937615,
            45.724507
          ],
          [
            7.937615,
            45.724507
          ],
          [
            7.937617,
            45.724512
          ],
          [
            7.937615,
            45.724507
          ],
          [
            7.937634,
            45.72451
          ],
          [
            7.93762,
            45.724516
          ],
          [
            7.937616,
            45.724515
          ],
          [
            7.937611,
            45.724515
          ],
          [
            7.93761,
            45.724515
          ],
          [
            7.937611,
            45.724515
          ],
          [
            7.937615,
            45.724507
          ],
          [
            7.937615,
            45.724507
          ],
          [
            7.937615,
            45.724507
          ],
          [
            7.937615,
            45.724507
          ],
          [
            7.937612,
            45.724512
          ],
          [
            7.937609,
            45.724513
          ],
          [
            7.937615,
            45.724507
          ],
          [
            7.937615,
            45.724507
          ],
          [
            7.937615,
            45.724507
          ],
          [
            7.937615,
            45.724507
          ],
          [
            7.937615,
            45.724507
          ],
          [
            7.937615,
            45.724507
          ],
          [
            7.937615,
            45.724507
          ],
          [
            7.937614,
            45.724508
          ],
          [
            7.937615,
            45.724507
          ],
          [
            7.937615,
            45.724507
          ],
          [
            7.937615,
            45.724507
          ],
          [
            7.937615,
            45.724507
          ],
          [
            7.937615,
            45.724507
          ],
          [
            7.937608,
            45.724502
          ],
          [
            7.937615,
            45.724507
          ],
          [
            7.937615,
            45.724507
          ],
          [
            7.937615,
            45.724507
          ],
          [
            7.937615,
            45.724507
          ],
          [
            7.937615,
            45.724507
          ],
          [
            7.937615,
            45.724507
          ],
          [
            7.937615,
            45.724507
          ],
          [
            7.937612,
            45.72451
          ],
          [
            7.937614,
            45.72451
          ],
          [
            7.937615,
            45.724507
          ],
          [
            7.937615,
            45.724507
          ],
          [
            7.937607,
            45.724513
          ],
          [
            7.937602,
            45.724515
          ],
          [
            7.937601,
            45.724511
          ],
          [
            7.937615,
            45.724507
          ],
          [
            7.937601,
            45.724511
          ],
          [
            7.937615,
            45.724507
          ],
          [
            7.937615,
            45.724507
          ],
          [
            7.937615,
            45.724507
          ],
          [
            7.937606,
            45.724513
          ],
          [
            7.937615,
            45.724507
          ],
          [
            7.937615,
            45.724507
          ],
          [
            7.937615,
            45.724507
          ],
          [
            7.937615,
            45.724507
          ],
          [
            7.937615,
            45.724507
          ],
          [
            7.937615,
            45.724507
          ],
          [
            7.937615,
            45.724507
          ],
          [
            7.937615,
            45.724507
          ],
          [
            7.937615,
            45.724507
          ],
          [
            7.93762,
            45.724512
          ],
          [
            7.937617,
            45.724507
          ],
          [
            7.937622,
            45.724508
          ],
          [
            7.937622,
            45.724508
          ],
          [
            7.937615,
            45.724507
          ],
          [
            7.937628,
            45.724508
          ],
          [
            7.937624,
            45.724505
          ],
          [
            7.937623,
            45.724501
          ],
          [
            7.937621,
            45.724502
          ],
          [
            7.937615,
            45.724507
          ],
          [
            7.937615,
            45.724507
          ],
          [
            7.937615,
            45.724507
          ],
          [
            7.937615,
            45.724507
          ],
          [
            7.937615,
            45.724507
          ],
          [
            7.937615,
            45.724507
          ],
          [
            7.937615,
            45.724507
          ],
          [
            7.937615,
            45.724507
          ],
          [
            7.937615,
            45.724507
          ],
          [
            7.937624,
            45.724509
          ],
          [
            7.937615,
            45.724507
          ],
          [
            7.937615,
            45.724507
          ],
          [
            7.937615,
            45.724507
          ],
          [
            7.937615,
            45.724507
          ],
          [
            7.937607,
            45.724508
          ],
          [
            7.937614,
            45.724508
          ],
          [
            7.937608,
            45.724509
          ],
          [
            7.937615,
            45.724507
          ],
          [
            7.937615,
            45.724507
          ],
          [
            7.937615,
            45.724507
          ],
          [
            7.937615,
            45.724507
          ],
          [
            7.937615,
            45.724507
          ],
          [
            7.937615,
            45.724507
          ],
          [
            7.937615,
            45.724507
          ],
          [
            7.937615,
            45.724507
          ],
          [
            7.937615,
            45.724507
          ],
          [
            7.937615,
            45.724507
          ],
          [
            7.937615,
            45.724507
          ],
          [
            7.937615,
            45.724507
          ],
          [
            7.937615,
            45.724507
          ],
          [
            7.937615,
            45.724507
          ],
          [
            7.937615,
            45.724507
          ],
          [
            7.937615,
            45.724507
          ],
          [
            7.937615,
            45.724507
          ],
          [
            7.937614,
            45.724511
          ],
          [
            7.937611,
            45.724508
          ],
          [
            7.937615,
            45.724507
          ],
          [
            7.937615,
            45.724507
          ],
          [
            7.937615,
            45.724507
          ],
          [
            7.937615,
            45.724507
          ],
          [
            7.937615,
            45.724507
          ],
          [
            7.937615,
            45.724507
          ],
          [
            7.937615,
            45.724507
          ],
          [
            7.937613,
            45.724505
          ],
          [
            7.937615,
            45.724507
          ],
          [
            7.937608,
            45.724504
          ],
          [
            7.937612,
            45.724501
          ],
          [
            7.937615,
            45.724507
          ],
          [
            7.937614,
            45.724502
          ],
          [
            7.937615,
            45.724507
          ],
          [
            7.937653,
            45.724513
          ],
          [
            7.937604,
            45.724511
          ],
          [
            7.937604,
            45.72451
          ],
          [
            7.937615,
            45.724507
          ],
          [
            7.937615,
            45.724507
          ],
          [
            7.937615,
            45.724507
          ],
          [
            7.937615,
            45.724507
          ],
          [
            7.937615,
            45.724507
          ],
          [
            7.937615,
            45.724507
          ],
          [
            7.937615,
            45.724507
          ],
          [
            7.93761,
            45.724511
          ],
          [
            7.937615,
            45.724507
          ],
          [
            7.937615,
            45.724507
          ],
          [
            7.937615,
            45.724507
          ],
          [
            7.937605,
            45.724509
          ],
          [
            7.937615,
            45.724507
          ],
          [
            7.937606,
            45.724512
          ],
          [
            7.937615,
            45.724507
          ],
          [
            7.93761,
            45.724508
          ],
          [
            7.937615,
            45.724507
          ],
          [
            7.937615,
            45.724507
          ],
          [
            7.937615,
            45.724507
          ],
          [
            7.937615,
            45.724507
          ],
          [
            7.937605,
            45.72451
          ],
          [
            7.937607,
            45.724509
          ],
          [
            7.937618,
            45.724505
          ],
          [
            7.937615,
            45.724507
          ],
          [
            7.937615,
            45.724507
          ],
          [
            7.937615,
            45.724507
          ],
          [
            7.937615,
            45.724507
          ],
          [
            7.937601,
            45.724506
          ],
          [
            7.937604,
            45.724511
          ],
          [
            7.9376,
            45.724512
          ],
          [
            7.937615,
            45.724507
          ],
          [
            7.937615,
            45.724507
          ],
          [
            7.937615,
            45.724507
          ],
          [
            7.937615,
            45.724507
          ],
          [
            7.937601,
            45.72451
          ],
          [
            7.937615,
            45.724507
          ],
          [
            7.937612,
            45.724488
          ],
          [
            7.93761,
            45.724475
          ],
          [
            7.937568,
            45.72445
          ],
          [
            7.937563,
            45.724443
          ],
          [
            7.937563,
            45.724443
          ],
          [
            7.937553,
            45.72442
          ],
          [
            7.937526,
            45.72441
          ],
          [
            7.937528,
            45.724401
          ],
          [
            7.937529,
            45.724391
          ],
          [
            7.93751,
            45.724385
          ],
          [
            7.937512,
            45.724382
          ],
          [
            7.937497,
            45.724374
          ],
          [
            7.937467,
            45.724375
          ],
          [
            7.93746,
            45.724374
          ],
          [
            7.937466,
            45.724355
          ],
          [
            7.937469,
            45.724346
          ],
          [
            7.937441,
            45.724346
          ],
          [
            7.93743,
            45.724346
          ],
          [
            7.937435,
            45.724332
          ],
          [
            7.937438,
            45.724325
          ],
          [
            7.93743,
            45.724318
          ],
          [
            7.937404,
            45.724315
          ],
          [
            7.937397,
            45.724316
          ],
          [
            7.937393,
            45.724321
          ],
          [
            7.937394,
            45.724321
          ],
          [
            7.937381,
            45.724322
          ],
          [
            7.937326,
            45.724317
          ],
          [
            7.937318,
            45.724311
          ],
          [
            7.937304,
            45.724297
          ],
          [
            7.937291,
            45.724298
          ],
          [
            7.937256,
            45.724314
          ],
          [
            7.937216,
            45.724333
          ],
          [
            7.937202,
            45.724341
          ],
          [
            7.937192,
            45.724345
          ],
          [
            7.937192,
            45.724345
          ],
          [
            7.937175,
            45.724336
          ],
          [
            7.937173,
            45.724335
          ],
          [
            7.937171,
            45.724333
          ],
          [
            7.93718,
            45.724326
          ],
          [
            7.937188,
            45.724328
          ],
          [
            7.937189,
            45.724325
          ],
          [
            7.937175,
            45.72432
          ],
          [
            7.937152,
            45.724314
          ],
          [
            7.937147,
            45.724314
          ],
          [
            7.937159,
            45.724308
          ],
          [
            7.937149,
            45.724292
          ],
          [
            7.937149,
            45.724291
          ],
          [
            7.937149,
            45.72429
          ],
          [
            7.937147,
            45.724279
          ],
          [
            7.93713,
            45.724272
          ],
          [
            7.937111,
            45.724281
          ],
          [
            7.937104,
            45.724282
          ],
          [
            7.937101,
            45.724284
          ],
          [
            7.9371,
            45.724264
          ],
          [
            7.93709,
            45.724252
          ],
          [
            7.937086,
            45.724253
          ],
          [
            7.937075,
            45.724257
          ],
          [
            7.937051,
            45.724254
          ],
          [
            7.937042,
            45.72426
          ],
          [
            7.937033,
            45.724264
          ],
          [
            7.937018,
            45.724256
          ],
          [
            7.937028,
            45.724246
          ],
          [
            7.937017,
            45.724239
          ],
          [
            7.937015,
            45.724233
          ],
          [
            7.936986,
            45.724227
          ],
          [
            7.936969,
            45.724231
          ],
          [
            7.936961,
            45.724237
          ],
          [
            7.936953,
            45.72424
          ],
          [
            7.936953,
            45.72424
          ],
          [
            7.936932,
            45.724235
          ],
          [
            7.936911,
            45.724244
          ],
          [
            7.9369,
            45.72425
          ],
          [
            7.936865,
            45.724288
          ],
          [
            7.936852,
            45.724287
          ],
          [
            7.936834,
            45.72427
          ],
          [
            7.936829,
            45.724264
          ],
          [
            7.936805,
            45.724263
          ],
          [
            7.936775,
            45.724259
          ],
          [
            7.936761,
            45.724255
          ],
          [
            7.936749,
            45.724256
          ],
          [
            7.936742,
            45.724256
          ],
          [
            7.936732,
            45.724255
          ],
          [
            7.93669,
            45.724262
          ],
          [
            7.936682,
            45.724263
          ],
          [
            7.93666,
            45.724242
          ],
          [
            7.936665,
            45.724232
          ],
          [
            7.936665,
            45.724216
          ],
          [
            7.936649,
            45.724195
          ],
          [
            7.936646,
            45.724183
          ],
          [
            7.936628,
            45.724159
          ],
          [
            7.936626,
            45.724155
          ],
          [
            7.93662,
            45.724132
          ],
          [
            7.936605,
            45.724134
          ],
          [
            7.936601,
            45.724135
          ],
          [
            7.936554,
            45.724126
          ],
          [
            7.936547,
            45.724118
          ],
          [
            7.936534,
            45.724081
          ],
          [
            7.936531,
            45.724083
          ],
          [
            7.936519,
            45.724068
          ],
          [
            7.936502,
            45.724068
          ],
          [
            7.936498,
            45.724074
          ],
          [
            7.936471,
            45.724091
          ],
          [
            7.936441,
            45.724064
          ],
          [
            7.936437,
            45.724057
          ],
          [
            7.936428,
            45.724046
          ],
          [
            7.936408,
            45.72403
          ],
          [
            7.936393,
            45.724014
          ],
          [
            7.936391,
            45.724002
          ],
          [
            7.936392,
            45.723995
          ],
          [
            7.936376,
            45.723974
          ],
          [
            7.936358,
            45.723981
          ],
          [
            7.936348,
            45.723983
          ],
          [
            7.936319,
            45.723983
          ],
          [
            7.936298,
            45.723984
          ],
          [
            7.936295,
            45.723982
          ],
          [
            7.936278,
            45.723987
          ],
          [
            7.936262,
            45.724001
          ],
          [
            7.93626,
            45.724009
          ],
          [
            7.936257,
            45.724017
          ],
          [
            7.936232,
            45.724019
          ],
          [
            7.936228,
            45.724015
          ],
          [
            7.936223,
            45.724013
          ],
          [
            7.936205,
            45.724011
          ],
          [
            7.936199,
            45.724015
          ],
          [
            7.936175,
            45.724023
          ],
          [
            7.936165,
            45.724011
          ],
          [
            7.936162,
            45.723996
          ],
          [
            7.936163,
            45.723989
          ],
          [
            7.936159,
            45.723973
          ],
          [
            7.936146,
            45.723981
          ],
          [
            7.936135,
            45.723991
          ],
          [
            7.936121,
            45.723981
          ],
          [
            7.93613,
            45.723969
          ],
          [
            7.93613,
            45.723962
          ],
          [
            7.936134,
            45.723951
          ],
          [
            7.936122,
            45.723943
          ],
          [
            7.936111,
            45.723932
          ],
          [
            7.936109,
            45.723918
          ],
          [
            7.936109,
            45.723918
          ],
          [
            7.936083,
            45.723892
          ],
          [
            7.936086,
            45.723857
          ],
          [
            7.936102,
            45.723847
          ],
          [
            7.936107,
            45.723842
          ],
          [
            7.936119,
            45.723827
          ],
          [
            7.936115,
            45.723817
          ],
          [
            7.936104,
            45.723819
          ],
          [
            7.93609,
            45.723824
          ],
          [
            7.936073,
            45.723826
          ],
          [
            7.936081,
            45.723811
          ],
          [
            7.936075,
            45.723807
          ],
          [
            7.936076,
            45.723799
          ],
          [
            7.936088,
            45.723782
          ],
          [
            7.936089,
            45.723776
          ],
          [
            7.93609,
            45.723778
          ],
          [
            7.936064,
            45.723759
          ],
          [
            7.936062,
            45.723747
          ],
          [
            7.936065,
            45.723738
          ],
          [
            7.936063,
            45.723735
          ],
          [
            7.936063,
            45.723735
          ],
          [
            7.936063,
            45.723735
          ],
          [
            7.936054,
            45.723729
          ],
          [
            7.936016,
            45.723736
          ],
          [
            7.935977,
            45.723747
          ],
          [
            7.935965,
            45.723751
          ],
          [
            7.935955,
            45.723754
          ],
          [
            7.935926,
            45.723763
          ],
          [
            7.935894,
            45.723772
          ],
          [
            7.935832,
            45.723765
          ],
          [
            7.935825,
            45.723752
          ],
          [
            7.935783,
            45.723739
          ],
          [
            7.935746,
            45.723726
          ],
          [
            7.935742,
            45.723719
          ],
          [
            7.935728,
            45.723704
          ],
          [
            7.935696,
            45.723686
          ],
          [
            7.935696,
            45.723686
          ],
          [
            7.935668,
            45.72365
          ],
          [
            7.935663,
            45.723643
          ],
          [
            7.935664,
            45.723622
          ],
          [
            7.935663,
            45.723612
          ],
          [
            7.935665,
            45.723578
          ],
          [
            7.935676,
            45.723574
          ],
          [
            7.93567,
            45.723577
          ],
          [
            7.935653,
            45.723568
          ],
          [
            7.935645,
            45.723559
          ],
          [
            7.93565,
            45.72356
          ],
          [
            7.935662,
            45.723544
          ],
          [
            7.935657,
            45.723544
          ],
          [
            7.935651,
            45.723534
          ],
          [
            7.935653,
            45.723524
          ],
          [
            7.935626,
            45.723513
          ],
          [
            7.935608,
            45.723479
          ],
          [
            7.935611,
            45.723472
          ],
          [
            7.935593,
            45.723465
          ],
          [
            7.935575,
            45.723467
          ],
          [
            7.935541,
            45.723468
          ],
          [
            7.935534,
            45.723468
          ],
          [
            7.935529,
            45.723461
          ],
          [
            7.935506,
            45.723451
          ],
          [
            7.935487,
            45.723443
          ],
          [
            7.935464,
            45.723437
          ],
          [
            7.935462,
            45.723431
          ],
          [
            7.935466,
            45.723428
          ],
          [
            7.935476,
            45.723419
          ],
          [
            7.935468,
            45.723418
          ],
          [
            7.935451,
            45.723416
          ],
          [
            7.935419,
            45.7234
          ],
          [
            7.935372,
            45.72338
          ],
          [
            7.935345,
            45.723368
          ],
          [
            7.935319,
            45.723326
          ],
          [
            7.935312,
            45.723321
          ],
          [
            7.935312,
            45.723333
          ],
          [
            7.935309,
            45.723349
          ],
          [
            7.935296,
            45.723361
          ],
          [
            7.935294,
            45.723361
          ],
          [
            7.935278,
            45.723374
          ],
          [
            7.935276,
            45.723373
          ],
          [
            7.935273,
            45.723362
          ],
          [
            7.935283,
            45.72336
          ],
          [
            7.935258,
            45.723359
          ],
          [
            7.935244,
            45.723363
          ],
          [
            7.935227,
            45.723361
          ],
          [
            7.935223,
            45.723361
          ],
          [
            7.935198,
            45.723334
          ],
          [
            7.935198,
            45.723322
          ],
          [
            7.935184,
            45.723321
          ],
          [
            7.935177,
            45.723318
          ],
          [
            7.935151,
            45.723323
          ],
          [
            7.935121,
            45.723318
          ],
          [
            7.93511,
            45.723306
          ],
          [
            7.935109,
            45.72329
          ],
          [
            7.935107,
            45.723276
          ],
          [
            7.935105,
            45.723276
          ],
          [
            7.935094,
            45.72327
          ],
          [
            7.935065,
            45.723272
          ],
          [
            7.935054,
            45.723292
          ],
          [
            7.935031,
            45.723297
          ],
          [
            7.935005,
            45.723303
          ],
          [
            7.935001,
            45.723305
          ],
          [
            7.934998,
            45.723298
          ],
          [
            7.934984,
            45.723302
          ],
          [
            7.934985,
            45.723309
          ],
          [
            7.934976,
            45.723317
          ],
          [
            7.934964,
            45.723324
          ],
          [
            7.934948,
            45.723332
          ],
          [
            7.934936,
            45.723333
          ],
          [
            7.934918,
            45.723294
          ],
          [
            7.934911,
            45.723288
          ],
          [
            7.934889,
            45.723278
          ],
          [
            7.93488,
            45.723271
          ],
          [
            7.934869,
            45.723266
          ],
          [
            7.934854,
            45.72325
          ],
          [
            7.93484,
            45.723235
          ],
          [
            7.934825,
            45.723245
          ],
          [
            7.934819,
            45.723255
          ],
          [
            7.934783,
            45.723241
          ],
          [
            7.934776,
            45.723232
          ],
          [
            7.934754,
            45.723208
          ],
          [
            7.934739,
            45.723183
          ],
          [
            7.934713,
            45.723154
          ],
          [
            7.934685,
            45.723137
          ],
          [
            7.934681,
            45.723136
          ],
          [
            7.934683,
            45.723126
          ],
          [
            7.934686,
            45.723112
          ],
          [
            7.934684,
            45.72311
          ],
          [
            7.934689,
            45.723109
          ],
          [
            7.934683,
            45.723095
          ],
          [
            7.934671,
            45.723097
          ],
          [
            7.934664,
            45.723091
          ],
          [
            7.934661,
            45.723085
          ],
          [
            7.934694,
            45.723081
          ],
          [
            7.934713,
            45.723073
          ],
          [
            7.934739,
            45.723067
          ],
          [
            7.934733,
            45.723057
          ],
          [
            7.934723,
            45.723059
          ],
          [
            7.934723,
            45.723059
          ],
          [
            7.934723,
            45.723059
          ],
          [
            7.934723,
            45.723059
          ],
          [
            7.934728,
            45.723066
          ],
          [
            7.934723,
            45.723059
          ],
          [
            7.934723,
            45.723059
          ],
          [
            7.934723,
            45.723059
          ],
          [
            7.934723,
            45.723059
          ],
          [
            7.934723,
            45.723059
          ],
          [
            7.934723,
            45.723059
          ],
          [
            7.934723,
            45.723059
          ],
          [
            7.934723,
            45.723059
          ],
          [
            7.934723,
            45.723059
          ],
          [
            7.934723,
            45.723059
          ],
          [
            7.934723,
            45.723059
          ],
          [
            7.934699,
            45.723064
          ],
          [
            7.934698,
            45.723049
          ],
          [
            7.934721,
            45.723048
          ],
          [
            7.934735,
            45.723025
          ],
          [
            7.934727,
            45.723015
          ],
          [
            7.934716,
            45.723009
          ],
          [
            7.93469,
            45.723003
          ],
          [
            7.934677,
            45.722985
          ],
          [
            7.934683,
            45.722979
          ],
          [
            7.934706,
            45.722968
          ],
          [
            7.934735,
            45.722954
          ],
          [
            7.934757,
            45.722944
          ],
          [
            7.934779,
            45.722939
          ],
          [
            7.934765,
            45.722921
          ],
          [
            7.934757,
            45.722912
          ],
          [
            7.934743,
            45.722909
          ],
          [
            7.934733,
            45.722906
          ],
          [
            7.934732,
            45.722903
          ],
          [
            7.934724,
            45.722891
          ],
          [
            7.934737,
            45.722876
          ],
          [
            7.934728,
            45.722873
          ],
          [
            7.93474,
            45.722855
          ],
          [
            7.934742,
            45.722863
          ],
          [
            7.934765,
            45.722872
          ],
          [
            7.934803,
            45.722869
          ],
          [
            7.934801,
            45.722864
          ],
          [
            7.934798,
            45.722844
          ],
          [
            7.934829,
            45.722836
          ],
          [
            7.934836,
            45.722839
          ],
          [
            7.93486,
            45.722834
          ],
          [
            7.934852,
            45.722826
          ],
          [
            7.934838,
            45.722809
          ],
          [
            7.934833,
            45.722806
          ],
          [
            7.934812,
            45.722786
          ],
          [
            7.934803,
            45.722752
          ],
          [
            7.934827,
            45.722738
          ],
          [
            7.934838,
            45.722726
          ],
          [
            7.934883,
            45.722764
          ],
          [
            7.934931,
            45.722776
          ],
          [
            7.934941,
            45.722776
          ],
          [
            7.934981,
            45.722773
          ],
          [
            7.934988,
            45.722777
          ],
          [
            7.935004,
            45.722784
          ],
          [
            7.935034,
            45.722783
          ],
          [
            7.935039,
            45.722783
          ],
          [
            7.93508,
            45.722779
          ],
          [
            7.935088,
            45.722777
          ],
          [
            7.935096,
            45.722775
          ],
          [
            7.935076,
            45.722764
          ],
          [
            7.935067,
            45.72276
          ],
          [
            7.935049,
            45.722745
          ],
          [
            7.935041,
            45.722743
          ],
          [
            7.935037,
            45.72274
          ],
          [
            7.93503,
            45.722737
          ],
          [
            7.935022,
            45.722732
          ],
          [
            7.935015,
            45.722724
          ],
          [
            7.935049,
            45.722719
          ],
          [
            7.935037,
            45.722705
          ],
          [
            7.935031,
            45.722703
          ],
          [
            7.935028,
            45.722699
          ],
          [
            7.935001,
            45.722679
          ],
          [
            7.934998,
            45.722674
          ],
          [
            7.934969,
            45.722665
          ],
          [
            7.93495,
            45.722651
          ],
          [
            7.934938,
            45.722634
          ],
          [
            7.934927,
            45.722624
          ],
          [
            7.934903,
            45.722624
          ],
          [
            7.934888,
            45.722619
          ],
          [
            7.93488,
            45.722604
          ],
          [
            7.93488,
            45.722601
          ],
          [
            7.934883,
            45.722591
          ],
          [
            7.934892,
            45.722571
          ],
          [
            7.934897,
            45.722565
          ],
          [
            7.934895,
            45.722545
          ],
          [
            7.934889,
            45.722538
          ],
          [
            7.934887,
            45.722531
          ],
          [
            7.934877,
            45.722521
          ],
          [
            7.93486,
            45.722495
          ],
          [
            7.934877,
            45.722498
          ],
          [
            7.934898,
            45.722497
          ],
          [
            7.934898,
            45.722494
          ],
          [
            7.934885,
            45.72246
          ],
          [
            7.934877,
            45.722452
          ],
          [
            7.934852,
            45.722408
          ],
          [
            7.934853,
            45.722389
          ],
          [
            7.934876,
            45.722411
          ],
          [
            7.934881,
            45.722413
          ],
          [
            7.934896,
            45.722414
          ],
          [
            7.93493,
            45.722427
          ],
          [
            7.934936,
            45.722435
          ],
          [
            7.93497,
            45.722445
          ],
          [
            7.934975,
            45.722438
          ],
          [
            7.934987,
            45.722437
          ],
          [
            7.935014,
            45.722446
          ],
          [
            7.935051,
            45.722443
          ],
          [
            7.935076,
            45.722435
          ],
          [
            7.9351,
            45.722427
          ],
          [
            7.935129,
            45.722426
          ],
          [
            7.935133,
            45.722429
          ],
          [
            7.935169,
            45.722435
          ],
          [
            7.935184,
            45.722436
          ],
          [
            7.935231,
            45.722449
          ],
          [
            7.93524,
            45.722443
          ],
          [
            7.935275,
            45.722448
          ],
          [
            7.935289,
            45.722442
          ],
          [
            7.935332,
            45.72245
          ],
          [
            7.935356,
            45.722463
          ],
          [
            7.93536,
            45.722463
          ],
          [
            7.935369,
            45.722464
          ],
          [
            7.93538,
            45.722465
          ],
          [
            7.935382,
            45.722467
          ],
          [
            7.935383,
            45.722467
          ],
          [
            7.935383,
            45.722467
          ],
          [
            7.935387,
            45.722467
          ],
          [
            7.935377,
            45.722439
          ],
          [
            7.935383,
            45.722443
          ],
          [
            7.935462,
            45.722412
          ],
          [
            7.935503,
            45.722403
          ],
          [
            7.935535,
            45.722404
          ],
          [
            7.935541,
            45.722403
          ],
          [
            7.935564,
            45.722377
          ],
          [
            7.935561,
            45.722369
          ],
          [
            7.935534,
            45.722356
          ],
          [
            7.935531,
            45.722356
          ],
          [
            7.935535,
            45.722354
          ],
          [
            7.935497,
            45.72233
          ],
          [
            7.935493,
            45.722326
          ],
          [
            7.935456,
            45.72229
          ],
          [
            7.935421,
            45.722262
          ],
          [
            7.93541,
            45.722245
          ],
          [
            7.935399,
            45.722219
          ],
          [
            7.935354,
            45.722195
          ],
          [
            7.935321,
            45.722188
          ],
          [
            7.935302,
            45.722172
          ],
          [
            7.935301,
            45.722157
          ],
          [
            7.935273,
            45.722117
          ],
          [
            7.935265,
            45.722112
          ],
          [
            7.935253,
            45.722092
          ],
          [
            7.935247,
            45.722076
          ],
          [
            7.935257,
            45.722059
          ],
          [
            7.935287,
            45.722052
          ],
          [
            7.935286,
            45.722049
          ],
          [
            7.935279,
            45.722045
          ],
          [
            7.935277,
            45.722024
          ],
          [
            7.935286,
            45.722022
          ],
          [
            7.935294,
            45.722017
          ],
          [
            7.935303,
            45.721995
          ],
          [
            7.935299,
            45.721953
          ],
          [
            7.935309,
            45.721877
          ],
          [
            7.935314,
            45.721876
          ],
          [
            7.935317,
            45.721845
          ],
          [
            7.9353,
            45.721807
          ],
          [
            7.935271,
            45.721763
          ],
          [
            7.935269,
            45.721746
          ],
          [
            7.93528,
            45.721716
          ],
          [
            7.935291,
            45.721703
          ],
          [
            7.93529,
            45.721694
          ],
          [
            7.935272,
            45.721675
          ],
          [
            7.935257,
            45.721668
          ],
          [
            7.935214,
            45.721614
          ],
          [
            7.935218,
            45.721586
          ],
          [
            7.935227,
            45.721582
          ],
          [
            7.935237,
            45.721579
          ],
          [
            7.935257,
            45.721561
          ],
          [
            7.93526,
            45.721557
          ],
          [
            7.935261,
            45.721554
          ],
          [
            7.935256,
            45.721532
          ],
          [
            7.935255,
            45.721532
          ],
          [
            7.935248,
            45.72151
          ],
          [
            7.935225,
            45.721485
          ],
          [
            7.93522,
            45.721469
          ],
          [
            7.93523,
            45.721463
          ],
          [
            7.935239,
            45.72144
          ],
          [
            7.935234,
            45.721429
          ],
          [
            7.935219,
            45.7214
          ],
          [
            7.935218,
            45.721395
          ],
          [
            7.93518,
            45.721341
          ],
          [
            7.935166,
            45.721317
          ],
          [
            7.935169,
            45.72129
          ],
          [
            7.935167,
            45.721278
          ],
          [
            7.935162,
            45.721271
          ],
          [
            7.935158,
            45.721261
          ],
          [
            7.93515,
            45.721232
          ],
          [
            7.935131,
            45.721167
          ],
          [
            7.935128,
            45.721158
          ],
          [
            7.935085,
            45.721114
          ],
          [
            7.935059,
            45.72106
          ],
          [
            7.935063,
            45.72105
          ],
          [
            7.935077,
            45.721009
          ],
          [
            7.935071,
            45.720974
          ],
          [
            7.935063,
            45.720966
          ],
          [
            7.935041,
            45.720941
          ],
          [
            7.935012,
            45.720871
          ],
          [
            7.935027,
            45.720861
          ],
          [
            7.935032,
            45.720848
          ],
          [
            7.935031,
            45.720841
          ],
          [
            7.935028,
            45.720833
          ],
          [
            7.935029,
            45.720811
          ],
          [
            7.935029,
            45.720802
          ],
          [
            7.935029,
            45.720777
          ],
          [
            7.935008,
            45.720736
          ],
          [
            7.935011,
            45.720696
          ],
          [
            7.935015,
            45.720685
          ],
          [
            7.935004,
            45.720659
          ],
          [
            7.934968,
            45.720632
          ],
          [
            7.934963,
            45.720605
          ],
          [
            7.934982,
            45.7206
          ],
          [
            7.93498,
            45.720595
          ],
          [
            7.934976,
            45.720592
          ],
          [
            7.934971,
            45.720588
          ],
          [
            7.934974,
            45.720551
          ],
          [
            7.934976,
            45.720532
          ],
          [
            7.93498,
            45.720498
          ],
          [
            7.934984,
            45.720495
          ],
          [
            7.93499,
            45.720467
          ],
          [
            7.934994,
            45.720434
          ],
          [
            7.934989,
            45.720408
          ],
          [
            7.934988,
            45.720403
          ],
          [
            7.934986,
            45.720363
          ],
          [
            7.934992,
            45.720354
          ],
          [
            7.934983,
            45.720346
          ],
          [
            7.934989,
            45.720302
          ],
          [
            7.934987,
            45.720294
          ],
          [
            7.934983,
            45.720281
          ],
          [
            7.934964,
            45.720262
          ],
          [
            7.934953,
            45.720243
          ],
          [
            7.934945,
            45.720206
          ],
          [
            7.934954,
            45.720199
          ],
          [
            7.934981,
            45.720192
          ],
          [
            7.934978,
            45.720184
          ],
          [
            7.934991,
            45.720175
          ],
          [
            7.934989,
            45.72017
          ],
          [
            7.934997,
            45.720143
          ],
          [
            7.934989,
            45.720105
          ],
          [
            7.934994,
            45.720104
          ],
          [
            7.93499,
            45.720092
          ],
          [
            7.934993,
            45.720099
          ],
          [
            7.935001,
            45.720084
          ],
          [
            7.935001,
            45.720084
          ],
          [
            7.934987,
            45.720046
          ],
          [
            7.934981,
            45.720036
          ],
          [
            7.934928,
            45.719976
          ],
          [
            7.934905,
            45.719954
          ],
          [
            7.934842,
            45.719913
          ],
          [
            7.934782,
            45.71985
          ],
          [
            7.93475,
            45.719817
          ],
          [
            7.934752,
            45.719777
          ],
          [
            7.934746,
            45.71976
          ],
          [
            7.93475,
            45.719758
          ],
          [
            7.934754,
            45.719751
          ],
          [
            7.934752,
            45.719737
          ],
          [
            7.934744,
            45.719719
          ],
          [
            7.934738,
            45.719694
          ],
          [
            7.934734,
            45.71969
          ],
          [
            7.934753,
            45.719674
          ],
          [
            7.934761,
            45.719657
          ],
          [
            7.934766,
            45.719638
          ],
          [
            7.934764,
            45.719635
          ],
          [
            7.934765,
            45.719632
          ],
          [
            7.934772,
            45.719618
          ],
          [
            7.934773,
            45.719618
          ],
          [
            7.93478,
            45.71959
          ],
          [
            7.934785,
            45.719589
          ],
          [
            7.93479,
            45.719597
          ],
          [
            7.934806,
            45.719609
          ],
          [
            7.934814,
            45.719609
          ],
          [
            7.934825,
            45.719613
          ],
          [
            7.934839,
            45.71962
          ],
          [
            7.934848,
            45.719618
          ],
          [
            7.934854,
            45.719599
          ],
          [
            7.934853,
            45.719594
          ],
          [
            7.934857,
            45.71957
          ],
          [
            7.934857,
            45.719553
          ],
          [
            7.93486,
            45.719522
          ],
          [
            7.934868,
            45.71951
          ],
          [
            7.934856,
            45.719505
          ],
          [
            7.934859,
            45.719498
          ],
          [
            7.934861,
            45.719492
          ],
          [
            7.934868,
            45.719476
          ],
          [
            7.93487,
            45.719465
          ],
          [
            7.934882,
            45.719457
          ],
          [
            7.934886,
            45.719456
          ],
          [
            7.934905,
            45.719443
          ],
          [
            7.934905,
            45.719419
          ],
          [
            7.934906,
            45.719413
          ],
          [
            7.934906,
            45.719393
          ],
          [
            7.934895,
            45.719385
          ],
          [
            7.934893,
            45.719374
          ],
          [
            7.934899,
            45.719351
          ],
          [
            7.934916,
            45.719343
          ],
          [
            7.934918,
            45.719342
          ],
          [
            7.934941,
            45.719354
          ],
          [
            7.934977,
            45.719376
          ],
          [
            7.935014,
            45.719377
          ],
          [
            7.935032,
            45.719378
          ],
          [
            7.93505,
            45.719382
          ],
          [
            7.935082,
            45.719409
          ],
          [
            7.935086,
            45.719412
          ],
          [
            7.935126,
            45.719434
          ],
          [
            7.935145,
            45.719439
          ],
          [
            7.935175,
            45.719444
          ],
          [
            7.935206,
            45.719445
          ],
          [
            7.935206,
            45.719441
          ],
          [
            7.935293,
            45.719419
          ],
          [
            7.935376,
            45.719421
          ],
          [
            7.935386,
            45.719419
          ],
          [
            7.935392,
            45.719419
          ],
          [
            7.935395,
            45.719436
          ],
          [
            7.935388,
            45.71943
          ],
          [
            7.935436,
            45.719383
          ],
          [
            7.935445,
            45.719373
          ],
          [
            7.935501,
            45.719351
          ],
          [
            7.935515,
            45.719347
          ],
          [
            7.935526,
            45.719346
          ],
          [
            7.935549,
            45.719327
          ],
          [
            7.935542,
            45.719317
          ],
          [
            7.935534,
            45.719306
          ],
          [
            7.935541,
            45.719298
          ],
          [
            7.935552,
            45.719294
          ],
          [
            7.93557,
            45.719289
          ],
          [
            7.935598,
            45.719285
          ],
          [
            7.935621,
            45.719277
          ],
          [
            7.935666,
            45.719285
          ],
          [
            7.93567,
            45.719289
          ],
          [
            7.93569,
            45.719304
          ],
          [
            7.9357,
            45.719308
          ],
          [
            7.935732,
            45.719315
          ],
          [
            7.935786,
            45.719289
          ],
          [
            7.935839,
            45.719274
          ],
          [
            7.935864,
            45.719273
          ],
          [
            7.935883,
            45.71926
          ],
          [
            7.935862,
            45.719194
          ],
          [
            7.935865,
            45.719222
          ],
          [
            7.935863,
            45.719237
          ],
          [
            7.935862,
            45.719226
          ],
          [
            7.935856,
            45.719214
          ],
          [
            7.935848,
            45.719205
          ],
          [
            7.935849,
            45.719197
          ],
          [
            7.935849,
            45.719198
          ],
          [
            7.935857,
            45.719207
          ],
          [
            7.935868,
            45.719233
          ],
          [
            7.935873,
            45.719237
          ],
          [
            7.93587,
            45.719253
          ],
          [
            7.935872,
            45.719252
          ],
          [
            7.935959,
            45.719252
          ],
          [
            7.935949,
            45.719236
          ],
          [
            7.935934,
            45.719225
          ],
          [
            7.935911,
            45.719202
          ],
          [
            7.935918,
            45.71919
          ],
          [
            7.935909,
            45.719165
          ],
          [
            7.935935,
            45.719148
          ],
          [
            7.935936,
            45.719145
          ],
          [
            7.93595,
            45.719142
          ],
          [
            7.935942,
            45.719141
          ]
        ]
      },
      "properties": {
        "name": "18780136795"
      }
    }
  ]
}