{
  "type": "FeatureCollection",
  "features": [
    {
      "type": "Feature",
      "geometry": {
        "type": "LineString",
        "coordinates": [
          [
            7.956813,
            46.574362
          ],
          [
            7.956813,
            46.574362
          ],
          [
            7.956813,
            46.574362
          ],
          [
            7.956709,
            46.574328
          ],
          [
            7.9567,
            46.574329
          ],
          [
            7.956658,
            46.574337
          ],
          [
            7.956641,
            46.574343
          ],
          [
            7.956624,
            46.574346
          ],
          [
            7.956611,
            46.574348
          ],
          [
            7.956571,
            46.574351
          ],
          [
            7.956538,
            46.574343
          ],
          [
            7.956498,
            46.574321
          ],
          [
            7.956485,
            46.574324
          ],
          [
            7.956454,
            46.574351
          ],
          [
            7.956432,
            46.574375
          ],
          [
            7.956414,
            46.574394
          ],
          [
            7.956368,
            46.574432
          ],
          [
            7.956337,
            46.574444
          ],
          [
            7.956321,
            46.57446
          ],
          [
            7.956338,
            46.574472
          ],
          [
            7.956353,
            46.574477
          ],
          [
            7.95636,
            46.574486
          ],
          [
            7.956369,
            46.574513
          ],
          [
            7.956358,
            46.574517
          ],
          [
            7.956333,
            46.574515
          ],
          [
            7.956288,
            46.574509
          ],
          [
            7.956248,
            46.574501
          ],
          [
            7.956192,
            46.574488
          ],
          [
            7.95616,
            46.574484
          ],
          [
            7.95612,
            46.574476
          ],
          [
            7.956053,
            46.574464
          ],
          [
            7.956038,
            46.574459
          ],
          [
            7.956047,
            46.574458
          ],
          [
            7.956024,
            46.574447
          ],
          [
            7.955928,
            46.574417
          ],
          [
            7.955864,
            46.574403
          ],
          [
            7.955816,
            46.574411
          ],
          [
            7.955787,
            46.574418
          ],
          [
            7.955731,
            46.574414
          ],
          [
            7.955691,
            46.574409
          ],
          [
            7.955649,
            46.574409
          ],
          [
            7.955633,
            46.574409
          ],
          [
            7.955574,
            46.574413
          ],
          [
            7.95555,
            46.574415
          ],
          [
            7.955526,
            46.574417
          ],
          [
            7.955473,
            46.574416
          ],
          [
            7.9554,
            46.574425
          ],
          [
            7.955384,
            46.574426
          ],
          [
            7.955339,
            46.574438
          ],
          [
            7.955289,
            46.574447
          ],
          [
            7.955224,
            46.574452
          ],
          [
            7.955207,
            46.574455
          ],
          [
            7.95508,
            46.574458
          ],
          [
            7.955005,
            46.574453
          ],
          [
            7.95492,
            46.574455
          ],
          [
            7.954901,
            46.574455
          ],
          [
            7.954831,
            46.574453
          ],
          [
            7.954757,
            46.574458
          ],
          [
            7.954744,
            46.574463
          ],
          [
            7.95471,
            46.574472
          ],
          [
            7.954687,
            46.574473
          ],
          [
            7.954625,
            46.574442
          ],
          [
            7.9546,
            46.574426
          ],
          [
            7.954591,
            46.574421
          ],
          [
            7.95454,
            46.574408
          ],
          [
            7.954522,
            46.574407
          ],
          [
            7.95444,
            46.57439
          ],
          [
            7.954412,
            46.574375
          ],
          [
            7.954351,
            46.574355
          ],
          [
            7.954301,
            46.574345
          ],
          [
            7.954266,
            46.574335
          ],
          [
            7.954172,
            46.574331
          ],
          [
            7.954093,
            46.574323
          ],
          [
            7.954025,
            46.574316
          ],
          [
            7.954003,
            46.574313
          ],
          [
            7.953924,
            46.574307
          ],
          [
            7.953891,
            46.574303
          ],
          [
            7.95384,
            46.574312
          ],
          [
            7.953826,
            46.574332
          ],
          [
            7.953831,
            46.57434
          ],
          [
            7.953841,
            46.574347
          ],
          [
            7.953847,
            46.574355
          ],
          [
            7.953847,
            46.57436
          ],
          [
            7.953843,
            46.574366
          ],
          [
            7.953844,
            46.574371
          ],
          [
            7.953849,
            46.574386
          ],
          [
            7.953836,
            46.574414
          ],
          [
            7.953834,
            46.574423
          ],
          [
            7.953847,
            46.574449
          ],
          [
            7.953837,
            46.574452
          ],
          [
            7.953822,
            46.574454
          ],
          [
            7.95383,
            46.57449
          ],
          [
            7.953811,
            46.574507
          ],
          [
            7.953788,
            46.57451
          ],
          [
            7.953785,
            46.574511
          ],
          [
            7.953763,
            46.574566
          ],
          [
            7.953739,
            46.574589
          ],
          [
            7.953725,
            46.57459
          ],
          [
            7.953711,
            46.574592
          ],
          [
            7.953693,
            46.574588
          ],
          [
            7.953685,
            46.574587
          ],
          [
            7.953711,
            46.57459
          ],
          [
            7.953722,
            46.574589
          ],
          [
            7.95373,
            46.57459
          ],
          [
            7.953686,
            46.574575
          ],
          [
            7.953595,
            46.57456
          ],
          [
            7.953477,
            46.574553
          ],
          [
            7.953425,
            46.574551
          ],
          [
            7.953355,
            46.574542
          ],
          [
            7.953344,
            46.574537
          ],
          [
            7.953275,
            46.574502
          ],
          [
            7.953232,
            46.574488
          ],
          [
            7.953217,
            46.574484
          ],
          [
            7.953171,
            46.57448
          ],
          [
            7.953122,
            46.574478
          ],
          [
            7.953094,
            46.574473
          ],
          [
            7.952923,
            46.574456
          ],
          [
            7.952891,
            46.574454
          ],
          [
            7.952814,
            46.574463
          ],
          [
            7.952805,
            46.574464
          ],
          [
            7.952771,
            46.574474
          ],
          [
            7.952727,
            46.574485
          ],
          [
            7.952709,
            46.574491
          ],
          [
            7.952663,
            46.574519
          ],
          [
            7.952653,
            46.574528
          ],
          [
            7.9526,
            46.574558
          ],
          [
            7.952583,
            46.574572
          ],
          [
            7.952577,
            46.574585
          ],
          [
            7.952536,
            46.574637
          ],
          [
            7.95253,
            46.57464
          ],
          [
            7.952507,
            46.574641
          ],
          [
            7.952488,
            46.574635
          ],
          [
            7.952475,
            46.57463
          ],
          [
            7.952369,
            46.574619
          ],
          [
            7.95226,
            46.57464
          ],
          [
            7.952248,
            46.574643
          ],
          [
            7.952132,
            46.574672
          ],
          [
            7.952114,
            46.574665
          ],
          [
            7.952037,
            46.574666
          ],
          [
            7.951927,
            46.574691
          ],
          [
            7.951794,
            46.574721
          ],
          [
            7.951763,
            46.574737
          ],
          [
            7.951752,
            46.574744
          ],
          [
            7.951755,
            46.574737
          ],
          [
            7.951757,
            46.574733
          ],
          [
            7.951749,
            46.574743
          ],
          [
            7.951735,
            46.574745
          ],
          [
            7.951709,
            46.57474
          ],
          [
            7.951628,
            46.57473
          ],
          [
            7.951592,
            46.574728
          ],
          [
            7.951425,
            46.574746
          ],
          [
            7.951398,
            46.574753
          ],
          [
            7.95135,
            46.574762
          ],
          [
            7.951214,
            46.574776
          ],
          [
            7.951061,
            46.574761
          ],
          [
            7.950987,
            46.574749
          ],
          [
            7.950893,
            46.574732
          ],
          [
            7.950733,
            46.574679
          ],
          [
            7.950617,
            46.574667
          ],
          [
            7.950603,
            46.574661
          ],
          [
            7.950535,
            46.574663
          ],
          [
            7.950485,
            46.57466
          ],
          [
            7.950397,
            46.574664
          ],
          [
            7.950259,
            46.574671
          ],
          [
            7.950126,
            46.574688
          ],
          [
            7.950098,
            46.574694
          ],
          [
            7.949997,
            46.574739
          ],
          [
            7.949881,
            46.57477
          ],
          [
            7.949756,
            46.574774
          ],
          [
            7.949632,
            46.574747
          ],
          [
            7.949463,
            46.574749
          ],
          [
            7.949396,
            46.574732
          ],
          [
            7.949323,
            46.574697
          ],
          [
            7.94926,
            46.574622
          ],
          [
            7.949173,
            46.574574
          ],
          [
            7.949109,
            46.574556
          ],
          [
            7.949064,
            46.574551
          ],
          [
            7.948996,
            46.574539
          ],
          [
            7.948982,
            46.574542
          ],
          [
            7.948978,
            46.574539
          ],
          [
            7.948959,
            46.574536
          ],
          [
            7.948911,
            46.574512
          ],
          [
            7.948925,
            46.574521
          ],
          [
            7.948935,
            46.574521
          ],
          [
            7.948937,
            46.574524
          ],
          [
            7.948934,
            46.574525
          ],
          [
            7.948934,
            46.574527
          ],
          [
            7.948932,
            46.574526
          ],
          [
            7.948934,
            46.574526
          ],
          [
            7.948938,
            46.574532
          ],
          [
            7.948934,
            46.574532
          ],
          [
            7.948933,
            46.574534
          ],
          [
            7.948945,
            46.57454
          ],
          [
            7.948946,
            46.574542
          ],
          [
            7.948918,
            46.574529
          ],
          [
            7.948909,
            46.574515
          ],
          [
            7.948882,
            46.574503
          ],
          [
            7.948821,
            46.574487
          ],
          [
            7.948778,
            46.574472
          ],
          [
            7.948723,
            46.574453
          ],
          [
            7.948629,
            46.57443
          ],
          [
            7.948516,
            46.574406
          ],
          [
            7.948354,
            46.574384
          ],
          [
            7.94831,
            46.574379
          ],
          [
            7.948177,
            46.574369
          ],
          [
            7.948045,
            46.57436
          ],
          [
            7.947885,
            46.574379
          ],
          [
            7.947791,
            46.574403
          ],
          [
            7.94778,
            46.574405
          ],
          [
            7.947631,
            46.574422
          ],
          [
            7.947616,
            46.574418
          ],
          [
            7.947573,
            46.574387
          ],
          [
            7.947581,
            46.574382
          ],
          [
            7.94757,
            46.574372
          ],
          [
            7.947549,
            46.574375
          ],
          [
            7.947454,
            46.574371
          ],
          [
            7.947439,
            46.574373
          ],
          [
            7.947345,
            46.574363
          ],
          [
            7.94717,
            46.57436
          ],
          [
            7.947145,
            46.574359
          ],
          [
            7.947016,
            46.574364
          ],
          [
            7.946972,
            46.574367
          ],
          [
            7.946903,
            46.574369
          ],
          [
            7.946885,
            46.574369
          ],
          [
            7.946753,
            46.574366
          ],
          [
            7.946618,
            46.574363
          ],
          [
            7.946583,
            46.574361
          ],
          [
            7.946507,
            46.574358
          ],
          [
            7.946491,
            46.574358
          ],
          [
            7.946423,
            46.574349
          ],
          [
            7.946394,
            46.574344
          ],
          [
            7.946284,
            46.574337
          ],
          [
            7.94627,
            46.574335
          ],
          [
            7.946181,
            46.574323
          ],
          [
            7.94612,
            46.574318
          ],
          [
            7.946092,
            46.574314
          ],
          [
            7.946038,
            46.574306
          ],
          [
            7.946007,
            46.574305
          ],
          [
            7.945979,
            46.574301
          ],
          [
            7.945908,
            46.574289
          ],
          [
            7.945801,
            46.574266
          ],
          [
            7.945702,
            46.57424
          ],
          [
            7.945666,
            46.574233
          ],
          [
            7.945598,
            46.574204
          ],
          [
            7.945592,
            46.574198
          ],
          [
            7.945592,
            46.574198
          ],
          [
            7.945591,
            46.574199
          ],
          [
            7.945581,
            46.574213
          ],
          [
            7.945579,
            46.574215
          ],
          [
            7.945563,
            46.574224
          ],
          [
            7.945558,
            46.574222
          ],
          [
            7.945554,
            46.574224
          ],
          [
            7.945579,
            46.574215
          ],
          [
            7.945579,
            46.574215
          ],
          [
            7.945574,
            46.574215
          ],
          [
            7.945579,
            46.574215
          ],
          [
            7.94556,
            46.574215
          ],
          [
            7.945563,
            46.574214
          ],
          [
            7.945561,
            46.57421
          ],
          [
            7.945564,
            46.574214
          ],
          [
            7.945579,
            46.574215
          ],
          [
            7.945579,
            46.574215
          ],
          [
            7.945579,
            46.574215
          ],
          [
            7.945579,
            46.574215
          ],
          [
            7.945579,
            46.574215
          ],
          [
            7.945579,
            46.574215
          ],
          [
            7.945579,
            46.574215
          ],
          [
            7.945566,
            46.574218
          ],
          [
            7.945568,
            46.574217
          ],
          [
            7.945579,
            46.574215
          ],
          [
            7.945579,
            46.574215
          ],
          [
            7.945579,
            46.574215
          ],
          [
            7.945579,
            46.574215
          ],
          [
            7.945566,
            46.574211
          ],
          [
            7.945569,
            46.574216
          ],
          [
            7.945568,
            46.574212
          ],
          [
            7.945565,
            46.574211
          ],
          [
            7.945561,
            46.574213
          ],
          [
            7.945568,
            46.574217
          ],
          [
            7.945567,
            46.574217
          ],
          [
            7.945572,
            46.574219
          ],
          [
            7.94556,
            46.574194
          ],
          [
            7.945519,
            46.574159
          ],
          [
            7.94551,
            46.574153
          ],
          [
            7.945487,
            46.574145
          ],
          [
            7.945417,
            46.574107
          ],
          [
            7.945407,
            46.574101
          ],
          [
            7.945375,
            46.574087
          ],
          [
            7.945304,
            46.574039
          ],
          [
            7.945241,
            46.574003
          ],
          [
            7.945204,
            46.573985
          ],
          [
            7.945136,
            46.573927
          ],
          [
            7.945068,
            46.573853
          ],
          [
            7.945046,
            46.573821
          ],
          [
            7.945017,
            46.573765
          ],
          [
            7.944986,
            46.573689
          ],
          [
            7.944973,
            46.573612
          ],
          [
            7.944968,
            46.57359
          ],
          [
            7.944946,
            46.573535
          ],
          [
            7.944912,
            46.573443
          ],
          [
            7.944856,
            46.573353
          ],
          [
            7.944814,
            46.573325
          ],
          [
            7.944771,
            46.5733
          ],
          [
            7.944658,
            46.573268
          ],
          [
            7.944536,
            46.573254
          ],
          [
            7.944503,
            46.573243
          ],
          [
            7.944514,
            46.573237
          ],
          [
            7.944503,
            46.573243
          ],
          [
            7.944503,
            46.573243
          ],
          [
            7.944506,
            46.573249
          ],
          [
            7.944509,
            46.573255
          ],
          [
            7.94445,
            46.573245
          ],
          [
            7.944429,
            46.57324
          ],
          [
            7.944318,
            46.573222
          ],
          [
            7.944214,
            46.573213
          ],
          [
            7.944141,
            46.573205
          ],
          [
            7.944086,
            46.5732
          ],
          [
            7.943967,
            46.57319
          ],
          [
            7.943948,
            46.573189
          ],
          [
            7.943841,
            46.573189
          ],
          [
            7.943746,
            46.573183
          ],
          [
            7.943711,
            46.573183
          ],
          [
            7.943579,
            46.573181
          ],
          [
            7.943544,
            46.57318
          ],
          [
            7.943453,
            46.57318
          ],
          [
            7.943372,
            46.573175
          ],
          [
            7.943337,
            46.573171
          ],
          [
            7.943196,
            46.573175
          ],
          [
            7.943173,
            46.573177
          ],
          [
            7.943085,
            46.57318
          ],
          [
            7.942975,
            46.573187
          ],
          [
            7.94296,
            46.573187
          ],
          [
            7.942838,
            46.573194
          ],
          [
            7.942805,
            46.573195
          ],
          [
            7.942703,
            46.573195
          ],
          [
            7.942629,
            46.573197
          ],
          [
            7.942595,
            46.573197
          ],
          [
            7.942474,
            46.573198
          ],
          [
            7.942461,
            46.5732
          ],
          [
            7.942348,
            46.573211
          ],
          [
            7.942331,
            46.573211
          ],
          [
            7.942224,
            46.573214
          ],
          [
            7.942152,
            46.573217
          ],
          [
            7.942134,
            46.57322
          ],
          [
            7.94212,
            46.573222
          ],
          [
            7.942002,
            46.573235
          ],
          [
            7.94197,
            46.573243
          ],
          [
            7.941883,
            46.573278
          ],
          [
            7.941837,
            46.573306
          ],
          [
            7.941782,
            46.573342
          ],
          [
            7.941771,
            46.573352
          ],
          [
            7.941732,
            46.573381
          ],
          [
            7.941685,
            46.57343
          ],
          [
            7.941628,
            46.573471
          ],
          [
            7.941582,
            46.573489
          ],
          [
            7.941491,
            46.573508
          ],
          [
            7.941414,
            46.573508
          ],
          [
            7.941334,
            46.573492
          ],
          [
            7.941327,
            46.57349
          ],
          [
            7.941325,
            46.573484
          ],
          [
            7.941353,
            46.573482
          ],
          [
            7.941296,
            46.573486
          ],
          [
            7.941271,
            46.573484
          ],
          [
            7.941246,
            46.57348
          ],
          [
            7.941194,
            46.573465
          ],
          [
            7.941127,
            46.573453
          ],
          [
            7.941102,
            46.573448
          ],
          [
            7.941096,
            46.573448
          ],
          [
            7.941065,
            46.573435
          ],
          [
            7.941067,
            46.573446
          ],
          [
            7.941067,
            46.573446
          ],
          [
            7.940994,
            46.573424
          ],
          [
            7.940889,
            46.573393
          ],
          [
            7.940831,
            46.573363
          ],
          [
            7.940741,
            46.57333
          ],
          [
            7.940665,
            46.5733
          ],
          [
            7.940614,
            46.573281
          ],
          [
            7.940564,
            46.57326
          ],
          [
            7.940522,
            46.573241
          ],
          [
            7.940417,
            46.573199
          ],
          [
            7.940382,
            46.57317
          ],
          [
            7.940293,
            46.573136
          ],
          [
            7.940246,
            46.57312
          ],
          [
            7.940122,
            46.573081
          ],
          [
            7.940092,
            46.573067
          ],
          [
            7.939957,
            46.573008
          ],
          [
            7.939934,
            46.572999
          ],
          [
            7.939826,
            46.572968
          ],
          [
            7.939796,
            46.572954
          ],
          [
            7.939676,
            46.572907
          ],
          [
            7.939651,
            46.572906
          ],
          [
            7.939516,
            46.572889
          ],
          [
            7.939496,
            46.572886
          ],
          [
            7.93941,
            46.572864
          ],
          [
            7.939354,
            46.572864
          ],
          [
            7.939318,
            46.572863
          ],
          [
            7.939204,
            46.572826
          ],
          [
            7.939186,
            46.57282
          ],
          [
            7.939085,
            46.572756
          ],
          [
            7.93906,
            46.572738
          ],
          [
            7.938967,
            46.572694
          ],
          [
            7.938938,
            46.572686
          ],
          [
            7.938797,
            46.572646
          ],
          [
            7.938768,
            46.57263
          ],
          [
            7.938689,
            46.572604
          ],
          [
            7.938565,
            46.572579
          ],
          [
            7.938514,
            46.572571
          ],
          [
            7.938408,
            46.572557
          ],
          [
            7.938347,
            46.572538
          ],
          [
            7.938291,
            46.572534
          ],
          [
            7.938189,
            46.57252
          ],
          [
            7.93815,
            46.572524
          ],
          [
            7.938069,
            46.572529
          ],
          [
            7.938036,
            46.572532
          ],
          [
            7.937902,
            46.572547
          ],
          [
            7.937751,
            46.572576
          ],
          [
            7.937696,
            46.572583
          ],
          [
            7.937628,
            46.572588
          ],
          [
            7.937592,
            46.572591
          ],
          [
            7.937537,
            46.572594
          ],
          [
            7.937433,
            46.5726
          ],
          [
            7.937401,
            46.572599
          ],
          [
            7.937316,
            46.572582
          ],
          [
            7.937256,
            46.572571
          ],
          [
            7.937156,
            46.572559
          ],
          [
            7.937063,
            46.572529
          ],
          [
            7.93703,
            46.572515
          ],
          [
            7.937014,
            46.572498
          ],
          [
            7.936989,
            46.57248
          ],
          [
            7.936833,
            46.572436
          ],
          [
            7.936764,
            46.572427
          ],
          [
            7.936635,
            46.572396
          ],
          [
            7.936599,
            46.572376
          ],
          [
            7.936587,
            46.572371
          ],
          [
            7.936515,
            46.572346
          ],
          [
            7.936364,
            46.572313
          ],
          [
            7.936356,
            46.572312
          ],
          [
            7.936241,
            46.572313
          ],
          [
            7.936167,
            46.57232
          ],
          [
            7.936061,
            46.572382
          ],
          [
            7.935975,
            46.572438
          ],
          [
            7.935953,
            46.572466
          ],
          [
            7.935883,
            46.572553
          ],
          [
            7.935861,
            46.572578
          ],
          [
            7.935814,
            46.572615
          ],
          [
            7.935806,
            46.572608
          ],
          [
            7.93579,
            46.572609
          ],
          [
            7.935762,
            46.572629
          ],
          [
            7.935758,
            46.572633
          ],
          [
            7.935723,
            46.572639
          ],
          [
            7.935694,
            46.572633
          ],
          [
            7.935672,
            46.572641
          ],
          [
            7.935638,
            46.572647
          ],
          [
            7.935541,
            46.572657
          ],
          [
            7.935522,
            46.572666
          ],
          [
            7.935433,
            46.572711
          ],
          [
            7.93542,
            46.572717
          ],
          [
            7.935375,
            46.57274
          ],
          [
            7.935349,
            46.572751
          ],
          [
            7.935321,
            46.572768
          ],
          [
            7.935255,
            46.57279
          ],
          [
            7.935239,
            46.572794
          ],
          [
            7.935161,
            46.572811
          ],
          [
            7.935092,
            46.572816
          ],
          [
            7.935063,
            46.572815
          ],
          [
            7.93499,
            46.572833
          ],
          [
            7.934876,
            46.572834
          ],
          [
            7.934805,
            46.572827
          ],
          [
            7.934726,
            46.572827
          ],
          [
            7.934688,
            46.572809
          ],
          [
            7.93461,
            46.572766
          ],
          [
            7.934587,
            46.572758
          ],
          [
            7.934563,
            46.572749
          ],
          [
            7.934442,
            46.572703
          ],
          [
            7.934426,
            46.572698
          ],
          [
            7.934303,
            46.572677
          ],
          [
            7.934199,
            46.572676
          ],
          [
            7.934136,
            46.572683
          ],
          [
            7.934021,
            46.572666
          ],
          [
            7.93387,
            46.572625
          ],
          [
            7.933854,
            46.572624
          ],
          [
            7.933804,
            46.572614
          ],
          [
            7.933765,
            46.572594
          ],
          [
            7.933738,
            46.572583
          ],
          [
            7.93361,
            46.572565
          ],
          [
            7.933576,
            46.572563
          ],
          [
            7.933457,
            46.572527
          ],
          [
            7.933422,
            46.572523
          ],
          [
            7.93334,
            46.572517
          ],
          [
            7.933323,
            46.57251
          ],
          [
            7.933271,
            46.572503
          ],
          [
            7.933186,
            46.572507
          ],
          [
            7.933171,
            46.572507
          ],
          [
            7.933106,
            46.572503
          ],
          [
            7.933007,
            46.572486
          ],
          [
            7.93299,
            46.572481
          ],
          [
            7.932894,
            46.572445
          ],
          [
            7.932862,
            46.572434
          ],
          [
            7.932798,
            46.572407
          ],
          [
            7.932781,
            46.572402
          ],
          [
            7.932719,
            46.572364
          ],
          [
            7.932658,
            46.572337
          ],
          [
            7.932634,
            46.572328
          ],
          [
            7.93257,
            46.572305
          ],
          [
            7.932531,
            46.572287
          ],
          [
            7.932483,
            46.57228
          ],
          [
            7.932408,
            46.572283
          ],
          [
            7.932345,
            46.5723
          ],
          [
            7.932297,
            46.572308
          ],
          [
            7.932223,
            46.572325
          ],
          [
            7.932214,
            46.572324
          ],
          [
            7.932194,
            46.572325
          ],
          [
            7.932121,
            46.572312
          ],
          [
            7.932102,
            46.572312
          ],
          [
            7.932104,
            46.572308
          ],
          [
            7.932099,
            46.572309
          ],
          [
            7.93211,
            46.572303
          ],
          [
            7.932119,
            46.572293
          ],
          [
            7.932089,
            46.572275
          ],
          [
            7.93209,
            46.572277
          ],
          [
            7.932073,
            46.572284
          ],
          [
            7.932094,
            46.572299
          ],
          [
            7.932094,
            46.572303
          ],
          [
            7.932097,
            46.572305
          ],
          [
            7.932085,
            46.572305
          ],
          [
            7.932069,
            46.572301
          ],
          [
            7.932099,
            46.572308
          ],
          [
            7.932096,
            46.572312
          ],
          [
            7.932091,
            46.572307
          ],
          [
            7.932093,
            46.5723
          ],
          [
            7.932093,
            46.5723
          ],
          [
            7.932086,
            46.572302
          ],
          [
            7.932077,
            46.572303
          ],
          [
            7.932079,
            46.572298
          ],
          [
            7.93208,
            46.572303
          ],
          [
            7.932105,
            46.572325
          ],
          [
            7.932089,
            46.572319
          ],
          [
            7.932086,
            46.572311
          ],
          [
            7.93209,
            46.572303
          ],
          [
            7.932104,
            46.572323
          ],
          [
            7.932086,
            46.572317
          ],
          [
            7.932109,
            46.572299
          ],
          [
            7.932096,
            46.5723
          ],
          [
            7.9321,
            46.572299
          ],
          [
            7.932093,
            46.572323
          ],
          [
            7.932089,
            46.572313
          ],
          [
            7.932097,
            46.57231
          ],
          [
            7.932091,
            46.572325
          ],
          [
            7.932086,
            46.572324
          ],
          [
            7.932096,
            46.572315
          ],
          [
            7.932083,
            46.572299
          ],
          [
            7.932094,
            46.572305
          ],
          [
            7.932093,
            46.572311
          ],
          [
            7.932095,
            46.572303
          ],
          [
            7.932098,
            46.572292
          ],
          [
            7.932096,
            46.572301
          ],
          [
            7.932094,
            46.572303
          ],
          [
            7.932085,
            46.572309
          ],
          [
            7.93208,
            46.572307
          ],
          [
            7.932077,
            46.572313
          ],
          [
            7.932087,
            46.572304
          ],
          [
            7.93209,
            46.572303
          ],
          [
            7.932101,
            46.572317
          ],
          [
            7.932075,
            46.572316
          ],
          [
            7.93209,
            46.572307
          ],
          [
            7.932092,
            46.572269
          ],
          [
            7.932039,
            46.572235
          ],
          [
            7.931997,
            46.572224
          ],
          [
            7.931956,
            46.572217
          ],
          [
            7.93187,
            46.572199
          ],
          [
            7.931722,
            46.572164
          ],
          [
            7.931707,
            46.57216
          ],
          [
            7.931597,
            46.572137
          ],
          [
            7.931475,
            46.57211
          ],
          [
            7.931449,
            46.572102
          ],
          [
            7.931396,
            46.57209
          ],
          [
            7.931355,
            46.572097
          ],
          [
            7.931314,
            46.572089
          ],
          [
            7.931273,
            46.572079
          ],
          [
            7.931264,
            46.572076
          ],
          [
            7.931184,
            46.572073
          ],
          [
            7.931166,
            46.572072
          ],
          [
            7.931097,
            46.572067
          ],
          [
            7.931025,
            46.572054
          ],
          [
            7.930922,
            46.572075
          ],
          [
            7.930907,
            46.572079
          ],
          [
            7.930845,
            46.572092
          ],
          [
            7.930713,
            46.572121
          ],
          [
            7.93059,
            46.572143
          ],
          [
            7.930462,
            46.572168
          ],
          [
            7.930437,
            46.572173
          ],
          [
            7.930253,
            46.572189
          ],
          [
            7.930117,
            46.572187
          ],
          [
            7.930069,
            46.572183
          ],
          [
            7.929945,
            46.572177
          ],
          [
            7.929871,
            46.572178
          ],
          [
            7.929697,
            46.572209
          ],
          [
            7.929489,
            46.572249
          ],
          [
            7.929292,
            46.572293
          ],
          [
            7.929183,
            46.572314
          ],
          [
            7.929092,
            46.572335
          ],
          [
            7.928938,
            46.572383
          ],
          [
            7.92894,
            46.572382
          ],
          [
            7.92894,
            46.572382
          ],
          [
            7.92894,
            46.572382
          ],
          [
            7.92894,
            46.572382
          ],
          [
            7.92894,
            46.572382
          ],
          [
            7.928944,
            46.572383
          ],
          [
            7.928939,
            46.572395
          ],
          [
            7.928848,
            46.572426
          ],
          [
            7.928762,
            46.572466
          ],
          [
            7.92875,
            46.572474
          ],
          [
            7.928696,
            46.572501
          ],
          [
            7.928682,
            46.572503
          ],
          [
            7.928682,
            46.572503
          ],
          [
            7.928682,
            46.572503
          ],
          [
            7.928682,
            46.572503
          ],
          [
            7.928669,
            46.572498
          ],
          [
            7.928675,
            46.572497
          ],
          [
            7.928665,
            46.572508
          ],
          [
            7.92866,
            46.572513
          ],
          [
            7.928643,
            46.572526
          ],
          [
            7.928572,
            46.572583
          ],
          [
            7.928511,
            46.572616
          ],
          [
            7.92845,
            46.572639
          ],
          [
            7.928397,
            46.572658
          ],
          [
            7.928306,
            46.572689
          ],
          [
            7.928238,
            46.572719
          ],
          [
            7.928178,
            46.572739
          ],
          [
            7.928007,
            46.572786
          ],
          [
            7.927952,
            46.5728
          ],
          [
            7.927787,
            46.572855
          ],
          [
            7.927707,
            46.572879
          ],
          [
            7.927569,
            46.572917
          ],
          [
            7.927321,
            46.572959
          ],
          [
            7.927177,
            46.572986
          ],
          [
            7.927141,
            46.572989
          ],
          [
            7.927033,
            46.572996
          ],
          [
            7.926853,
            46.57304
          ],
          [
            7.926804,
            46.573073
          ],
          [
            7.926766,
            46.573098
          ],
          [
            7.926756,
            46.573109
          ],
          [
            7.926674,
            46.57323
          ],
          [
            7.926668,
            46.573241
          ],
          [
            7.926626,
            46.573297
          ],
          [
            7.926575,
            46.57335
          ],
          [
            7.926542,
            46.573383
          ],
          [
            7.926493,
            46.573399
          ],
          [
            7.926358,
            46.573404
          ],
          [
            7.926292,
            46.573417
          ],
          [
            7.926207,
            46.573427
          ],
          [
            7.926101,
            46.573437
          ],
          [
            7.925994,
            46.57345
          ],
          [
            7.925908,
            46.573457
          ],
          [
            7.925785,
            46.573471
          ],
          [
            7.925624,
            46.573499
          ],
          [
            7.925591,
            46.573506
          ],
          [
            7.925534,
            46.573516
          ],
          [
            7.925435,
            46.573533
          ],
          [
            7.925284,
            46.573551
          ],
          [
            7.925147,
            46.573564
          ],
          [
            7.925059,
            46.573575
          ],
          [
            7.92501,
            46.573583
          ],
          [
            7.924865,
            46.57362
          ],
          [
            7.924799,
            46.57364
          ],
          [
            7.924692,
            46.573635
          ],
          [
            7.924577,
            46.573636
          ],
          [
            7.924507,
            46.57363
          ],
          [
            7.924336,
            46.573619
          ],
          [
            7.924304,
            46.573614
          ],
          [
            7.924278,
            46.573609
          ],
          [
            7.924206,
            46.573606
          ],
          [
            7.924101,
            46.573594
          ],
          [
            7.924107,
            46.573594
          ],
          [
            7.924121,
            46.573596
          ],
          [
            7.924113,
            46.573598
          ],
          [
            7.924112,
            46.573597
          ],
          [
            7.924112,
            46.573597
          ],
          [
            7.924117,
            46.57361
          ],
          [
            7.924117,
            46.57361
          ],
          [
            7.924117,
            46.57361
          ],
          [
            7.924116,
            46.573605
          ],
          [
            7.924049,
            46.573581
          ],
          [
            7.923997,
            46.573572
          ],
          [
            7.923954,
            46.573565
          ],
          [
            7.923799,
            46.573583
          ],
          [
            7.923712,
            46.573624
          ],
          [
            7.923603,
            46.573677
          ],
          [
            7.923584,
            46.57369
          ],
          [
            7.923451,
            46.573768
          ],
          [
            7.923284,
            46.573834
          ],
          [
            7.92308,
            46.573888
          ],
          [
            7.922934,
            46.573941
          ],
          [
            7.922862,
            46.573984
          ],
          [
            7.922818,
            46.574001
          ],
          [
            7.922626,
            46.574054
          ],
          [
            7.922447,
            46.574112
          ],
          [
            7.922328,
            46.574179
          ],
          [
            7.922212,
            46.574245
          ],
          [
            7.922204,
            46.574254
          ],
          [
            7.922198,
            46.574262
          ],
          [
            7.922105,
            46.574363
          ],
          [
            7.922035,
            46.574436
          ],
          [
            7.921949,
            46.574502
          ],
          [
            7.921827,
            46.5746
          ],
          [
            7.921741,
            46.574679
          ],
          [
            7.921653,
            46.574772
          ],
          [
            7.921559,
            46.574868
          ],
          [
            7.921523,
            46.57493
          ],
          [
            7.921481,
            46.574989
          ],
          [
            7.921454,
            46.575067
          ],
          [
            7.921441,
            46.57518
          ],
          [
            7.921435,
            46.575177
          ],
          [
            7.921434,
            46.575186
          ],
          [
            7.921429,
            46.575194
          ],
          [
            7.921423,
            46.575208
          ],
          [
            7.921426,
            46.575207
          ],
          [
            7.921416,
            46.575223
          ],
          [
            7.921404,
            46.575252
          ],
          [
            7.921382,
            46.575286
          ],
          [
            7.921379,
            46.575292
          ],
          [
            7.921359,
            46.575329
          ],
          [
            7.921337,
            46.575341
          ],
          [
            7.921339,
            46.575336
          ],
          [
            7.921318,
            46.575289
          ],
          [
            7.921299,
            46.575237
          ],
          [
            7.921286,
            46.575212
          ],
          [
            7.921264,
            46.575176
          ],
          [
            7.921234,
            46.575132
          ],
          [
            7.921162,
            46.575105
          ],
          [
            7.921158,
            46.575111
          ],
          [
            7.921129,
            46.575157
          ],
          [
            7.921101,
            46.575199
          ],
          [
            7.921095,
            46.57522
          ],
          [
            7.921089,
            46.575273
          ],
          [
            7.921083,
            46.575292
          ],
          [
            7.921062,
            46.575334
          ],
          [
            7.921053,
            46.575372
          ],
          [
            7.921043,
            46.575405
          ],
          [
            7.921019,
            46.575419
          ],
          [
            7.920989,
            46.575432
          ],
          [
            7.920945,
            46.575465
          ],
          [
            7.920911,
            46.575493
          ],
          [
            7.920892,
            46.57551
          ],
          [
            7.920831,
            46.575552
          ],
          [
            7.920819,
            46.575566
          ],
          [
            7.920801,
            46.575572
          ],
          [
            7.920775,
            46.575575
          ],
          [
            7.920734,
            46.57557
          ],
          [
            7.920708,
            46.575563
          ],
          [
            7.920687,
            46.575538
          ],
          [
            7.920668,
            46.575515
          ],
          [
            7.920651,
            46.575485
          ],
          [
            7.920606,
            46.57541
          ],
          [
            7.920591,
            46.575332
          ],
          [
            7.920594,
            46.575318
          ],
          [
            7.920568,
            46.575247
          ],
          [
            7.920524,
            46.575193
          ],
          [
            7.920519,
            46.575185
          ],
          [
            7.920517,
            46.575152
          ],
          [
            7.920523,
            46.575113
          ],
          [
            7.920528,
            46.5751
          ],
          [
            7.920535,
            46.575049
          ],
          [
            7.920549,
            46.574984
          ],
          [
            7.920548,
            46.574976
          ],
          [
            7.920533,
            46.574947
          ],
          [
            7.920501,
            46.574896
          ],
          [
            7.920452,
            46.574873
          ],
          [
            7.920425,
            46.574858
          ],
          [
            7.920413,
            46.574845
          ],
          [
            7.920393,
            46.574805
          ],
          [
            7.920394,
            46.574791
          ],
          [
            7.920391,
            46.574767
          ],
          [
            7.920404,
            46.57473
          ],
          [
            7.920413,
            46.574726
          ],
          [
            7.920435,
            46.574692
          ],
          [
            7.920453,
            46.574658
          ],
          [
            7.920455,
            46.574649
          ],
          [
            7.920501,
            46.574568
          ],
          [
            7.920505,
            46.574553
          ],
          [
            7.920505,
            46.574487
          ],
          [
            7.920529,
            46.57443
          ],
          [
            7.92055,
            46.574399
          ],
          [
            7.920576,
            46.574356
          ],
          [
            7.92058,
            46.574327
          ],
          [
            7.920576,
            46.574297
          ],
          [
            7.920572,
            46.57428
          ],
          [
            7.920569,
            46.574263
          ],
          [
            7.920573,
            46.574253
          ],
          [
            7.920612,
            46.574177
          ],
          [
            7.920613,
            46.57417
          ],
          [
            7.920645,
            46.574083
          ],
          [
            7.920648,
            46.574071
          ],
          [
            7.920653,
            46.57405
          ],
          [
            7.920663,
            46.574015
          ],
          [
            7.92068,
            46.573994
          ],
          [
            7.920719,
            46.57395
          ],
          [
            7.920724,
            46.573941
          ],
          [
            7.92073,
            46.573879
          ],
          [
            7.920723,
            46.573844
          ],
          [
            7.920716,
            46.573814
          ],
          [
            7.920713,
            46.573802
          ],
          [
            7.92072,
            46.573758
          ],
          [
            7.92072,
            46.573748
          ],
          [
            7.920723,
            46.573687
          ],
          [
            7.920733,
            46.573649
          ],
          [
            7.92073,
            46.573634
          ],
          [
            7.920719,
            46.573604
          ],
          [
            7.920719,
            46.573579
          ],
          [
            7.920716,
            46.573554
          ],
          [
            7.92071,
            46.573518
          ],
          [
            7.920709,
            46.573488
          ],
          [
            7.920711,
            46.57348
          ],
          [
            7.920728,
            46.573428
          ],
          [
            7.92074,
            46.573403
          ],
          [
            7.920757,
            46.57337
          ],
          [
            7.92079,
            46.573306
          ],
          [
            7.920796,
            46.573264
          ],
          [
            7.920811,
            46.573227
          ],
          [
            7.920815,
            46.573217
          ],
          [
            7.920834,
            46.573171
          ],
          [
            7.92085,
            46.57313
          ],
          [
            7.920857,
            46.573115
          ],
          [
            7.920878,
            46.573063
          ],
          [
            7.920883,
            46.573052
          ],
          [
            7.920924,
            46.572986
          ],
          [
            7.920927,
            46.572967
          ],
          [
            7.920922,
            46.572883
          ],
          [
            7.920902,
            46.57285
          ],
          [
            7.920872,
            46.572811
          ],
          [
            7.920858,
            46.572788
          ],
          [
            7.920839,
            46.572761
          ],
          [
            7.920846,
            46.572724
          ],
          [
            7.920851,
            46.572711
          ],
          [
            7.920862,
            46.572676
          ],
          [
            7.92087,
            46.572607
          ],
          [
            7.920873,
            46.572595
          ],
          [
            7.920881,
            46.572547
          ],
          [
            7.920879,
            46.572516
          ],
          [
            7.920881,
            46.572503
          ],
          [
            7.920884,
            46.572481
          ],
          [
            7.920896,
            46.572449
          ],
          [
            7.920904,
            46.572426
          ],
          [
            7.920905,
            46.572423
          ],
          [
            7.920897,
            46.572438
          ],
          [
            7.920897,
            46.572451
          ],
          [
            7.9209,
            46.572424
          ],
          [
            7.920897,
            46.572384
          ],
          [
            7.920906,
            46.572359
          ],
          [
            7.920915,
            46.572336
          ],
          [
            7.920961,
            46.572292
          ],
          [
            7.920966,
            46.572285
          ],
          [
            7.920972,
            46.572256
          ],
          [
            7.920986,
            46.572232
          ],
          [
            7.920999,
            46.572223
          ],
          [
            7.92107,
            46.572206
          ],
          [
            7.92108,
            46.5722
          ],
          [
            7.921103,
            46.572165
          ],
          [
            7.921117,
            46.572152
          ],
          [
            7.921122,
            46.572135
          ],
          [
            7.921137,
            46.572119
          ],
          [
            7.921146,
            46.572115
          ],
          [
            7.92117,
            46.572088
          ],
          [
            7.921206,
            46.572062
          ],
          [
            7.921228,
            46.572055
          ],
          [
            7.921254,
            46.572028
          ],
          [
            7.921296,
            46.572011
          ],
          [
            7.921316,
            46.571991
          ],
          [
            7.921335,
            46.571971
          ],
          [
            7.921348,
            46.571961
          ],
          [
            7.921357,
            46.571951
          ],
          [
            7.921394,
            46.571925
          ],
          [
            7.921407,
            46.571911
          ],
          [
            7.921425,
            46.571905
          ],
          [
            7.921475,
            46.571901
          ],
          [
            7.921479,
            46.571902
          ],
          [
            7.921508,
            46.57188
          ],
          [
            7.921509,
            46.571875
          ],
          [
            7.921524,
            46.571862
          ],
          [
            7.921527,
            46.571839
          ],
          [
            7.921547,
            46.571805
          ],
          [
            7.921568,
            46.571791
          ],
          [
            7.921601,
            46.571761
          ],
          [
            7.921634,
            46.571739
          ],
          [
            7.921681,
            46.571707
          ],
          [
            7.921685,
            46.571702
          ],
          [
            7.921717,
            46.571682
          ],
          [
            7.921718,
            46.571674
          ],
          [
            7.921714,
            46.571654
          ],
          [
            7.921712,
            46.571646
          ],
          [
            7.921706,
            46.571611
          ],
          [
            7.921714,
            46.571604
          ],
          [
            7.92172,
            46.571604
          ],
          [
            7.921731,
            46.571573
          ],
          [
            7.92174,
            46.571557
          ],
          [
            7.921763,
            46.571535
          ],
          [
            7.921782,
            46.571512
          ],
          [
            7.921811,
            46.571469
          ],
          [
            7.921811,
            46.571447
          ],
          [
            7.9218,
            46.571429
          ],
          [
            7.921761,
            46.571432
          ],
          [
            7.921747,
            46.571433
          ],
          [
            7.921699,
            46.571449
          ],
          [
            7.921633,
            46.571454
          ],
          [
            7.921581,
            46.571467
          ],
          [
            7.921567,
            46.57147
          ],
          [
            7.921502,
            46.571487
          ],
          [
            7.921469,
            46.571494
          ],
          [
            7.92145,
            46.571491
          ],
          [
            7.921398,
            46.571492
          ],
          [
            7.921367,
            46.571493
          ],
          [
            7.921344,
            46.571498
          ],
          [
            7.921299,
            46.571506
          ],
          [
            7.921259,
            46.57151
          ],
          [
            7.921192,
            46.571521
          ],
          [
            7.921185,
            46.571525
          ],
          [
            7.921149,
            46.571541
          ],
          [
            7.921127,
            46.571536
          ],
          [
            7.921131,
            46.571533
          ],
          [
            7.921165,
            46.5715
          ],
          [
            7.921181,
            46.571476
          ],
          [
            7.921198,
            46.571445
          ],
          [
            7.921199,
            46.5714
          ],
          [
            7.921201,
            46.571385
          ],
          [
            7.921188,
            46.571391
          ],
          [
            7.921183,
            46.571391
          ],
          [
            7.921166,
            46.57139
          ],
          [
            7.921119,
            46.5714
          ],
          [
            7.921081,
            46.571414
          ],
          [
            7.921051,
            46.571418
          ],
          [
            7.921033,
            46.571422
          ],
          [
            7.920985,
            46.571443
          ],
          [
            7.920978,
            46.571447
          ],
          [
            7.920953,
            46.571467
          ],
          [
            7.920902,
            46.571487
          ],
          [
            7.920874,
            46.571501
          ],
          [
            7.920854,
            46.571506
          ],
          [
            7.920841,
            46.571513
          ],
          [
            7.920817,
            46.571529
          ],
          [
            7.920802,
            46.571534
          ],
          [
            7.920787,
            46.571541
          ],
          [
            7.920766,
            46.571548
          ],
          [
            7.920726,
            46.571563
          ],
          [
            7.920704,
            46.571575
          ],
          [
            7.920661,
            46.571592
          ],
          [
            7.920624,
            46.571594
          ],
          [
            7.920618,
            46.571594
          ],
          [
            7.920583,
            46.571592
          ],
          [
            7.920556,
            46.571601
          ],
          [
            7.920547,
            46.571603
          ],
          [
            7.92057,
            46.571596
          ],
          [
            7.920569,
            46.571599
          ],
          [
            7.920535,
            46.571616
          ],
          [
            7.920529,
            46.571604
          ],
          [
            7.920524,
            46.571587
          ],
          [
            7.920521,
            46.57159
          ],
          [
            7.92053,
            46.571599
          ],
          [
            7.920525,
            46.571599
          ],
          [
            7.920482,
            46.571605
          ],
          [
            7.920476,
            46.571605
          ],
          [
            7.920505,
            46.571576
          ],
          [
            7.920506,
            46.571574
          ],
          [
            7.920506,
            46.571571
          ],
          [
            7.920522,
            46.571558
          ],
          [
            7.920523,
            46.571538
          ],
          [
            7.920519,
            46.571537
          ],
          [
            7.920499,
            46.571549
          ],
          [
            7.9205,
            46.57157
          ],
          [
            7.920486,
            46.571567
          ],
          [
            7.920487,
            46.571567
          ],
          [
            7.920507,
            46.571575
          ],
          [
            7.920544,
            46.57156
          ],
          [
            7.920576,
            46.571524
          ],
          [
            7.920572,
            46.571525
          ],
          [
            7.920535,
            46.571536
          ],
          [
            7.920523,
            46.571562
          ],
          [
            7.92052,
            46.571568
          ],
          [
            7.920516,
            46.571579
          ],
          [
            7.92051,
            46.571577
          ],
          [
            7.920511,
            46.571559
          ],
          [
            7.920518,
            46.57155
          ],
          [
            7.920517,
            46.57155
          ],
          [
            7.920528,
            46.57155
          ],
          [
            7.920525,
            46.571561
          ],
          [
            7.920554,
            46.571563
          ],
          [
            7.920576,
            46.571544
          ],
          [
            7.920605,
            46.571526
          ],
          [
            7.920613,
            46.571525
          ],
          [
            7.920648,
            46.571507
          ],
          [
            7.920651,
            46.571502
          ],
          [
            7.920678,
            46.571482
          ],
          [
            7.92071,
            46.571464
          ],
          [
            7.920746,
            46.571437
          ],
          [
            7.920788,
            46.571403
          ],
          [
            7.920808,
            46.571384
          ],
          [
            7.920848,
            46.571328
          ],
          [
            7.920944,
            46.57125
          ],
          [
            7.921033,
            46.571208
          ],
          [
            7.921054,
            46.571183
          ],
          [
            7.921146,
            46.571109
          ],
          [
            7.92125,
            46.571035
          ],
          [
            7.921355,
            46.570991
          ],
          [
            7.921363,
            46.570989
          ],
          [
            7.921407,
            46.570969
          ],
          [
            7.921465,
            46.57095
          ],
          [
            7.921524,
            46.570933
          ],
          [
            7.921558,
            46.570926
          ],
          [
            7.921595,
            46.570918
          ],
          [
            7.921623,
            46.570905
          ],
          [
            7.92163,
            46.570901
          ],
          [
            7.921663,
            46.570866
          ],
          [
            7.921675,
            46.570835
          ],
          [
            7.921677,
            46.570828
          ],
          [
            7.921702,
            46.570798
          ],
          [
            7.921732,
            46.570777
          ],
          [
            7.921748,
            46.57077
          ],
          [
            7.921764,
            46.570746
          ],
          [
            7.921759,
            46.570739
          ],
          [
            7.921751,
            46.570738
          ],
          [
            7.92172,
            46.570735
          ],
          [
            7.921682,
            46.570739
          ],
          [
            7.92166,
            46.570744
          ],
          [
            7.921617,
            46.570753
          ],
          [
            7.921605,
            46.570755
          ],
          [
            7.921554,
            46.570764
          ],
          [
            7.921515,
            46.57076
          ],
          [
            7.921519,
            46.570757
          ],
          [
            7.921518,
            46.570738
          ],
          [
            7.921519,
            46.570708
          ],
          [
            7.921525,
            46.570697
          ],
          [
            7.921537,
            46.570668
          ],
          [
            7.921549,
            46.570638
          ],
          [
            7.921578,
            46.570614
          ],
          [
            7.921598,
            46.570609
          ],
          [
            7.921615,
            46.570603
          ],
          [
            7.921633,
            46.570607
          ],
          [
            7.921635,
            46.570606
          ],
          [
            7.921635,
            46.570606
          ],
          [
            7.921644,
            46.570607
          ],
          [
            7.921649,
            46.57059
          ],
          [
            7.921663,
            46.570565
          ],
          [
            7.921671,
            46.570594
          ],
          [
            7.921681,
            46.570588
          ],
          [
            7.921711,
            46.570582
          ],
          [
            7.921709,
            46.570576
          ],
          [
            7.921719,
            46.570557
          ],
          [
            7.921739,
            46.570547
          ],
          [
            7.921754,
            46.570537
          ],
          [
            7.921801,
            46.570527
          ],
          [
            7.921818,
            46.570521
          ],
          [
            7.921848,
            46.570508
          ],
          [
            7.921872,
            46.570488
          ],
          [
            7.921889,
            46.57046
          ],
          [
            7.921913,
            46.570431
          ],
          [
            7.92193,
            46.570423
          ],
          [
            7.92195,
            46.570411
          ],
          [
            7.921952,
            46.570407
          ],
          [
            7.921959,
            46.570381
          ],
          [
            7.921996,
            46.570348
          ],
          [
            7.922004,
            46.570345
          ],
          [
            7.922035,
            46.570329
          ],
          [
            7.922044,
            46.570319
          ],
          [
            7.922054,
            46.570307
          ],
          [
            7.922095,
            46.570279
          ],
          [
            7.922124,
            46.57026
          ],
          [
            7.922138,
            46.570248
          ],
          [
            7.922167,
            46.570232
          ],
          [
            7.922177,
            46.570224
          ],
          [
            7.922183,
            46.570221
          ],
          [
            7.922228,
            46.570191
          ],
          [
            7.92227,
            46.570166
          ],
          [
            7.92229,
            46.570155
          ],
          [
            7.922318,
            46.570112
          ],
          [
            7.922328,
            46.570092
          ],
          [
            7.922333,
            46.570086
          ],
          [
            7.922363,
            46.570063
          ],
          [
            7.922387,
            46.570042
          ],
          [
            7.922388,
            46.570034
          ],
          [
            7.922392,
            46.570026
          ],
          [
            7.922397,
            46.570024
          ],
          [
            7.922422,
            46.570026
          ],
          [
            7.922413,
            46.570029
          ],
          [
            7.922419,
            46.570017
          ],
          [
            7.922447,
            46.570011
          ],
          [
            7.92247,
            46.570003
          ],
          [
            7.922473,
            46.57
          ],
          [
            7.922482,
            46.569988
          ],
          [
            7.922485,
            46.569959
          ],
          [
            7.922486,
            46.569952
          ],
          [
            7.922496,
            46.569931
          ],
          [
            7.922508,
            46.569922
          ],
          [
            7.922512,
            46.569917
          ],
          [
            7.922534,
            46.569908
          ],
          [
            7.922554,
            46.569901
          ],
          [
            7.922567,
            46.569894
          ],
          [
            7.922628,
            46.569866
          ],
          [
            7.922642,
            46.56986
          ],
          [
            7.922678,
            46.569848
          ],
          [
            7.922733,
            46.569834
          ],
          [
            7.922755,
            46.569831
          ],
          [
            7.922795,
            46.569818
          ],
          [
            7.922803,
            46.569816
          ],
          [
            7.922813,
            46.569789
          ],
          [
            7.922875,
            46.569758
          ],
          [
            7.922969,
            46.569726
          ],
          [
            7.922948,
            46.569714
          ],
          [
            7.922945,
            46.569706
          ],
          [
            7.922952,
            46.569696
          ],
          [
            7.922965,
            46.569682
          ],
          [
            7.922968,
            46.569685
          ],
          [
            7.922965,
            46.569725
          ],
          [
            7.922961,
            46.569727
          ],
          [
            7.922958,
            46.569721
          ],
          [
            7.92295,
            46.569726
          ],
          [
            7.922944,
            46.569722
          ],
          [
            7.922914,
            46.569729
          ],
          [
            7.922899,
            46.569723
          ],
          [
            7.922899,
            46.569721
          ],
          [
            7.922898,
            46.56972
          ],
          [
            7.922904,
            46.56973
          ],
          [
            7.922926,
            46.56971
          ],
          [
            7.922953,
            46.569696
          ],
          [
            7.922981,
            46.569686
          ],
          [
            7.922992,
            46.569674
          ],
          [
            7.923029,
            46.569654
          ],
          [
            7.923042,
            46.569651
          ],
          [
            7.923068,
            46.569636
          ],
          [
            7.923103,
            46.569612
          ],
          [
            7.923138,
            46.569588
          ],
          [
            7.923152,
            46.56958
          ],
          [
            7.923198,
            46.569567
          ],
          [
            7.923226,
            46.569551
          ],
          [
            7.923219,
            46.569551
          ],
          [
            7.923218,
            46.569557
          ],
          [
            7.923232,
            46.569556
          ],
          [
            7.92326,
            46.569545
          ],
          [
            7.923253,
            46.569539
          ],
          [
            7.923259,
            46.569518
          ],
          [
            7.923282,
            46.569504
          ],
          [
            7.923298,
            46.569498
          ],
          [
            7.923314,
            46.569481
          ],
          [
            7.923362,
            46.569454
          ],
          [
            7.923415,
            46.569452
          ],
          [
            7.923472,
            46.569436
          ],
          [
            7.923508,
            46.569429
          ],
          [
            7.923551,
            46.569413
          ],
          [
            7.923609,
            46.569397
          ],
          [
            7.923666,
            46.569391
          ],
          [
            7.923717,
            46.569391
          ],
          [
            7.923799,
            46.569368
          ],
          [
            7.923872,
            46.569339
          ],
          [
            7.923873,
            46.569331
          ],
          [
            7.923853,
            46.569327
          ],
          [
            7.923848,
            46.56932
          ],
          [
            7.92388,
            46.569313
          ],
          [
            7.923902,
            46.569284
          ],
          [
            7.923887,
            46.569281
          ],
          [
            7.923884,
            46.569281
          ],
          [
            7.923874,
            46.569281
          ],
          [
            7.923805,
            46.56928
          ],
          [
            7.923766,
            46.569285
          ],
          [
            7.923736,
            46.56929
          ],
          [
            7.923706,
            46.569293
          ],
          [
            7.92363,
            46.569286
          ],
          [
            7.923607,
            46.569283
          ],
          [
            7.923554,
            46.569269
          ],
          [
            7.923515,
            46.569264
          ],
          [
            7.923489,
            46.569262
          ],
          [
            7.923482,
            46.569272
          ],
          [
            7.923481,
            46.569248
          ],
          [
            7.923466,
            46.569242
          ],
          [
            7.92345,
            46.56924
          ],
          [
            7.923385,
            46.569228
          ],
          [
            7.923321,
            46.569221
          ],
          [
            7.923253,
            46.569201
          ],
          [
            7.923189,
            46.569182
          ],
          [
            7.923139,
            46.569174
          ],
          [
            7.923126,
            46.569173
          ],
          [
            7.923044,
            46.569159
          ],
          [
            7.922995,
            46.569147
          ],
          [
            7.922971,
            46.569146
          ],
          [
            7.922974,
            46.569146
          ],
          [
            7.922931,
            46.569127
          ],
          [
            7.922916,
            46.569121
          ],
          [
            7.922893,
            46.569112
          ],
          [
            7.922883,
            46.569103
          ],
          [
            7.922833,
            46.569091
          ],
          [
            7.922748,
            46.569064
          ],
          [
            7.922748,
            46.569061
          ],
          [
            7.9227,
            46.569036
          ],
          [
            7.922695,
            46.569034
          ],
          [
            7.922678,
            46.569026
          ],
          [
            7.922673,
            46.569028
          ],
          [
            7.922674,
            46.569028
          ],
          [
            7.922672,
            46.569026
          ],
          [
            7.922665,
            46.569007
          ],
          [
            7.92266,
            46.569009
          ],
          [
            7.922659,
            46.569002
          ],
          [
            7.922737,
            46.56896
          ],
          [
            7.922747,
            46.568959
          ],
          [
            7.922802,
            46.568939
          ],
          [
            7.922862,
            46.568933
          ],
          [
            7.922893,
            46.568931
          ],
          [
            7.92299,
            46.568916
          ],
          [
            7.923001,
            46.568916
          ],
          [
            7.923022,
            46.568921
          ],
          [
            7.923021,
            46.568921
          ],
          [
            7.923021,
            46.568921
          ],
          [
            7.923021,
            46.568921
          ],
          [
            7.923021,
            46.568921
          ],
          [
            7.923021,
            46.568921
          ],
          [
            7.923021,
            46.568921
          ],
          [
            7.923021,
            46.568921
          ],
          [
            7.923021,
            46.568921
          ],
          [
            7.923021,
            46.568921
          ],
          [
            7.923021,
            46.568921
          ],
          [
            7.923026,
            46.568929
          ],
          [
            7.922997,
            46.568936
          ],
          [
            7.923004,
            46.568936
          ],
          [
            7.923031,
            46.568933
          ],
          [
            7.923069,
            46.568927
          ],
          [
            7.923087,
            46.568924
          ],
          [
            7.923112,
            46.568896
          ],
          [
            7.923132,
            46.568881
          ],
          [
            7.923144,
            46.568871
          ],
          [
            7.92319,
            46.568849
          ],
          [
            7.923197,
            46.568842
          ],
          [
            7.923238,
            46.568821
          ],
          [
            7.92329,
            46.568792
          ],
          [
            7.923319,
            46.568783
          ],
          [
            7.923389,
            46.56877
          ],
          [
            7.92347,
            46.568745
          ],
          [
            7.923611,
            46.568685
          ],
          [
            7.923644,
            46.568675
          ],
          [
            7.92376,
            46.568646
          ],
          [
            7.923779,
            46.568644
          ],
          [
            7.923896,
            46.568623
          ],
          [
            7.923959,
            46.568613
          ],
          [
            7.923954,
            46.568614
          ],
          [
            7.924024,
            46.568601
          ],
          [
            7.924103,
            46.568571
          ],
          [
            7.924131,
            46.568549
          ],
          [
            7.924155,
            46.568536
          ],
          [
            7.924171,
            46.568528
          ],
          [
            7.924225,
            46.568504
          ],
          [
            7.924261,
            46.568489
          ],
          [
            7.924274,
            46.568481
          ],
          [
            7.924332,
            46.568442
          ],
          [
            7.924344,
            46.568434
          ],
          [
            7.924361,
            46.568408
          ],
          [
            7.924384,
            46.568386
          ],
          [
            7.924417,
            46.568357
          ],
          [
            7.924481,
            46.568321
          ],
          [
            7.924487,
            46.568312
          ],
          [
            7.924536,
            46.568296
          ],
          [
            7.924572,
            46.568276
          ],
          [
            7.924599,
            46.56827
          ],
          [
            7.924612,
            46.568245
          ],
          [
            7.924595,
            46.56823
          ],
          [
            7.924578,
            46.568227
          ],
          [
            7.924529,
            46.568205
          ],
          [
            7.92445,
            46.568192
          ],
          [
            7.924353,
            46.568166
          ],
          [
            7.924333,
            46.56816
          ],
          [
            7.924296,
            46.568154
          ],
          [
            7.924248,
            46.568145
          ],
          [
            7.924236,
            46.56815
          ],
          [
            7.92418,
            46.568146
          ],
          [
            7.924142,
            46.568124
          ],
          [
            7.924131,
            46.568118
          ],
          [
            7.924088,
            46.568099
          ],
          [
            7.924051,
            46.568093
          ],
          [
            7.924036,
            46.568092
          ],
          [
            7.924012,
            46.568103
          ],
          [
            7.92398,
            46.568111
          ],
          [
            7.923925,
            46.56811
          ],
          [
            7.923904,
            46.568111
          ],
          [
            7.923873,
            46.56811
          ],
          [
            7.923862,
            46.56811
          ],
          [
            7.923834,
            46.568114
          ],
          [
            7.923828,
            46.568107
          ],
          [
            7.923837,
            46.568102
          ],
          [
            7.923839,
            46.568106
          ],
          [
            7.923874,
            46.56809
          ],
          [
            7.923889,
            46.568084
          ],
          [
            7.923894,
            46.568082
          ],
          [
            7.923912,
            46.568062
          ],
          [
            7.923963,
            46.568031
          ],
          [
            7.923989,
            46.56802
          ],
          [
            7.924012,
            46.568011
          ],
          [
            7.924135,
            46.567975
          ],
          [
            7.924158,
            46.567974
          ],
          [
            7.924205,
            46.567963
          ],
          [
            7.924213,
            46.567966
          ],
          [
            7.924221,
            46.567966
          ],
          [
            7.924247,
            46.567952
          ],
          [
            7.92426,
            46.567945
          ],
          [
            7.924288,
            46.567931
          ],
          [
            7.924309,
            46.567935
          ],
          [
            7.924319,
            46.567935
          ],
          [
            7.92436,
            46.567931
          ],
          [
            7.924373,
            46.567921
          ],
          [
            7.924386,
            46.567912
          ],
          [
            7.924426,
            46.567891
          ],
          [
            7.924454,
            46.567885
          ],
          [
            7.924476,
            46.567879
          ],
          [
            7.924545,
            46.567869
          ],
          [
            7.924559,
            46.56787
          ],
          [
            7.924602,
            46.567863
          ],
          [
            7.924642,
            46.567863
          ],
          [
            7.924652,
            46.567863
          ],
          [
            7.924713,
            46.567865
          ],
          [
            7.924727,
            46.567859
          ],
          [
            7.924749,
            46.567853
          ],
          [
            7.924787,
            46.567849
          ],
          [
            7.924797,
            46.567848
          ],
          [
            7.92486,
            46.567833
          ],
          [
            7.924922,
            46.567814
          ],
          [
            7.924932,
            46.567812
          ],
          [
            7.924926,
            46.567787
          ],
          [
            7.924923,
            46.567782
          ],
          [
            7.924963,
            46.567749
          ],
          [
            7.924978,
            46.567761
          ],
          [
            7.924961,
            46.567757
          ],
          [
            7.92493,
            46.56775
          ],
          [
            7.924886,
            46.567758
          ],
          [
            7.924877,
            46.567757
          ],
          [
            7.924863,
            46.567753
          ],
          [
            7.92486,
            46.567753
          ],
          [
            7.924861,
            46.567769
          ],
          [
            7.924865,
            46.567795
          ],
          [
            7.924886,
            46.567778
          ],
          [
            7.924905,
            46.567759
          ],
          [
            7.924903,
            46.567762
          ],
          [
            7.924902,
            46.567768
          ],
          [
            7.924877,
            46.56777
          ],
          [
            7.924827,
            46.56777
          ],
          [
            7.924795,
            46.567761
          ],
          [
            7.924784,
            46.567751
          ],
          [
            7.924703,
            46.567704
          ],
          [
            7.924628,
            46.567663
          ],
          [
            7.924609,
            46.567643
          ],
          [
            7.924576,
            46.567633
          ],
          [
            7.924524,
            46.567625
          ],
          [
            7.92448,
            46.567621
          ],
          [
            7.92445,
            46.567615
          ],
          [
            7.924405,
            46.567595
          ],
          [
            7.924396,
            46.567588
          ],
          [
            7.924345,
            46.567563
          ],
          [
            7.924267,
            46.567547
          ],
          [
            7.924212,
            46.567545
          ],
          [
            7.924191,
            46.567545
          ],
          [
            7.924142,
            46.567543
          ],
          [
            7.92412,
            46.567547
          ],
          [
            7.924114,
            46.567546
          ],
          [
            7.92408,
            46.567564
          ],
          [
            7.924051,
            46.567574
          ],
          [
            7.924018,
            46.567587
          ],
          [
            7.923997,
            46.567591
          ],
          [
            7.923988,
            46.56759
          ],
          [
            7.923999,
            46.567577
          ],
          [
            7.923999,
            46.567573
          ],
          [
            7.924034,
            46.567543
          ],
          [
            7.924017,
            46.567537
          ],
          [
            7.923975,
            46.567527
          ],
          [
            7.923946,
            46.567519
          ],
          [
            7.923923,
            46.567523
          ],
          [
            7.923896,
            46.567522
          ],
          [
            7.923836,
            46.567517
          ],
          [
            7.923831,
            46.567516
          ],
          [
            7.923815,
            46.567513
          ],
          [
            7.923808,
            46.56751
          ],
          [
            7.923781,
            46.567497
          ],
          [
            7.92374,
            46.567498
          ],
          [
            7.923731,
            46.5675
          ],
          [
            7.923662,
            46.567489
          ],
          [
            7.923629,
            46.567482
          ],
          [
            7.923613,
            46.567468
          ],
          [
            7.923556,
            46.567443
          ],
          [
            7.923547,
            46.567443
          ],
          [
            7.923491,
            46.567444
          ],
          [
            7.923465,
            46.567449
          ],
          [
            7.923479,
            46.567466
          ],
          [
            7.923477,
            46.567466
          ],
          [
            7.923477,
            46.567466
          ],
          [
            7.923477,
            46.567466
          ],
          [
            7.923477,
            46.567466
          ],
          [
            7.923477,
            46.567466
          ],
          [
            7.923477,
            46.567466
          ],
          [
            7.923511,
            46.567468
          ],
          [
            7.923474,
            46.567468
          ],
          [
            7.923456,
            46.567468
          ],
          [
            7.923404,
            46.567462
          ],
          [
            7.923323,
            46.567459
          ],
          [
            7.923287,
            46.567454
          ],
          [
            7.923265,
            46.567442
          ],
          [
            7.923209,
            46.567415
          ],
          [
            7.923195,
            46.567412
          ],
          [
            7.923101,
            46.567399
          ],
          [
            7.923085,
            46.567394
          ],
          [
            7.923049,
            46.56738
          ],
          [
            7.923017,
            46.567383
          ],
          [
            7.923022,
            46.567385
          ],
          [
            7.923036,
            46.567388
          ],
          [
            7.923019,
            46.567399
          ],
          [
            7.922968,
            46.567413
          ],
          [
            7.922968,
            46.56741
          ],
          [
            7.922959,
            46.567411
          ],
          [
            7.922907,
            46.567405
          ],
          [
            7.922895,
            46.567407
          ],
          [
            7.922798,
            46.567411
          ],
          [
            7.92277,
            46.567413
          ],
          [
            7.922673,
            46.567423
          ],
          [
            7.92256,
            46.567435
          ],
          [
            7.922492,
            46.56744
          ],
          [
            7.922386,
            46.567455
          ],
          [
            7.922226,
            46.567464
          ],
          [
            7.922086,
            46.56749
          ],
          [
            7.921991,
            46.567536
          ],
          [
            7.921908,
            46.56757
          ],
          [
            7.921902,
            46.567573
          ],
          [
            7.921825,
            46.56761
          ],
          [
            7.921799,
            46.567622
          ],
          [
            7.921753,
            46.567645
          ],
          [
            7.92172,
            46.567655
          ],
          [
            7.921684,
            46.567672
          ],
          [
            7.92167,
            46.567678
          ],
          [
            7.92165,
            46.567681
          ],
          [
            7.921627,
            46.567691
          ],
          [
            7.921627,
            46.567695
          ],
          [
            7.921623,
            46.567698
          ],
          [
            7.921606,
            46.567701
          ],
          [
            7.921589,
            46.567706
          ],
          [
            7.921545,
            46.567733
          ],
          [
            7.921532,
            46.567741
          ],
          [
            7.92152,
            46.56775
          ],
          [
            7.921548,
            46.567752
          ],
          [
            7.921555,
            46.567727
          ],
          [
            7.921569,
            46.5677
          ],
          [
            7.921574,
            46.567679
          ],
          [
            7.921588,
            46.567642
          ],
          [
            7.921597,
            46.567638
          ],
          [
            7.921601,
            46.567628
          ],
          [
            7.921616,
            46.567615
          ],
          [
            7.921624,
            46.567605
          ],
          [
            7.921636,
            46.567589
          ],
          [
            7.921625,
            46.567578
          ],
          [
            7.921621,
            46.567578
          ],
          [
            7.921615,
            46.567576
          ],
          [
            7.921574,
            46.567584
          ],
          [
            7.921551,
            46.567582
          ],
          [
            7.921481,
            46.567579
          ],
          [
            7.921422,
            46.567595
          ],
          [
            7.921404,
            46.567604
          ],
          [
            7.9214,
            46.567608
          ],
          [
            7.921395,
            46.567605
          ],
          [
            7.921351,
            46.56761
          ],
          [
            7.921344,
            46.567611
          ],
          [
            7.921332,
            46.567604
          ],
          [
            7.921333,
            46.567597
          ],
          [
            7.921352,
            46.567567
          ],
          [
            7.921361,
            46.567558
          ],
          [
            7.921383,
            46.567551
          ],
          [
            7.921404,
            46.567532
          ],
          [
            7.921441,
            46.567509
          ],
          [
            7.921463,
            46.567495
          ],
          [
            7.921493,
            46.567477
          ],
          [
            7.921477,
            46.567455
          ],
          [
            7.921467,
            46.567454
          ],
          [
            7.921439,
            46.56745
          ],
          [
            7.921448,
            46.567454
          ],
          [
            7.921442,
            46.567455
          ],
          [
            7.921438,
            46.567443
          ],
          [
            7.921437,
            46.567435
          ],
          [
            7.921426,
            46.567437
          ],
          [
            7.921409,
            46.567445
          ],
          [
            7.921401,
            46.567466
          ],
          [
            7.921395,
            46.567469
          ],
          [
            7.921414,
            46.567466
          ],
          [
            7.921391,
            46.567471
          ],
          [
            7.921378,
            46.567467
          ],
          [
            7.921373,
            46.567468
          ],
          [
            7.921379,
            46.567466
          ],
          [
            7.921378,
            46.567462
          ],
          [
            7.921382,
            46.567461
          ],
          [
            7.921381,
            46.567458
          ],
          [
            7.921391,
            46.567457
          ],
          [
            7.921397,
            46.567452
          ],
          [
            7.921413,
            46.56746
          ],
          [
            7.921421,
            46.567471
          ],
          [
            7.921427,
            46.567471
          ],
          [
            7.921427,
            46.567471
          ],
          [
            7.921427,
            46.567471
          ],
          [
            7.921427,
            46.567471
          ],
          [
            7.921424,
            46.567467
          ],
          [
            7.921428,
            46.567456
          ],
          [
            7.921421,
            46.567451
          ],
          [
            7.921419,
            46.567449
          ],
          [
            7.921413,
            46.567444
          ],
          [
            7.921398,
            46.567438
          ],
          [
            7.921396,
            46.567437
          ],
          [
            7.921405,
            46.567445
          ],
          [
            7.921408,
            46.567446
          ],
          [
            7.92141,
            46.567437
          ],
          [
            7.921408,
            46.567449
          ],
          [
            7.921402,
            46.567462
          ],
          [
            7.921382,
            46.567441
          ],
          [
            7.921401,
            46.567447
          ],
          [
            7.921413,
            46.567474
          ],
          [
            7.921424,
            46.567492
          ],
          [
            7.921423,
            46.567482
          ],
          [
            7.921416,
            46.56745
          ],
          [
            7.921395,
            46.567447
          ],
          [
            7.921397,
            46.567448
          ],
          [
            7.921405,
            46.567466
          ],
          [
            7.921436,
            46.567464
          ],
          [
            7.921421,
            46.567473
          ],
          [
            7.92141,
            46.567461
          ],
          [
            7.921427,
            46.567471
          ],
          [
            7.921427,
            46.567471
          ],
          [
            7.921427,
            46.567471
          ],
          [
            7.921415,
            46.567468
          ],
          [
            7.921402,
            46.567466
          ],
          [
            7.921406,
            46.567449
          ],
          [
            7.921408,
            46.567448
          ],
          [
            7.921417,
            46.567447
          ],
          [
            7.921394,
            46.567456
          ],
          [
            7.921401,
            46.567442
          ],
          [
            7.921411,
            46.567457
          ],
          [
            7.921409,
            46.567448
          ],
          [
            7.921406,
            46.567438
          ],
          [
            7.921406,
            46.567438
          ],
          [
            7.921406,
            46.567438
          ],
          [
            7.921409,
            46.567454
          ],
          [
            7.921434,
            46.567505
          ],
          [
            7.921437,
            46.567518
          ],
          [
            7.921438,
            46.567526
          ],
          [
            7.92144,
            46.567535
          ],
          [
            7.92144,
            46.567535
          ],
          [
            7.92144,
            46.567535
          ],
          [
            7.921436,
            46.567521
          ],
          [
            7.921436,
            46.567521
          ],
          [
            7.921432,
            46.567474
          ],
          [
            7.92141,
            46.567451
          ],
          [
            7.921421,
            46.567472
          ],
          [
            7.921429,
            46.567451
          ],
          [
            7.921416,
            46.567423
          ],
          [
            7.921402,
            46.567416
          ],
          [
            7.921424,
            46.567427
          ],
          [
            7.92142,
            46.567428
          ],
          [
            7.921422,
            46.567432
          ],
          [
            7.921433,
            46.56743
          ],
          [
            7.921417,
            46.567446
          ],
          [
            7.921418,
            46.567471
          ],
          [
            7.921409,
            46.567495
          ],
          [
            7.921433,
            46.56749
          ],
          [
            7.921445,
            46.567483
          ],
          [
            7.921427,
            46.567479
          ],
          [
            7.921412,
            46.567468
          ],
          [
            7.921423,
            46.56746
          ],
          [
            7.921457,
            46.567465
          ],
          [
            7.921445,
            46.567463
          ],
          [
            7.921443,
            46.567462
          ],
          [
            7.921442,
            46.567451
          ],
          [
            7.921439,
            46.567437
          ],
          [
            7.921434,
            46.567433
          ],
          [
            7.921408,
            46.567452
          ],
          [
            7.921408,
            46.567473
          ],
          [
            7.921389,
            46.56747
          ],
          [
            7.921404,
            46.567456
          ],
          [
            7.921398,
            46.567461
          ],
          [
            7.921392,
            46.567459
          ],
          [
            7.921378,
            46.567464
          ],
          [
            7.921377,
            46.567458
          ],
          [
            7.921386,
            46.567431
          ],
          [
            7.921375,
            46.567451
          ],
          [
            7.921375,
            46.567461
          ],
          [
            7.921378,
            46.567469
          ],
          [
            7.921385,
            46.567468
          ],
          [
            7.921407,
            46.567468
          ],
          [
            7.921383,
            46.567465
          ],
          [
            7.921362,
            46.567459
          ],
          [
            7.921338,
            46.567448
          ],
          [
            7.92133,
            46.567447
          ],
          [
            7.921316,
            46.567447
          ],
          [
            7.921278,
            46.567447
          ],
          [
            7.921222,
            46.567442
          ],
          [
            7.921197,
            46.567436
          ],
          [
            7.92117,
            46.56744
          ],
          [
            7.921142,
            46.567447
          ],
          [
            7.92111,
            46.567459
          ],
          [
            7.921068,
            46.567474
          ],
          [
            7.921065,
            46.567474
          ],
          [
            7.921066,
            46.567475
          ],
          [
            7.921045,
            46.567487
          ],
          [
            7.921039,
            46.567491
          ],
          [
            7.921026,
            46.567499
          ],
          [
            7.921008,
            46.567517
          ],
          [
            7.921001,
            46.567544
          ],
          [
            7.92101,
            46.567571
          ],
          [
            7.921034,
            46.567592
          ],
          [
            7.921018,
            46.567583
          ],
          [
            7.921012,
            46.567584
          ],
          [
            7.920999,
            46.567581
          ],
          [
            7.920998,
            46.567581
          ],
          [
            7.920988,
            46.56757
          ],
          [
            7.920985,
            46.567564
          ],
          [
            7.920972,
            46.567552
          ],
          [
            7.920953,
            46.567534
          ],
          [
            7.920949,
            46.567531
          ],
          [
            7.920938,
            46.567549
          ],
          [
            7.920937,
            46.567552
          ],
          [
            7.920932,
            46.56756
          ],
          [
            7.920927,
            46.567577
          ],
          [
            7.920918,
            46.567582
          ],
          [
            7.920909,
            46.567595
          ],
          [
            7.920908,
            46.567607
          ],
          [
            7.920915,
            46.567617
          ],
          [
            7.920932,
            46.567654
          ],
          [
            7.920935,
            46.567662
          ],
          [
            7.920934,
            46.567678
          ],
          [
            7.920914,
            46.567689
          ],
          [
            7.920903,
            46.567695
          ],
          [
            7.920883,
            46.567716
          ],
          [
            7.920872,
            46.567719
          ],
          [
            7.920854,
            46.567721
          ],
          [
            7.920833,
            46.567739
          ],
          [
            7.920815,
            46.567753
          ],
          [
            7.920762,
            46.567791
          ],
          [
            7.92074,
            46.567806
          ],
          [
            7.920679,
            46.567837
          ],
          [
            7.920644,
            46.567855
          ],
          [
            7.920606,
            46.567881
          ],
          [
            7.920592,
            46.567896
          ],
          [
            7.920585,
            46.567909
          ],
          [
            7.920519,
            46.567961
          ],
          [
            7.920452,
            46.56801
          ],
          [
            7.920447,
            46.568017
          ],
          [
            7.920407,
            46.56803
          ],
          [
            7.920345,
            46.568063
          ],
          [
            7.920309,
            46.568087
          ],
          [
            7.92026,
            46.568144
          ],
          [
            7.92023,
            46.568178
          ],
          [
            7.920205,
            46.568211
          ],
          [
            7.920181,
            46.568257
          ],
          [
            7.920154,
            46.568291
          ],
          [
            7.920142,
            46.568299
          ],
          [
            7.920115,
            46.56833
          ],
          [
            7.920105,
            46.568341
          ],
          [
            7.920053,
            46.56841
          ],
          [
            7.920039,
            46.568421
          ],
          [
            7.919997,
            46.56844
          ],
          [
            7.919987,
            46.568446
          ],
          [
            7.919986,
            46.568454
          ],
          [
            7.919973,
            46.568458
          ],
          [
            7.919948,
            46.568448
          ],
          [
            7.919942,
            46.568455
          ],
          [
            7.919955,
            46.568472
          ],
          [
            7.919921,
            46.568511
          ],
          [
            7.919872,
            46.568552
          ],
          [
            7.919851,
            46.568584
          ],
          [
            7.919821,
            46.568644
          ],
          [
            7.919791,
            46.568673
          ],
          [
            7.919764,
            46.568694
          ],
          [
            7.919702,
            46.568718
          ],
          [
            7.91968,
            46.568722
          ],
          [
            7.919619,
            46.568738
          ],
          [
            7.919606,
            46.568747
          ],
          [
            7.919593,
            46.568773
          ],
          [
            7.919588,
            46.56878
          ],
          [
            7.919575,
            46.568793
          ],
          [
            7.919531,
            46.568835
          ],
          [
            7.919471,
            46.568876
          ],
          [
            7.919382,
            46.568903
          ],
          [
            7.919376,
            46.568908
          ],
          [
            7.919284,
            46.568961
          ],
          [
            7.919261,
            46.568972
          ],
          [
            7.919138,
            46.569017
          ],
          [
            7.919128,
            46.569023
          ],
          [
            7.919074,
            46.569055
          ],
          [
            7.919063,
            46.569061
          ],
          [
            7.919024,
            46.56908
          ],
          [
            7.919004,
            46.569072
          ],
          [
            7.919006,
            46.569071
          ],
          [
            7.918971,
            46.569057
          ],
          [
            7.918967,
            46.569055
          ],
          [
            7.91893,
            46.56906
          ],
          [
            7.918915,
            46.569063
          ],
          [
            7.918867,
            46.569069
          ],
          [
            7.91888,
            46.569062
          ],
          [
            7.918877,
            46.569052
          ],
          [
            7.918856,
            46.569048
          ],
          [
            7.918829,
            46.569031
          ],
          [
            7.918812,
            46.569019
          ],
          [
            7.918813,
            46.569018
          ],
          [
            7.918782,
            46.569029
          ],
          [
            7.91873,
            46.569033
          ],
          [
            7.918693,
            46.569031
          ],
          [
            7.918669,
            46.569031
          ],
          [
            7.918643,
            46.569021
          ],
          [
            7.91863,
            46.56902
          ],
          [
            7.918568,
            46.569011
          ],
          [
            7.918521,
            46.569011
          ],
          [
            7.918515,
            46.569011
          ],
          [
            7.918493,
            46.569014
          ],
          [
            7.918468,
            46.569021
          ],
          [
            7.918453,
            46.569022
          ],
          [
            7.918383,
            46.569039
          ],
          [
            7.918357,
            46.569037
          ],
          [
            7.918323,
            46.569025
          ],
          [
            7.918294,
            46.569009
          ],
          [
            7.91827,
            46.569009
          ],
          [
            7.918258,
            46.569007
          ],
          [
            7.918202,
            46.569006
          ],
          [
            7.918185,
            46.569011
          ],
          [
            7.918153,
            46.569023
          ],
          [
            7.918101,
            46.569031
          ],
          [
            7.918058,
            46.56902
          ],
          [
            7.917985,
            46.569014
          ],
          [
            7.917941,
            46.569008
          ],
          [
            7.917902,
            46.569001
          ],
          [
            7.917896,
            46.568999
          ],
          [
            7.917878,
            46.568998
          ],
          [
            7.91783,
            46.569001
          ],
          [
            7.917793,
            46.569003
          ],
          [
            7.917768,
            46.569005
          ],
          [
            7.917733,
            46.569007
          ],
          [
            7.917719,
            46.569008
          ],
          [
            7.917709,
            46.56901
          ],
          [
            7.917692,
            46.569022
          ],
          [
            7.917668,
            46.56903
          ],
          [
            7.91765,
            46.569034
          ],
          [
            7.917643,
            46.569034
          ],
          [
            7.917614,
            46.569038
          ],
          [
            7.917588,
            46.569045
          ],
          [
            7.917581,
            46.569046
          ],
          [
            7.917551,
            46.569055
          ],
          [
            7.917485,
            46.56909
          ],
          [
            7.917483,
            46.569094
          ],
          [
            7.917507,
            46.569089
          ],
          [
            7.91751,
            46.569085
          ],
          [
            7.917515,
            46.569082
          ],
          [
            7.917516,
            46.569068
          ],
          [
            7.917515,
            46.569061
          ],
          [
            7.917515,
            46.569031
          ],
          [
            7.917499,
            46.568997
          ],
          [
            7.917427,
            46.568989
          ],
          [
            7.91743,
            46.568972
          ],
          [
            7.91744,
            46.568958
          ],
          [
            7.917458,
            46.568929
          ],
          [
            7.91747,
            46.568908
          ],
          [
            7.917441,
            46.568892
          ],
          [
            7.917419,
            46.568895
          ],
          [
            7.917361,
            46.568916
          ],
          [
            7.917316,
            46.568931
          ],
          [
            7.917287,
            46.568936
          ],
          [
            7.917239,
            46.568958
          ],
          [
            7.917191,
            46.568995
          ],
          [
            7.917172,
            46.569012
          ],
          [
            7.917149,
            46.569024
          ],
          [
            7.917135,
            46.569038
          ],
          [
            7.917125,
            46.569047
          ],
          [
            7.917099,
            46.569056
          ],
          [
            7.917064,
            46.569076
          ],
          [
            7.917068,
            46.56907
          ],
          [
            7.91709,
            46.569018
          ],
          [
            7.917091,
            46.568975
          ],
          [
            7.917078,
            46.568956
          ],
          [
            7.917055,
            46.568964
          ],
          [
            7.917023,
            46.568979
          ],
          [
            7.917003,
            46.568987
          ],
          [
            7.91697,
            46.569005
          ],
          [
            7.916961,
            46.569011
          ],
          [
            7.916906,
            46.569048
          ],
          [
            7.91689,
            46.569062
          ],
          [
            7.916879,
            46.569068
          ],
          [
            7.916833,
            46.569066
          ],
          [
            7.916826,
            46.56906
          ],
          [
            7.916831,
            46.569048
          ],
          [
            7.916849,
            46.56901
          ],
          [
            7.916884,
            46.569006
          ],
          [
            7.916884,
            46.569006
          ],
          [
            7.916884,
            46.569006
          ],
          [
            7.916874,
            46.568988
          ],
          [
            7.916875,
            46.568987
          ],
          [
            7.916861,
            46.568978
          ],
          [
            7.916855,
            46.568982
          ],
          [
            7.916852,
            46.568984
          ],
          [
            7.916843,
            46.568983
          ],
          [
            7.916826,
            46.568978
          ],
          [
            7.916817,
            46.568981
          ],
          [
            7.916828,
            46.568979
          ],
          [
            7.916851,
            46.568963
          ],
          [
            7.916854,
            46.568956
          ],
          [
            7.916859,
            46.56893
          ],
          [
            7.916875,
            46.568908
          ],
          [
            7.916896,
            46.568888
          ],
          [
            7.916903,
            46.56885
          ],
          [
            7.916879,
            46.56884
          ],
          [
            7.916857,
            46.568847
          ],
          [
            7.916795,
            46.568869
          ],
          [
            7.916766,
            46.568876
          ],
          [
            7.916751,
            46.568866
          ],
          [
            7.916716,
            46.568844
          ],
          [
            7.916696,
            46.568816
          ],
          [
            7.916684,
            46.568777
          ],
          [
            7.916685,
            46.568771
          ],
          [
            7.916698,
            46.568741
          ],
          [
            7.916749,
            46.568683
          ],
          [
            7.916763,
            46.568663
          ],
          [
            7.916858,
            46.568606
          ],
          [
            7.916923,
            46.568562
          ],
          [
            7.916973,
            46.568516
          ],
          [
            7.916994,
            46.568444
          ],
          [
            7.916946,
            46.568392
          ],
          [
            7.916927,
            46.568382
          ],
          [
            7.916913,
            46.568385
          ],
          [
            7.91688,
            46.568346
          ],
          [
            7.916881,
            46.568328
          ],
          [
            7.916889,
            46.568296
          ],
          [
            7.916925,
            46.568281
          ],
          [
            7.91694,
            46.568271
          ],
          [
            7.916993,
            46.568257
          ],
          [
            7.917053,
            46.568246
          ],
          [
            7.917065,
            46.568241
          ],
          [
            7.917134,
            46.568187
          ],
          [
            7.917164,
            46.568161
          ],
          [
            7.917252,
            46.568099
          ],
          [
            7.917268,
            46.568089
          ],
          [
            7.91729,
            46.568068
          ],
          [
            7.917364,
            46.568026
          ],
          [
            7.917392,
            46.568001
          ],
          [
            7.917402,
            46.567979
          ],
          [
            7.917408,
            46.567971
          ],
          [
            7.917424,
            46.567957
          ],
          [
            7.917468,
            46.56792
          ],
          [
            7.917471,
            46.567901
          ],
          [
            7.917491,
            46.567867
          ],
          [
            7.917531,
            46.567826
          ],
          [
            7.917541,
            46.567815
          ],
          [
            7.917565,
            46.567793
          ],
          [
            7.917601,
            46.567754
          ],
          [
            7.917641,
            46.567722
          ],
          [
            7.917649,
            46.567717
          ],
          [
            7.91769,
            46.567671
          ],
          [
            7.917694,
            46.567664
          ],
          [
            7.917712,
            46.567602
          ],
          [
            7.917719,
            46.567584
          ],
          [
            7.917713,
            46.56757
          ],
          [
            7.91772,
            46.567539
          ],
          [
            7.917725,
            46.567525
          ],
          [
            7.917731,
            46.567496
          ],
          [
            7.917736,
            46.567477
          ],
          [
            7.917688,
            46.567451
          ],
          [
            7.917665,
            46.567448
          ],
          [
            7.917669,
            46.567452
          ],
          [
            7.917688,
            46.567468
          ],
          [
            7.917686,
            46.567461
          ],
          [
            7.917681,
            46.56745
          ],
          [
            7.917708,
            46.567436
          ],
          [
            7.91772,
            46.567424
          ],
          [
            7.917774,
            46.567347
          ],
          [
            7.91778,
            46.567338
          ],
          [
            7.917798,
            46.567319
          ],
          [
            7.917817,
            46.567309
          ],
          [
            7.917849,
            46.567302
          ],
          [
            7.917857,
            46.5673
          ],
          [
            7.917863,
            46.567299
          ],
          [
            7.917912,
            46.567305
          ],
          [
            7.917935,
            46.5673
          ],
          [
            7.91794,
            46.567298
          ],
          [
            7.917937,
            46.56725
          ],
          [
            7.917937,
            46.567205
          ],
          [
            7.917947,
            46.567204
          ],
          [
            7.917938,
            46.567149
          ],
          [
            7.917956,
            46.567155
          ],
          [
            7.917972,
            46.567141
          ],
          [
            7.917973,
            46.567137
          ],
          [
            7.917992,
            46.567133
          ],
          [
            7.917988,
            46.567138
          ],
          [
            7.917988,
            46.567142
          ],
          [
            7.91798,
            46.567155
          ],
          [
            7.917998,
            46.567171
          ],
          [
            7.918004,
            46.567177
          ],
          [
            7.918029,
            46.5672
          ],
          [
            7.918034,
            46.567209
          ],
          [
            7.918019,
            46.567221
          ],
          [
            7.91803,
            46.567227
          ],
          [
            7.918036,
            46.567228
          ],
          [
            7.918005,
            46.567244
          ],
          [
            7.917974,
            46.567253
          ],
          [
            7.917926,
            46.567242
          ],
          [
            7.9179,
            46.567235
          ],
          [
            7.917898,
            46.567231
          ],
          [
            7.917888,
            46.567227
          ],
          [
            7.917863,
            46.567227
          ],
          [
            7.917857,
            46.567228
          ],
          [
            7.917845,
            46.567232
          ],
          [
            7.917814,
            46.56724
          ],
          [
            7.917788,
            46.567238
          ],
          [
            7.917755,
            46.567224
          ],
          [
            7.917747,
            46.567223
          ],
          [
            7.917738,
            46.567223
          ],
          [
            7.917718,
            46.567224
          ],
          [
            7.917691,
            46.567219
          ],
          [
            7.917676,
            46.567218
          ],
          [
            7.917664,
            46.56722
          ],
          [
            7.917645,
            46.567228
          ],
          [
            7.917639,
            46.567233
          ],
          [
            7.917636,
            46.567236
          ],
          [
            7.917664,
            46.567238
          ],
          [
            7.917664,
            46.567235
          ],
          [
            7.917691,
            46.567226
          ],
          [
            7.917708,
            46.567201
          ],
          [
            7.917705,
            46.567201
          ],
          [
            7.917673,
            46.567207
          ],
          [
            7.917667,
            46.567206
          ],
          [
            7.917607,
            46.567199
          ],
          [
            7.917614,
            46.567201
          ],
          [
            7.917622,
            46.567199
          ],
          [
            7.917627,
            46.56719
          ],
          [
            7.917651,
            46.567181
          ],
          [
            7.917656,
            46.56718
          ],
          [
            7.917698,
            46.567174
          ],
          [
            7.917697,
            46.567165
          ],
          [
            7.917643,
            46.567151
          ],
          [
            7.917631,
            46.567152
          ],
          [
            7.917579,
            46.567144
          ],
          [
            7.917568,
            46.567143
          ],
          [
            7.917495,
            46.567163
          ],
          [
            7.917479,
            46.567164
          ],
          [
            7.917458,
            46.567167
          ],
          [
            7.917452,
            46.567169
          ],
          [
            7.917421,
            46.567173
          ],
          [
            7.917344,
            46.567188
          ],
          [
            7.917317,
            46.567201
          ],
          [
            7.917243,
            46.567232
          ],
          [
            7.917228,
            46.56724
          ],
          [
            7.917152,
            46.567295
          ],
          [
            7.91708,
            46.567345
          ],
          [
            7.91705,
            46.567383
          ],
          [
            7.917028,
            46.567393
          ],
          [
            7.917006,
            46.567394
          ],
          [
            7.916998,
            46.567395
          ],
          [
            7.916992,
            46.567383
          ],
          [
            7.917006,
            46.567368
          ],
          [
            7.917022,
            46.56736
          ],
          [
            7.917046,
            46.567374
          ],
          [
            7.917042,
            46.567342
          ],
          [
            7.917026,
            46.567346
          ],
          [
            7.917013,
            46.567399
          ],
          [
            7.916969,
            46.567421
          ],
          [
            7.916944,
            46.567416
          ],
          [
            7.916928,
            46.567422
          ],
          [
            7.916884,
            46.56744
          ],
          [
            7.916853,
            46.567444
          ],
          [
            7.916838,
            46.567443
          ],
          [
            7.916788,
            46.567437
          ],
          [
            7.916783,
            46.56742
          ],
          [
            7.916793,
            46.567389
          ],
          [
            7.916788,
            46.567373
          ],
          [
            7.916759,
            46.567361
          ],
          [
            7.916711,
            46.567354
          ],
          [
            7.916681,
            46.567358
          ],
          [
            7.916592,
            46.567368
          ],
          [
            7.916583,
            46.567367
          ],
          [
            7.916564,
            46.567353
          ],
          [
            7.916561,
            46.567349
          ],
          [
            7.916534,
            46.567323
          ],
          [
            7.916537,
            46.567321
          ],
          [
            7.916517,
            46.567322
          ],
          [
            7.916459,
            46.567322
          ],
          [
            7.916457,
            46.567323
          ],
          [
            7.916462,
            46.567327
          ],
          [
            7.916464,
            46.567327
          ],
          [
            7.916466,
            46.567328
          ],
          [
            7.91647,
            46.567329
          ],
          [
            7.916502,
            46.567341
          ],
          [
            7.9165,
            46.567342
          ],
          [
            7.916498,
            46.567342
          ],
          [
            7.916518,
            46.567359
          ],
          [
            7.916519,
            46.567358
          ],
          [
            7.916536,
            46.567344
          ],
          [
            7.916548,
            46.567283
          ],
          [
            7.91654,
            46.56725
          ],
          [
            7.916545,
            46.567217
          ],
          [
            7.916507,
            46.567157
          ],
          [
            7.916498,
            46.567141
          ],
          [
            7.916449,
            46.567099
          ],
          [
            7.916386,
            46.566992
          ],
          [
            7.916347,
            46.566932
          ],
          [
            7.916337,
            46.566926
          ],
          [
            7.916309,
            46.566902
          ],
          [
            7.916294,
            46.566889
          ],
          [
            7.916266,
            46.56685
          ],
          [
            7.916189,
            46.566763
          ],
          [
            7.91613,
            46.566722
          ],
          [
            7.916111,
            46.566715
          ],
          [
            7.916047,
            46.566655
          ],
          [
            7.916046,
            46.566647
          ],
          [
            7.915967,
            46.566587
          ],
          [
            7.915875,
            46.56654
          ],
          [
            7.915793,
            46.566501
          ],
          [
            7.915767,
            46.566492
          ],
          [
            7.915702,
            46.566467
          ],
          [
            7.915687,
            46.566462
          ],
          [
            7.91552,
            46.566437
          ],
          [
            7.915511,
            46.566439
          ],
          [
            7.915387,
            46.566438
          ],
          [
            7.915365,
            46.566431
          ],
          [
            7.915237,
            46.566375
          ],
          [
            7.915117,
            46.56628
          ],
          [
            7.915054,
            46.566255
          ],
          [
            7.915027,
            46.566245
          ],
          [
            7.91501,
            46.566238
          ],
          [
            7.915005,
            46.566228
          ],
          [
            7.914986,
            46.56622
          ],
          [
            7.914939,
            46.56624
          ],
          [
            7.914942,
            46.566243
          ],
          [
            7.914941,
            46.566256
          ],
          [
            7.914949,
            46.566302
          ],
          [
            7.914955,
            46.566297
          ],
          [
            7.914947,
            46.566284
          ],
          [
            7.914908,
            46.566271
          ],
          [
            7.914875,
            46.566256
          ],
          [
            7.914868,
            46.566261
          ],
          [
            7.91488,
            46.566283
          ],
          [
            7.914884,
            46.566288
          ],
          [
            7.91487,
            46.5663
          ],
          [
            7.914859,
            46.566298
          ],
          [
            7.914821,
            46.566283
          ],
          [
            7.914798,
            46.566275
          ],
          [
            7.914759,
            46.56627
          ],
          [
            7.914756,
            46.56628
          ],
          [
            7.914763,
            46.566299
          ],
          [
            7.914769,
            46.566322
          ],
          [
            7.914771,
            46.56633
          ],
          [
            7.914777,
            46.566345
          ],
          [
            7.914791,
            46.566351
          ],
          [
            7.914796,
            46.566356
          ],
          [
            7.914826,
            46.566386
          ],
          [
            7.914857,
            46.566425
          ],
          [
            7.914894,
            46.566465
          ],
          [
            7.914907,
            46.566476
          ],
          [
            7.914904,
            46.566468
          ],
          [
            7.914922,
            46.566425
          ],
          [
            7.914939,
            46.566373
          ],
          [
            7.914921,
            46.566385
          ],
          [
            7.914907,
            46.566389
          ],
          [
            7.914867,
            46.566452
          ],
          [
            7.914876,
            46.566438
          ],
          [
            7.91487,
            46.566429
          ],
          [
            7.914895,
            46.566449
          ],
          [
            7.914907,
            46.566475
          ],
          [
            7.914912,
            46.566469
          ],
          [
            7.914908,
            46.566468
          ],
          [
            7.914911,
            46.566468
          ],
          [
            7.914926,
            46.566468
          ],
          [
            7.914879,
            46.566421
          ],
          [
            7.914877,
            46.566397
          ],
          [
            7.914848,
            46.566379
          ],
          [
            7.914851,
            46.566405
          ],
          [
            7.914849,
            46.5664
          ],
          [
            7.914791,
            46.566441
          ],
          [
            7.914792,
            46.566447
          ],
          [
            7.914798,
            46.566479
          ],
          [
            7.914806,
            46.566497
          ],
          [
            7.914826,
            46.566525
          ],
          [
            7.914835,
            46.566542
          ],
          [
            7.914838,
            46.566546
          ],
          [
            7.914851,
            46.566579
          ],
          [
            7.914855,
            46.566606
          ],
          [
            7.914887,
            46.56664
          ],
          [
            7.914915,
            46.566662
          ],
          [
            7.91493,
            46.566675
          ],
          [
            7.914939,
            46.56669
          ],
          [
            7.914951,
            46.566702
          ],
          [
            7.914948,
            46.566716
          ],
          [
            7.914962,
            46.566738
          ],
          [
            7.914969,
            46.566747
          ],
          [
            7.914979,
            46.566754
          ],
          [
            7.914985,
            46.566758
          ],
          [
            7.914975,
            46.566754
          ],
          [
            7.914957,
            46.566747
          ],
          [
            7.914881,
            46.56673
          ],
          [
            7.914873,
            46.56673
          ],
          [
            7.914847,
            46.566733
          ],
          [
            7.914807,
            46.566735
          ],
          [
            7.914771,
            46.566735
          ],
          [
            7.914739,
            46.566728
          ],
          [
            7.914698,
            46.566719
          ],
          [
            7.914687,
            46.566713
          ],
          [
            7.914652,
            46.566702
          ],
          [
            7.914644,
            46.566711
          ],
          [
            7.914647,
            46.566718
          ],
          [
            7.914659,
            46.566733
          ],
          [
            7.914659,
            46.56673
          ],
          [
            7.914664,
            46.566721
          ],
          [
            7.914635,
            46.566726
          ],
          [
            7.914626,
            46.566726
          ],
          [
            7.914594,
            46.566726
          ],
          [
            7.914564,
            46.566728
          ],
          [
            7.914544,
            46.566731
          ],
          [
            7.914525,
            46.566735
          ],
          [
            7.914507,
            46.566758
          ],
          [
            7.914509,
            46.566769
          ],
          [
            7.914516,
            46.566789
          ],
          [
            7.914539,
            46.566815
          ],
          [
            7.914544,
            46.566826
          ],
          [
            7.914579,
            46.566863
          ],
          [
            7.914589,
            46.566873
          ],
          [
            7.914638,
            46.566918
          ],
          [
            7.914657,
            46.566947
          ],
          [
            7.914658,
            46.566951
          ],
          [
            7.914686,
            46.566979
          ],
          [
            7.914689,
            46.566982
          ],
          [
            7.914707,
            46.566985
          ],
          [
            7.91475,
            46.567012
          ],
          [
            7.914756,
            46.567018
          ],
          [
            7.914758,
            46.567026
          ],
          [
            7.914737,
            46.56702
          ],
          [
            7.914706,
            46.567016
          ],
          [
            7.914648,
            46.567001
          ],
          [
            7.91456,
            46.566975
          ],
          [
            7.914521,
            46.56696
          ],
          [
            7.914477,
            46.566962
          ],
          [
            7.914446,
            46.566952
          ],
          [
            7.914407,
            46.566944
          ],
          [
            7.914357,
            46.56694
          ],
          [
            7.914346,
            46.566942
          ],
          [
            7.91434,
            46.566943
          ],
          [
            7.914309,
            46.566953
          ],
          [
            7.914277,
            46.566979
          ],
          [
            7.914295,
            46.567018
          ],
          [
            7.914314,
            46.567033
          ],
          [
            7.914332,
            46.567042
          ],
          [
            7.914363,
            46.567058
          ],
          [
            7.91436,
            46.567055
          ],
          [
            7.91436,
            46.567057
          ],
          [
            7.914348,
            46.567048
          ],
          [
            7.914326,
            46.567062
          ],
          [
            7.914326,
            46.567084
          ],
          [
            7.914344,
            46.567135
          ],
          [
            7.914374,
            46.567167
          ],
          [
            7.914404,
            46.567199
          ],
          [
            7.914428,
            46.567214
          ],
          [
            7.914481,
            46.567255
          ],
          [
            7.914497,
            46.567275
          ],
          [
            7.914524,
            46.5673
          ],
          [
            7.914532,
            46.567316
          ],
          [
            7.914525,
            46.567318
          ],
          [
            7.914523,
            46.567315
          ],
          [
            7.914505,
            46.567317
          ],
          [
            7.914496,
            46.567337
          ],
          [
            7.914502,
            46.567364
          ],
          [
            7.914523,
            46.567396
          ],
          [
            7.91453,
            46.567405
          ],
          [
            7.914563,
            46.567437
          ],
          [
            7.914586,
            46.567477
          ],
          [
            7.914588,
            46.567488
          ],
          [
            7.914615,
            46.567535
          ],
          [
            7.914625,
            46.567555
          ],
          [
            7.914632,
            46.567593
          ],
          [
            7.914641,
            46.567604
          ],
          [
            7.914647,
            46.567613
          ],
          [
            7.914691,
            46.567652
          ],
          [
            7.91474,
            46.567706
          ],
          [
            7.914719,
            46.567717
          ],
          [
            7.914717,
            46.567716
          ],
          [
            7.914693,
            46.567701
          ],
          [
            7.914669,
            46.56769
          ],
          [
            7.914649,
            46.567683
          ],
          [
            7.914623,
            46.56767
          ],
          [
            7.914583,
            46.567656
          ],
          [
            7.91456,
            46.567672
          ],
          [
            7.914561,
            46.567677
          ],
          [
            7.914558,
            46.567696
          ],
          [
            7.914545,
            46.567736
          ],
          [
            7.914559,
            46.56778
          ],
          [
            7.914584,
            46.567794
          ],
          [
            7.914591,
            46.567812
          ],
          [
            7.914612,
            46.567849
          ],
          [
            7.91462,
            46.56786
          ],
          [
            7.914675,
            46.567923
          ],
          [
            7.91472,
            46.567967
          ],
          [
            7.914738,
            46.567975
          ],
          [
            7.914723,
            46.567968
          ],
          [
            7.91467,
            46.567952
          ],
          [
            7.914659,
            46.567951
          ],
          [
            7.914644,
            46.567969
          ],
          [
            7.914645,
            46.567993
          ],
          [
            7.914652,
            46.568003
          ],
          [
            7.914642,
            46.568035
          ],
          [
            7.914653,
            46.568067
          ],
          [
            7.914674,
            46.568092
          ],
          [
            7.914699,
            46.568191
          ],
          [
            7.914708,
            46.568214
          ],
          [
            7.914745,
            46.568287
          ],
          [
            7.914773,
            46.568367
          ],
          [
            7.914782,
            46.568386
          ],
          [
            7.914803,
            46.568421
          ],
          [
            7.914821,
            46.568451
          ],
          [
            7.914846,
            46.568493
          ],
          [
            7.914876,
            46.568547
          ],
          [
            7.914878,
            46.568555
          ],
          [
            7.914889,
            46.568584
          ],
          [
            7.91489,
            46.568597
          ],
          [
            7.914885,
            46.568595
          ],
          [
            7.914877,
            46.56858
          ],
          [
            7.914871,
            46.568572
          ],
          [
            7.914845,
            46.568567
          ],
          [
            7.914828,
            46.568577
          ],
          [
            7.914839,
            46.568594
          ],
          [
            7.914848,
            46.568633
          ],
          [
            7.914857,
            46.568663
          ],
          [
            7.914866,
            46.568679
          ],
          [
            7.914871,
            46.568688
          ],
          [
            7.914886,
            46.568712
          ],
          [
            7.914889,
            46.568717
          ],
          [
            7.914896,
            46.568737
          ],
          [
            7.914903,
            46.56876
          ],
          [
            7.914902,
            46.568759
          ],
          [
            7.914902,
            46.568756
          ],
          [
            7.914902,
            46.568756
          ],
          [
            7.914906,
            46.568757
          ],
          [
            7.914912,
            46.56876
          ],
          [
            7.914883,
            46.568745
          ],
          [
            7.914928,
            46.568743
          ],
          [
            7.914926,
            46.568742
          ],
          [
            7.914895,
            46.568722
          ],
          [
            7.914896,
            46.568722
          ],
          [
            7.914904,
            46.568733
          ],
          [
            7.914907,
            46.568737
          ],
          [
            7.914887,
            46.568748
          ],
          [
            7.91488,
            46.568767
          ],
          [
            7.914881,
            46.568781
          ],
          [
            7.914891,
            46.568805
          ],
          [
            7.914895,
            46.568808
          ],
          [
            7.914906,
            46.568824
          ],
          [
            7.914909,
            46.568837
          ],
          [
            7.914897,
            46.568837
          ],
          [
            7.914895,
            46.568824
          ],
          [
            7.91489,
            46.568816
          ],
          [
            7.914876,
            46.568799
          ],
          [
            7.914873,
            46.568799
          ],
          [
            7.914867,
            46.568796
          ],
          [
            7.914869,
            46.568817
          ],
          [
            7.914868,
            46.568822
          ],
          [
            7.914857,
            46.568844
          ],
          [
            7.914851,
            46.568876
          ],
          [
            7.914849,
            46.568881
          ],
          [
            7.914839,
            46.568914
          ],
          [
            7.914837,
            46.568915
          ],
          [
            7.914839,
            46.568934
          ],
          [
            7.914836,
            46.56894
          ],
          [
            7.914821,
            46.568957
          ],
          [
            7.914836,
            46.568943
          ],
          [
            7.914835,
            46.568943
          ],
          [
            7.914835,
            46.56894
          ],
          [
            7.914828,
            46.568946
          ],
          [
            7.914828,
            46.568946
          ],
          [
            7.914797,
            46.568939
          ],
          [
            7.914806,
            46.568956
          ],
          [
            7.914808,
            46.568987
          ],
          [
            7.914802,
            46.56899
          ],
          [
            7.914795,
            46.568983
          ],
          [
            7.914791,
            46.568977
          ],
          [
            7.914789,
            46.568972
          ],
          [
            7.914787,
            46.568967
          ],
          [
            7.914786,
            46.568964
          ],
          [
            7.914785,
            46.568955
          ],
          [
            7.914765,
            46.568934
          ],
          [
            7.914754,
            46.568922
          ],
          [
            7.914734,
            46.568903
          ],
          [
            7.914684,
            46.56886
          ],
          [
            7.914678,
            46.568857
          ],
          [
            7.914662,
            46.568872
          ],
          [
            7.914661,
            46.568891
          ],
          [
            7.914651,
            46.568926
          ],
          [
            7.914653,
            46.56893
          ],
          [
            7.914647,
            46.568945
          ],
          [
            7.914646,
            46.568935
          ],
          [
            7.914649,
            46.568967
          ],
          [
            7.914649,
            46.568967
          ],
          [
            7.914648,
            46.568967
          ],
          [
            7.914648,
            46.568967
          ],
          [
            7.914648,
            46.568967
          ],
          [
            7.914648,
            46.568967
          ],
          [
            7.914641,
            46.568986
          ],
          [
            7.914632,
            46.568986
          ],
          [
            7.914627,
            46.568973
          ],
          [
            7.914622,
            46.568962
          ],
          [
            7.914609,
            46.568943
          ],
          [
            7.914597,
            46.568916
          ],
          [
            7.914588,
            46.568901
          ],
          [
            7.914546,
            46.568864
          ],
          [
            7.914544,
            46.568858
          ],
          [
            7.914523,
            46.568838
          ],
          [
            7.914497,
            46.568822
          ],
          [
            7.914455,
            46.568805
          ],
          [
            7.914427,
            46.568795
          ],
          [
            7.914411,
            46.568785
          ],
          [
            7.914377,
            46.568764
          ],
          [
            7.914364,
            46.568754
          ],
          [
            7.914345,
            46.568728
          ],
          [
            7.914302,
            46.568679
          ],
          [
            7.91426,
            46.568654
          ],
          [
            7.914214,
            46.568665
          ],
          [
            7.914201,
            46.568679
          ],
          [
            7.914197,
            46.568697
          ],
          [
            7.914193,
            46.56871
          ],
          [
            7.914194,
            46.568716
          ],
          [
            7.914196,
            46.568764
          ],
          [
            7.914192,
            46.568786
          ],
          [
            7.914194,
            46.5688
          ],
          [
            7.914182,
            46.568842
          ],
          [
            7.91418,
            46.56885
          ],
          [
            7.914178,
            46.568849
          ],
          [
            7.914186,
            46.568875
          ],
          [
            7.914196,
            46.568901
          ],
          [
            7.914207,
            46.568941
          ],
          [
            7.914211,
            46.568954
          ],
          [
            7.914214,
            46.568988
          ],
          [
            7.91421,
            46.56904
          ],
          [
            7.914209,
            46.569057
          ],
          [
            7.914218,
            46.569078
          ],
          [
            7.914236,
            46.56909
          ],
          [
            7.914229,
            46.569085
          ],
          [
            7.914185,
            46.569055
          ],
          [
            7.914141,
            46.569032
          ],
          [
            7.914098,
            46.569004
          ],
          [
            7.914074,
            46.568983
          ],
          [
            7.914034,
            46.568966
          ],
          [
            7.914016,
            46.568955
          ],
          [
            7.913985,
            46.568946
          ],
          [
            7.913977,
            46.568943
          ],
          [
            7.913961,
            46.568932
          ],
          [
            7.913939,
            46.568923
          ],
          [
            7.913917,
            46.568917
          ],
          [
            7.913902,
            46.568928
          ],
          [
            7.913907,
            46.568933
          ],
          [
            7.913874,
            46.568933
          ],
          [
            7.913883,
            46.568952
          ],
          [
            7.913899,
            46.568982
          ],
          [
            7.913909,
            46.569027
          ],
          [
            7.913905,
            46.569049
          ],
          [
            7.91391,
            46.569057
          ],
          [
            7.91391,
            46.569059
          ],
          [
            7.913918,
            46.569078
          ],
          [
            7.913921,
            46.569108
          ],
          [
            7.913932,
            46.569127
          ],
          [
            7.913936,
            46.569144
          ],
          [
            7.913933,
            46.569146
          ],
          [
            7.913918,
            46.569145
          ],
          [
            7.913883,
            46.569125
          ],
          [
            7.913859,
            46.569092
          ],
          [
            7.913806,
            46.56903
          ],
          [
            7.913799,
            46.569021
          ],
          [
            7.913762,
            46.568972
          ],
          [
            7.913753,
            46.568958
          ],
          [
            7.913698,
            46.568905
          ],
          [
            7.913686,
            46.568888
          ],
          [
            7.913651,
            46.568843
          ],
          [
            7.913638,
            46.568824
          ],
          [
            7.913624,
            46.568795
          ],
          [
            7.913605,
            46.568778
          ],
          [
            7.913595,
            46.56877
          ],
          [
            7.913569,
            46.568745
          ],
          [
            7.913547,
            46.568732
          ],
          [
            7.913544,
            46.568738
          ],
          [
            7.913522,
            46.56875
          ],
          [
            7.913535,
            46.568769
          ],
          [
            7.913551,
            46.568792
          ],
          [
            7.913563,
            46.568809
          ],
          [
            7.913556,
            46.568811
          ],
          [
            7.913521,
            46.568829
          ],
          [
            7.913514,
            46.568835
          ],
          [
            7.9135,
            46.568865
          ],
          [
            7.913499,
            46.568888
          ],
          [
            7.913507,
            46.568895
          ],
          [
            7.91351,
            46.568899
          ],
          [
            7.913511,
            46.568901
          ],
          [
            7.913523,
            46.568934
          ],
          [
            7.91352,
            46.568975
          ],
          [
            7.913516,
            46.569007
          ],
          [
            7.913519,
            46.569013
          ],
          [
            7.913523,
            46.569034
          ],
          [
            7.913527,
            46.56904
          ],
          [
            7.913534,
            46.569057
          ],
          [
            7.913536,
            46.569061
          ],
          [
            7.913533,
            46.569078
          ],
          [
            7.913536,
            46.569096
          ],
          [
            7.913538,
            46.5691
          ],
          [
            7.913582,
            46.569118
          ],
          [
            7.91362,
            46.569126
          ],
          [
            7.913628,
            46.569127
          ],
          [
            7.913628,
            46.569128
          ],
          [
            7.913585,
            46.569117
          ],
          [
            7.913531,
            46.569113
          ],
          [
            7.913523,
            46.569115
          ],
          [
            7.913519,
            46.569117
          ],
          [
            7.913531,
            46.569128
          ],
          [
            7.913536,
            46.569136
          ],
          [
            7.913541,
            46.569162
          ],
          [
            7.913537,
            46.569169
          ],
          [
            7.913539,
            46.569181
          ],
          [
            7.913548,
            46.569218
          ],
          [
            7.913552,
            46.569223
          ],
          [
            7.913558,
            46.569219
          ],
          [
            7.913559,
            46.569233
          ],
          [
            7.913583,
            46.569274
          ],
          [
            7.913587,
            46.569285
          ],
          [
            7.913604,
            46.569322
          ],
          [
            7.913604,
            46.569343
          ],
          [
            7.913609,
            46.569326
          ],
          [
            7.913603,
            46.569315
          ],
          [
            7.913574,
            46.569314
          ],
          [
            7.913569,
            46.569314
          ],
          [
            7.913557,
            46.569309
          ],
          [
            7.913551,
            46.569306
          ],
          [
            7.913534,
            46.569295
          ],
          [
            7.913508,
            46.569273
          ],
          [
            7.913497,
            46.569267
          ],
          [
            7.913498,
            46.56927
          ],
          [
            7.913488,
            46.569259
          ],
          [
            7.913478,
            46.569252
          ],
          [
            7.913445,
            46.569239
          ],
          [
            7.913428,
            46.569231
          ],
          [
            7.913425,
            46.569229
          ],
          [
            7.913403,
            46.569212
          ],
          [
            7.913402,
            46.569207
          ],
          [
            7.91338,
            46.569181
          ],
          [
            7.913379,
            46.569177
          ],
          [
            7.913364,
            46.569164
          ],
          [
            7.913345,
            46.569139
          ],
          [
            7.913342,
            46.569137
          ],
          [
            7.913326,
            46.569135
          ],
          [
            7.91331,
            46.569126
          ],
          [
            7.913302,
            46.569127
          ],
          [
            7.913277,
            46.569119
          ],
          [
            7.913266,
            46.56912
          ],
          [
            7.913281,
            46.56913
          ],
          [
            7.913281,
            46.569138
          ],
          [
            7.913276,
            46.569161
          ],
          [
            7.913288,
            46.569187
          ],
          [
            7.913288,
            46.569191
          ],
          [
            7.913261,
            46.569215
          ],
          [
            7.913257,
            46.569217
          ],
          [
            7.913241,
            46.569227
          ],
          [
            7.913241,
            46.56923
          ],
          [
            7.91324,
            46.569237
          ],
          [
            7.913239,
            46.569264
          ],
          [
            7.913236,
            46.569269
          ],
          [
            7.913224,
            46.569258
          ],
          [
            7.913205,
            46.569268
          ],
          [
            7.913205,
            46.569268
          ],
          [
            7.913205,
            46.569268
          ],
          [
            7.913218,
            46.569271
          ],
          [
            7.913219,
            46.569273
          ],
          [
            7.913234,
            46.569289
          ],
          [
            7.913231,
            46.569289
          ],
          [
            7.913235,
            46.5693
          ],
          [
            7.913229,
            46.569289
          ],
          [
            7.913223,
            46.569282
          ],
          [
            7.913214,
            46.569272
          ],
          [
            7.913181,
            46.569253
          ],
          [
            7.913176,
            46.569256
          ],
          [
            7.913176,
            46.569275
          ],
          [
            7.913176,
            46.569281
          ],
          [
            7.913175,
            46.569298
          ],
          [
            7.913176,
            46.569318
          ],
          [
            7.913177,
            46.569325
          ],
          [
            7.913186,
            46.569344
          ],
          [
            7.913194,
            46.569354
          ],
          [
            7.913206,
            46.569374
          ],
          [
            7.913208,
            46.569404
          ],
          [
            7.913231,
            46.569443
          ],
          [
            7.913241,
            46.569449
          ],
          [
            7.91324,
            46.569458
          ],
          [
            7.913243,
            46.569473
          ],
          [
            7.913205,
            46.569495
          ],
          [
            7.913154,
            46.569513
          ],
          [
            7.913106,
            46.569537
          ],
          [
            7.913099,
            46.56954
          ],
          [
            7.913109,
            46.569543
          ],
          [
            7.913097,
            46.569541
          ],
          [
            7.913094,
            46.569538
          ],
          [
            7.913091,
            46.569538
          ],
          [
            7.913078,
            46.569545
          ],
          [
            7.913079,
            46.569573
          ],
          [
            7.913069,
            46.569583
          ],
          [
            7.913077,
            46.569581
          ],
          [
            7.913077,
            46.569575
          ],
          [
            7.913069,
            46.569589
          ],
          [
            7.913074,
            46.569623
          ],
          [
            7.913091,
            46.569608
          ],
          [
            7.913079,
            46.569583
          ],
          [
            7.913079,
            46.569583
          ],
          [
            7.913079,
            46.569583
          ],
          [
            7.913079,
            46.569583
          ],
          [
            7.913079,
            46.569583
          ],
          [
            7.913079,
            46.569583
          ],
          [
            7.913079,
            46.569583
          ],
          [
            7.913079,
            46.569583
          ],
          [
            7.913079,
            46.569583
          ],
          [
            7.913079,
            46.569583
          ],
          [
            7.913079,
            46.569583
          ],
          [
            7.913079,
            46.569583
          ],
          [
            7.913058,
            46.569576
          ],
          [
            7.913058,
            46.569576
          ],
          [
            7.913058,
            46.569576
          ],
          [
            7.913025,
            46.569587
          ],
          [
            7.913025,
            46.569591
          ],
          [
            7.91303,
            46.569585
          ],
          [
            7.913036,
            46.569592
          ],
          [
            7.913036,
            46.569594
          ],
          [
            7.91303,
            46.569598
          ],
          [
            7.913019,
            46.5696
          ],
          [
            7.913046,
            46.569613
          ],
          [
            7.913075,
            46.569604
          ],
          [
            7.913063,
            46.569597
          ],
          [
            7.91307,
            46.569575
          ],
          [
            7.913068,
            46.569556
          ],
          [
            7.913073,
            46.569553
          ],
          [
            7.913083,
            46.569554
          ],
          [
            7.913105,
            46.56954
          ],
          [
            7.913092,
            46.569527
          ],
          [
            7.913081,
            46.569531
          ],
          [
            7.913061,
            46.569542
          ],
          [
            7.913051,
            46.569555
          ],
          [
            7.913044,
            46.569552
          ],
          [
            7.913044,
            46.569552
          ],
          [
            7.913044,
            46.569552
          ],
          [
            7.913044,
            46.569552
          ],
          [
            7.913044,
            46.569552
          ],
          [
            7.913044,
            46.569552
          ],
          [
            7.913044,
            46.569552
          ],
          [
            7.913044,
            46.569552
          ],
          [
            7.913044,
            46.569552
          ],
          [
            7.913044,
            46.569552
          ],
          [
            7.913044,
            46.569552
          ],
          [
            7.913044,
            46.569552
          ],
          [
            7.913044,
            46.569552
          ],
          [
            7.913044,
            46.569552
          ],
          [
            7.913044,
            46.569552
          ],
          [
            7.913044,
            46.569552
          ],
          [
            7.913044,
            46.569552
          ],
          [
            7.913044,
            46.569552
          ],
          [
            7.913044,
            46.569552
          ],
          [
            7.913044,
            46.569552
          ],
          [
            7.913044,
            46.569552
          ],
          [
            7.913044,
            46.569552
          ],
          [
            7.913044,
            46.569552
          ],
          [
            7.913044,
            46.569552
          ],
          [
            7.913044,
            46.569552
          ],
          [
            7.913048,
            46.569565
          ],
          [
            7.91305,
            46.569554
          ],
          [
            7.913029,
            46.569558
          ],
          [
            7.913013,
            46.569569
          ],
          [
            7.913056,
            46.569567
          ],
          [
            7.913084,
            46.569569
          ],
          [
            7.913074,
            46.569572
          ],
          [
            7.91308,
            46.569548
          ],
          [
            7.913073,
            46.569561
          ],
          [
            7.91308,
            46.569554
          ],
          [
            7.913086,
            46.569542
          ],
          [
            7.913098,
            46.569552
          ],
          [
            7.913098,
            46.569547
          ],
          [
            7.913098,
            46.569537
          ],
          [
            7.913079,
            46.569539
          ],
          [
            7.913036,
            46.56955
          ],
          [
            7.913024,
            46.569554
          ],
          [
            7.913011,
            46.569555
          ],
          [
            7.912995,
            46.569559
          ],
          [
            7.912953,
            46.569572
          ],
          [
            7.912937,
            46.569577
          ],
          [
            7.912897,
            46.569593
          ],
          [
            7.912786,
            46.569647
          ],
          [
            7.912758,
            46.569662
          ],
          [
            7.912636,
            46.569726
          ],
          [
            7.912623,
            46.569729
          ],
          [
            7.912576,
            46.569773
          ],
          [
            7.912585,
            46.569767
          ],
          [
            7.912575,
            46.569764
          ],
          [
            7.912498,
            46.569793
          ],
          [
            7.912484,
            46.569801
          ],
          [
            7.912396,
            46.56984
          ],
          [
            7.91239,
            46.569841
          ],
          [
            7.91235,
            46.56986
          ],
          [
            7.912342,
            46.569858
          ],
          [
            7.912314,
            46.569868
          ],
          [
            7.912275,
            46.569888
          ],
          [
            7.912263,
            46.569893
          ],
          [
            7.912149,
            46.569954
          ],
          [
            7.912143,
            46.569961
          ],
          [
            7.912168,
            46.56998
          ],
          [
            7.912169,
            46.569983
          ],
          [
            7.912096,
            46.569993
          ],
          [
            7.911987,
            46.570041
          ],
          [
            7.91196,
            46.570051
          ],
          [
            7.911865,
            46.570116
          ],
          [
            7.91186,
            46.570108
          ],
          [
            7.911847,
            46.570128
          ],
          [
            7.911829,
            46.570136
          ],
          [
            7.911802,
            46.570152
          ],
          [
            7.911726,
            46.570184
          ],
          [
            7.911628,
            46.570223
          ],
          [
            7.911548,
            46.570222
          ],
          [
            7.91148,
            46.570221
          ],
          [
            7.911323,
            46.570227
          ],
          [
            7.911274,
            46.570222
          ],
          [
            7.911149,
            46.570219
          ],
          [
            7.911116,
            46.570213
          ],
          [
            7.910993,
            46.570184
          ],
          [
            7.910863,
            46.570193
          ],
          [
            7.910798,
            46.570203
          ],
          [
            7.910743,
            46.570218
          ],
          [
            7.91064,
            46.57023
          ],
          [
            7.910571,
            46.570254
          ],
          [
            7.910555,
            46.570265
          ],
          [
            7.910544,
            46.570271
          ],
          [
            7.910518,
            46.570338
          ],
          [
            7.910533,
            46.570366
          ],
          [
            7.910561,
            46.570366
          ],
          [
            7.910575,
            46.570386
          ],
          [
            7.910585,
            46.5704
          ],
          [
            7.910589,
            46.570498
          ],
          [
            7.910591,
            46.570581
          ],
          [
            7.910597,
            46.570594
          ],
          [
            7.910638,
            46.570705
          ],
          [
            7.910646,
            46.570713
          ],
          [
            7.910682,
            46.570815
          ],
          [
            7.910712,
            46.57088
          ],
          [
            7.910724,
            46.570917
          ],
          [
            7.910741,
            46.571008
          ],
          [
            7.910758,
            46.571091
          ],
          [
            7.910773,
            46.571113
          ],
          [
            7.910797,
            46.571204
          ],
          [
            7.910842,
            46.571271
          ],
          [
            7.910849,
            46.571282
          ],
          [
            7.910865,
            46.571305
          ],
          [
            7.910914,
            46.571384
          ],
          [
            7.910966,
            46.571453
          ],
          [
            7.910981,
            46.57148
          ],
          [
            7.910998,
            46.571502
          ],
          [
            7.911008,
            46.571512
          ],
          [
            7.911052,
            46.571556
          ],
          [
            7.911092,
            46.571622
          ],
          [
            7.911152,
            46.571712
          ],
          [
            7.91116,
            46.571721
          ],
          [
            7.911172,
            46.571732
          ],
          [
            7.91119,
            46.571749
          ],
          [
            7.911221,
            46.571784
          ],
          [
            7.911312,
            46.571868
          ],
          [
            7.911408,
            46.571954
          ],
          [
            7.911528,
            46.572054
          ],
          [
            7.911642,
            46.572156
          ],
          [
            7.911683,
            46.572173
          ],
          [
            7.911684,
            46.572167
          ],
          [
            7.911752,
            46.572173
          ],
          [
            7.911756,
            46.572148
          ],
          [
            7.911771,
            46.572127
          ],
          [
            7.911817,
            46.572107
          ],
          [
            7.91192,
            46.572079
          ],
          [
            7.911961,
            46.572072
          ],
          [
            7.911985,
            46.572067
          ],
          [
            7.911988,
            46.572065
          ],
          [
            7.912049,
            46.5721
          ],
          [
            7.912069,
            46.572131
          ],
          [
            7.912085,
            46.572141
          ],
          [
            7.912066,
            46.572111
          ],
          [
            7.912051,
            46.572102
          ],
          [
            7.91199,
            46.572055
          ],
          [
            7.91198,
            46.572022
          ],
          [
            7.91199,
            46.572012
          ],
          [
            7.911985,
            46.572008
          ],
          [
            7.911988,
            46.571986
          ],
          [
            7.912009,
            46.571979
          ],
          [
            7.912023,
            46.572023
          ],
          [
            7.911947,
            46.571987
          ],
          [
            7.911908,
            46.57196
          ],
          [
            7.911893,
            46.571947
          ],
          [
            7.911877,
            46.571934
          ],
          [
            7.911773,
            46.571956
          ],
          [
            7.911806,
            46.571968
          ],
          [
            7.911879,
            46.571951
          ],
          [
            7.912034,
            46.571964
          ],
          [
            7.91207,
            46.571968
          ],
          [
            7.912211,
            46.57197
          ],
          [
            7.912238,
            46.571978
          ],
          [
            7.912274,
            46.571996
          ],
          [
            7.912372,
            46.572068
          ],
          [
            7.912382,
            46.572066
          ],
          [
            7.912366,
            46.572061
          ],
          [
            7.912215,
            46.572014
          ],
          [
            7.912113,
            46.572013
          ],
          [
            7.912058,
            46.572012
          ],
          [
            7.912069,
            46.572016
          ],
          [
            7.912059,
            46.572011
          ],
          [
            7.912107,
            46.572027
          ],
          [
            7.91221,
            46.572
          ],
          [
            7.912331,
            46.572062
          ],
          [
            7.912321,
            46.572074
          ],
          [
            7.912318,
            46.57207
          ],
          [
            7.912332,
            46.572062
          ],
          [
            7.912295,
            46.572028
          ],
          [
            7.912169,
            46.572003
          ],
          [
            7.912057,
            46.572058
          ],
          [
            7.912051,
            46.572088
          ],
          [
            7.912076,
            46.572078
          ],
          [
            7.912049,
            46.572138
          ],
          [
            7.912085,
            46.572169
          ],
          [
            7.91209,
            46.572162
          ],
          [
            7.912079,
            46.572172
          ],
          [
            7.912099,
            46.572043
          ],
          [
            7.912105,
            46.572023
          ],
          [
            7.912092,
            46.571991
          ],
          [
            7.912085,
            46.571998
          ],
          [
            7.912088,
            46.571996
          ],
          [
            7.912079,
            46.572013
          ],
          [
            7.912075,
            46.572011
          ],
          [
            7.912078,
            46.57201
          ],
          [
            7.912081,
            46.572012
          ],
          [
            7.912081,
            46.572012
          ],
          [
            7.912097,
            46.571997
          ],
          [
            7.912102,
            46.571978
          ],
          [
            7.912065,
            46.571971
          ],
          [
            7.912072,
            46.571978
          ],
          [
            7.912076,
            46.57198
          ],
          [
            7.912076,
            46.571983
          ],
          [
            7.912073,
            46.571985
          ],
          [
            7.912101,
            46.571989
          ],
          [
            7.912082,
            46.571991
          ],
          [
            7.912074,
            46.571984
          ],
          [
            7.912066,
            46.571983
          ],
          [
            7.912062,
            46.572003
          ],
          [
            7.912051,
            46.571998
          ],
          [
            7.912051,
            46.571998
          ],
          [
            7.912051,
            46.571998
          ],
          [
            7.912054,
            46.571984
          ],
          [
            7.912065,
            46.571965
          ],
          [
            7.912068,
            46.571964
          ],
          [
            7.912071,
            46.571969
          ],
          [
            7.912075,
            46.571974
          ],
          [
            7.912071,
            46.571979
          ],
          [
            7.912073,
            46.571974
          ],
          [
            7.912076,
            46.571979
          ],
          [
            7.912079,
            46.571991
          ],
          [
            7.912063,
            46.571977
          ],
          [
            7.91205,
            46.571967
          ],
          [
            7.912067,
            46.571977
          ],
          [
            7.912052,
            46.571997
          ],
          [
            7.91206,
            46.571987
          ],
          [
            7.912081,
            46.571984
          ],
          [
            7.912074,
            46.571978
          ],
          [
            7.912051,
            46.572035
          ],
          [
            7.912032,
            46.572053
          ],
          [
            7.912011,
            46.572038
          ],
          [
            7.91195,
            46.572032
          ],
          [
            7.911899,
            46.572085
          ],
          [
            7.911841,
            46.572152
          ],
          [
            7.911845,
            46.572168
          ],
          [
            7.911886,
            46.572232
          ],
          [
            7.911927,
            46.572289
          ],
          [
            7.911968,
            46.572406
          ],
          [
            7.911966,
            46.572431
          ],
          [
            7.911975,
            46.572469
          ],
          [
            7.912028,
            46.572547
          ],
          [
            7.912066,
            46.57263
          ],
          [
            7.912058,
            46.572742
          ],
          [
            7.912058,
            46.57283
          ],
          [
            7.912113,
            46.572901
          ],
          [
            7.912125,
            46.572965
          ],
          [
            7.912179,
            46.573048
          ],
          [
            7.912247,
            46.573128
          ],
          [
            7.912265,
            46.573192
          ],
          [
            7.912269,
            46.573225
          ],
          [
            7.912289,
            46.573305
          ],
          [
            7.912297,
            46.573335
          ],
          [
            7.912299,
            46.573418
          ],
          [
            7.912236,
            46.573553
          ],
          [
            7.912113,
            46.573571
          ],
          [
            7.911957,
            46.573562
          ],
          [
            7.911814,
            46.573563
          ],
          [
            7.911595,
            46.573572
          ],
          [
            7.911451,
            46.57358
          ],
          [
            7.911338,
            46.573667
          ],
          [
            7.911341,
            46.573762
          ],
          [
            7.911405,
            46.573853
          ],
          [
            7.911487,
            46.573931
          ],
          [
            7.911532,
            46.574001
          ],
          [
            7.911546,
            46.574023
          ],
          [
            7.911611,
            46.574123
          ],
          [
            7.911687,
            46.574206
          ],
          [
            7.91173,
            46.574264
          ],
          [
            7.911737,
            46.574277
          ],
          [
            7.911808,
            46.574403
          ],
          [
            7.91188,
            46.5745
          ],
          [
            7.911982,
            46.574598
          ],
          [
            7.912035,
            46.574646
          ],
          [
            7.912121,
            46.574735
          ],
          [
            7.912214,
            46.574845
          ],
          [
            7.912264,
            46.574909
          ],
          [
            7.912341,
            46.57498
          ],
          [
            7.912427,
            46.575072
          ],
          [
            7.912504,
            46.575167
          ],
          [
            7.912571,
            46.575269
          ],
          [
            7.912614,
            46.575395
          ],
          [
            7.912647,
            46.575547
          ],
          [
            7.91264,
            46.575677
          ],
          [
            7.912514,
            46.575717
          ],
          [
            7.912456,
            46.575728
          ],
          [
            7.912516,
            46.575706
          ],
          [
            7.912518,
            46.575703
          ],
          [
            7.912517,
            46.5757
          ],
          [
            7.9125,
            46.575701
          ],
          [
            7.912446,
            46.575717
          ],
          [
            7.912352,
            46.575759
          ],
          [
            7.912356,
            46.57578
          ],
          [
            7.912392,
            46.575819
          ],
          [
            7.912397,
            46.575829
          ],
          [
            7.912397,
            46.575908
          ],
          [
            7.912333,
            46.576005
          ],
          [
            7.912189,
            46.576068
          ],
          [
            7.91208,
            46.576142
          ],
          [
            7.912021,
            46.576162
          ],
          [
            7.911987,
            46.576169
          ],
          [
            7.911907,
            46.576189
          ],
          [
            7.911848,
            46.576197
          ],
          [
            7.911666,
            46.576231
          ],
          [
            7.911504,
            46.576257
          ],
          [
            7.911342,
            46.576293
          ],
          [
            7.911155,
            46.576331
          ],
          [
            7.910933,
            46.576371
          ],
          [
            7.910714,
            46.576416
          ],
          [
            7.910586,
            46.576445
          ],
          [
            7.910566,
            46.576452
          ],
          [
            7.910441,
            46.576472
          ],
          [
            7.910215,
            46.57649
          ],
          [
            7.91016,
            46.576492
          ],
          [
            7.910169,
            46.576489
          ],
          [
            7.910155,
            46.576492
          ],
          [
            7.910169,
            46.576489
          ],
          [
            7.910141,
            46.57649
          ],
          [
            7.910106,
            46.576487
          ],
          [
            7.910012,
            46.576499
          ],
          [
            7.909909,
            46.576502
          ],
          [
            7.909758,
            46.576501
          ],
          [
            7.909601,
            46.576515
          ],
          [
            7.909454,
            46.576541
          ],
          [
            7.909322,
            46.576563
          ],
          [
            7.909223,
            46.576578
          ],
          [
            7.909172,
            46.576587
          ],
          [
            7.909069,
            46.576603
          ],
          [
            7.908868,
            46.576637
          ],
          [
            7.908739,
            46.57665
          ],
          [
            7.9086,
            46.576669
          ],
          [
            7.908587,
            46.576687
          ],
          [
            7.908597,
            46.576716
          ],
          [
            7.908583,
            46.576737
          ],
          [
            7.908581,
            46.576747
          ],
          [
            7.908584,
            46.576823
          ],
          [
            7.908588,
            46.576851
          ],
          [
            7.90862,
            46.576943
          ],
          [
            7.90865,
            46.577052
          ],
          [
            7.908701,
            46.577102
          ],
          [
            7.908693,
            46.577181
          ],
          [
            7.908695,
            46.577279
          ],
          [
            7.908725,
            46.577354
          ],
          [
            7.908761,
            46.577412
          ],
          [
            7.908773,
            46.577437
          ],
          [
            7.90878,
            46.577466
          ],
          [
            7.908782,
            46.57748
          ],
          [
            7.908783,
            46.577489
          ],
          [
            7.908798,
            46.577543
          ],
          [
            7.908851,
            46.577641
          ],
          [
            7.908909,
            46.577736
          ],
          [
            7.908941,
            46.577851
          ],
          [
            7.90899,
            46.577948
          ],
          [
            7.908996,
            46.577969
          ],
          [
            7.909015,
            46.578041
          ],
          [
            7.90903,
            46.578161
          ],
          [
            7.909057,
            46.57826
          ],
          [
            7.909079,
            46.578315
          ],
          [
            7.909106,
            46.57838
          ],
          [
            7.909118,
            46.578485
          ],
          [
            7.909118,
            46.57852
          ],
          [
            7.909124,
            46.578524
          ],
          [
            7.909114,
            46.578521
          ],
          [
            7.909115,
            46.578517
          ],
          [
            7.909123,
            46.57852
          ],
          [
            7.909124,
            46.578525
          ],
          [
            7.909141,
            46.57856
          ],
          [
            7.909172,
            46.578666
          ],
          [
            7.909168,
            46.578667
          ],
          [
            7.909167,
            46.578653
          ],
          [
            7.909174,
            46.578674
          ],
          [
            7.909178,
            46.578683
          ],
          [
            7.90916,
            46.578686
          ],
          [
            7.909156,
            46.57869
          ],
          [
            7.909144,
            46.578691
          ],
          [
            7.90916,
            46.578671
          ],
          [
            7.909163,
            46.578666
          ],
          [
            7.909166,
            46.578665
          ],
          [
            7.909163,
            46.57866
          ],
          [
            7.909151,
            46.578664
          ],
          [
            7.90914,
            46.578673
          ],
          [
            7.909158,
            46.578685
          ],
          [
            7.90916,
            46.578685
          ],
          [
            7.909185,
            46.578674
          ],
          [
            7.909182,
            46.578669
          ],
          [
            7.909165,
            46.578671
          ],
          [
            7.909143,
            46.578683
          ],
          [
            7.909153,
            46.578682
          ],
          [
            7.909149,
            46.578683
          ],
          [
            7.909161,
            46.578683
          ],
          [
            7.909165,
            46.578727
          ],
          [
            7.909169,
            46.578751
          ],
          [
            7.909157,
            46.578767
          ],
          [
            7.909161,
            46.578778
          ],
          [
            7.909175,
            46.578833
          ],
          [
            7.909185,
            46.578839
          ],
          [
            7.909189,
            46.57884
          ],
          [
            7.909194,
            46.57884
          ],
          [
            7.90919,
            46.578846
          ],
          [
            7.909188,
            46.578846
          ],
          [
            7.909185,
            46.578844
          ],
          [
            7.909212,
            46.578841
          ],
          [
            7.909195,
            46.57885
          ],
          [
            7.909199,
            46.578859
          ],
          [
            7.909177,
            46.578846
          ],
          [
            7.909172,
            46.578841
          ],
          [
            7.909187,
            46.578921
          ],
          [
            7.909197,
            46.579017
          ],
          [
            7.90921,
            46.579047
          ],
          [
            7.909211,
            46.579066
          ],
          [
            7.909216,
            46.579145
          ],
          [
            7.909238,
            46.579174
          ],
          [
            7.909242,
            46.579169
          ],
          [
            7.909262,
            46.579151
          ],
          [
            7.90924,
            46.579145
          ],
          [
            7.909233,
            46.579149
          ],
          [
            7.909168,
            46.579166
          ],
          [
            7.909135,
            46.579157
          ],
          [
            7.909129,
            46.579164
          ],
          [
            7.909119,
            46.579164
          ],
          [
            7.909157,
            46.579163
          ],
          [
            7.909211,
            46.579176
          ],
          [
            7.909221,
            46.579181
          ],
          [
            7.909205,
            46.579178
          ],
          [
            7.909211,
            46.579171
          ],
          [
            7.909218,
            46.579228
          ],
          [
            7.909248,
            46.57929
          ],
          [
            7.909286,
            46.579359
          ],
          [
            7.909317,
            46.579421
          ],
          [
            7.909328,
            46.579449
          ],
          [
            7.909357,
            46.579503
          ],
          [
            7.909363,
            46.579529
          ],
          [
            7.909405,
            46.57961
          ],
          [
            7.909441,
            46.579699
          ],
          [
            7.909443,
            46.579719
          ],
          [
            7.909445,
            46.579723
          ],
          [
            7.909458,
            46.579763
          ],
          [
            7.909472,
            46.579787
          ],
          [
            7.909479,
            46.579801
          ],
          [
            7.909513,
            46.57987
          ],
          [
            7.909538,
            46.579937
          ],
          [
            7.909592,
            46.580061
          ],
          [
            7.909601,
            46.580082
          ],
          [
            7.909663,
            46.580165
          ],
          [
            7.90969,
            46.580213
          ],
          [
            7.909744,
            46.580301
          ],
          [
            7.909765,
            46.580333
          ],
          [
            7.909809,
            46.58042
          ],
          [
            7.90987,
            46.580533
          ],
          [
            7.909918,
            46.580619
          ],
          [
            7.90995,
            46.580672
          ],
          [
            7.909986,
            46.580749
          ],
          [
            7.910038,
            46.580823
          ],
          [
            7.910077,
            46.580886
          ],
          [
            7.910119,
            46.580942
          ],
          [
            7.910139,
            46.58099
          ],
          [
            7.910199,
            46.581104
          ],
          [
            7.910265,
            46.5812
          ],
          [
            7.910289,
            46.581248
          ],
          [
            7.910306,
            46.581279
          ],
          [
            7.910333,
            46.581344
          ],
          [
            7.910394,
            46.581464
          ],
          [
            7.910433,
            46.581529
          ],
          [
            7.91046,
            46.581584
          ],
          [
            7.910531,
            46.581713
          ],
          [
            7.910576,
            46.58187
          ],
          [
            7.91058,
            46.581993
          ],
          [
            7.910604,
            46.582083
          ],
          [
            7.910596,
            46.58221
          ],
          [
            7.910622,
            46.582318
          ],
          [
            7.910625,
            46.582358
          ],
          [
            7.910621,
            46.582466
          ],
          [
            7.910617,
            46.582576
          ],
          [
            7.910625,
            46.582691
          ],
          [
            7.910602,
            46.582806
          ],
          [
            7.910633,
            46.582926
          ],
          [
            7.910637,
            46.583023
          ],
          [
            7.91062,
            46.583144
          ],
          [
            7.910618,
            46.583158
          ],
          [
            7.910621,
            46.583253
          ],
          [
            7.910611,
            46.58334
          ],
          [
            7.910605,
            46.583386
          ],
          [
            7.910604,
            46.583544
          ],
          [
            7.9106,
            46.583611
          ],
          [
            7.910601,
            46.583624
          ],
          [
            7.910582,
            46.583738
          ],
          [
            7.910581,
            46.583869
          ],
          [
            7.910577,
            46.583912
          ],
          [
            7.910582,
            46.583978
          ],
          [
            7.910562,
            46.584105
          ],
          [
            7.910548,
            46.584141
          ],
          [
            7.910524,
            46.584249
          ],
          [
            7.910498,
            46.584357
          ],
          [
            7.910495,
            46.584366
          ],
          [
            7.910453,
            46.584451
          ],
          [
            7.910418,
            46.584558
          ],
          [
            7.910413,
            46.584572
          ],
          [
            7.910376,
            46.584699
          ],
          [
            7.910358,
            46.584738
          ],
          [
            7.910317,
            46.584823
          ],
          [
            7.910284,
            46.5849
          ],
          [
            7.910272,
            46.584929
          ],
          [
            7.910232,
            46.585016
          ],
          [
            7.910211,
            46.585073
          ],
          [
            7.910207,
            46.585086
          ],
          [
            7.910172,
            46.585168
          ],
          [
            7.91014,
            46.585253
          ],
          [
            7.910135,
            46.585264
          ],
          [
            7.910125,
            46.585286
          ],
          [
            7.910072,
            46.585443
          ],
          [
            7.91,
            46.585603
          ],
          [
            7.909995,
            46.585613
          ],
          [
            7.909925,
            46.585704
          ],
          [
            7.909882,
            46.58581
          ],
          [
            7.909853,
            46.585888
          ],
          [
            7.909805,
            46.585997
          ],
          [
            7.909755,
            46.586134
          ],
          [
            7.90968,
            46.586273
          ],
          [
            7.909656,
            46.586323
          ],
          [
            7.909637,
            46.586377
          ],
          [
            7.909585,
            46.586443
          ],
          [
            7.909585,
            46.58651
          ],
          [
            7.909527,
            46.586611
          ],
          [
            7.909483,
            46.586717
          ],
          [
            7.909458,
            46.586771
          ],
          [
            7.909441,
            46.586796
          ],
          [
            7.909397,
            46.586844
          ],
          [
            7.909362,
            46.586856
          ],
          [
            7.909362,
            46.586899
          ],
          [
            7.909373,
            46.586975
          ],
          [
            7.909374,
            46.587051
          ],
          [
            7.909326,
            46.587171
          ],
          [
            7.909271,
            46.587289
          ],
          [
            7.909239,
            46.587408
          ],
          [
            7.909174,
            46.58754
          ],
          [
            7.909074,
            46.587669
          ],
          [
            7.909059,
            46.5877
          ],
          [
            7.908994,
            46.587796
          ],
          [
            7.908906,
            46.58789
          ],
          [
            7.90881,
            46.588008
          ],
          [
            7.908703,
            46.588113
          ],
          [
            7.908593,
            46.588225
          ],
          [
            7.908577,
            46.588245
          ],
          [
            7.90848,
            46.588358
          ],
          [
            7.908398,
            46.588433
          ],
          [
            7.908294,
            46.588532
          ],
          [
            7.908191,
            46.588592
          ],
          [
            7.908185,
            46.588603
          ],
          [
            7.908152,
            46.588689
          ],
          [
            7.908169,
            46.5888
          ],
          [
            7.908187,
            46.588879
          ],
          [
            7.908214,
            46.588924
          ],
          [
            7.908227,
            46.589011
          ],
          [
            7.908216,
            46.589066
          ],
          [
            7.908204,
            46.589103
          ],
          [
            7.908165,
            46.589192
          ],
          [
            7.908085,
            46.589323
          ],
          [
            7.908038,
            46.589418
          ],
          [
            7.908023,
            46.589499
          ],
          [
            7.908012,
            46.589553
          ],
          [
            7.908013,
            46.589651
          ],
          [
            7.907991,
            46.589734
          ],
          [
            7.907992,
            46.589731
          ],
          [
            7.907982,
            46.589733
          ],
          [
            7.907991,
            46.589758
          ],
          [
            7.907992,
            46.589769
          ],
          [
            7.907979,
            46.58986
          ],
          [
            7.907954,
            46.589959
          ],
          [
            7.907917,
            46.590044
          ],
          [
            7.907892,
            46.590106
          ],
          [
            7.907838,
            46.590219
          ],
          [
            7.90778,
            46.59031
          ],
          [
            7.907789,
            46.590348
          ],
          [
            7.907765,
            46.590397
          ],
          [
            7.907702,
            46.590511
          ],
          [
            7.907679,
            46.590558
          ],
          [
            7.907649,
            46.590597
          ],
          [
            7.9076,
            46.590673
          ],
          [
            7.907592,
            46.590684
          ],
          [
            7.907526,
            46.590776
          ],
          [
            7.907453,
            46.590873
          ],
          [
            7.907399,
            46.590932
          ],
          [
            7.907355,
            46.591003
          ],
          [
            7.907335,
            46.591055
          ],
          [
            7.907334,
            46.591094
          ],
          [
            7.907337,
            46.591118
          ],
          [
            7.907371,
            46.591229
          ],
          [
            7.907396,
            46.591357
          ],
          [
            7.907417,
            46.591411
          ],
          [
            7.907428,
            46.591463
          ],
          [
            7.907462,
            46.591569
          ],
          [
            7.90747,
            46.591596
          ],
          [
            7.907478,
            46.591627
          ],
          [
            7.907479,
            46.59165
          ],
          [
            7.907483,
            46.591702
          ],
          [
            7.907486,
            46.591734
          ],
          [
            7.907487,
            46.591744
          ],
          [
            7.907518,
            46.59184
          ],
          [
            7.907519,
            46.59185
          ],
          [
            7.907548,
            46.591948
          ],
          [
            7.907555,
            46.591975
          ],
          [
            7.907553,
            46.592007
          ],
          [
            7.907555,
            46.592028
          ],
          [
            7.907556,
            46.592052
          ],
          [
            7.907539,
            46.592159
          ],
          [
            7.907532,
            46.592215
          ],
          [
            7.907528,
            46.592232
          ],
          [
            7.907515,
            46.592315
          ],
          [
            7.907494,
            46.592403
          ],
          [
            7.907439,
            46.592529
          ],
          [
            7.907429,
            46.592626
          ],
          [
            7.907436,
            46.592735
          ],
          [
            7.90744,
            46.59281
          ],
          [
            7.907431,
            46.59283
          ],
          [
            7.907413,
            46.592912
          ],
          [
            7.907414,
            46.593013
          ],
          [
            7.907397,
            46.593106
          ],
          [
            7.907382,
            46.593163
          ],
          [
            7.907383,
            46.593198
          ],
          [
            7.907381,
            46.593238
          ],
          [
            7.907359,
            46.593283
          ],
          [
            7.907319,
            46.593384
          ],
          [
            7.907312,
            46.593392
          ],
          [
            7.907292,
            46.593473
          ],
          [
            7.907273,
            46.593552
          ],
          [
            7.907263,
            46.593576
          ],
          [
            7.907239,
            46.593663
          ],
          [
            7.907229,
            46.593729
          ],
          [
            7.907222,
            46.59376
          ],
          [
            7.907228,
            46.593824
          ],
          [
            7.90725,
            46.593867
          ],
          [
            7.907279,
            46.593918
          ],
          [
            7.907314,
            46.593994
          ],
          [
            7.907322,
            46.594005
          ],
          [
            7.907344,
            46.594043
          ],
          [
            7.907341,
            46.594065
          ],
          [
            7.907341,
            46.59414
          ],
          [
            7.907343,
            46.594186
          ],
          [
            7.907362,
            46.594239
          ],
          [
            7.907375,
            46.59432
          ],
          [
            7.907375,
            46.594333
          ],
          [
            7.907373,
            46.594346
          ],
          [
            7.90738,
            46.594425
          ],
          [
            7.907384,
            46.594446
          ],
          [
            7.907404,
            46.594496
          ],
          [
            7.907403,
            46.594612
          ],
          [
            7.907401,
            46.594639
          ],
          [
            7.907411,
            46.594672
          ],
          [
            7.907407,
            46.594681
          ],
          [
            7.9074,
            46.594679
          ],
          [
            7.907381,
            46.594677
          ],
          [
            7.907373,
            46.594685
          ],
          [
            7.907405,
            46.594697
          ],
          [
            7.907414,
            46.594688
          ],
          [
            7.907413,
            46.594689
          ],
          [
            7.907405,
            46.594689
          ],
          [
            7.907412,
            46.594691
          ],
          [
            7.907404,
            46.5947
          ],
          [
            7.907401,
            46.594703
          ],
          [
            7.907395,
            46.594711
          ],
          [
            7.907394,
            46.5947
          ],
          [
            7.907395,
            46.594699
          ],
          [
            7.907421,
            46.594706
          ],
          [
            7.907392,
            46.5947
          ],
          [
            7.907392,
            46.594698
          ],
          [
            7.907397,
            46.594697
          ],
          [
            7.907418,
            46.594695
          ],
          [
            7.907395,
            46.594699
          ],
          [
            7.907376,
            46.594707
          ],
          [
            7.907385,
            46.594735
          ],
          [
            7.907334,
            46.594777
          ],
          [
            7.907283,
            46.594796
          ],
          [
            7.907278,
            46.594808
          ],
          [
            7.907279,
            46.594817
          ],
          [
            7.907287,
            46.594822
          ],
          [
            7.907329,
            46.594855
          ],
          [
            7.907329,
            46.594858
          ],
          [
            7.907335,
            46.594852
          ],
          [
            7.907329,
            46.594862
          ],
          [
            7.907338,
            46.594922
          ],
          [
            7.907347,
            46.594915
          ],
          [
            7.907358,
            46.594926
          ],
          [
            7.907367,
            46.594933
          ],
          [
            7.907365,
            46.594934
          ],
          [
            7.907353,
            46.594934
          ],
          [
            7.907353,
            46.594931
          ],
          [
            7.907359,
            46.594915
          ],
          [
            7.907364,
            46.594914
          ],
          [
            7.907357,
            46.594927
          ],
          [
            7.907359,
            46.594916
          ],
          [
            7.907363,
            46.594914
          ]
        ]
      },
      "properties": {
        "name": "19666521305"
      }
    }
  ]
}